# Blender 4.5.11 LTS
# www.blender.org
mtllib RollingStool.mtl
o Seat
v 0.000000 0.550000 -0.180000
v 0.000000 0.610000 -0.180000
v 0.035116 0.550000 -0.176541
v 0.035116 0.610000 -0.176541
v 0.068883 0.550000 -0.166298
v 0.068883 0.610000 -0.166298
v 0.100003 0.550000 -0.149665
v 0.100003 0.610000 -0.149665
v 0.127279 0.550000 -0.127279
v 0.127279 0.610000 -0.127279
v 0.149665 0.550000 -0.100003
v 0.149665 0.610000 -0.100003
v 0.166298 0.550000 -0.068883
v 0.166298 0.610000 -0.068883
v 0.176541 0.550000 -0.035116
v 0.176541 0.610000 -0.035116
v 0.180000 0.550000 0.000000
v 0.180000 0.610000 0.000000
v 0.176541 0.550000 0.035116
v 0.176541 0.610000 0.035116
v 0.166298 0.550000 0.068883
v 0.166298 0.610000 0.068883
v 0.149665 0.550000 0.100003
v 0.149665 0.610000 0.100003
v 0.127279 0.550000 0.127279
v 0.127279 0.610000 0.127279
v 0.100003 0.550000 0.149665
v 0.100003 0.610000 0.149665
v 0.068883 0.550000 0.166298
v 0.068883 0.610000 0.166298
v 0.035116 0.550000 0.176541
v 0.035116 0.610000 0.176541
v 0.000000 0.550000 0.180000
v 0.000000 0.610000 0.180000
v -0.035116 0.550000 0.176541
v -0.035116 0.610000 0.176541
v -0.068883 0.550000 0.166298
v -0.068883 0.610000 0.166298
v -0.100003 0.550000 0.149665
v -0.100003 0.610000 0.149665
v -0.127279 0.550000 0.127279
v -0.127279 0.610000 0.127279
v -0.149665 0.550000 0.100003
v -0.149665 0.610000 0.100003
v -0.166298 0.550000 0.068883
v -0.166298 0.610000 0.068883
v -0.176541 0.550000 0.035116
v -0.176541 0.610000 0.035116
v -0.180000 0.550000 0.000000
v -0.180000 0.610000 0.000000
v -0.176541 0.550000 -0.035116
v -0.176541 0.610000 -0.035116
v -0.166298 0.550000 -0.068883
v -0.166298 0.610000 -0.068883
v -0.149665 0.550000 -0.100003
v -0.149665 0.610000 -0.100003
v -0.127279 0.550000 -0.127279
v -0.127279 0.610000 -0.127279
v -0.100003 0.550000 -0.149665
v -0.100003 0.610000 -0.149665
v -0.068883 0.550000 -0.166298
v -0.068883 0.610000 -0.166298
v -0.035116 0.550000 -0.176541
v -0.035116 0.610000 -0.176541
vn -0.0000 -0.6857 -0.7279
vn -0.0000 0.6857 -0.7279
vn 0.1420 -0.6857 -0.7139
vn 0.1420 0.6857 -0.7139
vn 0.2785 -0.6857 -0.6725
vn 0.2785 0.6857 -0.6725
vn 0.4044 -0.6857 -0.6052
vn 0.4044 0.6857 -0.6052
vn 0.5147 -0.6857 -0.5147
vn 0.5147 0.6857 -0.5147
vn 0.6052 -0.6857 -0.4044
vn 0.6052 0.6857 -0.4044
vn 0.6725 -0.6857 -0.2785
vn 0.6725 0.6857 -0.2785
vn 0.7139 -0.6857 -0.1420
vn 0.7139 0.6857 -0.1420
vn 0.7279 -0.6857 -0.0000
vn 0.7279 0.6857 -0.0000
vn 0.7139 -0.6857 0.1420
vn 0.7139 0.6857 0.1420
vn 0.6725 -0.6857 0.2785
vn 0.6725 0.6857 0.2785
vn 0.6052 -0.6857 0.4044
vn 0.6052 0.6857 0.4044
vn 0.5147 -0.6857 0.5147
vn 0.5147 0.6857 0.5147
vn 0.4044 -0.6857 0.6052
vn 0.4044 0.6857 0.6052
vn 0.2785 -0.6857 0.6725
vn 0.2785 0.6857 0.6725
vn 0.1420 -0.6857 0.7139
vn 0.1420 0.6857 0.7139
vn -0.0000 -0.6857 0.7279
vn -0.0000 0.6857 0.7279
vn -0.1420 -0.6857 0.7139
vn -0.1420 0.6857 0.7139
vn -0.2785 -0.6857 0.6725
vn -0.2785 0.6857 0.6725
vn -0.4044 -0.6857 0.6052
vn -0.4044 0.6857 0.6052
vn -0.5147 -0.6857 0.5147
vn -0.5147 0.6857 0.5147
vn -0.6052 -0.6857 0.4044
vn -0.6052 0.6857 0.4044
vn -0.6725 -0.6857 0.2785
vn -0.6725 0.6857 0.2785
vn -0.7139 -0.6857 0.1420
vn -0.7139 0.6857 0.1420
vn -0.7279 -0.6857 -0.0000
vn -0.7279 0.6857 -0.0000
vn -0.7139 -0.6857 -0.1420
vn -0.7139 0.6857 -0.1420
vn -0.6725 -0.6857 -0.2785
vn -0.6725 0.6857 -0.2785
vn -0.6052 -0.6857 -0.4044
vn -0.6052 0.6857 -0.4044
vn -0.5147 -0.6857 -0.5147
vn -0.5147 0.6857 -0.5147
vn -0.4044 -0.6857 -0.6052
vn -0.4044 0.6857 -0.6052
vn -0.2785 -0.6857 -0.6725
vn -0.2785 0.6857 -0.6725
vn -0.1420 -0.6857 -0.7139
vn -0.1420 0.6857 -0.7139
vt 1.000000 0.500000
vt 1.000000 1.000000
vt 0.968750 1.000000
vt 0.968750 0.500000
vt 0.937500 1.000000
vt 0.937500 0.500000
vt 0.906250 1.000000
vt 0.906250 0.500000
vt 0.875000 1.000000
vt 0.875000 0.500000
vt 0.843750 1.000000
vt 0.843750 0.500000
vt 0.812500 1.000000
vt 0.812500 0.500000
vt 0.781250 1.000000
vt 0.781250 0.500000
vt 0.750000 1.000000
vt 0.750000 0.500000
vt 0.718750 1.000000
vt 0.718750 0.500000
vt 0.687500 1.000000
vt 0.687500 0.500000
vt 0.656250 1.000000
vt 0.656250 0.500000
vt 0.625000 1.000000
vt 0.625000 0.500000
vt 0.593750 1.000000
vt 0.593750 0.500000
vt 0.562500 1.000000
vt 0.562500 0.500000
vt 0.531250 1.000000
vt 0.531250 0.500000
vt 0.500000 1.000000
vt 0.500000 0.500000
vt 0.468750 1.000000
vt 0.468750 0.500000
vt 0.437500 1.000000
vt 0.437500 0.500000
vt 0.406250 1.000000
vt 0.406250 0.500000
vt 0.375000 1.000000
vt 0.375000 0.500000
vt 0.343750 1.000000
vt 0.343750 0.500000
vt 0.312500 1.000000
vt 0.312500 0.500000
vt 0.281250 1.000000
vt 0.281250 0.500000
vt 0.250000 1.000000
vt 0.250000 0.500000
vt 0.218750 1.000000
vt 0.218750 0.500000
vt 0.187500 1.000000
vt 0.187500 0.500000
vt 0.156250 1.000000
vt 0.156250 0.500000
vt 0.125000 1.000000
vt 0.125000 0.500000
vt 0.093750 1.000000
vt 0.093750 0.500000
vt 0.062500 1.000000
vt 0.062500 0.500000
vt 0.296822 0.485388
vt 0.250000 0.490000
vt 0.203178 0.485388
vt 0.158156 0.471731
vt 0.116663 0.449553
vt 0.080294 0.419706
vt 0.050447 0.383337
vt 0.028269 0.341844
vt 0.014612 0.296822
vt 0.010000 0.250000
vt 0.014612 0.203178
vt 0.028269 0.158156
vt 0.050447 0.116663
vt 0.080294 0.080294
vt 0.116663 0.050447
vt 0.158156 0.028269
vt 0.203178 0.014612
vt 0.250000 0.010000
vt 0.296822 0.014612
vt 0.341844 0.028269
vt 0.383337 0.050447
vt 0.419706 0.080294
vt 0.449553 0.116663
vt 0.471731 0.158156
vt 0.485388 0.203178
vt 0.490000 0.250000
vt 0.485388 0.296822
vt 0.471731 0.341844
vt 0.449553 0.383337
vt 0.419706 0.419706
vt 0.383337 0.449553
vt 0.341844 0.471731
vt 0.031250 1.000000
vt 0.031250 0.500000
vt 0.000000 1.000000
vt 0.000000 0.500000
vt 0.750000 0.490000
vt 0.796822 0.485388
vt 0.841844 0.471731
vt 0.883337 0.449553
vt 0.919706 0.419706
vt 0.949553 0.383337
vt 0.971731 0.341844
vt 0.985388 0.296822
vt 0.990000 0.250000
vt 0.985388 0.203178
vt 0.971731 0.158156
vt 0.949553 0.116663
vt 0.919706 0.080294
vt 0.883337 0.050447
vt 0.841844 0.028269
vt 0.796822 0.014612
vt 0.750000 0.010000
vt 0.703178 0.014612
vt 0.658156 0.028269
vt 0.616663 0.050447
vt 0.580294 0.080294
vt 0.550447 0.116663
vt 0.528269 0.158156
vt 0.514612 0.203178
vt 0.510000 0.250000
vt 0.514612 0.296822
vt 0.528269 0.341844
vt 0.550447 0.383337
vt 0.580294 0.419706
vt 0.616663 0.449553
vt 0.658156 0.471731
vt 0.703178 0.485388
s 1
usemtl M_Black_Rubber
f 1/1/1 2/2/2 4/3/4 3/4/3
f 3/4/3 4/3/4 6/5/6 5/6/5
f 5/6/5 6/5/6 8/7/8 7/8/7
f 7/8/7 8/7/8 10/9/10 9/10/9
f 9/10/9 10/9/10 12/11/12 11/12/11
f 11/12/11 12/11/12 14/13/14 13/14/13
f 13/14/13 14/13/14 16/15/16 15/16/15
f 15/16/15 16/15/16 18/17/18 17/18/17
f 17/18/17 18/17/18 20/19/20 19/20/19
f 19/20/19 20/19/20 22/21/22 21/22/21
f 21/22/21 22/21/22 24/23/24 23/24/23
f 23/24/23 24/23/24 26/25/26 25/26/25
f 25/26/25 26/25/26 28/27/28 27/28/27
f 27/28/27 28/27/28 30/29/30 29/30/29
f 29/30/29 30/29/30 32/31/32 31/32/31
f 31/32/31 32/31/32 34/33/34 33/34/33
f 33/34/33 34/33/34 36/35/36 35/36/35
f 35/36/35 36/35/36 38/37/38 37/38/37
f 37/38/37 38/37/38 40/39/40 39/40/39
f 39/40/39 40/39/40 42/41/42 41/42/41
f 41/42/41 42/41/42 44/43/44 43/44/43
f 43/44/43 44/43/44 46/45/46 45/46/45
f 45/46/45 46/45/46 48/47/48 47/48/47
f 47/48/47 48/47/48 50/49/50 49/50/49
f 49/50/49 50/49/50 52/51/52 51/52/51
f 51/52/51 52/51/52 54/53/54 53/54/53
f 53/54/53 54/53/54 56/55/56 55/56/55
f 55/56/55 56/55/56 58/57/58 57/58/57
f 57/58/57 58/57/58 60/59/60 59/60/59
f 59/60/59 60/59/60 62/61/62 61/62/61
f 4/63/4 2/64/2 64/65/64 62/66/62 60/67/60 58/68/58 56/69/56 54/70/54 52/71/52 50/72/50 48/73/48 46/74/46 44/75/44 42/76/42 40/77/40 38/78/38 36/79/36 34/80/34 32/81/32 30/82/30 28/83/28 26/84/26 24/85/24 22/86/22 20/87/20 18/88/18 16/89/16 14/90/14 12/91/12 10/92/10 8/93/8 6/94/6
f 61/62/61 62/61/62 64/95/64 63/96/63
f 63/96/63 64/95/64 2/97/2 1/98/1
f 1/99/1 3/100/3 5/101/5 7/102/7 9/103/9 11/104/11 13/105/13 15/106/15 17/107/17 19/108/19 21/109/21 23/110/23 25/111/25 27/112/27 29/113/29 31/114/31 33/115/33 35/116/35 37/117/37 39/118/39 41/119/41 43/120/43 45/121/45 47/122/47 49/123/49 51/124/51 53/125/53 55/126/55 57/127/57 59/128/59 61/129/61 63/130/63
o Post.004
v 0.000000 0.105000 -0.035000
v 0.000000 0.555000 -0.035000
v 0.010816 0.105000 -0.033287
v 0.010816 0.555000 -0.033287
v 0.020572 0.105000 -0.028316
v 0.020572 0.555000 -0.028316
v 0.028316 0.105000 -0.020572
v 0.028316 0.555000 -0.020572
v 0.033287 0.105000 -0.010816
v 0.033287 0.555000 -0.010816
v 0.035000 0.105000 0.000000
v 0.035000 0.555000 0.000000
v 0.033287 0.105000 0.010816
v 0.033287 0.555000 0.010816
v 0.028316 0.105000 0.020572
v 0.028316 0.555000 0.020572
v 0.020572 0.105000 0.028316
v 0.020572 0.555000 0.028316
v 0.010816 0.105000 0.033287
v 0.010816 0.555000 0.033287
v 0.000000 0.105000 0.035000
v 0.000000 0.555000 0.035000
v -0.010816 0.105000 0.033287
v -0.010816 0.555000 0.033287
v -0.020572 0.105000 0.028316
v -0.020572 0.555000 0.028316
v -0.028316 0.105000 0.020572
v -0.028316 0.555000 0.020572
v -0.033287 0.105000 0.010816
v -0.033287 0.555000 0.010816
v -0.035000 0.105000 0.000000
v -0.035000 0.555000 0.000000
v -0.033287 0.105000 -0.010816
v -0.033287 0.555000 -0.010816
v -0.028316 0.105000 -0.020572
v -0.028316 0.555000 -0.020572
v -0.020572 0.105000 -0.028316
v -0.020572 0.555000 -0.028316
v -0.010816 0.105000 -0.033287
v -0.010816 0.555000 -0.033287
vn -0.0000 -0.6735 -0.7392
vn -0.0000 0.6735 -0.7392
vn 0.2284 -0.6735 -0.7030
vn 0.2284 0.6735 -0.7030
vn 0.4345 -0.6735 -0.5980
vn 0.4345 0.6735 -0.5980
vn 0.5980 -0.6735 -0.4345
vn 0.5980 0.6735 -0.4345
vn 0.7030 -0.6735 -0.2284
vn 0.7030 0.6735 -0.2284
vn 0.7392 -0.6735 -0.0000
vn 0.7392 0.6735 -0.0000
vn 0.7030 -0.6735 0.2284
vn 0.7030 0.6735 0.2284
vn 0.5980 -0.6735 0.4345
vn 0.5980 0.6735 0.4345
vn 0.4345 -0.6735 0.5980
vn 0.4345 0.6735 0.5980
vn 0.2284 -0.6735 0.7030
vn 0.2284 0.6735 0.7030
vn -0.0000 -0.6735 0.7392
vn -0.0000 0.6735 0.7392
vn -0.2284 -0.6735 0.7030
vn -0.2284 0.6735 0.7030
vn -0.4345 -0.6735 0.5980
vn -0.4345 0.6735 0.5980
vn -0.5980 -0.6735 0.4345
vn -0.5980 0.6735 0.4345
vn -0.7030 -0.6735 0.2284
vn -0.7030 0.6735 0.2284
vn -0.7392 -0.6735 -0.0000
vn -0.7392 0.6735 -0.0000
vn -0.7030 -0.6735 -0.2284
vn -0.7030 0.6735 -0.2284
vn -0.5980 -0.6735 -0.4345
vn -0.5980 0.6735 -0.4345
vn -0.4345 -0.6735 -0.5980
vn -0.4345 0.6735 -0.5980
vn -0.2284 -0.6735 -0.7030
vn -0.2284 0.6735 -0.7030
vt 1.000000 0.500000
vt 1.000000 1.000000
vt 0.950000 1.000000
vt 0.950000 0.500000
vt 0.900000 1.000000
vt 0.900000 0.500000
vt 0.850000 1.000000
vt 0.850000 0.500000
vt 0.800000 1.000000
vt 0.800000 0.500000
vt 0.750000 1.000000
vt 0.750000 0.500000
vt 0.700000 1.000000
vt 0.700000 0.500000
vt 0.650000 1.000000
vt 0.650000 0.500000
vt 0.600000 1.000000
vt 0.600000 0.500000
vt 0.550000 1.000000
vt 0.550000 0.500000
vt 0.500000 1.000000
vt 0.500000 0.500000
vt 0.450000 1.000000
vt 0.450000 0.500000
vt 0.400000 1.000000
vt 0.400000 0.500000
vt 0.350000 1.000000
vt 0.350000 0.500000
vt 0.300000 1.000000
vt 0.300000 0.500000
vt 0.250000 1.000000
vt 0.250000 0.500000
vt 0.200000 1.000000
vt 0.200000 0.500000
vt 0.150000 1.000000
vt 0.150000 0.500000
vt 0.100000 1.000000
vt 0.100000 0.500000
vt 0.324164 0.478254
vt 0.250000 0.490000
vt 0.175836 0.478254
vt 0.108932 0.444164
vt 0.055836 0.391068
vt 0.021746 0.324164
vt 0.010000 0.250000
vt 0.021746 0.175836
vt 0.055836 0.108932
vt 0.108932 0.055836
vt 0.175836 0.021746
vt 0.250000 0.010000
vt 0.324164 0.021746
vt 0.391068 0.055836
vt 0.444164 0.108932
vt 0.478254 0.175836
vt 0.490000 0.250000
vt 0.478254 0.324164
vt 0.444164 0.391068
vt 0.391068 0.444164
vt 0.050000 1.000000
vt 0.050000 0.500000
vt -0.000000 1.000000
vt -0.000000 0.500000
vt 0.750000 0.490000
vt 0.824164 0.478254
vt 0.891068 0.444164
vt 0.944164 0.391068
vt 0.978254 0.324164
vt 0.990000 0.250000
vt 0.978254 0.175836
vt 0.944164 0.108932
vt 0.891068 0.055836
vt 0.824164 0.021746
vt 0.750000 0.010000
vt 0.675836 0.021746
vt 0.608932 0.055836
vt 0.555836 0.108932
vt 0.521746 0.175836
vt 0.510000 0.250000
vt 0.521746 0.324164
vt 0.555836 0.391068
vt 0.608932 0.444164
vt 0.675836 0.478254
s 1
usemtl M_Brushed_Metal
f 65/131/65 66/132/66 68/133/68 67/134/67
f 67/134/67 68/133/68 70/135/70 69/136/69
f 69/136/69 70/135/70 72/137/72 71/138/71
f 71/138/71 72/137/72 74/139/74 73/140/73
f 73/140/73 74/139/74 76/141/76 75/142/75
f 75/142/75 76/141/76 78/143/78 77/144/77
f 77/144/77 78/143/78 80/145/80 79/146/79
f 79/146/79 80/145/80 82/147/82 81/148/81
f 81/148/81 82/147/82 84/149/84 83/150/83
f 83/150/83 84/149/84 86/151/86 85/152/85
f 85/152/85 86/151/86 88/153/88 87/154/87
f 87/154/87 88/153/88 90/155/90 89/156/89
f 89/156/89 90/155/90 92/157/92 91/158/91
f 91/158/91 92/157/92 94/159/94 93/160/93
f 93/160/93 94/159/94 96/161/96 95/162/95
f 95/162/95 96/161/96 98/163/98 97/164/97
f 97/164/97 98/163/98 100/165/100 99/166/99
f 99/166/99 100/165/100 102/167/102 101/168/101
f 68/169/68 66/170/66 104/171/104 102/172/102 100/173/100 98/174/98 96/175/96 94/176/94 92/177/92 90/178/90 88/179/88 86/180/86 84/181/84 82/182/82 80/183/80 78/184/78 76/185/76 74/186/74 72/187/72 70/188/70
f 101/168/101 102/167/102 104/189/104 103/190/103
f 103/190/103 104/189/104 66/191/66 65/192/65
f 65/193/65 67/194/67 69/195/69 71/196/71 73/197/73 75/198/75 77/199/77 79/200/79 81/201/81 83/202/83 85/203/85 87/204/87 89/205/89 91/206/91 93/207/93 95/208/95 97/209/97 99/210/99 101/211/101 103/212/103
o Caster_Arm
v -0.025000 0.067500 0.007500
v -0.025000 0.072500 0.012500
v -0.030000 0.072500 0.007500
v -0.025000 0.068964 0.011036
v -0.027887 0.069613 0.010387
v -0.028536 0.072500 0.011036
v -0.028536 0.068964 0.007500
v -0.025000 0.087500 0.012500
v -0.025000 0.092500 0.007500
v -0.030000 0.087500 0.007500
v -0.025000 0.091036 0.011036
v -0.027887 0.090387 0.010387
v -0.028536 0.091036 0.007500
v -0.028536 0.087500 0.011036
v -0.025000 0.067500 -0.007500
v -0.030000 0.072500 -0.007500
v -0.025000 0.072500 -0.012500
v -0.028536 0.068964 -0.007500
v -0.027887 0.069613 -0.010387
v -0.028536 0.072500 -0.011036
v -0.025000 0.068964 -0.011036
v -0.025000 0.092500 -0.007500
v -0.025000 0.087500 -0.012500
v -0.030000 0.087500 -0.007500
v -0.025000 0.091036 -0.011036
v -0.027887 0.090387 -0.010387
v -0.028536 0.087500 -0.011036
v -0.028536 0.091036 -0.007500
v 0.215000 0.067500 0.007500
v 0.220000 0.072500 0.007500
v 0.215000 0.072500 0.012500
v 0.218536 0.068964 0.007500
v 0.217887 0.069613 0.010387
v 0.218536 0.072500 0.011036
v 0.215000 0.068964 0.011036
v 0.215000 0.092500 0.007500
v 0.215000 0.087500 0.012500
v 0.220000 0.087500 0.007500
v 0.215000 0.091036 0.011036
v 0.217887 0.090387 0.010387
v 0.218536 0.087500 0.011036
v 0.218536 0.091036 0.007500
v 0.215000 0.067500 -0.007500
v 0.215000 0.072500 -0.012500
v 0.220000 0.072500 -0.007500
v 0.215000 0.068964 -0.011036
v 0.217887 0.069613 -0.010387
v 0.218536 0.072500 -0.011036
v 0.218536 0.068964 -0.007500
v 0.215000 0.092500 -0.007500
v 0.220000 0.087500 -0.007500
v 0.215000 0.087500 -0.012500
v 0.218536 0.091036 -0.007500
v 0.217887 0.090387 -0.010387
v 0.218536 0.087500 -0.011036
v 0.215000 0.091036 -0.011036
vn -0.3251 -0.8881 0.3251
vn -0.3251 -0.3251 0.8881
vn -0.8881 -0.3251 0.3251
vn -0.3251 0.3251 0.8881
vn -0.3251 0.8881 0.3251
vn -0.8881 0.3251 0.3251
vn -0.3251 -0.8881 -0.3251
vn -0.8881 -0.3251 -0.3251
vn -0.3251 -0.3251 -0.8881
vn -0.3251 0.8881 -0.3251
vn -0.3251 0.3251 -0.8881
vn -0.8881 0.3251 -0.3251
vn 0.3251 -0.8881 0.3251
vn 0.8881 -0.3251 0.3251
vn 0.3251 -0.3251 0.8881
vn 0.3251 0.8881 0.3251
vn 0.3251 0.3251 0.8881
vn 0.8881 0.3251 0.3251
vn 0.3251 -0.8881 -0.3251
vn 0.3251 -0.3251 -0.8881
vn 0.8881 -0.3251 -0.3251
vn 0.3251 0.8881 -0.3251
vn 0.8881 0.3251 -0.3251
vn 0.3251 0.3251 -0.8881
vn -0.3827 -0.9239 -0.0000
vn -0.9239 -0.3827 -0.0000
vn -0.3827 -0.0000 0.9239
vn -0.9239 -0.0000 0.3827
vn -0.3827 0.9239 -0.0000
vn -0.9239 0.3827 -0.0000
vn -0.3827 -0.0000 -0.9239
vn -0.9239 -0.0000 -0.3827
vn -0.0000 -0.9239 -0.3827
vn -0.0000 -0.3827 -0.9239
vn -0.0000 0.9239 -0.3827
vn -0.0000 0.3827 -0.9239
vn 0.9239 -0.0000 -0.3827
vn 0.3827 -0.0000 -0.9239
vn 0.3827 -0.9239 -0.0000
vn 0.9239 -0.3827 -0.0000
vn 0.3827 0.9239 -0.0000
vn 0.9239 0.3827 -0.0000
vn 0.3827 -0.0000 0.9239
vn 0.9239 -0.0000 0.3827
vn -0.0000 -0.9239 0.3827
vn -0.0000 -0.3827 0.9239
vn -0.0000 0.9239 0.3827
vn -0.0000 0.3827 0.9239
vn -0.0000 -1.0000 -0.0000
vn -1.0000 -0.0000 -0.0000
vn -0.0000 -0.0000 1.0000
vn -0.0000 1.0000 -0.0000
vn -0.0000 -0.0000 -1.0000
vn 1.0000 -0.0000 -0.0000
vt 0.130000 0.700000
vt 0.130000 0.750000
vt 0.127113 0.750000
vt 0.125000 0.700000
vt 0.425000 0.995000
vt 0.425000 1.000000
vt 0.396132 1.000000
vt 0.375000 0.995000
vt 0.425000 0.050000
vt 0.375000 0.050000
vt 0.375000 0.021132
vt 0.425000 0.000000
vt 0.575000 0.995000
vt 0.625000 0.995000
vt 0.625000 0.997887
vt 0.575000 1.000000
vt 0.870000 0.700000
vt 0.875000 0.700000
vt 0.875000 0.728867
vt 0.870000 0.750000
vt 0.575000 0.050000
vt 0.575000 0.000000
vt 0.603868 0.000000
vt 0.625000 0.050000
vt 0.130000 0.550000
vt 0.125000 0.550000
vt 0.125000 0.521132
vt 0.130000 0.500000
vt 0.425000 0.200000
vt 0.425000 0.250000
vt 0.385566 0.251057
vt 0.375000 0.200000
vt 0.425000 0.255000
vt 0.375000 0.255000
vt 0.870000 0.550000
vt 0.870000 0.500000
vt 0.872887 0.500000
vt 0.875000 0.550000
vt 0.575000 0.255000
vt 0.575000 0.250000
vt 0.614434 0.239434
vt 0.625000 0.255000
vt 0.575000 0.200000
vt 0.625000 0.200000
vt 0.370000 0.700000
vt 0.375000 0.700000
vt 0.382044 0.743660
vt 0.372500 0.752500
vt 0.425000 0.700000
vt 0.425000 0.750000
vt 0.425000 0.755000
vt 0.630000 0.700000
vt 0.627500 0.752500
vt 0.618660 0.742956
vt 0.625000 0.700000
vt 0.575000 0.755000
vt 0.575000 0.750000
vt 0.575000 0.700000
vt 0.370000 0.550000
vt 0.372500 0.497500
vt 0.381340 0.507044
vt 0.375000 0.550000
vt 0.425000 0.495000
vt 0.425000 0.500000
vt 0.425000 0.550000
vt 0.630000 0.550000
vt 0.625000 0.550000
vt 0.617956 0.506340
vt 0.627500 0.497500
vt 0.575000 0.550000
vt 0.575000 0.500000
vt 0.575000 0.495000
s 0
usemtl M_Graphite
f 105/213/105 108/214/105 109/215/105 111/216/105
f 106/217/106 110/218/106 109/219/106 108/220/106
f 107/221/107 111/222/107 109/223/107 110/224/107
f 112/225/108 115/226/108 116/227/108 118/228/108
f 113/229/109 117/230/109 116/231/109 115/232/109
f 114/233/110 118/234/110 116/235/110 117/236/110
f 119/237/111 122/238/111 123/239/111 125/240/111
f 120/241/112 124/242/112 123/243/112 122/244/112
f 121/245/113 125/246/113 123/243/113 124/242/113
f 126/247/114 129/248/114 130/249/114 132/250/114
f 127/251/115 131/252/115 130/253/115 129/254/115
f 128/255/116 132/256/116 130/253/116 131/252/116
f 133/257/117 136/258/117 137/259/117 139/260/117
f 134/261/118 138/262/118 137/259/118 136/258/118
f 135/263/119 139/260/119 137/259/119 138/262/119
f 140/264/120 143/265/120 144/266/120 146/267/120
f 141/268/121 145/269/121 144/266/121 143/265/121
f 142/270/122 146/267/122 144/266/122 145/269/122
f 147/271/123 150/272/123 151/273/123 153/274/123
f 148/275/124 152/276/124 151/273/124 150/272/124
f 149/277/125 153/274/125 151/273/125 152/276/125
f 154/278/126 157/279/126 158/280/126 160/281/126
f 155/282/127 159/283/127 158/280/127 157/279/127
f 156/284/128 160/281/128 158/280/128 159/283/128
f 119/237/129 105/213/129 111/216/129 122/238/129
f 122/244/130 111/222/130 107/221/130 120/241/130
f 106/217/131 112/225/131 118/228/131 110/218/131
f 110/224/132 118/234/132 114/233/132 107/221/132
f 113/229/133 126/247/133 132/250/133 117/230/133
f 117/236/134 132/256/134 128/255/134 114/233/134
f 127/251/135 121/245/135 124/242/135 131/252/135
f 131/252/136 124/242/136 120/241/136 128/255/136
f 147/271/137 119/237/137 125/240/137 150/272/137
f 150/272/138 125/246/138 121/245/138 148/275/138
f 126/247/139 154/278/139 160/281/139 129/248/139
f 129/254/140 160/281/140 156/284/140 127/251/140
f 155/282/141 149/277/141 152/276/141 159/283/141
f 159/283/142 152/276/142 148/275/142 156/284/142
f 133/257/143 147/271/143 153/274/143 136/258/143
f 136/258/144 153/274/144 149/277/144 134/261/144
f 154/278/145 140/264/145 146/267/145 157/279/145
f 157/279/146 146/267/146 142/270/146 155/282/146
f 141/268/147 135/263/147 138/262/147 145/269/147
f 145/269/148 138/262/148 134/261/148 142/270/148
f 105/213/149 133/257/149 139/260/149 108/214/149
f 108/220/150 139/260/150 135/263/150 106/217/150
f 140/264/151 113/229/151 115/232/151 143/265/151
f 143/265/152 115/226/152 112/225/152 141/268/152
f 119/237/153 147/271/153 133/257/153 105/213/153
f 107/221/154 114/233/154 128/255/154 120/241/154
f 135/263/155 141/268/155 112/225/155 106/217/155
f 154/278/156 126/247/156 113/229/156 140/264/156
f 121/245/157 127/251/157 156/284/157 148/275/157
f 149/277/158 155/282/158 142/270/158 134/261/158
o Caster
v 0.190000 0.052500 -0.030311
v 0.190000 0.044059 -0.033807
v 0.190000 0.035000 -0.035000
v 0.190000 0.017500 -0.030311
v 0.190000 0.004689 -0.017500
v 0.192799 0.068807 -0.008615
v 0.195408 0.065311 -0.016643
v 0.197648 0.059749 -0.023537
v 0.199367 0.052500 -0.028827
v 0.200447 0.044059 -0.032153
v 0.200816 0.035000 -0.033287
v 0.200447 0.025941 -0.032153
v 0.199367 0.017500 -0.028827
v 0.197648 0.010251 -0.023537
v 0.195408 0.004689 -0.016643
v 0.192799 0.001193 -0.008615
v 0.195325 0.068807 -0.007329
v 0.200286 0.065311 -0.014158
v 0.204547 0.059749 -0.020022
v 0.207816 0.052500 -0.024522
v 0.209872 0.044059 -0.027351
v 0.210572 0.035000 -0.028316
v 0.209872 0.025941 -0.027351
v 0.207816 0.017500 -0.024522
v 0.204547 0.010251 -0.020022
v 0.200286 0.004689 -0.014158
v 0.195325 0.001193 -0.007329
v 0.197329 0.068807 -0.005325
v 0.204158 0.065311 -0.010286
v 0.210022 0.059749 -0.014547
v 0.214522 0.052500 -0.017816
v 0.217351 0.044059 -0.019871
v 0.218316 0.035000 -0.020572
v 0.217351 0.025941 -0.019871
v 0.214522 0.017500 -0.017816
v 0.210022 0.010251 -0.014547
v 0.204158 0.004689 -0.010286
v 0.197329 0.001193 -0.005325
v 0.190000 0.070000 0.000000
v 0.198615 0.068807 -0.002799
v 0.206643 0.065311 -0.005408
v 0.213537 0.059749 -0.007648
v 0.218827 0.052500 -0.009367
v 0.222153 0.044059 -0.010447
v 0.223287 0.035000 -0.010816
v 0.222153 0.025941 -0.010447
v 0.218827 0.017500 -0.009367
v 0.213537 0.010251 -0.007648
v 0.206643 0.004689 -0.005408
v 0.198615 0.001193 -0.002799
v 0.199059 0.068807 0.000000
v 0.207500 0.065311 0.000000
v 0.214749 0.059749 0.000000
v 0.220311 0.052500 0.000000
v 0.223807 0.044059 0.000000
v 0.225000 0.035000 0.000000
v 0.223807 0.025941 0.000000
v 0.220311 0.017500 0.000000
v 0.214749 0.010251 0.000000
v 0.207500 0.004689 0.000000
v 0.199059 0.001193 0.000000
v 0.198615 0.068807 0.002799
v 0.206643 0.065311 0.005408
v 0.213537 0.059749 0.007648
v 0.218827 0.052500 0.009367
v 0.222153 0.044059 0.010447
v 0.223287 0.035000 0.010816
v 0.222153 0.025941 0.010447
v 0.218827 0.017500 0.009367
v 0.213537 0.010251 0.007648
v 0.206643 0.004689 0.005408
v 0.198615 0.001193 0.002799
v 0.197329 0.068807 0.005325
v 0.204158 0.065311 0.010286
v 0.210022 0.059749 0.014547
v 0.214522 0.052500 0.017816
v 0.217351 0.044059 0.019872
v 0.218316 0.035000 0.020572
v 0.217351 0.025941 0.019872
v 0.214522 0.017500 0.017816
v 0.210022 0.010251 0.014547
v 0.204158 0.004689 0.010286
v 0.197329 0.001193 0.005325
v 0.195325 0.068807 0.007329
v 0.200286 0.065311 0.014158
v 0.204547 0.059749 0.020022
v 0.207816 0.052500 0.024522
v 0.209872 0.044059 0.027351
v 0.210572 0.035000 0.028316
v 0.209872 0.025941 0.027351
v 0.207816 0.017500 0.024522
v 0.204547 0.010251 0.020022
v 0.200286 0.004689 0.014158
v 0.195325 0.001193 0.007329
v 0.192799 0.068807 0.008615
v 0.195408 0.065311 0.016643
v 0.197648 0.059749 0.023537
v 0.199367 0.052500 0.028827
v 0.200447 0.044059 0.032153
v 0.200816 0.035000 0.033287
v 0.200447 0.025941 0.032153
v 0.199367 0.017500 0.028827
v 0.197648 0.010251 0.023537
v 0.195408 0.004689 0.016643
v 0.192799 0.001193 0.008615
v 0.190000 0.068807 0.009059
v 0.190000 0.065311 0.017500
v 0.190000 0.059749 0.024749
v 0.190000 0.052500 0.030311
v 0.190000 0.044059 0.033807
v 0.190000 0.035000 0.035000
v 0.190000 0.025941 0.033807
v 0.190000 0.017500 0.030311
v 0.190000 0.010251 0.024749
v 0.190000 0.004689 0.017500
v 0.190000 0.001193 0.009059
v 0.187201 0.068807 0.008615
v 0.184592 0.065311 0.016643
v 0.182352 0.059749 0.023537
v 0.180633 0.052500 0.028827
v 0.179553 0.044059 0.032153
v 0.179184 0.035000 0.033287
v 0.179553 0.025941 0.032153
v 0.180633 0.017500 0.028827
v 0.182352 0.010251 0.023537
v 0.184592 0.004689 0.016643
v 0.187201 0.001193 0.008615
v 0.184675 0.068807 0.007329
v 0.179714 0.065311 0.014158
v 0.175453 0.059749 0.020022
v 0.172184 0.052500 0.024522
v 0.170128 0.044059 0.027351
v 0.169428 0.035000 0.028316
v 0.170128 0.025941 0.027351
v 0.172184 0.017500 0.024522
v 0.175453 0.010251 0.020022
v 0.179714 0.004689 0.014158
v 0.184675 0.001193 0.007329
v 0.182671 0.068807 0.005325
v 0.175842 0.065311 0.010286
v 0.169978 0.059749 0.014547
v 0.165478 0.052500 0.017816
v 0.162649 0.044059 0.019872
v 0.161684 0.035000 0.020572
v 0.162649 0.025941 0.019872
v 0.165478 0.017500 0.017816
v 0.169978 0.010251 0.014547
v 0.175842 0.004689 0.010286
v 0.182671 0.001193 0.005325
v 0.190000 0.000000 0.000000
v 0.181385 0.068807 0.002799
v 0.173357 0.065311 0.005408
v 0.166463 0.059749 0.007648
v 0.161173 0.052500 0.009367
v 0.157847 0.044059 0.010447
v 0.156713 0.035000 0.010816
v 0.157847 0.025941 0.010447
v 0.161173 0.017500 0.009367
v 0.166463 0.010251 0.007648
v 0.173357 0.004689 0.005408
v 0.181385 0.001193 0.002799
v 0.180941 0.068807 0.000000
v 0.172500 0.065311 -0.000000
v 0.165251 0.059749 0.000000
v 0.159689 0.052500 -0.000000
v 0.156193 0.044059 -0.000000
v 0.155000 0.035000 -0.000000
v 0.156193 0.025941 -0.000000
v 0.159689 0.017500 -0.000000
v 0.165251 0.010251 0.000000
v 0.172500 0.004689 -0.000000
v 0.180941 0.001193 0.000000
v 0.181385 0.068807 -0.002799
v 0.173357 0.065311 -0.005408
v 0.166463 0.059749 -0.007648
v 0.161173 0.052500 -0.009367
v 0.157847 0.044059 -0.010447
v 0.156713 0.035000 -0.010816
v 0.157847 0.025941 -0.010447
v 0.161173 0.017500 -0.009367
v 0.166463 0.010251 -0.007648
v 0.173357 0.004689 -0.005408
v 0.181385 0.001193 -0.002799
v 0.182671 0.068807 -0.005325
v 0.175842 0.065311 -0.010286
v 0.169978 0.059749 -0.014547
v 0.165478 0.052500 -0.017816
v 0.162649 0.044059 -0.019872
v 0.161684 0.035000 -0.020572
v 0.162649 0.025941 -0.019872
v 0.165478 0.017500 -0.017816
v 0.169978 0.010251 -0.014547
v 0.175842 0.004689 -0.010286
v 0.182671 0.001193 -0.005325
v 0.184675 0.068807 -0.007329
v 0.179714 0.065311 -0.014158
v 0.175453 0.059749 -0.020022
v 0.172184 0.052500 -0.024522
v 0.170128 0.044059 -0.027351
v 0.169428 0.035000 -0.028316
v 0.170128 0.025941 -0.027351
v 0.172184 0.017500 -0.024522
v 0.175453 0.010251 -0.020022
v 0.179714 0.004689 -0.014158
v 0.184675 0.001193 -0.007329
v 0.187201 0.068807 -0.008615
v 0.184592 0.065311 -0.016643
v 0.182352 0.059749 -0.023537
v 0.180633 0.052500 -0.028827
v 0.179553 0.044059 -0.032153
v 0.179184 0.035000 -0.033287
v 0.179553 0.025941 -0.032153
v 0.180633 0.017500 -0.028827
v 0.182352 0.010251 -0.023537
v 0.184592 0.004689 -0.016643
v 0.187201 0.001193 -0.008615
v 0.190000 0.068807 -0.009059
v 0.190000 0.065311 -0.017500
v 0.190000 0.059749 -0.024749
v 0.190000 0.025941 -0.033807
v 0.190000 0.010251 -0.024749
v 0.190000 0.001193 -0.009059
vn -0.0000 0.4945 -0.8692
vn -0.0000 0.2556 -0.9668
vn -0.0000 -0.0000 -1.0000
vn -0.0000 -0.4945 -0.8692
vn -0.0000 -0.8604 -0.5097
vn 0.0837 0.9626 -0.2577
vn 0.1575 0.8604 -0.4847
vn 0.2205 0.7007 -0.6786
vn 0.2686 0.4945 -0.8267
vn 0.2987 0.2556 -0.9195
vn 0.3090 -0.0000 -0.9511
vn 0.2988 -0.2556 -0.9195
vn 0.2686 -0.4945 -0.8267
vn 0.2205 -0.7007 -0.6786
vn 0.1575 -0.8604 -0.4847
vn 0.0837 -0.9626 -0.2577
vn 0.1592 0.9626 -0.2192
vn 0.2996 0.8604 -0.4123
vn 0.4194 0.7007 -0.5772
vn 0.5109 0.4945 -0.7032
vn 0.5683 0.2556 -0.7821
vn 0.5878 -0.0000 -0.8090
vn 0.5683 -0.2556 -0.7821
vn 0.5109 -0.4945 -0.7032
vn 0.4194 -0.7007 -0.5772
vn 0.2996 -0.8604 -0.4123
vn 0.1592 -0.9626 -0.2192
vn 0.2192 0.9626 -0.1592
vn 0.4123 0.8604 -0.2996
vn 0.5772 0.7007 -0.4194
vn 0.7032 0.4945 -0.5109
vn 0.7821 0.2556 -0.5683
vn 0.8090 -0.0000 -0.5878
vn 0.7821 -0.2556 -0.5683
vn 0.7032 -0.4945 -0.5109
vn 0.5772 -0.7007 -0.4194
vn 0.4123 -0.8604 -0.2996
vn 0.2192 -0.9626 -0.1592
vn -0.0000 1.0000 -0.0000
vn 0.2577 0.9626 -0.0837
vn 0.4847 0.8604 -0.1575
vn 0.6786 0.7007 -0.2205
vn 0.8267 0.4945 -0.2686
vn 0.9195 0.2556 -0.2987
vn 0.9511 -0.0000 -0.3090
vn 0.9195 -0.2556 -0.2987
vn 0.8267 -0.4945 -0.2686
vn 0.6786 -0.7007 -0.2205
vn 0.4847 -0.8604 -0.1575
vn 0.2577 -0.9626 -0.0837
vn 0.2709 0.9626 -0.0000
vn 0.5097 0.8604 -0.0000
vn 0.7135 0.7007 -0.0000
vn 0.8692 0.4945 -0.0000
vn 0.9668 0.2556 -0.0000
vn 1.0000 -0.0000 -0.0000
vn 0.9668 -0.2556 -0.0000
vn 0.8692 -0.4945 -0.0000
vn 0.7135 -0.7007 -0.0000
vn 0.5097 -0.8604 -0.0000
vn 0.2709 -0.9626 -0.0000
vn 0.2577 0.9626 0.0837
vn 0.4847 0.8604 0.1575
vn 0.6786 0.7007 0.2205
vn 0.8267 0.4945 0.2686
vn 0.9195 0.2556 0.2987
vn 0.9511 -0.0000 0.3090
vn 0.9195 -0.2556 0.2987
vn 0.8267 -0.4945 0.2686
vn 0.6786 -0.7007 0.2205
vn 0.4847 -0.8604 0.1575
vn 0.2577 -0.9626 0.0837
vn 0.2192 0.9626 0.1592
vn 0.4123 0.8604 0.2996
vn 0.5772 0.7007 0.4194
vn 0.7032 0.4945 0.5109
vn 0.7821 0.2556 0.5683
vn 0.8090 -0.0000 0.5878
vn 0.7821 -0.2556 0.5683
vn 0.7032 -0.4945 0.5109
vn 0.5772 -0.7007 0.4194
vn 0.4123 -0.8604 0.2996
vn 0.2192 -0.9626 0.1592
vn 0.1592 0.9626 0.2192
vn 0.2996 0.8604 0.4123
vn 0.4194 0.7007 0.5772
vn 0.5109 0.4945 0.7032
vn 0.5683 0.2556 0.7821
vn 0.5878 -0.0000 0.8090
vn 0.5683 -0.2556 0.7821
vn 0.5109 -0.4945 0.7032
vn 0.4194 -0.7007 0.5772
vn 0.2996 -0.8604 0.4123
vn 0.1592 -0.9626 0.2192
vn 0.0837 0.9626 0.2577
vn 0.1575 0.8604 0.4847
vn 0.2205 0.7007 0.6786
vn 0.2686 0.4945 0.8267
vn 0.2987 0.2556 0.9195
vn 0.3090 -0.0000 0.9511
vn 0.2987 -0.2556 0.9195
vn 0.2686 -0.4945 0.8267
vn 0.2205 -0.7007 0.6786
vn 0.1575 -0.8604 0.4847
vn 0.0837 -0.9626 0.2577
vn -0.0000 0.9626 0.2709
vn -0.0000 0.8604 0.5097
vn -0.0000 0.7007 0.7135
vn -0.0000 0.4945 0.8692
vn -0.0000 0.2556 0.9668
vn -0.0000 -0.0000 1.0000
vn -0.0000 -0.2556 0.9668
vn -0.0000 -0.4945 0.8692
vn -0.0000 -0.7007 0.7135
vn -0.0000 -0.8604 0.5097
vn -0.0000 -0.9626 0.2709
vn -0.0837 0.9626 0.2577
vn -0.1575 0.8604 0.4847
vn -0.2205 0.7007 0.6786
vn -0.2686 0.4945 0.8267
vn -0.2987 0.2556 0.9195
vn -0.3090 -0.0000 0.9511
vn -0.2987 -0.2556 0.9195
vn -0.2686 -0.4945 0.8267
vn -0.2205 -0.7007 0.6786
vn -0.1575 -0.8604 0.4847
vn -0.0837 -0.9626 0.2577
vn -0.1592 0.9626 0.2192
vn -0.2996 0.8604 0.4123
vn -0.4194 0.7007 0.5772
vn -0.5109 0.4945 0.7032
vn -0.5683 0.2556 0.7821
vn -0.5878 -0.0000 0.8090
vn -0.5683 -0.2556 0.7821
vn -0.5109 -0.4945 0.7032
vn -0.4194 -0.7007 0.5772
vn -0.2996 -0.8604 0.4123
vn -0.1592 -0.9626 0.2192
vn -0.2192 0.9626 0.1592
vn -0.4123 0.8604 0.2996
vn -0.5772 0.7007 0.4194
vn -0.7032 0.4945 0.5109
vn -0.7821 0.2556 0.5683
vn -0.8090 -0.0000 0.5878
vn -0.7821 -0.2556 0.5683
vn -0.7032 -0.4945 0.5109
vn -0.5772 -0.7007 0.4194
vn -0.4123 -0.8604 0.2996
vn -0.2192 -0.9626 0.1592
vn -0.0000 -1.0000 -0.0000
vn -0.2577 0.9626 0.0837
vn -0.4847 0.8604 0.1575
vn -0.6786 0.7007 0.2205
vn -0.8267 0.4945 0.2686
vn -0.9195 0.2556 0.2987
vn -0.9511 -0.0000 0.3090
vn -0.9195 -0.2556 0.2987
vn -0.8267 -0.4945 0.2686
vn -0.6786 -0.7007 0.2205
vn -0.4847 -0.8604 0.1575
vn -0.2577 -0.9626 0.0837
vn -0.2709 0.9626 -0.0000
vn -0.5097 0.8604 -0.0000
vn -0.7135 0.7007 -0.0000
vn -0.8692 0.4945 -0.0000
vn -0.9668 0.2556 -0.0000
vn -1.0000 -0.0000 -0.0000
vn -0.9668 -0.2556 -0.0000
vn -0.8692 -0.4945 -0.0000
vn -0.7135 -0.7007 -0.0000
vn -0.5097 -0.8604 -0.0000
vn -0.2709 -0.9626 -0.0000
vn -0.2577 0.9626 -0.0837
vn -0.4847 0.8604 -0.1575
vn -0.6786 0.7007 -0.2205
vn -0.8267 0.4945 -0.2686
vn -0.9195 0.2556 -0.2988
vn -0.9511 -0.0000 -0.3090
vn -0.9195 -0.2556 -0.2988
vn -0.8267 -0.4945 -0.2686
vn -0.6786 -0.7007 -0.2205
vn -0.4847 -0.8604 -0.1575
vn -0.2577 -0.9626 -0.0837
vn -0.2192 0.9626 -0.1592
vn -0.4123 0.8604 -0.2996
vn -0.5772 0.7007 -0.4194
vn -0.7032 0.4945 -0.5109
vn -0.7821 0.2556 -0.5683
vn -0.8090 -0.0000 -0.5878
vn -0.7821 -0.2556 -0.5683
vn -0.7032 -0.4945 -0.5109
vn -0.5772 -0.7007 -0.4194
vn -0.4123 -0.8604 -0.2996
vn -0.2192 -0.9626 -0.1592
vn -0.1592 0.9626 -0.2192
vn -0.2996 0.8604 -0.4123
vn -0.4194 0.7007 -0.5772
vn -0.5109 0.4945 -0.7032
vn -0.5683 0.2556 -0.7821
vn -0.5878 -0.0000 -0.8090
vn -0.5683 -0.2556 -0.7821
vn -0.5109 -0.4945 -0.7032
vn -0.4194 -0.7007 -0.5772
vn -0.2996 -0.8604 -0.4123
vn -0.1592 -0.9626 -0.2192
vn -0.0837 0.9626 -0.2577
vn -0.1575 0.8604 -0.4847
vn -0.2205 0.7007 -0.6786
vn -0.2686 0.4945 -0.8267
vn -0.2987 0.2556 -0.9195
vn -0.3090 -0.0000 -0.9511
vn -0.2987 -0.2556 -0.9195
vn -0.2686 -0.4945 -0.8267
vn -0.2205 -0.7007 -0.6786
vn -0.1575 -0.8604 -0.4847
vn -0.0837 -0.9626 -0.2577
vn -0.0000 0.9626 -0.2709
vn -0.0000 0.8604 -0.5097
vn -0.0000 0.7007 -0.7135
vn -0.0000 -0.2556 -0.9668
vn -0.0000 -0.7007 -0.7135
vn -0.0000 -0.9626 -0.2709
vt 0.725000 0.000000
vt 0.750000 0.083333
vt 0.700000 0.083333
vt 0.750000 0.833333
vt 0.750000 0.916667
vt 0.700000 0.916667
vt 0.700000 0.833333
vt 0.750000 0.250000
vt 0.750000 0.333333
vt 0.700000 0.333333
vt 0.700000 0.250000
vt 0.750000 0.500000
vt 0.750000 0.583333
vt 0.700000 0.583333
vt 0.700000 0.500000
vt 0.750000 0.750000
vt 0.700000 0.750000
vt 0.750000 0.166667
vt 0.700000 0.166667
vt 0.750000 0.416667
vt 0.700000 0.416667
vt 0.750000 0.666667
vt 0.700000 0.666667
vt 0.725000 1.000000
vt 0.650000 0.500000
vt 0.650000 0.416667
vt 0.650000 0.750000
vt 0.650000 0.666667
vt 0.650000 0.166667
vt 0.650000 0.083333
vt 0.675000 1.000000
vt 0.650000 0.916667
vt 0.650000 0.333333
vt 0.650000 0.583333
vt 0.675000 0.000000
vt 0.650000 0.833333
vt 0.650000 0.250000
vt 0.600000 0.333333
vt 0.600000 0.250000
vt 0.600000 0.583333
vt 0.600000 0.500000
vt 0.600000 0.833333
vt 0.600000 0.750000
vt 0.600000 0.166667
vt 0.600000 0.416667
vt 0.600000 0.666667
vt 0.600000 0.083333
vt 0.625000 1.000000
vt 0.600000 0.916667
vt 0.625000 0.000000
vt 0.575000 1.000000
vt 0.550000 0.916667
vt 0.550000 0.416667
vt 0.550000 0.333333
vt 0.550000 0.666667
vt 0.550000 0.583333
vt 0.575000 0.000000
vt 0.550000 0.083333
vt 0.550000 0.833333
vt 0.550000 0.250000
vt 0.550000 0.500000
vt 0.550000 0.750000
vt 0.550000 0.166667
vt 0.500000 0.250000
vt 0.500000 0.166667
vt 0.500000 0.500000
vt 0.500000 0.416667
vt 0.500000 0.750000
vt 0.500000 0.666667
vt 0.500000 0.083333
vt 0.525000 1.000000
vt 0.500000 0.916667
vt 0.500000 0.333333
vt 0.500000 0.583333
vt 0.525000 0.000000
vt 0.500000 0.833333
vt 0.450000 0.916667
vt 0.450000 0.833333
vt 0.450000 0.333333
vt 0.450000 0.250000
vt 0.450000 0.583333
vt 0.450000 0.500000
vt 0.450000 0.750000
vt 0.450000 0.166667
vt 0.450000 0.416667
vt 0.450000 0.666667
vt 0.450000 0.083333
vt 0.475000 1.000000
vt 0.475000 0.000000
vt 0.400000 0.166667
vt 0.400000 0.083333
vt 0.425000 1.000000
vt 0.400000 0.916667
vt 0.400000 0.416667
vt 0.400000 0.333333
vt 0.400000 0.666667
vt 0.400000 0.583333
vt 0.425000 0.000000
vt 0.400000 0.833333
vt 0.400000 0.250000
vt 0.400000 0.500000
vt 0.400000 0.750000
vt 0.350000 0.833333
vt 0.350000 0.750000
vt 0.350000 0.250000
vt 0.350000 0.166667
vt 0.350000 0.500000
vt 0.350000 0.416667
vt 0.350000 0.666667
vt 0.350000 0.083333
vt 0.375000 1.000000
vt 0.350000 0.916667
vt 0.350000 0.333333
vt 0.350000 0.583333
vt 0.375000 0.000000
vt 0.325000 0.000000
vt 0.300000 0.083333
vt 0.300000 0.916667
vt 0.300000 0.833333
vt 0.300000 0.333333
vt 0.300000 0.250000
vt 0.300000 0.583333
vt 0.300000 0.500000
vt 0.300000 0.750000
vt 0.300000 0.166667
vt 0.300000 0.416667
vt 0.300000 0.666667
vt 0.325000 1.000000
vt 0.250000 0.750000
vt 0.250000 0.666667
vt 0.250000 0.166667
vt 0.250000 0.083333
vt 0.275000 1.000000
vt 0.250000 0.916667
vt 0.250000 0.416667
vt 0.250000 0.333333
vt 0.250000 0.583333
vt 0.275000 0.000000
vt 0.250000 0.833333
vt 0.250000 0.250000
vt 0.250000 0.500000
vt 0.200000 0.833333
vt 0.200000 0.750000
vt 0.200000 0.250000
vt 0.200000 0.166667
vt 0.200000 0.500000
vt 0.200000 0.416667
vt 0.200000 0.666667
vt 0.200000 0.083333
vt 0.225000 1.000000
vt 0.200000 0.916667
vt 0.200000 0.333333
vt 0.200000 0.583333
vt 0.225000 0.000000
vt 0.150000 0.666667
vt 0.150000 0.583333
vt 0.175000 0.000000
vt 0.150000 0.083333
vt 0.150000 0.916667
vt 0.150000 0.833333
vt 0.150000 0.333333
vt 0.150000 0.250000
vt 0.150000 0.500000
vt 0.150000 0.750000
vt 0.150000 0.166667
vt 0.150000 0.416667
vt 0.175000 1.000000
vt 0.100000 0.750000
vt 0.100000 0.666667
vt 0.100000 0.166667
vt 0.100000 0.083333
vt 0.125000 1.000000
vt 0.100000 0.916667
vt 0.100000 0.416667
vt 0.100000 0.333333
vt 0.100000 0.583333
vt 0.125000 0.000000
vt 0.100000 0.833333
vt 0.100000 0.250000
vt 0.100000 0.500000
vt 0.050000 0.583333
vt 0.050000 0.500000
vt 0.050000 0.833333
vt 0.050000 0.750000
vt 0.050000 0.250000
vt 0.050000 0.166667
vt 0.050000 0.416667
vt 0.050000 0.666667
vt 0.050000 0.083333
vt 0.075000 1.000000
vt 0.050000 0.916667
vt 0.050000 0.333333
vt 0.075000 0.000000
vt 0.000000 0.666667
vt 0.000000 0.583333
vt 0.025000 0.000000
vt 0.000000 0.083333
vt 0.000000 0.916667
vt 0.000000 0.833333
vt 0.000000 0.333333
vt 0.000000 0.250000
vt 0.000000 0.500000
vt 0.000000 0.750000
vt 0.000000 0.166667
vt 0.000000 0.416667
vt 0.025000 1.000000
vt 1.000000 0.416667
vt 1.000000 0.500000
vt 0.950000 0.500000
vt 0.950000 0.416667
vt 1.000000 0.666667
vt 1.000000 0.750000
vt 0.950000 0.750000
vt 0.950000 0.666667
vt 1.000000 0.083333
vt 1.000000 0.166667
vt 0.950000 0.166667
vt 0.950000 0.083333
vt 1.000000 0.916667
vt 0.975000 1.000000
vt 0.950000 0.916667
vt 1.000000 0.333333
vt 0.950000 0.333333
vt 1.000000 0.583333
vt 0.950000 0.583333
vt 0.975000 0.000000
vt 1.000000 0.833333
vt 0.950000 0.833333
vt 1.000000 0.250000
vt 0.950000 0.250000
vt 0.900000 0.583333
vt 0.900000 0.500000
vt 0.900000 0.833333
vt 0.900000 0.750000
vt 0.900000 0.250000
vt 0.900000 0.166667
vt 0.900000 0.416667
vt 0.900000 0.666667
vt 0.900000 0.083333
vt 0.925000 1.000000
vt 0.900000 0.916667
vt 0.900000 0.333333
vt 0.925000 0.000000
vt 0.850000 0.416667
vt 0.850000 0.333333
vt 0.850000 0.666667
vt 0.850000 0.583333
vt 0.875000 0.000000
vt 0.850000 0.083333
vt 0.850000 0.916667
vt 0.850000 0.833333
vt 0.850000 0.250000
vt 0.850000 0.500000
vt 0.850000 0.750000
vt 0.850000 0.166667
vt 0.875000 1.000000
vt 0.800000 0.500000
vt 0.800000 0.416667
vt 0.800000 0.750000
vt 0.800000 0.666667
vt 0.800000 0.166667
vt 0.800000 0.083333
vt 0.825000 1.000000
vt 0.800000 0.916667
vt 0.800000 0.333333
vt 0.800000 0.583333
vt 0.825000 0.000000
vt 0.800000 0.833333
vt 0.800000 0.250000
vt 0.775000 1.000000
vt 0.775000 0.000000
s 1
usemtl M_Black_Rubber
f 310/285/308 382/286/380 176/287/174
f 378/288/376 377/289/375 166/290/164 167/291/165
f 381/292/379 164/293/162 173/294/171 174/295/172
f 163/296/161 162/297/160 170/298/168 171/299/169
f 379/300/377 378/288/376 167/291/165 168/301/166
f 165/302/163 381/292/379 174/295/172 175/303/173
f 380/304/378 163/296/161 171/299/169 172/305/170
f 161/306/159 379/300/377 168/301/166 169/307/167
f 382/286/380 165/302/163 175/303/173 176/287/174
f 377/289/375 199/308/197 166/290/164
f 164/293/162 380/304/378 172/305/170 173/294/171
f 162/297/160 161/306/159 169/307/167 170/298/168
f 172/305/170 171/299/169 182/309/180 183/310/181
f 169/307/167 168/301/166 179/311/177 180/312/178
f 176/287/174 175/303/173 186/313/184 187/314/185
f 166/290/164 199/315/197 177/316/175
f 173/294/171 172/305/170 183/310/181 184/317/182
f 170/298/168 169/307/167 180/312/178 181/318/179
f 310/319/308 176/287/174 187/314/185
f 167/291/165 166/290/164 177/316/175 178/320/176
f 174/295/172 173/294/171 184/317/182 185/321/183
f 171/299/169 170/298/168 181/318/179 182/309/180
f 168/301/166 167/291/165 178/320/176 179/311/177
f 175/303/173 174/295/172 185/321/183 186/313/184
f 185/321/183 184/317/182 195/322/193 196/323/194
f 182/309/180 181/318/179 192/324/190 193/325/191
f 179/311/177 178/320/176 189/326/187 190/327/188
f 186/313/184 185/321/183 196/323/194 197/328/195
f 183/310/181 182/309/180 193/325/191 194/329/192
f 180/312/178 179/311/177 190/327/188 191/330/189
f 187/314/185 186/313/184 197/328/195 198/331/196
f 177/316/175 199/332/197 188/333/186
f 184/317/182 183/310/181 194/329/192 195/322/193
f 181/318/179 180/312/178 191/330/189 192/324/190
f 310/334/308 187/314/185 198/331/196
f 178/320/176 177/316/175 188/333/186 189/326/187
f 188/333/186 199/335/197 200/336/198
f 195/322/193 194/329/192 206/337/204 207/338/205
f 192/324/190 191/330/189 203/339/201 204/340/202
f 310/341/308 198/331/196 210/342/208
f 189/326/187 188/333/186 200/336/198 201/343/199
f 196/323/194 195/322/193 207/338/205 208/344/206
f 193/325/191 192/324/190 204/340/202 205/345/203
f 190/327/188 189/326/187 201/343/199 202/346/200
f 197/328/195 196/323/194 208/344/206 209/347/207
f 194/329/192 193/325/191 205/345/203 206/337/204
f 191/330/189 190/327/188 202/346/200 203/339/201
f 198/331/196 197/328/195 209/347/207 210/342/208
f 209/347/207 208/344/206 219/348/217 220/349/218
f 206/337/204 205/345/203 216/350/214 217/351/215
f 203/339/201 202/346/200 213/352/211 214/353/212
f 210/342/208 209/347/207 220/349/218 221/354/219
f 200/336/198 199/355/197 211/356/209
f 207/338/205 206/337/204 217/351/215 218/357/216
f 204/340/202 203/339/201 214/353/212 215/358/213
f 310/359/308 210/342/208 221/354/219
f 201/343/199 200/336/198 211/356/209 212/360/210
f 208/344/206 207/338/205 218/357/216 219/348/217
f 205/345/203 204/340/202 215/358/213 216/350/214
f 202/346/200 201/343/199 212/360/210 213/352/211
f 212/360/210 211/356/209 222/361/220 223/362/221
f 219/348/217 218/357/216 229/363/227 230/364/228
f 216/350/214 215/358/213 226/365/224 227/366/225
f 213/352/211 212/360/210 223/362/221 224/367/222
f 220/349/218 219/348/217 230/364/228 231/368/229
f 217/351/215 216/350/214 227/366/225 228/369/226
f 214/353/212 213/352/211 224/367/222 225/370/223
f 221/354/219 220/349/218 231/368/229 232/371/230
f 211/356/209 199/372/197 222/361/220
f 218/357/216 217/351/215 228/369/226 229/363/227
f 215/358/213 214/353/212 225/370/223 226/365/224
f 310/373/308 221/354/219 232/371/230
f 232/371/230 231/368/229 242/374/240 243/375/241
f 222/361/220 199/376/197 233/377/231
f 229/363/227 228/369/226 239/378/237 240/379/238
f 226/365/224 225/370/223 236/380/234 237/381/235
f 310/382/308 232/371/230 243/375/241
f 223/362/221 222/361/220 233/377/231 234/383/232
f 230/364/228 229/363/227 240/379/238 241/384/239
f 227/366/225 226/365/224 237/381/235 238/385/236
f 224/367/222 223/362/221 234/383/232 235/386/233
f 231/368/229 230/364/228 241/384/239 242/374/240
f 228/369/226 227/366/225 238/385/236 239/378/237
f 225/370/223 224/367/222 235/386/233 236/380/234
f 235/386/233 234/383/232 245/387/243 246/388/244
f 242/374/240 241/384/239 252/389/250 253/390/251
f 239/378/237 238/385/236 249/391/247 250/392/248
f 236/380/234 235/386/233 246/388/244 247/393/245
f 243/375/241 242/374/240 253/390/251 254/394/252
f 233/377/231 199/395/197 244/396/242
f 240/379/238 239/378/237 250/392/248 251/397/249
f 237/381/235 236/380/234 247/393/245 248/398/246
f 310/399/308 243/375/241 254/394/252
f 234/383/232 233/377/231 244/396/242 245/387/243
f 241/384/239 240/379/238 251/397/249 252/389/250
f 238/385/236 237/381/235 248/398/246 249/391/247
f 310/400/308 254/394/252 265/401/263
f 245/387/243 244/396/242 255/402/253 256/403/254
f 252/389/250 251/397/249 262/404/260 263/405/261
f 249/391/247 248/398/246 259/406/257 260/407/258
f 246/388/244 245/387/243 256/403/254 257/408/255
f 253/390/251 252/389/250 263/405/261 264/409/262
f 250/392/248 249/391/247 260/407/258 261/410/259
f 247/393/245 246/388/244 257/408/255 258/411/256
f 254/394/252 253/390/251 264/409/262 265/401/263
f 244/396/242 199/412/197 255/402/253
f 251/397/249 250/392/248 261/410/259 262/404/260
f 248/398/246 247/393/245 258/411/256 259/406/257
f 258/411/256 257/408/255 268/413/266 269/414/267
f 265/401/263 264/409/262 275/415/273 276/416/274
f 255/402/253 199/417/197 266/418/264
f 262/404/260 261/410/259 272/419/270 273/420/271
f 259/406/257 258/411/256 269/414/267 270/421/268
f 310/422/308 265/401/263 276/416/274
f 256/403/254 255/402/253 266/418/264 267/423/265
f 263/405/261 262/404/260 273/420/271 274/424/272
f 260/407/258 259/406/257 270/421/268 271/425/269
f 257/408/255 256/403/254 267/423/265 268/413/266
f 264/409/262 263/405/261 274/424/272 275/415/273
f 261/410/259 260/407/258 271/425/269 272/419/270
f 268/413/266 267/423/265 278/426/276 279/427/277
f 275/415/273 274/424/272 285/428/283 286/429/284
f 272/419/270 271/425/269 282/430/280 283/431/281
f 269/414/267 268/413/266 279/427/277 280/432/278
f 276/416/274 275/415/273 286/429/284 287/433/285
f 266/418/264 199/434/197 277/435/275
f 273/420/271 272/419/270 283/431/281 284/436/282
f 270/421/268 269/414/267 280/432/278 281/437/279
f 310/438/308 276/416/274 287/433/285
f 267/423/265 266/418/264 277/435/275 278/426/276
f 274/424/272 273/420/271 284/436/282 285/428/283
f 271/425/269 270/421/268 281/437/279 282/430/280
f 281/437/279 280/432/278 291/439/289 292/440/290
f 310/441/308 287/433/285 298/442/296
f 278/426/276 277/435/275 288/443/286 289/444/287
f 285/428/283 284/436/282 295/445/293 296/446/294
f 282/430/280 281/437/279 292/440/290 293/447/291
f 279/427/277 278/426/276 289/444/287 290/448/288
f 286/429/284 285/428/283 296/446/294 297/449/295
f 283/431/281 282/430/280 293/447/291 294/450/292
f 280/432/278 279/427/277 290/448/288 291/439/289
f 287/433/285 286/429/284 297/449/295 298/442/296
f 277/435/275 199/451/197 288/443/286
f 284/436/282 283/431/281 294/450/292 295/445/293
f 291/439/289 290/448/288 301/452/299 302/453/300
f 298/442/296 297/449/295 308/454/306 309/455/307
f 288/443/286 199/456/197 299/457/297
f 295/445/293 294/450/292 305/458/303 306/459/304
f 292/440/290 291/439/289 302/453/300 303/460/301
f 310/461/308 298/442/296 309/455/307
f 289/444/287 288/443/286 299/457/297 300/462/298
f 296/446/294 295/445/293 306/459/304 307/463/305
f 293/447/291 292/440/290 303/460/301 304/464/302
f 290/448/288 289/444/287 300/462/298 301/452/299
f 297/449/295 296/446/294 307/463/305 308/454/306
f 294/450/292 293/447/291 304/464/302 305/458/303
f 304/464/302 303/460/301 315/465/313 316/466/314
f 301/452/299 300/462/298 312/467/310 313/468/311
f 308/454/306 307/463/305 319/469/317 320/470/318
f 305/458/303 304/464/302 316/466/314 317/471/315
f 302/453/300 301/452/299 313/468/311 314/472/312
f 309/455/307 308/454/306 320/470/318 321/473/319
f 299/457/297 199/474/197 311/475/309
f 306/459/304 305/458/303 317/471/315 318/476/316
f 303/460/301 302/453/300 314/472/312 315/465/313
f 310/477/308 309/455/307 321/473/319
f 300/462/298 299/457/297 311/475/309 312/467/310
f 307/463/305 306/459/304 318/476/316 319/469/317
f 315/465/313 314/472/312 325/478/323 326/479/324
f 310/480/308 321/473/319 332/481/330
f 312/467/310 311/475/309 322/482/320 323/483/321
f 319/469/317 318/476/316 329/484/327 330/485/328
f 316/466/314 315/465/313 326/479/324 327/486/325
f 313/468/311 312/467/310 323/483/321 324/487/322
f 320/470/318 319/469/317 330/485/328 331/488/329
f 317/471/315 316/466/314 327/486/325 328/489/326
f 314/472/312 313/468/311 324/487/322 325/478/323
f 321/473/319 320/470/318 331/488/329 332/481/330
f 311/475/309 199/490/197 322/482/320
f 318/476/316 317/471/315 328/489/326 329/484/327
f 328/491/326 327/492/325 338/493/336 339/494/337
f 325/495/323 324/496/322 335/497/333 336/498/334
f 332/499/330 331/500/329 342/501/340 343/502/341
f 322/503/320 199/504/197 333/505/331
f 329/506/327 328/491/326 339/494/337 340/507/338
f 326/508/324 325/495/323 336/498/334 337/509/335
f 310/510/308 332/499/330 343/502/341
f 323/511/321 322/503/320 333/505/331 334/512/332
f 330/513/328 329/506/327 340/507/338 341/514/339
f 327/492/325 326/508/324 337/509/335 338/493/336
f 324/496/322 323/511/321 334/512/332 335/497/333
f 331/500/329 330/513/328 341/514/339 342/501/340
f 338/493/336 337/509/335 348/515/346 349/516/347
f 335/497/333 334/512/332 345/517/343 346/518/344
f 342/501/340 341/514/339 352/519/350 353/520/351
f 339/494/337 338/493/336 349/516/347 350/521/348
f 336/498/334 335/497/333 346/518/344 347/522/345
f 343/502/341 342/501/340 353/520/351 354/523/352
f 333/505/331 199/524/197 344/525/342
f 340/507/338 339/494/337 350/521/348 351/526/349
f 337/509/335 336/498/334 347/522/345 348/515/346
f 310/527/308 343/502/341 354/523/352
f 334/512/332 333/505/331 344/525/342 345/517/343
f 341/514/339 340/507/338 351/526/349 352/519/350
f 351/526/349 350/521/348 361/528/359 362/529/360
f 348/515/346 347/522/345 358/530/356 359/531/357
f 310/532/308 354/523/352 365/533/363
f 345/517/343 344/525/342 355/534/353 356/535/354
f 352/519/350 351/526/349 362/529/360 363/536/361
f 349/516/347 348/515/346 359/531/357 360/537/358
f 346/518/344 345/517/343 356/535/354 357/538/355
f 353/520/351 352/519/350 363/536/361 364/539/362
f 350/521/348 349/516/347 360/537/358 361/528/359
f 347/522/345 346/518/344 357/538/355 358/530/356
f 354/523/352 353/520/351 364/539/362 365/533/363
f 344/525/342 199/540/197 355/534/353
f 361/528/359 360/537/358 371/541/369 372/542/370
f 358/530/356 357/538/355 368/543/366 369/544/367
f 365/533/363 364/539/362 375/545/373 376/546/374
f 355/534/353 199/547/197 366/548/364
f 362/529/360 361/528/359 372/542/370 373/549/371
f 359/531/357 358/530/356 369/544/367 370/550/368
f 310/551/308 365/533/363 376/546/374
f 356/535/354 355/534/353 366/548/364 367/552/365
f 363/536/361 362/529/360 373/549/371 374/553/372
f 360/537/358 359/531/357 370/550/368 371/541/369
f 357/538/355 356/535/354 367/552/365 368/543/366
f 364/539/362 363/536/361 374/553/372 375/545/373
f 374/553/372 373/549/371 164/293/162 381/292/379
f 371/541/369 370/550/368 162/297/160 163/296/161
f 368/543/366 367/552/365 378/288/376 379/300/377
f 375/545/373 374/553/372 381/292/379 165/302/163
f 372/542/370 371/541/369 163/296/161 380/304/378
f 369/544/367 368/543/366 379/300/377 161/306/159
f 376/546/374 375/545/373 165/302/163 382/286/380
f 366/548/364 199/554/197 377/289/375
f 373/549/371 372/542/370 380/304/378 164/293/162
f 370/550/368 369/544/367 161/306/159 162/297/160
f 310/555/308 376/546/374 382/286/380
f 367/552/365 366/548/364 377/289/375 378/288/376
o Caster_Arm.001
v -0.090643 0.067500 -0.082850
v -0.090643 0.072500 -0.077850
v -0.095643 0.072500 -0.082850
v -0.090643 0.068964 -0.079315
v -0.093530 0.069613 -0.079964
v -0.094179 0.072500 -0.079315
v -0.094179 0.068964 -0.082850
v -0.090643 0.087500 -0.077850
v -0.090643 0.092500 -0.082850
v -0.095643 0.087500 -0.082850
v -0.090643 0.091036 -0.079315
v -0.093530 0.090387 -0.079964
v -0.094179 0.091036 -0.082850
v -0.094179 0.087500 -0.079315
v -0.090643 0.067500 -0.097850
v -0.095643 0.072500 -0.097850
v -0.090643 0.072500 -0.102850
v -0.094179 0.068964 -0.097850
v -0.093530 0.069613 -0.100737
v -0.094179 0.072500 -0.101386
v -0.090643 0.068964 -0.101386
v -0.090643 0.092500 -0.097850
v -0.090643 0.087500 -0.102850
v -0.095643 0.087500 -0.097850
v -0.090643 0.091036 -0.101386
v -0.093530 0.090387 -0.100737
v -0.094179 0.087500 -0.101386
v -0.094179 0.091036 -0.097850
v 0.149357 0.067500 -0.082850
v 0.154357 0.072500 -0.082850
v 0.149357 0.072500 -0.077850
v 0.152892 0.068964 -0.082850
v 0.152243 0.069613 -0.079964
v 0.152892 0.072500 -0.079315
v 0.149357 0.068964 -0.079315
v 0.149357 0.092500 -0.082850
v 0.149357 0.087500 -0.077850
v 0.154357 0.087500 -0.082850
v 0.149357 0.091036 -0.079315
v 0.152243 0.090387 -0.079964
v 0.152892 0.087500 -0.079315
v 0.152892 0.091036 -0.082850
v 0.149357 0.067500 -0.097850
v 0.149357 0.072500 -0.102850
v 0.154357 0.072500 -0.097850
v 0.149357 0.068964 -0.101386
v 0.152243 0.069613 -0.100737
v 0.152892 0.072500 -0.101386
v 0.152892 0.068964 -0.097850
v 0.149357 0.092500 -0.097850
v 0.154357 0.087500 -0.097850
v 0.149357 0.087500 -0.102850
v 0.152892 0.091036 -0.097850
v 0.152243 0.090387 -0.100737
v 0.152892 0.087500 -0.101386
v 0.149357 0.091036 -0.101386
vn -0.3251 -0.8881 0.3251
vn -0.3251 -0.3251 0.8881
vn -0.8881 -0.3251 0.3251
vn -0.3251 0.3251 0.8881
vn -0.3251 0.8881 0.3251
vn -0.8881 0.3251 0.3251
vn -0.3251 -0.8881 -0.3251
vn -0.8881 -0.3251 -0.3251
vn -0.3251 -0.3251 -0.8881
vn -0.3251 0.8881 -0.3251
vn -0.3251 0.3251 -0.8881
vn -0.8881 0.3251 -0.3251
vn 0.3251 -0.8881 0.3251
vn 0.8881 -0.3251 0.3251
vn 0.3251 -0.3251 0.8881
vn 0.3251 0.8881 0.3251
vn 0.3251 0.3251 0.8881
vn 0.8881 0.3251 0.3251
vn 0.3251 -0.8881 -0.3251
vn 0.3251 -0.3251 -0.8881
vn 0.8881 -0.3251 -0.3251
vn 0.3251 0.8881 -0.3251
vn 0.8881 0.3251 -0.3251
vn 0.3251 0.3251 -0.8881
vn -0.3827 -0.9239 -0.0000
vn -0.9239 -0.3827 -0.0000
vn -0.3827 -0.0000 0.9239
vn -0.9239 -0.0000 0.3827
vn -0.3827 0.9239 -0.0000
vn -0.9239 0.3827 -0.0000
vn -0.3827 -0.0000 -0.9239
vn -0.9239 -0.0000 -0.3827
vn -0.0000 -0.9239 -0.3827
vn -0.0000 -0.3827 -0.9239
vn -0.0000 0.9239 -0.3827
vn -0.0000 0.3827 -0.9239
vn 0.9239 -0.0000 -0.3827
vn 0.3827 -0.0000 -0.9239
vn 0.3827 -0.9239 -0.0000
vn 0.9239 -0.3827 -0.0000
vn 0.3827 0.9239 -0.0000
vn 0.9239 0.3827 -0.0000
vn 0.3827 -0.0000 0.9239
vn 0.9239 -0.0000 0.3827
vn -0.0000 -0.9239 0.3827
vn -0.0000 -0.3827 0.9239
vn -0.0000 0.9239 0.3827
vn -0.0000 0.3827 0.9239
vn -0.0000 -1.0000 -0.0000
vn -1.0000 -0.0000 -0.0000
vn -0.0000 -0.0000 1.0000
vn -0.0000 1.0000 -0.0000
vn -0.0000 -0.0000 -1.0000
vn 1.0000 -0.0000 -0.0000
vt 0.130000 0.700000
vt 0.130000 0.750000
vt 0.127113 0.750000
vt 0.125000 0.700000
vt 0.425000 0.995000
vt 0.425000 1.000000
vt 0.396132 1.000000
vt 0.375000 0.995000
vt 0.425000 0.050000
vt 0.375000 0.050000
vt 0.375000 0.021132
vt 0.425000 0.000000
vt 0.575000 0.995000
vt 0.625000 0.995000
vt 0.625000 0.997887
vt 0.575000 1.000000
vt 0.870000 0.700000
vt 0.875000 0.700000
vt 0.875000 0.728867
vt 0.870000 0.750000
vt 0.575000 0.050000
vt 0.575000 0.000000
vt 0.603868 0.000000
vt 0.625000 0.050000
vt 0.130000 0.550000
vt 0.125000 0.550000
vt 0.125000 0.521132
vt 0.130000 0.500000
vt 0.425000 0.200000
vt 0.425000 0.250000
vt 0.385566 0.251057
vt 0.375000 0.200000
vt 0.425000 0.255000
vt 0.375000 0.255000
vt 0.870000 0.550000
vt 0.870000 0.500000
vt 0.872887 0.500000
vt 0.875000 0.550000
vt 0.575000 0.255000
vt 0.575000 0.250000
vt 0.614434 0.239434
vt 0.625000 0.255000
vt 0.575000 0.200000
vt 0.625000 0.200000
vt 0.370000 0.700000
vt 0.375000 0.700000
vt 0.382044 0.743660
vt 0.372500 0.752500
vt 0.425000 0.700000
vt 0.425000 0.750000
vt 0.425000 0.755000
vt 0.630000 0.700000
vt 0.627500 0.752500
vt 0.618660 0.742956
vt 0.625000 0.700000
vt 0.575000 0.755000
vt 0.575000 0.750000
vt 0.575000 0.700000
vt 0.370000 0.550000
vt 0.372500 0.497500
vt 0.381340 0.507044
vt 0.375000 0.550000
vt 0.425000 0.495000
vt 0.425000 0.500000
vt 0.425000 0.550000
vt 0.630000 0.550000
vt 0.625000 0.550000
vt 0.617956 0.506340
vt 0.627500 0.497500
vt 0.575000 0.550000
vt 0.575000 0.500000
vt 0.575000 0.495000
s 0
usemtl M_Graphite
f 383/556/381 386/557/381 387/558/381 389/559/381
f 384/560/382 388/561/382 387/562/382 386/563/382
f 385/564/383 389/565/383 387/566/383 388/567/383
f 390/568/384 393/569/384 394/570/384 396/571/384
f 391/572/385 395/573/385 394/574/385 393/575/385
f 392/576/386 396/577/386 394/578/386 395/579/386
f 397/580/387 400/581/387 401/582/387 403/583/387
f 398/584/388 402/585/388 401/586/388 400/587/388
f 399/588/389 403/589/389 401/586/389 402/585/389
f 404/590/390 407/591/390 408/592/390 410/593/390
f 405/594/391 409/595/391 408/596/391 407/597/391
f 406/598/392 410/599/392 408/596/392 409/595/392
f 411/600/393 414/601/393 415/602/393 417/603/393
f 412/604/394 416/605/394 415/602/394 414/601/394
f 413/606/395 417/603/395 415/602/395 416/605/395
f 418/607/396 421/608/396 422/609/396 424/610/396
f 419/611/397 423/612/397 422/609/397 421/608/397
f 420/613/398 424/610/398 422/609/398 423/612/398
f 425/614/399 428/615/399 429/616/399 431/617/399
f 426/618/400 430/619/400 429/616/400 428/615/400
f 427/620/401 431/617/401 429/616/401 430/619/401
f 432/621/402 435/622/402 436/623/402 438/624/402
f 433/625/403 437/626/403 436/623/403 435/622/403
f 434/627/404 438/624/404 436/623/404 437/626/404
f 397/580/405 383/556/405 389/559/405 400/581/405
f 400/587/406 389/565/406 385/564/406 398/584/406
f 384/560/407 390/568/407 396/571/407 388/561/407
f 388/567/408 396/577/408 392/576/408 385/564/408
f 391/572/409 404/590/409 410/593/409 395/573/409
f 395/579/410 410/599/410 406/598/410 392/576/410
f 405/594/411 399/588/411 402/585/411 409/595/411
f 409/595/412 402/585/412 398/584/412 406/598/412
f 425/614/413 397/580/413 403/583/413 428/615/413
f 428/615/414 403/589/414 399/588/414 426/618/414
f 404/590/415 432/621/415 438/624/415 407/591/415
f 407/597/416 438/624/416 434/627/416 405/594/416
f 433/625/417 427/620/417 430/619/417 437/626/417
f 437/626/418 430/619/418 426/618/418 434/627/418
f 411/600/419 425/614/419 431/617/419 414/601/419
f 414/601/420 431/617/420 427/620/420 412/604/420
f 432/621/421 418/607/421 424/610/421 435/622/421
f 435/622/422 424/610/422 420/613/422 433/625/422
f 419/611/423 413/606/423 416/605/423 423/612/423
f 423/612/424 416/605/424 412/604/424 420/613/424
f 383/556/425 411/600/425 417/603/425 386/557/425
f 386/563/426 417/603/426 413/606/426 384/560/426
f 418/607/427 391/572/427 393/575/427 421/608/427
f 421/608/428 393/569/428 390/568/428 419/611/428
f 397/580/429 425/614/429 411/600/429 383/556/429
f 385/564/430 392/576/430 406/598/430 398/584/430
f 413/606/431 419/611/431 390/568/431 384/560/431
f 432/621/432 404/590/432 391/572/432 418/607/432
f 399/588/433 405/594/433 434/627/433 426/618/433
f 427/620/434 433/625/434 420/613/434 412/604/434
o Caster.001
v 0.058713 0.052500 -0.211012
v 0.058713 0.044059 -0.214508
v 0.058713 0.035000 -0.215701
v 0.058713 0.017500 -0.211012
v 0.058713 0.004689 -0.198201
v 0.061513 0.068807 -0.189316
v 0.064121 0.065311 -0.197344
v 0.066361 0.059749 -0.204238
v 0.068080 0.052500 -0.209528
v 0.069160 0.044059 -0.212853
v 0.069529 0.035000 -0.213988
v 0.069160 0.025941 -0.212853
v 0.068080 0.017500 -0.209528
v 0.066361 0.010251 -0.204238
v 0.064121 0.004689 -0.197344
v 0.061513 0.001193 -0.189316
v 0.064038 0.068807 -0.188029
v 0.068999 0.065311 -0.194859
v 0.073260 0.059749 -0.200723
v 0.076530 0.052500 -0.205223
v 0.078585 0.044059 -0.208052
v 0.079286 0.035000 -0.209016
v 0.078585 0.025941 -0.208052
v 0.076530 0.017500 -0.205223
v 0.073260 0.010251 -0.200723
v 0.068999 0.004689 -0.194859
v 0.064038 0.001193 -0.188029
v 0.066042 0.068807 -0.186025
v 0.072871 0.065311 -0.190987
v 0.078735 0.059749 -0.195248
v 0.083235 0.052500 -0.198517
v 0.086064 0.044059 -0.200572
v 0.087029 0.035000 -0.201273
v 0.086064 0.025941 -0.200572
v 0.083235 0.017500 -0.198517
v 0.078735 0.010251 -0.195248
v 0.072871 0.004689 -0.190987
v 0.066042 0.001193 -0.186025
v 0.058713 0.070000 -0.180701
v 0.067329 0.068807 -0.183500
v 0.075357 0.065311 -0.186109
v 0.082251 0.059749 -0.188349
v 0.087541 0.052500 -0.190067
v 0.090866 0.044059 -0.191148
v 0.092000 0.035000 -0.191516
v 0.090866 0.025941 -0.191148
v 0.087541 0.017500 -0.190067
v 0.082251 0.010251 -0.188349
v 0.075357 0.004689 -0.186109
v 0.067329 0.001193 -0.183500
v 0.067772 0.068807 -0.180701
v 0.076213 0.065311 -0.180701
v 0.083462 0.059749 -0.180701
v 0.089024 0.052500 -0.180701
v 0.092521 0.044059 -0.180701
v 0.093713 0.035000 -0.180701
v 0.092521 0.025941 -0.180701
v 0.089024 0.017500 -0.180701
v 0.083462 0.010251 -0.180701
v 0.076213 0.004689 -0.180701
v 0.067772 0.001193 -0.180701
v 0.067329 0.068807 -0.177901
v 0.075357 0.065311 -0.175293
v 0.082251 0.059749 -0.173053
v 0.087541 0.052500 -0.171334
v 0.090866 0.044059 -0.170254
v 0.092000 0.035000 -0.169885
v 0.090866 0.025941 -0.170254
v 0.087541 0.017500 -0.171334
v 0.082251 0.010251 -0.173053
v 0.075357 0.004689 -0.175293
v 0.067329 0.001193 -0.177901
v 0.066042 0.068807 -0.175376
v 0.072871 0.065311 -0.170414
v 0.078735 0.059749 -0.166154
v 0.083235 0.052500 -0.162884
v 0.086064 0.044059 -0.160829
v 0.087029 0.035000 -0.160128
v 0.086064 0.025941 -0.160829
v 0.083235 0.017500 -0.162884
v 0.078735 0.010251 -0.166154
v 0.072871 0.004689 -0.170414
v 0.066042 0.001193 -0.175376
v 0.064038 0.068807 -0.173372
v 0.068999 0.065311 -0.166543
v 0.073260 0.059749 -0.160679
v 0.076530 0.052500 -0.156179
v 0.078585 0.044059 -0.153350
v 0.079286 0.035000 -0.152385
v 0.078585 0.025941 -0.153350
v 0.076530 0.017500 -0.156179
v 0.073260 0.010251 -0.160679
v 0.068999 0.004689 -0.166543
v 0.064038 0.001193 -0.173372
v 0.061513 0.068807 -0.172085
v 0.064121 0.065311 -0.164057
v 0.066361 0.059749 -0.157163
v 0.068080 0.052500 -0.151873
v 0.069160 0.044059 -0.148548
v 0.069529 0.035000 -0.147414
v 0.069160 0.025941 -0.148548
v 0.068080 0.017500 -0.151873
v 0.066361 0.010251 -0.157163
v 0.064121 0.004689 -0.164057
v 0.061513 0.001193 -0.172085
v 0.058713 0.068807 -0.171642
v 0.058713 0.065311 -0.163201
v 0.058713 0.059749 -0.155952
v 0.058713 0.052500 -0.150390
v 0.058713 0.044059 -0.146893
v 0.058713 0.035000 -0.145701
v 0.058713 0.025941 -0.146893
v 0.058713 0.017500 -0.150390
v 0.058713 0.010251 -0.155952
v 0.058713 0.004689 -0.163201
v 0.058713 0.001193 -0.171642
v 0.055914 0.068807 -0.172085
v 0.053305 0.065311 -0.164057
v 0.051065 0.059749 -0.157163
v 0.049347 0.052500 -0.151873
v 0.048266 0.044059 -0.148548
v 0.047898 0.035000 -0.147414
v 0.048266 0.025941 -0.148548
v 0.049347 0.017500 -0.151873
v 0.051065 0.010251 -0.157163
v 0.053305 0.004689 -0.164057
v 0.055914 0.001193 -0.172085
v 0.053389 0.068807 -0.173372
v 0.048427 0.065311 -0.166543
v 0.044166 0.059749 -0.160679
v 0.040897 0.052500 -0.156179
v 0.038842 0.044059 -0.153350
v 0.038141 0.035000 -0.152385
v 0.038842 0.025941 -0.153350
v 0.040897 0.017500 -0.156179
v 0.044166 0.010251 -0.160679
v 0.048427 0.004689 -0.166543
v 0.053389 0.001193 -0.173372
v 0.051385 0.068807 -0.175376
v 0.044555 0.065311 -0.170414
v 0.038691 0.059749 -0.166154
v 0.034191 0.052500 -0.162884
v 0.031362 0.044059 -0.160829
v 0.030398 0.035000 -0.160128
v 0.031362 0.025941 -0.160829
v 0.034191 0.017500 -0.162884
v 0.038691 0.010251 -0.166154
v 0.044555 0.004689 -0.170414
v 0.051385 0.001193 -0.175376
v 0.058713 0.000000 -0.180701
v 0.050098 0.068807 -0.177901
v 0.042070 0.065311 -0.175293
v 0.035176 0.059749 -0.173053
v 0.029886 0.052500 -0.171334
v 0.026560 0.044059 -0.170254
v 0.025426 0.035000 -0.169885
v 0.026560 0.025941 -0.170254
v 0.029886 0.017500 -0.171334
v 0.035176 0.010251 -0.173053
v 0.042070 0.004689 -0.175293
v 0.050098 0.001193 -0.177901
v 0.049655 0.068807 -0.180701
v 0.041213 0.065311 -0.180701
v 0.033964 0.059749 -0.180701
v 0.028402 0.052500 -0.180701
v 0.024906 0.044059 -0.180701
v 0.023713 0.035000 -0.180701
v 0.024906 0.025941 -0.180701
v 0.028402 0.017500 -0.180701
v 0.033964 0.010251 -0.180701
v 0.041213 0.004689 -0.180701
v 0.049655 0.001193 -0.180701
v 0.050098 0.068807 -0.183500
v 0.042070 0.065311 -0.186109
v 0.035176 0.059749 -0.188349
v 0.029886 0.052500 -0.190067
v 0.026560 0.044059 -0.191148
v 0.025426 0.035000 -0.191516
v 0.026560 0.025941 -0.191148
v 0.029886 0.017500 -0.190067
v 0.035176 0.010251 -0.188349
v 0.042070 0.004689 -0.186109
v 0.050098 0.001193 -0.183500
v 0.051385 0.068807 -0.186025
v 0.044555 0.065311 -0.190987
v 0.038691 0.059749 -0.195248
v 0.034191 0.052500 -0.198517
v 0.031362 0.044059 -0.200572
v 0.030398 0.035000 -0.201273
v 0.031362 0.025941 -0.200572
v 0.034191 0.017500 -0.198517
v 0.038691 0.010251 -0.195248
v 0.044555 0.004689 -0.190987
v 0.051385 0.001193 -0.186025
v 0.053389 0.068807 -0.188029
v 0.048427 0.065311 -0.194859
v 0.044166 0.059749 -0.200723
v 0.040897 0.052500 -0.205223
v 0.038842 0.044059 -0.208052
v 0.038141 0.035000 -0.209016
v 0.038842 0.025941 -0.208052
v 0.040897 0.017500 -0.205223
v 0.044166 0.010251 -0.200723
v 0.048427 0.004689 -0.194859
v 0.053389 0.001193 -0.188029
v 0.055914 0.068807 -0.189316
v 0.053305 0.065311 -0.197344
v 0.051065 0.059749 -0.204238
v 0.049347 0.052500 -0.209528
v 0.048266 0.044059 -0.212854
v 0.047898 0.035000 -0.213988
v 0.048266 0.025941 -0.212854
v 0.049347 0.017500 -0.209528
v 0.051065 0.010251 -0.204238
v 0.053305 0.004689 -0.197344
v 0.055914 0.001193 -0.189316
v 0.058713 0.068807 -0.189759
v 0.058713 0.065311 -0.198201
v 0.058713 0.059749 -0.205449
v 0.058713 0.025941 -0.214508
v 0.058713 0.010251 -0.205449
v 0.058713 0.001193 -0.189759
vn -0.0000 0.4945 -0.8692
vn -0.0000 0.2556 -0.9668
vn -0.0000 -0.0000 -1.0000
vn -0.0000 -0.4945 -0.8692
vn -0.0000 -0.8604 -0.5097
vn 0.0837 0.9626 -0.2577
vn 0.1575 0.8604 -0.4847
vn 0.2205 0.7007 -0.6786
vn 0.2686 0.4945 -0.8267
vn 0.2987 0.2556 -0.9195
vn 0.3090 -0.0000 -0.9511
vn 0.2988 -0.2556 -0.9195
vn 0.2686 -0.4945 -0.8267
vn 0.2205 -0.7007 -0.6786
vn 0.1575 -0.8604 -0.4847
vn 0.0837 -0.9626 -0.2577
vn 0.1592 0.9626 -0.2192
vn 0.2996 0.8604 -0.4123
vn 0.4194 0.7007 -0.5772
vn 0.5109 0.4945 -0.7032
vn 0.5683 0.2556 -0.7821
vn 0.5878 -0.0000 -0.8090
vn 0.5683 -0.2556 -0.7821
vn 0.5109 -0.4945 -0.7032
vn 0.4194 -0.7007 -0.5772
vn 0.2996 -0.8604 -0.4123
vn 0.1592 -0.9626 -0.2192
vn 0.2192 0.9626 -0.1592
vn 0.4123 0.8604 -0.2996
vn 0.5772 0.7007 -0.4194
vn 0.7032 0.4945 -0.5109
vn 0.7821 0.2556 -0.5683
vn 0.8090 -0.0000 -0.5878
vn 0.7821 -0.2556 -0.5683
vn 0.7032 -0.4945 -0.5109
vn 0.5772 -0.7007 -0.4194
vn 0.4123 -0.8604 -0.2996
vn 0.2192 -0.9626 -0.1592
vn -0.0000 1.0000 -0.0000
vn 0.2577 0.9626 -0.0837
vn 0.4847 0.8604 -0.1575
vn 0.6786 0.7007 -0.2205
vn 0.8267 0.4945 -0.2686
vn 0.9195 0.2556 -0.2987
vn 0.9511 -0.0000 -0.3090
vn 0.9195 -0.2556 -0.2987
vn 0.8267 -0.4945 -0.2686
vn 0.6786 -0.7007 -0.2205
vn 0.4847 -0.8604 -0.1575
vn 0.2577 -0.9626 -0.0837
vn 0.2709 0.9626 -0.0000
vn 0.5097 0.8604 -0.0000
vn 0.7135 0.7007 -0.0000
vn 0.8692 0.4945 -0.0000
vn 0.9668 0.2556 -0.0000
vn 1.0000 -0.0000 -0.0000
vn 0.9668 -0.2556 -0.0000
vn 0.8692 -0.4945 -0.0000
vn 0.7135 -0.7007 -0.0000
vn 0.5097 -0.8604 -0.0000
vn 0.2709 -0.9626 -0.0000
vn 0.2577 0.9626 0.0837
vn 0.4847 0.8604 0.1575
vn 0.6786 0.7007 0.2205
vn 0.8267 0.4945 0.2686
vn 0.9195 0.2556 0.2987
vn 0.9511 -0.0000 0.3090
vn 0.9195 -0.2556 0.2987
vn 0.8267 -0.4945 0.2686
vn 0.6786 -0.7007 0.2205
vn 0.4847 -0.8604 0.1575
vn 0.2577 -0.9626 0.0837
vn 0.2192 0.9626 0.1592
vn 0.4123 0.8604 0.2996
vn 0.5772 0.7007 0.4194
vn 0.7032 0.4945 0.5109
vn 0.7821 0.2556 0.5683
vn 0.8090 -0.0000 0.5878
vn 0.7821 -0.2556 0.5683
vn 0.7032 -0.4945 0.5109
vn 0.5772 -0.7007 0.4194
vn 0.4123 -0.8604 0.2996
vn 0.2192 -0.9626 0.1592
vn 0.1592 0.9626 0.2192
vn 0.2996 0.8604 0.4123
vn 0.4194 0.7007 0.5772
vn 0.5109 0.4945 0.7032
vn 0.5683 0.2556 0.7821
vn 0.5878 -0.0000 0.8090
vn 0.5683 -0.2556 0.7821
vn 0.5109 -0.4945 0.7032
vn 0.4194 -0.7007 0.5772
vn 0.2996 -0.8604 0.4123
vn 0.1592 -0.9626 0.2192
vn 0.0837 0.9626 0.2577
vn 0.1575 0.8604 0.4847
vn 0.2205 0.7007 0.6786
vn 0.2686 0.4945 0.8267
vn 0.2987 0.2556 0.9195
vn 0.3090 -0.0000 0.9511
vn 0.2987 -0.2556 0.9195
vn 0.2686 -0.4945 0.8267
vn 0.2205 -0.7007 0.6786
vn 0.1575 -0.8604 0.4847
vn 0.0837 -0.9626 0.2577
vn -0.0000 0.9626 0.2709
vn -0.0000 0.8604 0.5097
vn -0.0000 0.7007 0.7135
vn -0.0000 0.4945 0.8692
vn -0.0000 0.2556 0.9668
vn -0.0000 -0.0000 1.0000
vn -0.0000 -0.2556 0.9668
vn -0.0000 -0.4945 0.8692
vn -0.0000 -0.7007 0.7135
vn -0.0000 -0.8604 0.5097
vn -0.0000 -0.9626 0.2709
vn -0.0837 0.9626 0.2577
vn -0.1575 0.8604 0.4847
vn -0.2205 0.7007 0.6786
vn -0.2686 0.4945 0.8267
vn -0.2987 0.2556 0.9195
vn -0.3090 -0.0000 0.9511
vn -0.2987 -0.2556 0.9195
vn -0.2686 -0.4945 0.8267
vn -0.2205 -0.7007 0.6786
vn -0.1575 -0.8604 0.4847
vn -0.0837 -0.9626 0.2577
vn -0.1592 0.9626 0.2192
vn -0.2996 0.8604 0.4123
vn -0.4194 0.7007 0.5772
vn -0.5109 0.4945 0.7032
vn -0.5683 0.2556 0.7821
vn -0.5878 -0.0000 0.8090
vn -0.5683 -0.2556 0.7821
vn -0.5109 -0.4945 0.7032
vn -0.4194 -0.7007 0.5772
vn -0.2996 -0.8604 0.4123
vn -0.1592 -0.9626 0.2192
vn -0.2192 0.9626 0.1592
vn -0.4123 0.8604 0.2996
vn -0.5772 0.7007 0.4194
vn -0.7032 0.4945 0.5109
vn -0.7821 0.2556 0.5683
vn -0.8090 -0.0000 0.5878
vn -0.7821 -0.2556 0.5683
vn -0.7032 -0.4945 0.5109
vn -0.5772 -0.7007 0.4194
vn -0.4123 -0.8604 0.2996
vn -0.2192 -0.9626 0.1592
vn -0.0000 -1.0000 -0.0000
vn -0.2577 0.9626 0.0837
vn -0.4847 0.8604 0.1575
vn -0.6786 0.7007 0.2205
vn -0.8267 0.4945 0.2686
vn -0.9195 0.2556 0.2987
vn -0.9511 -0.0000 0.3090
vn -0.9195 -0.2556 0.2987
vn -0.8267 -0.4945 0.2686
vn -0.6786 -0.7007 0.2205
vn -0.4847 -0.8604 0.1575
vn -0.2577 -0.9626 0.0837
vn -0.2709 0.9626 -0.0000
vn -0.5097 0.8604 -0.0000
vn -0.7135 0.7007 -0.0000
vn -0.8692 0.4945 -0.0000
vn -0.9668 0.2556 -0.0000
vn -1.0000 -0.0000 -0.0000
vn -0.9668 -0.2556 -0.0000
vn -0.8692 -0.4945 -0.0000
vn -0.7135 -0.7007 -0.0000
vn -0.5097 -0.8604 -0.0000
vn -0.2709 -0.9626 -0.0000
vn -0.2577 0.9626 -0.0837
vn -0.4847 0.8604 -0.1575
vn -0.6786 0.7007 -0.2205
vn -0.8267 0.4945 -0.2686
vn -0.9195 0.2556 -0.2988
vn -0.9511 -0.0000 -0.3090
vn -0.9195 -0.2556 -0.2988
vn -0.8267 -0.4945 -0.2686
vn -0.6786 -0.7007 -0.2205
vn -0.4847 -0.8604 -0.1575
vn -0.2577 -0.9626 -0.0837
vn -0.2192 0.9626 -0.1592
vn -0.4123 0.8604 -0.2996
vn -0.5772 0.7007 -0.4194
vn -0.7032 0.4945 -0.5109
vn -0.7821 0.2556 -0.5683
vn -0.8090 -0.0000 -0.5878
vn -0.7821 -0.2556 -0.5683
vn -0.7032 -0.4945 -0.5109
vn -0.5772 -0.7007 -0.4194
vn -0.4123 -0.8604 -0.2996
vn -0.2192 -0.9626 -0.1592
vn -0.1592 0.9626 -0.2192
vn -0.2996 0.8604 -0.4123
vn -0.4194 0.7007 -0.5772
vn -0.5109 0.4945 -0.7032
vn -0.5683 0.2556 -0.7821
vn -0.5878 -0.0000 -0.8090
vn -0.5683 -0.2556 -0.7821
vn -0.5109 -0.4945 -0.7032
vn -0.4194 -0.7007 -0.5772
vn -0.2996 -0.8604 -0.4123
vn -0.1592 -0.9626 -0.2192
vn -0.0837 0.9626 -0.2577
vn -0.1575 0.8604 -0.4847
vn -0.2205 0.7007 -0.6786
vn -0.2686 0.4945 -0.8267
vn -0.2987 0.2556 -0.9195
vn -0.3090 -0.0000 -0.9511
vn -0.2987 -0.2556 -0.9195
vn -0.2686 -0.4945 -0.8267
vn -0.2205 -0.7007 -0.6786
vn -0.1575 -0.8604 -0.4847
vn -0.0837 -0.9626 -0.2577
vn -0.0000 0.9626 -0.2709
vn -0.0000 0.8604 -0.5097
vn -0.0000 0.7007 -0.7135
vn -0.0000 -0.2556 -0.9668
vn -0.0000 -0.7007 -0.7135
vn -0.0000 -0.9626 -0.2709
vt 0.750000 0.083333
vt 0.750000 0.166667
vt 0.700000 0.166667
vt 0.700000 0.083333
vt 0.750000 0.916667
vt 0.725000 1.000000
vt 0.700000 0.916667
vt 0.750000 0.333333
vt 0.750000 0.416667
vt 0.700000 0.416667
vt 0.700000 0.333333
vt 0.750000 0.583333
vt 0.750000 0.666667
vt 0.700000 0.666667
vt 0.700000 0.583333
vt 0.725000 0.000000
vt 0.750000 0.833333
vt 0.700000 0.833333
vt 0.750000 0.250000
vt 0.700000 0.250000
vt 0.750000 0.500000
vt 0.700000 0.500000
vt 0.750000 0.750000
vt 0.700000 0.750000
vt 0.650000 0.583333
vt 0.650000 0.500000
vt 0.650000 0.833333
vt 0.650000 0.750000
vt 0.650000 0.250000
vt 0.650000 0.166667
vt 0.650000 0.416667
vt 0.650000 0.666667
vt 0.650000 0.083333
vt 0.675000 1.000000
vt 0.650000 0.916667
vt 0.650000 0.333333
vt 0.675000 0.000000
vt 0.600000 0.416667
vt 0.600000 0.333333
vt 0.600000 0.666667
vt 0.600000 0.583333
vt 0.625000 0.000000
vt 0.600000 0.083333
vt 0.600000 0.916667
vt 0.600000 0.833333
vt 0.600000 0.250000
vt 0.600000 0.500000
vt 0.600000 0.750000
vt 0.600000 0.166667
vt 0.625000 1.000000
vt 0.550000 0.500000
vt 0.550000 0.416667
vt 0.550000 0.750000
vt 0.550000 0.666667
vt 0.550000 0.166667
vt 0.550000 0.083333
vt 0.575000 1.000000
vt 0.550000 0.916667
vt 0.550000 0.333333
vt 0.550000 0.583333
vt 0.575000 0.000000
vt 0.550000 0.833333
vt 0.550000 0.250000
vt 0.500000 0.333333
vt 0.500000 0.250000
vt 0.500000 0.583333
vt 0.500000 0.500000
vt 0.500000 0.833333
vt 0.500000 0.750000
vt 0.500000 0.166667
vt 0.500000 0.416667
vt 0.500000 0.666667
vt 0.500000 0.083333
vt 0.525000 1.000000
vt 0.500000 0.916667
vt 0.525000 0.000000
vt 0.475000 1.000000
vt 0.450000 0.916667
vt 0.450000 0.416667
vt 0.450000 0.333333
vt 0.450000 0.666667
vt 0.450000 0.583333
vt 0.475000 0.000000
vt 0.450000 0.083333
vt 0.450000 0.833333
vt 0.450000 0.250000
vt 0.450000 0.500000
vt 0.450000 0.750000
vt 0.450000 0.166667
vt 0.400000 0.250000
vt 0.400000 0.166667
vt 0.400000 0.500000
vt 0.400000 0.416667
vt 0.400000 0.750000
vt 0.400000 0.666667
vt 0.400000 0.083333
vt 0.425000 1.000000
vt 0.400000 0.916667
vt 0.400000 0.333333
vt 0.400000 0.583333
vt 0.425000 0.000000
vt 0.400000 0.833333
vt 0.350000 0.916667
vt 0.350000 0.833333
vt 0.350000 0.333333
vt 0.350000 0.250000
vt 0.350000 0.583333
vt 0.350000 0.500000
vt 0.350000 0.750000
vt 0.350000 0.166667
vt 0.350000 0.416667
vt 0.350000 0.666667
vt 0.350000 0.083333
vt 0.375000 1.000000
vt 0.375000 0.000000
vt 0.300000 0.166667
vt 0.300000 0.083333
vt 0.325000 1.000000
vt 0.300000 0.916667
vt 0.300000 0.416667
vt 0.300000 0.333333
vt 0.300000 0.666667
vt 0.300000 0.583333
vt 0.325000 0.000000
vt 0.300000 0.833333
vt 0.300000 0.250000
vt 0.300000 0.500000
vt 0.300000 0.750000
vt 0.250000 0.833333
vt 0.250000 0.750000
vt 0.250000 0.250000
vt 0.250000 0.166667
vt 0.250000 0.500000
vt 0.250000 0.416667
vt 0.250000 0.666667
vt 0.250000 0.083333
vt 0.275000 1.000000
vt 0.250000 0.916667
vt 0.250000 0.333333
vt 0.250000 0.583333
vt 0.275000 0.000000
vt 0.225000 0.000000
vt 0.200000 0.083333
vt 0.200000 0.916667
vt 0.200000 0.833333
vt 0.200000 0.333333
vt 0.200000 0.250000
vt 0.200000 0.583333
vt 0.200000 0.500000
vt 0.200000 0.750000
vt 0.200000 0.166667
vt 0.200000 0.416667
vt 0.200000 0.666667
vt 0.225000 1.000000
vt 0.150000 0.750000
vt 0.150000 0.666667
vt 0.150000 0.166667
vt 0.150000 0.083333
vt 0.175000 1.000000
vt 0.150000 0.916667
vt 0.150000 0.416667
vt 0.150000 0.333333
vt 0.150000 0.583333
vt 0.175000 0.000000
vt 0.150000 0.833333
vt 0.150000 0.250000
vt 0.150000 0.500000
vt 0.100000 0.833333
vt 0.100000 0.750000
vt 0.100000 0.250000
vt 0.100000 0.166667
vt 0.100000 0.500000
vt 0.100000 0.416667
vt 0.100000 0.666667
vt 0.100000 0.083333
vt 0.125000 1.000000
vt 0.100000 0.916667
vt 0.100000 0.333333
vt 0.100000 0.583333
vt 0.125000 0.000000
vt 0.050000 0.666667
vt 0.050000 0.583333
vt 0.075000 0.000000
vt 0.050000 0.083333
vt 0.050000 0.916667
vt 0.050000 0.833333
vt 0.050000 0.333333
vt 0.050000 0.250000
vt 0.050000 0.500000
vt 0.050000 0.750000
vt 0.050000 0.166667
vt 0.050000 0.416667
vt 0.075000 1.000000
vt 0.000000 0.750000
vt 0.000000 0.666667
vt 0.000000 0.166667
vt 0.000000 0.083333
vt 0.025000 1.000000
vt 0.000000 0.916667
vt 0.000000 0.416667
vt 0.000000 0.333333
vt 0.000000 0.583333
vt 0.025000 0.000000
vt 0.000000 0.833333
vt 0.000000 0.250000
vt 0.000000 0.500000
vt 1.000000 0.500000
vt 1.000000 0.583333
vt 0.950000 0.583333
vt 0.950000 0.500000
vt 1.000000 0.750000
vt 1.000000 0.833333
vt 0.950000 0.833333
vt 0.950000 0.750000
vt 1.000000 0.166667
vt 1.000000 0.250000
vt 0.950000 0.250000
vt 0.950000 0.166667
vt 1.000000 0.416667
vt 0.950000 0.416667
vt 1.000000 0.666667
vt 0.950000 0.666667
vt 1.000000 0.083333
vt 0.950000 0.083333
vt 1.000000 0.916667
vt 0.975000 1.000000
vt 0.950000 0.916667
vt 1.000000 0.333333
vt 0.950000 0.333333
vt 0.975000 0.000000
vt 0.900000 0.666667
vt 0.900000 0.583333
vt 0.925000 0.000000
vt 0.900000 0.083333
vt 0.900000 0.916667
vt 0.900000 0.833333
vt 0.900000 0.333333
vt 0.900000 0.250000
vt 0.900000 0.500000
vt 0.900000 0.750000
vt 0.900000 0.166667
vt 0.900000 0.416667
vt 0.925000 1.000000
vt 0.850000 0.500000
vt 0.850000 0.416667
vt 0.850000 0.750000
vt 0.850000 0.666667
vt 0.850000 0.166667
vt 0.850000 0.083333
vt 0.875000 1.000000
vt 0.850000 0.916667
vt 0.850000 0.333333
vt 0.850000 0.583333
vt 0.875000 0.000000
vt 0.850000 0.833333
vt 0.850000 0.250000
vt 0.800000 0.583333
vt 0.800000 0.500000
vt 0.800000 0.833333
vt 0.800000 0.750000
vt 0.800000 0.250000
vt 0.800000 0.166667
vt 0.800000 0.416667
vt 0.800000 0.666667
vt 0.800000 0.083333
vt 0.825000 1.000000
vt 0.800000 0.916667
vt 0.800000 0.333333
vt 0.825000 0.000000
vt 0.775000 0.000000
vt 0.775000 1.000000
s 1
usemtl M_Black_Rubber
f 660/628/656 443/629/439 453/630/449 454/631/450
f 655/632/651 477/633/473 444/634/440
f 442/635/438 658/636/654 450/637/446 451/638/447
f 440/639/436 439/640/435 447/641/443 448/642/444
f 588/643/584 660/628/656 454/631/450
f 656/644/652 655/632/651 444/634/440 445/645/441
f 659/646/655 442/635/438 451/638/447 452/647/448
f 441/648/437 440/639/436 448/642/444 449/649/445
f 657/650/653 656/644/652 445/645/441 446/651/442
f 443/629/439 659/646/655 452/647/448 453/630/449
f 658/636/654 441/648/437 449/649/445 450/637/446
f 439/640/435 657/650/653 446/651/442 447/641/443
f 449/649/445 448/642/444 459/652/455 460/653/456
f 446/651/442 445/645/441 456/654/452 457/655/453
f 453/630/449 452/647/448 463/656/459 464/657/460
f 450/637/446 449/649/445 460/653/456 461/658/457
f 447/641/443 446/651/442 457/655/453 458/659/454
f 454/631/450 453/630/449 464/657/460 465/660/461
f 444/634/440 477/661/473 455/662/451
f 451/638/447 450/637/446 461/658/457 462/663/458
f 448/642/444 447/641/443 458/659/454 459/652/455
f 588/664/584 454/631/450 465/660/461
f 445/645/441 444/634/440 455/662/451 456/654/452
f 452/647/448 451/638/447 462/663/458 463/656/459
f 462/663/458 461/658/457 472/665/468 473/666/469
f 459/652/455 458/659/454 469/667/465 470/668/466
f 588/669/584 465/660/461 476/670/472
f 456/654/452 455/662/451 466/671/462 467/672/463
f 463/656/459 462/663/458 473/666/469 474/673/470
f 460/653/456 459/652/455 470/668/466 471/674/467
f 457/655/453 456/654/452 467/672/463 468/675/464
f 464/657/460 463/656/459 474/673/470 475/676/471
f 461/658/457 460/653/456 471/674/467 472/665/468
f 458/659/454 457/655/453 468/675/464 469/667/465
f 465/660/461 464/657/460 475/676/471 476/670/472
f 455/662/451 477/677/473 466/671/462
f 472/665/468 471/674/467 483/678/479 484/679/480
f 469/667/465 468/675/464 480/680/476 481/681/477
f 476/670/472 475/676/471 487/682/483 488/683/484
f 466/671/462 477/684/473 478/685/474
f 473/666/469 472/665/468 484/679/480 485/686/481
f 470/668/466 469/667/465 481/681/477 482/687/478
f 588/688/584 476/670/472 488/683/484
f 467/672/463 466/671/462 478/685/474 479/689/475
f 474/673/470 473/666/469 485/686/481 486/690/482
f 471/674/467 470/668/466 482/687/478 483/678/479
f 468/675/464 467/672/463 479/689/475 480/680/476
f 475/676/471 474/673/470 486/690/482 487/682/483
f 486/690/482 485/686/481 496/691/492 497/692/493
f 483/678/479 482/687/478 493/693/489 494/694/490
f 480/680/476 479/689/475 490/695/486 491/696/487
f 487/682/483 486/690/482 497/692/493 498/697/494
f 484/679/480 483/678/479 494/694/490 495/698/491
f 481/681/477 480/680/476 491/696/487 492/699/488
f 488/683/484 487/682/483 498/697/494 499/700/495
f 478/685/474 477/701/473 489/702/485
f 485/686/481 484/679/480 495/698/491 496/691/492
f 482/687/478 481/681/477 492/699/488 493/693/489
f 588/703/584 488/683/484 499/700/495
f 479/689/475 478/685/474 489/702/485 490/695/486
f 489/702/485 477/704/473 500/705/496
f 496/691/492 495/698/491 506/706/502 507/707/503
f 493/693/489 492/699/488 503/708/499 504/709/500
f 588/710/584 499/700/495 510/711/506
f 490/695/486 489/702/485 500/705/496 501/712/497
f 497/692/493 496/691/492 507/707/503 508/713/504
f 494/694/490 493/693/489 504/709/500 505/714/501
f 491/696/487 490/695/486 501/712/497 502/715/498
f 498/697/494 497/692/493 508/713/504 509/716/505
f 495/698/491 494/694/490 505/714/501 506/706/502
f 492/699/488 491/696/487 502/715/498 503/708/499
f 499/700/495 498/697/494 509/716/505 510/711/506
f 509/716/505 508/713/504 519/717/515 520/718/516
f 506/706/502 505/714/501 516/719/512 517/720/513
f 503/708/499 502/715/498 513/721/509 514/722/510
f 510/711/506 509/716/505 520/718/516 521/723/517
f 500/705/496 477/724/473 511/725/507
f 507/707/503 506/706/502 517/720/513 518/726/514
f 504/709/500 503/708/499 514/722/510 515/727/511
f 588/728/584 510/711/506 521/723/517
f 501/712/497 500/705/496 511/725/507 512/729/508
f 508/713/504 507/707/503 518/726/514 519/717/515
f 505/714/501 504/709/500 515/727/511 516/719/512
f 502/715/498 501/712/497 512/729/508 513/721/509
f 512/729/508 511/725/507 522/730/518 523/731/519
f 519/717/515 518/726/514 529/732/525 530/733/526
f 516/719/512 515/727/511 526/734/522 527/735/523
f 513/721/509 512/729/508 523/731/519 524/736/520
f 520/718/516 519/717/515 530/733/526 531/737/527
f 517/720/513 516/719/512 527/735/523 528/738/524
f 514/722/510 513/721/509 524/736/520 525/739/521
f 521/723/517 520/718/516 531/737/527 532/740/528
f 511/725/507 477/741/473 522/730/518
f 518/726/514 517/720/513 528/738/524 529/732/525
f 515/727/511 514/722/510 525/739/521 526/734/522
f 588/742/584 521/723/517 532/740/528
f 532/740/528 531/737/527 542/743/538 543/744/539
f 522/730/518 477/745/473 533/746/529
f 529/732/525 528/738/524 539/747/535 540/748/536
f 526/734/522 525/739/521 536/749/532 537/750/533
f 588/751/584 532/740/528 543/744/539
f 523/731/519 522/730/518 533/746/529 534/752/530
f 530/733/526 529/732/525 540/748/536 541/753/537
f 527/735/523 526/734/522 537/750/533 538/754/534
f 524/736/520 523/731/519 534/752/530 535/755/531
f 531/737/527 530/733/526 541/753/537 542/743/538
f 528/738/524 527/735/523 538/754/534 539/747/535
f 525/739/521 524/736/520 535/755/531 536/749/532
f 535/755/531 534/752/530 545/756/541 546/757/542
f 542/743/538 541/753/537 552/758/548 553/759/549
f 539/747/535 538/754/534 549/760/545 550/761/546
f 536/749/532 535/755/531 546/757/542 547/762/543
f 543/744/539 542/743/538 553/759/549 554/763/550
f 533/746/529 477/764/473 544/765/540
f 540/748/536 539/747/535 550/761/546 551/766/547
f 537/750/533 536/749/532 547/762/543 548/767/544
f 588/768/584 543/744/539 554/763/550
f 534/752/530 533/746/529 544/765/540 545/756/541
f 541/753/537 540/748/536 551/766/547 552/758/548
f 538/754/534 537/750/533 548/767/544 549/760/545
f 588/769/584 554/763/550 565/770/561
f 545/756/541 544/765/540 555/771/551 556/772/552
f 552/758/548 551/766/547 562/773/558 563/774/559
f 549/760/545 548/767/544 559/775/555 560/776/556
f 546/757/542 545/756/541 556/772/552 557/777/553
f 553/759/549 552/758/548 563/774/559 564/778/560
f 550/761/546 549/760/545 560/776/556 561/779/557
f 547/762/543 546/757/542 557/777/553 558/780/554
f 554/763/550 553/759/549 564/778/560 565/770/561
f 544/765/540 477/781/473 555/771/551
f 551/766/547 550/761/546 561/779/557 562/773/558
f 548/767/544 547/762/543 558/780/554 559/775/555
f 558/780/554 557/777/553 568/782/564 569/783/565
f 565/770/561 564/778/560 575/784/571 576/785/572
f 555/771/551 477/786/473 566/787/562
f 562/773/558 561/779/557 572/788/568 573/789/569
f 559/775/555 558/780/554 569/783/565 570/790/566
f 588/791/584 565/770/561 576/785/572
f 556/772/552 555/771/551 566/787/562 567/792/563
f 563/774/559 562/773/558 573/789/569 574/793/570
f 560/776/556 559/775/555 570/790/566 571/794/567
f 557/777/553 556/772/552 567/792/563 568/782/564
f 564/778/560 563/774/559 574/793/570 575/784/571
f 561/779/557 560/776/556 571/794/567 572/788/568
f 568/782/564 567/792/563 578/795/574 579/796/575
f 575/784/571 574/793/570 585/797/581 586/798/582
f 572/788/568 571/794/567 582/799/578 583/800/579
f 569/783/565 568/782/564 579/796/575 580/801/576
f 576/785/572 575/784/571 586/798/582 587/802/583
f 566/787/562 477/803/473 577/804/573
f 573/789/569 572/788/568 583/800/579 584/805/580
f 570/790/566 569/783/565 580/801/576 581/806/577
f 588/807/584 576/785/572 587/802/583
f 567/792/563 566/787/562 577/804/573 578/795/574
f 574/793/570 573/789/569 584/805/580 585/797/581
f 571/794/567 570/790/566 581/806/577 582/799/578
f 581/806/577 580/801/576 592/808/588 593/809/589
f 588/810/584 587/802/583 599/811/595
f 578/795/574 577/804/573 589/812/585 590/813/586
f 585/797/581 584/805/580 596/814/592 597/815/593
f 582/799/578 581/806/577 593/809/589 594/816/590
f 579/796/575 578/795/574 590/813/586 591/817/587
f 586/798/582 585/797/581 597/815/593 598/818/594
f 583/800/579 582/799/578 594/816/590 595/819/591
f 580/801/576 579/796/575 591/817/587 592/808/588
f 587/802/583 586/798/582 598/818/594 599/811/595
f 577/804/573 477/820/473 589/812/585
f 584/805/580 583/800/579 595/819/591 596/814/592
f 592/808/588 591/817/587 602/821/598 603/822/599
f 599/811/595 598/818/594 609/823/605 610/824/606
f 589/812/585 477/825/473 600/826/596
f 596/814/592 595/819/591 606/827/602 607/828/603
f 593/809/589 592/808/588 603/822/599 604/829/600
f 588/830/584 599/811/595 610/824/606
f 590/813/586 589/812/585 600/826/596 601/831/597
f 597/815/593 596/814/592 607/828/603 608/832/604
f 594/816/590 593/809/589 604/829/600 605/833/601
f 591/817/587 590/813/586 601/831/597 602/821/598
f 598/818/594 597/815/593 608/832/604 609/823/605
f 595/819/591 594/816/590 605/833/601 606/827/602
f 605/834/601 604/835/600 615/836/611 616/837/612
f 602/838/598 601/839/597 612/840/608 613/841/609
f 609/842/605 608/843/604 619/844/615 620/845/616
f 606/846/602 605/834/601 616/837/612 617/847/613
f 603/848/599 602/838/598 613/841/609 614/849/610
f 610/850/606 609/842/605 620/845/616 621/851/617
f 600/852/596 477/853/473 611/854/607
f 607/855/603 606/846/602 617/847/613 618/856/614
f 604/835/600 603/848/599 614/849/610 615/836/611
f 588/857/584 610/850/606 621/851/617
f 601/839/597 600/852/596 611/854/607 612/840/608
f 608/843/604 607/855/603 618/856/614 619/844/615
f 615/836/611 614/849/610 625/858/621 626/859/622
f 588/860/584 621/851/617 632/861/628
f 612/840/608 611/854/607 622/862/618 623/863/619
f 619/844/615 618/856/614 629/864/625 630/865/626
f 616/837/612 615/836/611 626/859/622 627/866/623
f 613/841/609 612/840/608 623/863/619 624/867/620
f 620/845/616 619/844/615 630/865/626 631/868/627
f 617/847/613 616/837/612 627/866/623 628/869/624
f 614/849/610 613/841/609 624/867/620 625/858/621
f 621/851/617 620/845/616 631/868/627 632/861/628
f 611/854/607 477/870/473 622/862/618
f 618/856/614 617/847/613 628/869/624 629/864/625
f 628/869/624 627/866/623 638/871/634 639/872/635
f 625/858/621 624/867/620 635/873/631 636/874/632
f 632/861/628 631/868/627 642/875/638 643/876/639
f 622/862/618 477/877/473 633/878/629
f 629/864/625 628/869/624 639/872/635 640/879/636
f 626/859/622 625/858/621 636/874/632 637/880/633
f 588/881/584 632/861/628 643/876/639
f 623/863/619 622/862/618 633/878/629 634/882/630
f 630/865/626 629/864/625 640/879/636 641/883/637
f 627/866/623 626/859/622 637/880/633 638/871/634
f 624/867/620 623/863/619 634/882/630 635/873/631
f 631/868/627 630/865/626 641/883/637 642/875/638
f 638/871/634 637/880/633 648/884/644 649/885/645
f 635/873/631 634/882/630 645/886/641 646/887/642
f 642/875/638 641/883/637 652/888/648 653/889/649
f 639/872/635 638/871/634 649/885/645 650/890/646
f 636/874/632 635/873/631 646/887/642 647/891/643
f 643/876/639 642/875/638 653/889/649 654/892/650
f 633/878/629 477/893/473 644/894/640
f 640/879/636 639/872/635 650/890/646 651/895/647
f 637/880/633 636/874/632 647/891/643 648/884/644
f 588/896/584 643/876/639 654/892/650
f 634/882/630 633/878/629 644/894/640 645/886/641
f 641/883/637 640/879/636 651/895/647 652/888/648
f 651/895/647 650/890/646 658/636/654 442/635/438
f 648/884/644 647/891/643 439/640/435 440/639/436
f 588/897/584 654/892/650 660/628/656
f 645/886/641 644/894/640 655/632/651 656/644/652
f 652/888/648 651/895/647 442/635/438 659/646/655
f 649/885/645 648/884/644 440/639/436 441/648/437
f 646/887/642 645/886/641 656/644/652 657/650/653
f 653/889/649 652/888/648 659/646/655 443/629/439
f 650/890/646 649/885/645 441/648/437 658/636/654
f 647/891/643 646/887/642 657/650/653 439/640/435
f 654/892/650 653/889/649 443/629/439 660/628/656
f 644/894/640 477/898/473 655/632/651
o Caster_Arm.002
v -0.196857 0.067500 -0.048340
v -0.196857 0.072500 -0.043340
v -0.201857 0.072500 -0.048340
v -0.196857 0.068964 -0.044804
v -0.199743 0.069613 -0.045453
v -0.200392 0.072500 -0.044804
v -0.200392 0.068964 -0.048340
v -0.196857 0.087500 -0.043340
v -0.196857 0.092500 -0.048340
v -0.201857 0.087500 -0.048340
v -0.196857 0.091036 -0.044804
v -0.199743 0.090387 -0.045453
v -0.200392 0.091036 -0.048340
v -0.200392 0.087500 -0.044804
v -0.196857 0.067500 -0.063340
v -0.201857 0.072500 -0.063340
v -0.196857 0.072500 -0.068340
v -0.200392 0.068964 -0.063340
v -0.199743 0.069613 -0.066226
v -0.200392 0.072500 -0.066875
v -0.196857 0.068964 -0.066875
v -0.196857 0.092500 -0.063340
v -0.196857 0.087500 -0.068340
v -0.201857 0.087500 -0.063340
v -0.196857 0.091036 -0.066875
v -0.199743 0.090387 -0.066226
v -0.200392 0.087500 -0.066875
v -0.200392 0.091036 -0.063340
v 0.043143 0.067500 -0.048340
v 0.048143 0.072500 -0.048340
v 0.043143 0.072500 -0.043340
v 0.046679 0.068964 -0.048340
v 0.046030 0.069613 -0.045453
v 0.046679 0.072500 -0.044804
v 0.043143 0.068964 -0.044804
v 0.043143 0.092500 -0.048340
v 0.043143 0.087500 -0.043340
v 0.048143 0.087500 -0.048340
v 0.043143 0.091036 -0.044804
v 0.046030 0.090387 -0.045453
v 0.046679 0.087500 -0.044804
v 0.046679 0.091036 -0.048340
v 0.043143 0.067500 -0.063340
v 0.043143 0.072500 -0.068340
v 0.048143 0.072500 -0.063340
v 0.043143 0.068964 -0.066875
v 0.046030 0.069613 -0.066226
v 0.046679 0.072500 -0.066875
v 0.046679 0.068964 -0.063340
v 0.043143 0.092500 -0.063340
v 0.048143 0.087500 -0.063340
v 0.043143 0.087500 -0.068340
v 0.046679 0.091036 -0.063340
v 0.046030 0.090387 -0.066226
v 0.046679 0.087500 -0.066875
v 0.043143 0.091036 -0.066875
vn -0.3251 -0.8881 0.3251
vn -0.3251 -0.3251 0.8881
vn -0.8881 -0.3251 0.3251
vn -0.3251 0.3251 0.8881
vn -0.3251 0.8881 0.3251
vn -0.8881 0.3251 0.3251
vn -0.3251 -0.8881 -0.3251
vn -0.8881 -0.3251 -0.3251
vn -0.3251 -0.3251 -0.8881
vn -0.3251 0.8881 -0.3251
vn -0.3251 0.3251 -0.8881
vn -0.8881 0.3251 -0.3251
vn 0.3251 -0.8881 0.3251
vn 0.8881 -0.3251 0.3251
vn 0.3251 -0.3251 0.8881
vn 0.3251 0.8881 0.3251
vn 0.3251 0.3251 0.8881
vn 0.8881 0.3251 0.3251
vn 0.3251 -0.8881 -0.3251
vn 0.3251 -0.3251 -0.8881
vn 0.8881 -0.3251 -0.3251
vn 0.3251 0.8881 -0.3251
vn 0.8881 0.3251 -0.3251
vn 0.3251 0.3251 -0.8881
vn -0.3827 -0.9239 -0.0000
vn -0.9239 -0.3827 -0.0000
vn -0.3827 -0.0000 0.9239
vn -0.9239 -0.0000 0.3827
vn -0.3827 0.9239 -0.0000
vn -0.9239 0.3827 -0.0000
vn -0.3827 -0.0000 -0.9239
vn -0.9239 -0.0000 -0.3827
vn -0.0000 -0.9239 -0.3827
vn -0.0000 -0.3827 -0.9239
vn -0.0000 0.9239 -0.3827
vn -0.0000 0.3827 -0.9239
vn 0.9239 -0.0000 -0.3827
vn 0.3827 -0.0000 -0.9239
vn 0.3827 -0.9239 -0.0000
vn 0.9239 -0.3827 -0.0000
vn 0.3827 0.9239 -0.0000
vn 0.9239 0.3827 -0.0000
vn 0.3827 -0.0000 0.9239
vn 0.9239 -0.0000 0.3827
vn -0.0000 -0.9239 0.3827
vn -0.0000 -0.3827 0.9239
vn -0.0000 0.9239 0.3827
vn -0.0000 0.3827 0.9239
vn -0.0000 -1.0000 -0.0000
vn -1.0000 -0.0000 -0.0000
vn -0.0000 -0.0000 1.0000
vn -0.0000 1.0000 -0.0000
vn -0.0000 -0.0000 -1.0000
vn 1.0000 -0.0000 -0.0000
vt 0.130000 0.700000
vt 0.130000 0.750000
vt 0.127113 0.750000
vt 0.125000 0.700000
vt 0.425000 0.995000
vt 0.425000 1.000000
vt 0.396132 1.000000
vt 0.375000 0.995000
vt 0.425000 0.050000
vt 0.375000 0.050000
vt 0.375000 0.021132
vt 0.425000 0.000000
vt 0.575000 0.995000
vt 0.625000 0.995000
vt 0.625000 0.997887
vt 0.575000 1.000000
vt 0.870000 0.700000
vt 0.875000 0.700000
vt 0.875000 0.728867
vt 0.870000 0.750000
vt 0.575000 0.050000
vt 0.575000 0.000000
vt 0.603868 0.000000
vt 0.625000 0.050000
vt 0.130000 0.550000
vt 0.125000 0.550000
vt 0.125000 0.521132
vt 0.130000 0.500000
vt 0.425000 0.200000
vt 0.425000 0.250000
vt 0.385566 0.251057
vt 0.375000 0.200000
vt 0.425000 0.255000
vt 0.375000 0.255000
vt 0.870000 0.550000
vt 0.870000 0.500000
vt 0.872887 0.500000
vt 0.875000 0.550000
vt 0.575000 0.255000
vt 0.575000 0.250000
vt 0.614434 0.239434
vt 0.625000 0.255000
vt 0.575000 0.200000
vt 0.625000 0.200000
vt 0.370000 0.700000
vt 0.375000 0.700000
vt 0.382044 0.743660
vt 0.372500 0.752500
vt 0.425000 0.700000
vt 0.425000 0.750000
vt 0.425000 0.755000
vt 0.630000 0.700000
vt 0.627500 0.752500
vt 0.618660 0.742956
vt 0.625000 0.700000
vt 0.575000 0.755000
vt 0.575000 0.750000
vt 0.575000 0.700000
vt 0.370000 0.550000
vt 0.372500 0.497500
vt 0.381340 0.507044
vt 0.375000 0.550000
vt 0.425000 0.495000
vt 0.425000 0.500000
vt 0.425000 0.550000
vt 0.630000 0.550000
vt 0.625000 0.550000
vt 0.617956 0.506340
vt 0.627500 0.497500
vt 0.575000 0.550000
vt 0.575000 0.500000
vt 0.575000 0.495000
s 0
usemtl M_Graphite
f 661/899/657 664/900/657 665/901/657 667/902/657
f 662/903/658 666/904/658 665/905/658 664/906/658
f 663/907/659 667/908/659 665/909/659 666/910/659
f 668/911/660 671/912/660 672/913/660 674/914/660
f 669/915/661 673/916/661 672/917/661 671/918/661
f 670/919/662 674/920/662 672/921/662 673/922/662
f 675/923/663 678/924/663 679/925/663 681/926/663
f 676/927/664 680/928/664 679/929/664 678/930/664
f 677/931/665 681/932/665 679/929/665 680/928/665
f 682/933/666 685/934/666 686/935/666 688/936/666
f 683/937/667 687/938/667 686/939/667 685/940/667
f 684/941/668 688/942/668 686/939/668 687/938/668
f 689/943/669 692/944/669 693/945/669 695/946/669
f 690/947/670 694/948/670 693/945/670 692/944/670
f 691/949/671 695/946/671 693/945/671 694/948/671
f 696/950/672 699/951/672 700/952/672 702/953/672
f 697/954/673 701/955/673 700/952/673 699/951/673
f 698/956/674 702/953/674 700/952/674 701/955/674
f 703/957/675 706/958/675 707/959/675 709/960/675
f 704/961/676 708/962/676 707/959/676 706/958/676
f 705/963/677 709/960/677 707/959/677 708/962/677
f 710/964/678 713/965/678 714/966/678 716/967/678
f 711/968/679 715/969/679 714/966/679 713/965/679
f 712/970/680 716/967/680 714/966/680 715/969/680
f 675/923/681 661/899/681 667/902/681 678/924/681
f 678/930/682 667/908/682 663/907/682 676/927/682
f 662/903/683 668/911/683 674/914/683 666/904/683
f 666/910/684 674/920/684 670/919/684 663/907/684
f 669/915/685 682/933/685 688/936/685 673/916/685
f 673/922/686 688/942/686 684/941/686 670/919/686
f 683/937/687 677/931/687 680/928/687 687/938/687
f 687/938/688 680/928/688 676/927/688 684/941/688
f 703/957/689 675/923/689 681/926/689 706/958/689
f 706/958/690 681/932/690 677/931/690 704/961/690
f 682/933/691 710/964/691 716/967/691 685/934/691
f 685/940/692 716/967/692 712/970/692 683/937/692
f 711/968/693 705/963/693 708/962/693 715/969/693
f 715/969/694 708/962/694 704/961/694 712/970/694
f 689/943/695 703/957/695 709/960/695 692/944/695
f 692/944/696 709/960/696 705/963/696 690/947/696
f 710/964/697 696/950/697 702/953/697 713/965/697
f 713/965/698 702/953/698 698/956/698 711/968/698
f 697/954/699 691/949/699 694/948/699 701/955/699
f 701/955/700 694/948/700 690/947/700 698/956/700
f 661/899/701 689/943/701 695/946/701 664/900/701
f 664/906/702 695/946/702 691/949/702 662/903/702
f 696/950/703 669/915/703 671/918/703 699/951/703
f 699/951/704 671/912/704 668/911/704 697/954/704
f 675/923/705 703/957/705 689/943/705 661/899/705
f 663/907/706 670/919/706 684/941/706 676/927/706
f 691/949/707 697/954/707 668/911/707 662/903/707
f 710/964/708 682/933/708 669/915/708 696/950/708
f 677/931/709 683/937/709 712/970/709 704/961/709
f 705/963/710 711/968/710 698/956/710 690/947/710
o Caster.002
v -0.153713 0.052500 -0.141990
v -0.153713 0.044059 -0.145487
v -0.153713 0.035000 -0.146679
v -0.153713 0.017500 -0.141990
v -0.153713 0.004689 -0.129179
v -0.150914 0.068807 -0.120294
v -0.148305 0.065311 -0.128323
v -0.146065 0.059749 -0.135217
v -0.144347 0.052500 -0.140507
v -0.143266 0.044059 -0.143832
v -0.142898 0.035000 -0.144966
v -0.143266 0.025941 -0.143832
v -0.144347 0.017500 -0.140507
v -0.146065 0.010251 -0.135217
v -0.148305 0.004689 -0.128323
v -0.150914 0.001193 -0.120294
v -0.148389 0.068807 -0.119008
v -0.143427 0.065311 -0.125837
v -0.139166 0.059749 -0.131701
v -0.135897 0.052500 -0.136201
v -0.133842 0.044059 -0.139030
v -0.133141 0.035000 -0.139995
v -0.133842 0.025941 -0.139030
v -0.135897 0.017500 -0.136201
v -0.139166 0.010251 -0.131701
v -0.143427 0.004689 -0.125837
v -0.148389 0.001193 -0.119008
v -0.146385 0.068807 -0.117004
v -0.139555 0.065311 -0.121965
v -0.133691 0.059749 -0.126226
v -0.129191 0.052500 -0.129495
v -0.126362 0.044059 -0.131551
v -0.125398 0.035000 -0.132252
v -0.126362 0.025941 -0.131551
v -0.129191 0.017500 -0.129495
v -0.133691 0.010251 -0.126226
v -0.139555 0.004689 -0.121965
v -0.146385 0.001193 -0.117004
v -0.153713 0.070000 -0.111679
v -0.145098 0.068807 -0.114478
v -0.137070 0.065311 -0.117087
v -0.130176 0.059749 -0.119327
v -0.124886 0.052500 -0.121046
v -0.121560 0.044059 -0.122126
v -0.120426 0.035000 -0.122495
v -0.121560 0.025941 -0.122126
v -0.124886 0.017500 -0.121046
v -0.130176 0.010251 -0.119327
v -0.137070 0.004689 -0.117087
v -0.145098 0.001193 -0.114478
v -0.144655 0.068807 -0.111679
v -0.136213 0.065311 -0.111679
v -0.128964 0.059749 -0.111679
v -0.123402 0.052500 -0.111679
v -0.119906 0.044059 -0.111679
v -0.118713 0.035000 -0.111679
v -0.119906 0.025941 -0.111679
v -0.123402 0.017500 -0.111679
v -0.128964 0.010251 -0.111679
v -0.136213 0.004689 -0.111679
v -0.144655 0.001193 -0.111679
v -0.145098 0.068807 -0.108880
v -0.137070 0.065311 -0.106271
v -0.130176 0.059749 -0.104031
v -0.124886 0.052500 -0.102313
v -0.121560 0.044059 -0.101232
v -0.120426 0.035000 -0.100864
v -0.121560 0.025941 -0.101232
v -0.124886 0.017500 -0.102313
v -0.130176 0.010251 -0.104031
v -0.137070 0.004689 -0.106271
v -0.145098 0.001193 -0.108880
v -0.146385 0.068807 -0.106355
v -0.139555 0.065311 -0.101393
v -0.133691 0.059749 -0.097132
v -0.129191 0.052500 -0.093863
v -0.126362 0.044059 -0.091808
v -0.125398 0.035000 -0.091107
v -0.126362 0.025941 -0.091808
v -0.129191 0.017500 -0.093863
v -0.133691 0.010251 -0.097132
v -0.139555 0.004689 -0.101393
v -0.146385 0.001193 -0.106355
v -0.148389 0.068807 -0.104351
v -0.143427 0.065311 -0.097521
v -0.139166 0.059749 -0.091657
v -0.135897 0.052500 -0.087157
v -0.133842 0.044059 -0.084328
v -0.133141 0.035000 -0.083364
v -0.133842 0.025941 -0.084328
v -0.135897 0.017500 -0.087157
v -0.139166 0.010251 -0.091657
v -0.143427 0.004689 -0.097521
v -0.148389 0.001193 -0.104351
v -0.150914 0.068807 -0.103064
v -0.148305 0.065311 -0.095036
v -0.146065 0.059749 -0.088142
v -0.144347 0.052500 -0.082852
v -0.143266 0.044059 -0.079526
v -0.142898 0.035000 -0.078392
v -0.143266 0.025941 -0.079526
v -0.144347 0.017500 -0.082852
v -0.146065 0.010251 -0.088142
v -0.148305 0.004689 -0.095036
v -0.150914 0.001193 -0.103064
v -0.153713 0.068807 -0.102621
v -0.153713 0.065311 -0.094179
v -0.153713 0.059749 -0.086930
v -0.153713 0.052500 -0.081368
v -0.153713 0.044059 -0.077872
v -0.153713 0.035000 -0.076679
v -0.153713 0.025941 -0.077872
v -0.153713 0.017500 -0.081368
v -0.153713 0.010251 -0.086930
v -0.153713 0.004689 -0.094179
v -0.153713 0.001193 -0.102621
v -0.156513 0.068807 -0.103064
v -0.159121 0.065311 -0.095036
v -0.161361 0.059749 -0.088142
v -0.163080 0.052500 -0.082852
v -0.164160 0.044059 -0.079526
v -0.164529 0.035000 -0.078392
v -0.164160 0.025941 -0.079526
v -0.163080 0.017500 -0.082852
v -0.161361 0.010251 -0.088142
v -0.159121 0.004689 -0.095036
v -0.156513 0.001193 -0.103064
v -0.159038 0.068807 -0.104351
v -0.163999 0.065311 -0.097521
v -0.168260 0.059749 -0.091657
v -0.171530 0.052500 -0.087157
v -0.173585 0.044059 -0.084328
v -0.174286 0.035000 -0.083364
v -0.173585 0.025941 -0.084328
v -0.171530 0.017500 -0.087157
v -0.168260 0.010251 -0.091657
v -0.163999 0.004689 -0.097521
v -0.159038 0.001193 -0.104351
v -0.161042 0.068807 -0.106355
v -0.167871 0.065311 -0.101393
v -0.173735 0.059749 -0.097132
v -0.178235 0.052500 -0.093863
v -0.181064 0.044059 -0.091808
v -0.182029 0.035000 -0.091107
v -0.181064 0.025941 -0.091808
v -0.178235 0.017500 -0.093863
v -0.173735 0.010251 -0.097132
v -0.167871 0.004689 -0.101393
v -0.161042 0.001193 -0.106355
v -0.153713 0.000000 -0.111679
v -0.162329 0.068807 -0.108880
v -0.170357 0.065311 -0.106271
v -0.177251 0.059749 -0.104031
v -0.182541 0.052500 -0.102313
v -0.185866 0.044059 -0.101232
v -0.187000 0.035000 -0.100864
v -0.185866 0.025941 -0.101232
v -0.182541 0.017500 -0.102313
v -0.177251 0.010251 -0.104031
v -0.170357 0.004689 -0.106271
v -0.162329 0.001193 -0.108880
v -0.162772 0.068807 -0.111679
v -0.171213 0.065311 -0.111679
v -0.178462 0.059749 -0.111679
v -0.184024 0.052500 -0.111679
v -0.187521 0.044059 -0.111679
v -0.188713 0.035000 -0.111679
v -0.187521 0.025941 -0.111679
v -0.184024 0.017500 -0.111679
v -0.178462 0.010251 -0.111679
v -0.171213 0.004689 -0.111679
v -0.162772 0.001193 -0.111679
v -0.162329 0.068807 -0.114478
v -0.170357 0.065311 -0.117087
v -0.177251 0.059749 -0.119327
v -0.182541 0.052500 -0.121046
v -0.185866 0.044059 -0.122126
v -0.187000 0.035000 -0.122495
v -0.185866 0.025941 -0.122126
v -0.182541 0.017500 -0.121046
v -0.177251 0.010251 -0.119327
v -0.170357 0.004689 -0.117087
v -0.162329 0.001193 -0.114478
v -0.161042 0.068807 -0.117004
v -0.167871 0.065311 -0.121965
v -0.173735 0.059749 -0.126226
v -0.178235 0.052500 -0.129496
v -0.181064 0.044059 -0.131551
v -0.182029 0.035000 -0.132252
v -0.181064 0.025941 -0.131551
v -0.178235 0.017500 -0.129496
v -0.173735 0.010251 -0.126226
v -0.167871 0.004689 -0.121965
v -0.161042 0.001193 -0.117004
v -0.159038 0.068807 -0.119008
v -0.163999 0.065311 -0.125837
v -0.168260 0.059749 -0.131701
v -0.171530 0.052500 -0.136201
v -0.173585 0.044059 -0.139030
v -0.174286 0.035000 -0.139995
v -0.173585 0.025941 -0.139030
v -0.171530 0.017500 -0.136201
v -0.168260 0.010251 -0.131701
v -0.163999 0.004689 -0.125837
v -0.159038 0.001193 -0.119008
v -0.156513 0.068807 -0.120295
v -0.159121 0.065311 -0.128323
v -0.161361 0.059749 -0.135217
v -0.163080 0.052500 -0.140507
v -0.164160 0.044059 -0.143832
v -0.164529 0.035000 -0.144966
v -0.164160 0.025941 -0.143832
v -0.163080 0.017500 -0.140507
v -0.161361 0.010251 -0.135217
v -0.159121 0.004689 -0.128323
v -0.156513 0.001193 -0.120295
v -0.153713 0.068807 -0.120738
v -0.153713 0.065311 -0.129179
v -0.153713 0.059749 -0.136428
v -0.153713 0.025941 -0.145487
v -0.153713 0.010251 -0.136428
v -0.153713 0.001193 -0.120738
vn -0.0000 0.4945 -0.8692
vn -0.0000 0.2556 -0.9668
vn -0.0000 -0.0000 -1.0000
vn -0.0000 -0.4945 -0.8692
vn -0.0000 -0.8604 -0.5097
vn 0.0837 0.9626 -0.2577
vn 0.1575 0.8604 -0.4847
vn 0.2205 0.7007 -0.6786
vn 0.2686 0.4945 -0.8267
vn 0.2987 0.2556 -0.9195
vn 0.3090 -0.0000 -0.9511
vn 0.2988 -0.2556 -0.9195
vn 0.2686 -0.4945 -0.8267
vn 0.2205 -0.7007 -0.6786
vn 0.1575 -0.8604 -0.4847
vn 0.0837 -0.9626 -0.2577
vn 0.1592 0.9626 -0.2192
vn 0.2996 0.8604 -0.4123
vn 0.4194 0.7007 -0.5772
vn 0.5109 0.4945 -0.7032
vn 0.5683 0.2556 -0.7821
vn 0.5878 -0.0000 -0.8090
vn 0.5683 -0.2556 -0.7821
vn 0.5109 -0.4945 -0.7032
vn 0.4194 -0.7007 -0.5772
vn 0.2996 -0.8604 -0.4123
vn 0.1592 -0.9626 -0.2192
vn 0.2192 0.9626 -0.1592
vn 0.4123 0.8604 -0.2996
vn 0.5772 0.7007 -0.4194
vn 0.7032 0.4945 -0.5109
vn 0.7821 0.2556 -0.5683
vn 0.8090 -0.0000 -0.5878
vn 0.7821 -0.2556 -0.5683
vn 0.7032 -0.4945 -0.5109
vn 0.5772 -0.7007 -0.4194
vn 0.4123 -0.8604 -0.2996
vn 0.2192 -0.9626 -0.1592
vn -0.0000 1.0000 -0.0000
vn 0.2577 0.9626 -0.0837
vn 0.4847 0.8604 -0.1575
vn 0.6786 0.7007 -0.2205
vn 0.8267 0.4945 -0.2686
vn 0.9195 0.2556 -0.2987
vn 0.9511 -0.0000 -0.3090
vn 0.9195 -0.2556 -0.2987
vn 0.8267 -0.4945 -0.2686
vn 0.6786 -0.7007 -0.2205
vn 0.4847 -0.8604 -0.1575
vn 0.2577 -0.9626 -0.0837
vn 0.2709 0.9626 -0.0000
vn 0.5097 0.8604 -0.0000
vn 0.7135 0.7007 -0.0000
vn 0.8692 0.4945 -0.0000
vn 0.9668 0.2556 -0.0000
vn 1.0000 -0.0000 -0.0000
vn 0.9668 -0.2556 -0.0000
vn 0.8692 -0.4945 -0.0000
vn 0.7135 -0.7007 -0.0000
vn 0.5097 -0.8604 -0.0000
vn 0.2709 -0.9626 -0.0000
vn 0.2577 0.9626 0.0837
vn 0.4847 0.8604 0.1575
vn 0.6786 0.7007 0.2205
vn 0.8267 0.4945 0.2686
vn 0.9195 0.2556 0.2987
vn 0.9511 -0.0000 0.3090
vn 0.9195 -0.2556 0.2987
vn 0.8267 -0.4945 0.2686
vn 0.6786 -0.7007 0.2205
vn 0.4847 -0.8604 0.1575
vn 0.2577 -0.9626 0.0837
vn 0.2192 0.9626 0.1592
vn 0.4123 0.8604 0.2996
vn 0.5772 0.7007 0.4194
vn 0.7032 0.4945 0.5109
vn 0.7821 0.2556 0.5683
vn 0.8090 -0.0000 0.5878
vn 0.7821 -0.2556 0.5683
vn 0.7032 -0.4945 0.5109
vn 0.5772 -0.7007 0.4194
vn 0.4123 -0.8604 0.2996
vn 0.2192 -0.9626 0.1592
vn 0.1592 0.9626 0.2192
vn 0.2996 0.8604 0.4123
vn 0.4194 0.7007 0.5772
vn 0.5109 0.4945 0.7032
vn 0.5683 0.2556 0.7821
vn 0.5878 -0.0000 0.8090
vn 0.5683 -0.2556 0.7821
vn 0.5109 -0.4945 0.7032
vn 0.4194 -0.7007 0.5772
vn 0.2996 -0.8604 0.4123
vn 0.1592 -0.9626 0.2192
vn 0.0837 0.9626 0.2577
vn 0.1575 0.8604 0.4847
vn 0.2205 0.7007 0.6786
vn 0.2686 0.4945 0.8267
vn 0.2987 0.2556 0.9195
vn 0.3090 -0.0000 0.9511
vn 0.2987 -0.2556 0.9195
vn 0.2686 -0.4945 0.8267
vn 0.2205 -0.7007 0.6786
vn 0.1575 -0.8604 0.4847
vn 0.0837 -0.9626 0.2577
vn -0.0000 0.9626 0.2709
vn -0.0000 0.8604 0.5097
vn -0.0000 0.7007 0.7135
vn -0.0000 0.4945 0.8692
vn -0.0000 0.2556 0.9668
vn -0.0000 -0.0000 1.0000
vn -0.0000 -0.2556 0.9668
vn -0.0000 -0.4945 0.8692
vn -0.0000 -0.7007 0.7135
vn -0.0000 -0.8604 0.5097
vn -0.0000 -0.9626 0.2709
vn -0.0837 0.9626 0.2577
vn -0.1575 0.8604 0.4847
vn -0.2205 0.7007 0.6786
vn -0.2686 0.4945 0.8267
vn -0.2987 0.2556 0.9195
vn -0.3090 -0.0000 0.9511
vn -0.2987 -0.2556 0.9195
vn -0.2686 -0.4945 0.8267
vn -0.2205 -0.7007 0.6786
vn -0.1575 -0.8604 0.4847
vn -0.0837 -0.9626 0.2577
vn -0.1592 0.9626 0.2192
vn -0.2996 0.8604 0.4123
vn -0.4194 0.7007 0.5772
vn -0.5109 0.4945 0.7032
vn -0.5683 0.2556 0.7821
vn -0.5878 -0.0000 0.8090
vn -0.5683 -0.2556 0.7821
vn -0.5109 -0.4945 0.7032
vn -0.4194 -0.7007 0.5772
vn -0.2996 -0.8604 0.4123
vn -0.1592 -0.9626 0.2192
vn -0.2192 0.9626 0.1592
vn -0.4123 0.8604 0.2996
vn -0.5772 0.7007 0.4194
vn -0.7032 0.4945 0.5109
vn -0.7821 0.2556 0.5683
vn -0.8090 -0.0000 0.5878
vn -0.7821 -0.2556 0.5683
vn -0.7032 -0.4945 0.5109
vn -0.5772 -0.7007 0.4194
vn -0.4123 -0.8604 0.2996
vn -0.2192 -0.9626 0.1592
vn -0.0000 -1.0000 -0.0000
vn -0.2577 0.9626 0.0837
vn -0.4847 0.8604 0.1575
vn -0.6786 0.7007 0.2205
vn -0.8267 0.4945 0.2686
vn -0.9195 0.2556 0.2987
vn -0.9511 -0.0000 0.3090
vn -0.9195 -0.2556 0.2987
vn -0.8267 -0.4945 0.2686
vn -0.6786 -0.7007 0.2205
vn -0.4847 -0.8604 0.1575
vn -0.2577 -0.9626 0.0837
vn -0.2709 0.9626 -0.0000
vn -0.5097 0.8604 -0.0000
vn -0.7135 0.7007 -0.0000
vn -0.8692 0.4945 -0.0000
vn -0.9668 0.2556 -0.0000
vn -1.0000 -0.0000 -0.0000
vn -0.9668 -0.2556 -0.0000
vn -0.8692 -0.4945 -0.0000
vn -0.7135 -0.7007 -0.0000
vn -0.5097 -0.8604 -0.0000
vn -0.2709 -0.9626 -0.0000
vn -0.2577 0.9626 -0.0837
vn -0.4847 0.8604 -0.1575
vn -0.6786 0.7007 -0.2205
vn -0.8267 0.4945 -0.2686
vn -0.9195 0.2556 -0.2988
vn -0.9511 -0.0000 -0.3090
vn -0.9195 -0.2556 -0.2988
vn -0.8267 -0.4945 -0.2686
vn -0.6786 -0.7007 -0.2205
vn -0.4847 -0.8604 -0.1575
vn -0.2577 -0.9626 -0.0837
vn -0.2192 0.9626 -0.1592
vn -0.4123 0.8604 -0.2996
vn -0.5772 0.7007 -0.4194
vn -0.7032 0.4945 -0.5109
vn -0.7821 0.2556 -0.5683
vn -0.8090 -0.0000 -0.5878
vn -0.7821 -0.2556 -0.5683
vn -0.7032 -0.4945 -0.5109
vn -0.5772 -0.7007 -0.4194
vn -0.4123 -0.8604 -0.2996
vn -0.2192 -0.9626 -0.1592
vn -0.1592 0.9626 -0.2192
vn -0.2996 0.8604 -0.4123
vn -0.4194 0.7007 -0.5772
vn -0.5109 0.4945 -0.7032
vn -0.5683 0.2556 -0.7821
vn -0.5878 -0.0000 -0.8090
vn -0.5683 -0.2556 -0.7821
vn -0.5109 -0.4945 -0.7032
vn -0.4194 -0.7007 -0.5772
vn -0.2996 -0.8604 -0.4123
vn -0.1592 -0.9626 -0.2192
vn -0.0837 0.9626 -0.2577
vn -0.1575 0.8604 -0.4847
vn -0.2205 0.7007 -0.6786
vn -0.2686 0.4945 -0.8267
vn -0.2987 0.2556 -0.9195
vn -0.3090 -0.0000 -0.9511
vn -0.2987 -0.2556 -0.9195
vn -0.2686 -0.4945 -0.8267
vn -0.2205 -0.7007 -0.6786
vn -0.1575 -0.8604 -0.4847
vn -0.0837 -0.9626 -0.2577
vn -0.0000 0.9626 -0.2709
vn -0.0000 0.8604 -0.5097
vn -0.0000 0.7007 -0.7135
vn -0.0000 -0.2556 -0.9668
vn -0.0000 -0.7007 -0.7135
vn -0.0000 -0.9626 -0.2709
vt 0.750000 0.166667
vt 0.750000 0.250000
vt 0.700000 0.250000
vt 0.700000 0.166667
vt 0.750000 0.416667
vt 0.750000 0.500000
vt 0.700000 0.500000
vt 0.700000 0.416667
vt 0.750000 0.666667
vt 0.750000 0.750000
vt 0.700000 0.750000
vt 0.700000 0.666667
vt 0.750000 0.083333
vt 0.700000 0.083333
vt 0.750000 0.916667
vt 0.725000 1.000000
vt 0.700000 0.916667
vt 0.750000 0.333333
vt 0.700000 0.333333
vt 0.750000 0.583333
vt 0.700000 0.583333
vt 0.725000 0.000000
vt 0.750000 0.833333
vt 0.700000 0.833333
vt 0.650000 0.666667
vt 0.650000 0.583333
vt 0.675000 0.000000
vt 0.650000 0.083333
vt 0.650000 0.916667
vt 0.650000 0.833333
vt 0.650000 0.333333
vt 0.650000 0.250000
vt 0.650000 0.500000
vt 0.650000 0.750000
vt 0.650000 0.166667
vt 0.650000 0.416667
vt 0.675000 1.000000
vt 0.600000 0.500000
vt 0.600000 0.416667
vt 0.600000 0.750000
vt 0.600000 0.666667
vt 0.600000 0.166667
vt 0.600000 0.083333
vt 0.625000 1.000000
vt 0.600000 0.916667
vt 0.600000 0.333333
vt 0.600000 0.583333
vt 0.625000 0.000000
vt 0.600000 0.833333
vt 0.600000 0.250000
vt 0.550000 0.583333
vt 0.550000 0.500000
vt 0.550000 0.833333
vt 0.550000 0.750000
vt 0.550000 0.250000
vt 0.550000 0.166667
vt 0.550000 0.416667
vt 0.550000 0.666667
vt 0.550000 0.083333
vt 0.575000 1.000000
vt 0.550000 0.916667
vt 0.550000 0.333333
vt 0.575000 0.000000
vt 0.500000 0.416667
vt 0.500000 0.333333
vt 0.500000 0.666667
vt 0.500000 0.583333
vt 0.525000 0.000000
vt 0.500000 0.083333
vt 0.500000 0.916667
vt 0.500000 0.833333
vt 0.500000 0.250000
vt 0.500000 0.500000
vt 0.500000 0.750000
vt 0.500000 0.166667
vt 0.525000 1.000000
vt 0.450000 0.500000
vt 0.450000 0.416667
vt 0.450000 0.750000
vt 0.450000 0.666667
vt 0.450000 0.166667
vt 0.450000 0.083333
vt 0.475000 1.000000
vt 0.450000 0.916667
vt 0.450000 0.333333
vt 0.450000 0.583333
vt 0.475000 0.000000
vt 0.450000 0.833333
vt 0.450000 0.250000
vt 0.400000 0.333333
vt 0.400000 0.250000
vt 0.400000 0.583333
vt 0.400000 0.500000
vt 0.400000 0.833333
vt 0.400000 0.750000
vt 0.400000 0.166667
vt 0.400000 0.416667
vt 0.400000 0.666667
vt 0.400000 0.083333
vt 0.425000 1.000000
vt 0.400000 0.916667
vt 0.425000 0.000000
vt 0.375000 1.000000
vt 0.350000 0.916667
vt 0.350000 0.416667
vt 0.350000 0.333333
vt 0.350000 0.666667
vt 0.350000 0.583333
vt 0.375000 0.000000
vt 0.350000 0.083333
vt 0.350000 0.833333
vt 0.350000 0.250000
vt 0.350000 0.500000
vt 0.350000 0.750000
vt 0.350000 0.166667
vt 0.300000 0.250000
vt 0.300000 0.166667
vt 0.300000 0.500000
vt 0.300000 0.416667
vt 0.300000 0.750000
vt 0.300000 0.666667
vt 0.300000 0.083333
vt 0.325000 1.000000
vt 0.300000 0.916667
vt 0.300000 0.333333
vt 0.300000 0.583333
vt 0.325000 0.000000
vt 0.300000 0.833333
vt 0.250000 0.916667
vt 0.250000 0.833333
vt 0.250000 0.333333
vt 0.250000 0.250000
vt 0.250000 0.583333
vt 0.250000 0.500000
vt 0.250000 0.750000
vt 0.250000 0.166667
vt 0.250000 0.416667
vt 0.250000 0.666667
vt 0.250000 0.083333
vt 0.275000 1.000000
vt 0.275000 0.000000
vt 0.200000 0.166667
vt 0.200000 0.083333
vt 0.225000 1.000000
vt 0.200000 0.916667
vt 0.200000 0.416667
vt 0.200000 0.333333
vt 0.200000 0.666667
vt 0.200000 0.583333
vt 0.225000 0.000000
vt 0.200000 0.833333
vt 0.200000 0.250000
vt 0.200000 0.500000
vt 0.200000 0.750000
vt 0.150000 0.833333
vt 0.150000 0.750000
vt 0.150000 0.250000
vt 0.150000 0.166667
vt 0.150000 0.500000
vt 0.150000 0.416667
vt 0.150000 0.666667
vt 0.150000 0.083333
vt 0.175000 1.000000
vt 0.150000 0.916667
vt 0.150000 0.333333
vt 0.150000 0.583333
vt 0.175000 0.000000
vt 0.125000 0.000000
vt 0.100000 0.083333
vt 0.100000 0.916667
vt 0.100000 0.833333
vt 0.100000 0.333333
vt 0.100000 0.250000
vt 0.100000 0.583333
vt 0.100000 0.500000
vt 0.100000 0.750000
vt 0.100000 0.166667
vt 0.100000 0.416667
vt 0.100000 0.666667
vt 0.125000 1.000000
vt 0.050000 0.750000
vt 0.050000 0.666667
vt 0.050000 0.166667
vt 0.050000 0.083333
vt 0.075000 1.000000
vt 0.050000 0.916667
vt 0.050000 0.416667
vt 0.050000 0.333333
vt 0.050000 0.583333
vt 0.075000 0.000000
vt 0.050000 0.833333
vt 0.050000 0.250000
vt 0.050000 0.500000
vt 0.000000 0.833333
vt 0.000000 0.750000
vt 0.000000 0.250000
vt 0.000000 0.166667
vt 0.000000 0.500000
vt 0.000000 0.416667
vt 0.000000 0.666667
vt 0.000000 0.083333
vt 0.025000 1.000000
vt 0.000000 0.916667
vt 0.000000 0.333333
vt 0.000000 0.583333
vt 0.025000 0.000000
vt 1.000000 0.583333
vt 1.000000 0.666667
vt 0.950000 0.666667
vt 0.950000 0.583333
vt 0.975000 0.000000
vt 1.000000 0.083333
vt 0.950000 0.083333
vt 1.000000 0.833333
vt 1.000000 0.916667
vt 0.950000 0.916667
vt 0.950000 0.833333
vt 1.000000 0.250000
vt 1.000000 0.333333
vt 0.950000 0.333333
vt 0.950000 0.250000
vt 1.000000 0.500000
vt 0.950000 0.500000
vt 1.000000 0.750000
vt 0.950000 0.750000
vt 1.000000 0.166667
vt 0.950000 0.166667
vt 1.000000 0.416667
vt 0.950000 0.416667
vt 0.975000 1.000000
vt 0.900000 0.750000
vt 0.900000 0.666667
vt 0.900000 0.166667
vt 0.900000 0.083333
vt 0.925000 1.000000
vt 0.900000 0.916667
vt 0.900000 0.416667
vt 0.900000 0.333333
vt 0.900000 0.583333
vt 0.925000 0.000000
vt 0.900000 0.833333
vt 0.900000 0.250000
vt 0.900000 0.500000
vt 0.850000 0.583333
vt 0.850000 0.500000
vt 0.850000 0.833333
vt 0.850000 0.750000
vt 0.850000 0.250000
vt 0.850000 0.166667
vt 0.850000 0.416667
vt 0.850000 0.666667
vt 0.850000 0.083333
vt 0.875000 1.000000
vt 0.850000 0.916667
vt 0.850000 0.333333
vt 0.875000 0.000000
vt 0.800000 0.666667
vt 0.800000 0.583333
vt 0.825000 0.000000
vt 0.800000 0.083333
vt 0.800000 0.916667
vt 0.800000 0.833333
vt 0.800000 0.333333
vt 0.800000 0.250000
vt 0.800000 0.500000
vt 0.800000 0.750000
vt 0.800000 0.166667
vt 0.800000 0.416667
vt 0.825000 1.000000
vt 0.775000 1.000000
vt 0.775000 0.000000
s 1
usemtl M_Black_Rubber
f 721/971/715 937/972/931 730/973/724 731/974/725
f 936/975/930 719/976/713 727/977/721 728/978/722
f 717/979/711 935/980/929 724/981/718 725/982/719
f 938/983/932 721/971/715 731/974/725 732/984/726
f 933/985/927 755/986/749 722/987/716
f 720/988/714 936/975/930 728/978/722 729/989/723
f 718/990/712 717/979/711 725/982/719 726/991/720
f 866/992/860 938/983/932 732/984/726
f 934/993/928 933/985/927 722/987/716 723/994/717
f 937/972/931 720/988/714 729/989/723 730/973/724
f 719/976/713 718/990/712 726/991/720 727/977/721
f 935/980/929 934/993/928 723/994/717 724/981/718
f 726/991/720 725/982/719 736/995/730 737/996/731
f 866/997/860 732/984/726 743/998/737
f 723/994/717 722/987/716 733/999/727 734/1000/728
f 730/973/724 729/989/723 740/1001/734 741/1002/735
f 727/977/721 726/991/720 737/996/731 738/1003/732
f 724/981/718 723/994/717 734/1000/728 735/1004/729
f 731/974/725 730/973/724 741/1002/735 742/1005/736
f 728/978/722 727/977/721 738/1003/732 739/1006/733
f 725/982/719 724/981/718 735/1004/729 736/995/730
f 732/984/726 731/974/725 742/1005/736 743/998/737
f 722/987/716 755/1007/749 733/999/727
f 729/989/723 728/978/722 739/1006/733 740/1001/734
f 739/1006/733 738/1003/732 749/1008/743 750/1009/744
f 736/995/730 735/1004/729 746/1010/740 747/1011/741
f 743/998/737 742/1005/736 753/1012/747 754/1013/748
f 733/999/727 755/1014/749 744/1015/738
f 740/1001/734 739/1006/733 750/1009/744 751/1016/745
f 737/996/731 736/995/730 747/1011/741 748/1017/742
f 866/1018/860 743/998/737 754/1013/748
f 734/1000/728 733/999/727 744/1015/738 745/1019/739
f 741/1002/735 740/1001/734 751/1016/745 752/1020/746
f 738/1003/732 737/996/731 748/1017/742 749/1008/743
f 735/1004/729 734/1000/728 745/1019/739 746/1010/740
f 742/1005/736 741/1002/735 752/1020/746 753/1012/747
f 749/1008/743 748/1017/742 760/1021/754 761/1022/755
f 746/1010/740 745/1019/739 757/1023/751 758/1024/752
f 753/1012/747 752/1020/746 764/1025/758 765/1026/759
f 750/1009/744 749/1008/743 761/1022/755 762/1027/756
f 747/1011/741 746/1010/740 758/1024/752 759/1028/753
f 754/1013/748 753/1012/747 765/1026/759 766/1029/760
f 744/1015/738 755/1030/749 756/1031/750
f 751/1016/745 750/1009/744 762/1027/756 763/1032/757
f 748/1017/742 747/1011/741 759/1028/753 760/1021/754
f 866/1033/860 754/1013/748 766/1029/760
f 745/1019/739 744/1015/738 756/1031/750 757/1023/751
f 752/1020/746 751/1016/745 763/1032/757 764/1025/758
f 763/1032/757 762/1027/756 773/1034/767 774/1035/768
f 760/1021/754 759/1028/753 770/1036/764 771/1037/765
f 866/1038/860 766/1029/760 777/1039/771
f 757/1023/751 756/1031/750 767/1040/761 768/1041/762
f 764/1025/758 763/1032/757 774/1035/768 775/1042/769
f 761/1022/755 760/1021/754 771/1037/765 772/1043/766
f 758/1024/752 757/1023/751 768/1041/762 769/1044/763
f 765/1026/759 764/1025/758 775/1042/769 776/1045/770
f 762/1027/756 761/1022/755 772/1043/766 773/1034/767
f 759/1028/753 758/1024/752 769/1044/763 770/1036/764
f 766/1029/760 765/1026/759 776/1045/770 777/1039/771
f 756/1031/750 755/1046/749 767/1040/761
f 773/1034/767 772/1043/766 783/1047/777 784/1048/778
f 770/1036/764 769/1044/763 780/1049/774 781/1050/775
f 777/1039/771 776/1045/770 787/1051/781 788/1052/782
f 767/1040/761 755/1053/749 778/1054/772
f 774/1035/768 773/1034/767 784/1048/778 785/1055/779
f 771/1037/765 770/1036/764 781/1050/775 782/1056/776
f 866/1057/860 777/1039/771 788/1052/782
f 768/1041/762 767/1040/761 778/1054/772 779/1058/773
f 775/1042/769 774/1035/768 785/1055/779 786/1059/780
f 772/1043/766 771/1037/765 782/1056/776 783/1047/777
f 769/1044/763 768/1041/762 779/1058/773 780/1049/774
f 776/1045/770 775/1042/769 786/1059/780 787/1051/781
f 786/1059/780 785/1055/779 796/1060/790 797/1061/791
f 783/1047/777 782/1056/776 793/1062/787 794/1063/788
f 780/1049/774 779/1058/773 790/1064/784 791/1065/785
f 787/1051/781 786/1059/780 797/1061/791 798/1066/792
f 784/1048/778 783/1047/777 794/1063/788 795/1067/789
f 781/1050/775 780/1049/774 791/1065/785 792/1068/786
f 788/1052/782 787/1051/781 798/1066/792 799/1069/793
f 778/1054/772 755/1070/749 789/1071/783
f 785/1055/779 784/1048/778 795/1067/789 796/1060/790
f 782/1056/776 781/1050/775 792/1068/786 793/1062/787
f 866/1072/860 788/1052/782 799/1069/793
f 779/1058/773 778/1054/772 789/1071/783 790/1064/784
f 789/1071/783 755/1073/749 800/1074/794
f 796/1060/790 795/1067/789 806/1075/800 807/1076/801
f 793/1062/787 792/1068/786 803/1077/797 804/1078/798
f 866/1079/860 799/1069/793 810/1080/804
f 790/1064/784 789/1071/783 800/1074/794 801/1081/795
f 797/1061/791 796/1060/790 807/1076/801 808/1082/802
f 794/1063/788 793/1062/787 804/1078/798 805/1083/799
f 791/1065/785 790/1064/784 801/1081/795 802/1084/796
f 798/1066/792 797/1061/791 808/1082/802 809/1085/803
f 795/1067/789 794/1063/788 805/1083/799 806/1075/800
f 792/1068/786 791/1065/785 802/1084/796 803/1077/797
f 799/1069/793 798/1066/792 809/1085/803 810/1080/804
f 809/1085/803 808/1082/802 819/1086/813 820/1087/814
f 806/1075/800 805/1083/799 816/1088/810 817/1089/811
f 803/1077/797 802/1084/796 813/1090/807 814/1091/808
f 810/1080/804 809/1085/803 820/1087/814 821/1092/815
f 800/1074/794 755/1093/749 811/1094/805
f 807/1076/801 806/1075/800 817/1089/811 818/1095/812
f 804/1078/798 803/1077/797 814/1091/808 815/1096/809
f 866/1097/860 810/1080/804 821/1092/815
f 801/1081/795 800/1074/794 811/1094/805 812/1098/806
f 808/1082/802 807/1076/801 818/1095/812 819/1086/813
f 805/1083/799 804/1078/798 815/1096/809 816/1088/810
f 802/1084/796 801/1081/795 812/1098/806 813/1090/807
f 812/1098/806 811/1094/805 822/1099/816 823/1100/817
f 819/1086/813 818/1095/812 829/1101/823 830/1102/824
f 816/1088/810 815/1096/809 826/1103/820 827/1104/821
f 813/1090/807 812/1098/806 823/1100/817 824/1105/818
f 820/1087/814 819/1086/813 830/1102/824 831/1106/825
f 817/1089/811 816/1088/810 827/1104/821 828/1107/822
f 814/1091/808 813/1090/807 824/1105/818 825/1108/819
f 821/1092/815 820/1087/814 831/1106/825 832/1109/826
f 811/1094/805 755/1110/749 822/1099/816
f 818/1095/812 817/1089/811 828/1107/822 829/1101/823
f 815/1096/809 814/1091/808 825/1108/819 826/1103/820
f 866/1111/860 821/1092/815 832/1109/826
f 832/1109/826 831/1106/825 842/1112/836 843/1113/837
f 822/1099/816 755/1114/749 833/1115/827
f 829/1101/823 828/1107/822 839/1116/833 840/1117/834
f 826/1103/820 825/1108/819 836/1118/830 837/1119/831
f 866/1120/860 832/1109/826 843/1113/837
f 823/1100/817 822/1099/816 833/1115/827 834/1121/828
f 830/1102/824 829/1101/823 840/1117/834 841/1122/835
f 827/1104/821 826/1103/820 837/1119/831 838/1123/832
f 824/1105/818 823/1100/817 834/1121/828 835/1124/829
f 831/1106/825 830/1102/824 841/1122/835 842/1112/836
f 828/1107/822 827/1104/821 838/1123/832 839/1116/833
f 825/1108/819 824/1105/818 835/1124/829 836/1118/830
f 835/1124/829 834/1121/828 845/1125/839 846/1126/840
f 842/1112/836 841/1122/835 852/1127/846 853/1128/847
f 839/1116/833 838/1123/832 849/1129/843 850/1130/844
f 836/1118/830 835/1124/829 846/1126/840 847/1131/841
f 843/1113/837 842/1112/836 853/1128/847 854/1132/848
f 833/1115/827 755/1133/749 844/1134/838
f 840/1117/834 839/1116/833 850/1130/844 851/1135/845
f 837/1119/831 836/1118/830 847/1131/841 848/1136/842
f 866/1137/860 843/1113/837 854/1132/848
f 834/1121/828 833/1115/827 844/1134/838 845/1125/839
f 841/1122/835 840/1117/834 851/1135/845 852/1127/846
f 838/1123/832 837/1119/831 848/1136/842 849/1129/843
f 866/1138/860 854/1132/848 865/1139/859
f 845/1125/839 844/1134/838 855/1140/849 856/1141/850
f 852/1127/846 851/1135/845 862/1142/856 863/1143/857
f 849/1129/843 848/1136/842 859/1144/853 860/1145/854
f 846/1126/840 845/1125/839 856/1141/850 857/1146/851
f 853/1128/847 852/1127/846 863/1143/857 864/1147/858
f 850/1130/844 849/1129/843 860/1145/854 861/1148/855
f 847/1131/841 846/1126/840 857/1146/851 858/1149/852
f 854/1132/848 853/1128/847 864/1147/858 865/1139/859
f 844/1134/838 755/1150/749 855/1140/849
f 851/1135/845 850/1130/844 861/1148/855 862/1142/856
f 848/1136/842 847/1131/841 858/1149/852 859/1144/853
f 858/1149/852 857/1146/851 869/1151/863 870/1152/864
f 865/1139/859 864/1147/858 876/1153/870 877/1154/871
f 855/1140/849 755/1155/749 867/1156/861
f 862/1142/856 861/1148/855 873/1157/867 874/1158/868
f 859/1144/853 858/1149/852 870/1152/864 871/1159/865
f 866/1160/860 865/1139/859 877/1154/871
f 856/1141/850 855/1140/849 867/1156/861 868/1161/862
f 863/1143/857 862/1142/856 874/1158/868 875/1162/869
f 860/1145/854 859/1144/853 871/1159/865 872/1163/866
f 857/1146/851 856/1141/850 868/1161/862 869/1151/863
f 864/1147/858 863/1143/857 875/1162/869 876/1153/870
f 861/1148/855 860/1145/854 872/1163/866 873/1157/867
f 869/1151/863 868/1161/862 879/1164/873 880/1165/874
f 876/1153/870 875/1162/869 886/1166/880 887/1167/881
f 873/1157/867 872/1163/866 883/1168/877 884/1169/878
f 870/1152/864 869/1151/863 880/1165/874 881/1170/875
f 877/1154/871 876/1153/870 887/1167/881 888/1171/882
f 867/1156/861 755/1172/749 878/1173/872
f 874/1158/868 873/1157/867 884/1169/878 885/1174/879
f 871/1159/865 870/1152/864 881/1170/875 882/1175/876
f 866/1176/860 877/1154/871 888/1171/882
f 868/1161/862 867/1156/861 878/1173/872 879/1164/873
f 875/1162/869 874/1158/868 885/1174/879 886/1166/880
f 872/1163/866 871/1159/865 882/1175/876 883/1168/877
f 882/1177/876 881/1178/875 892/1179/886 893/1180/887
f 866/1181/860 888/1182/882 899/1183/893
f 879/1184/873 878/1185/872 889/1186/883 890/1187/884
f 886/1188/880 885/1189/879 896/1190/890 897/1191/891
f 883/1192/877 882/1177/876 893/1180/887 894/1193/888
f 880/1194/874 879/1184/873 890/1187/884 891/1195/885
f 887/1196/881 886/1188/880 897/1191/891 898/1197/892
f 884/1198/878 883/1192/877 894/1193/888 895/1199/889
f 881/1178/875 880/1194/874 891/1195/885 892/1179/886
f 888/1182/882 887/1196/881 898/1197/892 899/1183/893
f 878/1185/872 755/1200/749 889/1186/883
f 885/1189/879 884/1198/878 895/1199/889 896/1190/890
f 892/1179/886 891/1195/885 902/1201/896 903/1202/897
f 899/1183/893 898/1197/892 909/1203/903 910/1204/904
f 889/1186/883 755/1205/749 900/1206/894
f 896/1190/890 895/1199/889 906/1207/900 907/1208/901
f 893/1180/887 892/1179/886 903/1202/897 904/1209/898
f 866/1210/860 899/1183/893 910/1204/904
f 890/1187/884 889/1186/883 900/1206/894 901/1211/895
f 897/1191/891 896/1190/890 907/1208/901 908/1212/902
f 894/1193/888 893/1180/887 904/1209/898 905/1213/899
f 891/1195/885 890/1187/884 901/1211/895 902/1201/896
f 898/1197/892 897/1191/891 908/1212/902 909/1203/903
f 895/1199/889 894/1193/888 905/1213/899 906/1207/900
f 905/1213/899 904/1209/898 915/1214/909 916/1215/910
f 902/1201/896 901/1211/895 912/1216/906 913/1217/907
f 909/1203/903 908/1212/902 919/1218/913 920/1219/914
f 906/1207/900 905/1213/899 916/1215/910 917/1220/911
f 903/1202/897 902/1201/896 913/1217/907 914/1221/908
f 910/1204/904 909/1203/903 920/1219/914 921/1222/915
f 900/1206/894 755/1223/749 911/1224/905
f 907/1208/901 906/1207/900 917/1220/911 918/1225/912
f 904/1209/898 903/1202/897 914/1221/908 915/1214/909
f 866/1226/860 910/1204/904 921/1222/915
f 901/1211/895 900/1206/894 911/1224/905 912/1216/906
f 908/1212/902 907/1208/901 918/1225/912 919/1218/913
f 915/1214/909 914/1221/908 925/1227/919 926/1228/920
f 866/1229/860 921/1222/915 932/1230/926
f 912/1216/906 911/1224/905 922/1231/916 923/1232/917
f 919/1218/913 918/1225/912 929/1233/923 930/1234/924
f 916/1215/910 915/1214/909 926/1228/920 927/1235/921
f 913/1217/907 912/1216/906 923/1232/917 924/1236/918
f 920/1219/914 919/1218/913 930/1234/924 931/1237/925
f 917/1220/911 916/1215/910 927/1235/921 928/1238/922
f 914/1221/908 913/1217/907 924/1236/918 925/1227/919
f 921/1222/915 920/1219/914 931/1237/925 932/1230/926
f 911/1224/905 755/1239/749 922/1231/916
f 918/1225/912 917/1220/911 928/1238/922 929/1233/923
f 928/1238/922 927/1235/921 719/976/713 936/975/930
f 925/1227/919 924/1236/918 935/980/929 717/979/711
f 932/1230/926 931/1237/925 721/971/715 938/983/932
f 922/1231/916 755/1240/749 933/985/927
f 929/1233/923 928/1238/922 936/975/930 720/988/714
f 926/1228/920 925/1227/919 717/979/711 718/990/712
f 866/1241/860 932/1230/926 938/983/932
f 923/1232/917 922/1231/916 933/985/927 934/993/928
f 930/1234/924 929/1233/923 720/988/714 937/972/931
f 927/1235/921 926/1228/920 718/990/712 719/976/713
f 924/1236/918 923/1232/917 934/993/928 935/980/929
f 931/1237/925 930/1234/924 937/972/931 721/971/715
o Caster_Arm.003
v -0.196857 0.067500 0.063340
v -0.196857 0.072500 0.068340
v -0.201857 0.072500 0.063340
v -0.196857 0.068964 0.066875
v -0.199743 0.069613 0.066226
v -0.200392 0.072500 0.066875
v -0.200392 0.068964 0.063340
v -0.196857 0.087500 0.068340
v -0.196857 0.092500 0.063340
v -0.201857 0.087500 0.063340
v -0.196857 0.091036 0.066875
v -0.199743 0.090387 0.066226
v -0.200392 0.091036 0.063340
v -0.200392 0.087500 0.066875
v -0.196857 0.067500 0.048340
v -0.201857 0.072500 0.048340
v -0.196857 0.072500 0.043340
v -0.200392 0.068964 0.048340
v -0.199743 0.069613 0.045453
v -0.200392 0.072500 0.044804
v -0.196857 0.068964 0.044804
v -0.196857 0.092500 0.048340
v -0.196857 0.087500 0.043340
v -0.201857 0.087500 0.048340
v -0.196857 0.091036 0.044804
v -0.199743 0.090387 0.045453
v -0.200392 0.087500 0.044804
v -0.200392 0.091036 0.048340
v 0.043143 0.067500 0.063340
v 0.048143 0.072500 0.063340
v 0.043143 0.072500 0.068340
v 0.046679 0.068964 0.063340
v 0.046030 0.069613 0.066226
v 0.046679 0.072500 0.066875
v 0.043143 0.068964 0.066875
v 0.043143 0.092500 0.063340
v 0.043143 0.087500 0.068340
v 0.048143 0.087500 0.063340
v 0.043143 0.091036 0.066875
v 0.046030 0.090387 0.066226
v 0.046679 0.087500 0.066875
v 0.046679 0.091036 0.063340
v 0.043143 0.067500 0.048340
v 0.043143 0.072500 0.043340
v 0.048143 0.072500 0.048340
v 0.043143 0.068964 0.044804
v 0.046030 0.069613 0.045453
v 0.046679 0.072500 0.044804
v 0.046679 0.068964 0.048340
v 0.043143 0.092500 0.048340
v 0.048143 0.087500 0.048340
v 0.043143 0.087500 0.043340
v 0.046679 0.091036 0.048340
v 0.046030 0.090387 0.045453
v 0.046679 0.087500 0.044804
v 0.043143 0.091036 0.044804
vn -0.3251 -0.8881 0.3251
vn -0.3251 -0.3251 0.8881
vn -0.8881 -0.3251 0.3251
vn -0.3251 0.3251 0.8881
vn -0.3251 0.8881 0.3251
vn -0.8881 0.3251 0.3251
vn -0.3251 -0.8881 -0.3251
vn -0.8881 -0.3251 -0.3251
vn -0.3251 -0.3251 -0.8881
vn -0.3251 0.8881 -0.3251
vn -0.3251 0.3251 -0.8881
vn -0.8881 0.3251 -0.3251
vn 0.3251 -0.8881 0.3251
vn 0.8881 -0.3251 0.3251
vn 0.3251 -0.3251 0.8881
vn 0.3251 0.8881 0.3251
vn 0.3251 0.3251 0.8881
vn 0.8881 0.3251 0.3251
vn 0.3251 -0.8881 -0.3251
vn 0.3251 -0.3251 -0.8881
vn 0.8881 -0.3251 -0.3251
vn 0.3251 0.8881 -0.3251
vn 0.8881 0.3251 -0.3251
vn 0.3251 0.3251 -0.8881
vn -0.3827 -0.9239 -0.0000
vn -0.9239 -0.3827 -0.0000
vn -0.3827 -0.0000 0.9239
vn -0.9239 -0.0000 0.3827
vn -0.3827 0.9239 -0.0000
vn -0.9239 0.3827 -0.0000
vn -0.3827 -0.0000 -0.9239
vn -0.9239 -0.0000 -0.3827
vn -0.0000 -0.9239 -0.3827
vn -0.0000 -0.3827 -0.9239
vn -0.0000 0.9239 -0.3827
vn -0.0000 0.3827 -0.9239
vn 0.9239 -0.0000 -0.3827
vn 0.3827 -0.0000 -0.9239
vn 0.3827 -0.9239 -0.0000
vn 0.9239 -0.3827 -0.0000
vn 0.3827 0.9239 -0.0000
vn 0.9239 0.3827 -0.0000
vn 0.3827 -0.0000 0.9239
vn 0.9239 -0.0000 0.3827
vn -0.0000 -0.9239 0.3827
vn -0.0000 -0.3827 0.9239
vn -0.0000 0.9239 0.3827
vn -0.0000 0.3827 0.9239
vn -0.0000 -1.0000 -0.0000
vn -1.0000 -0.0000 -0.0000
vn -0.0000 -0.0000 1.0000
vn -0.0000 1.0000 -0.0000
vn -0.0000 -0.0000 -1.0000
vn 1.0000 -0.0000 -0.0000
vt 0.130000 0.700000
vt 0.130000 0.750000
vt 0.127113 0.750000
vt 0.125000 0.700000
vt 0.425000 0.995000
vt 0.425000 1.000000
vt 0.396132 1.000000
vt 0.375000 0.995000
vt 0.425000 0.050000
vt 0.375000 0.050000
vt 0.375000 0.021132
vt 0.425000 0.000000
vt 0.575000 0.995000
vt 0.625000 0.995000
vt 0.625000 0.997887
vt 0.575000 1.000000
vt 0.870000 0.700000
vt 0.875000 0.700000
vt 0.875000 0.728867
vt 0.870000 0.750000
vt 0.575000 0.050000
vt 0.575000 0.000000
vt 0.603868 0.000000
vt 0.625000 0.050000
vt 0.130000 0.550000
vt 0.125000 0.550000
vt 0.125000 0.521132
vt 0.130000 0.500000
vt 0.425000 0.200000
vt 0.425000 0.250000
vt 0.385566 0.251057
vt 0.375000 0.200000
vt 0.425000 0.255000
vt 0.375000 0.255000
vt 0.870000 0.550000
vt 0.870000 0.500000
vt 0.872887 0.500000
vt 0.875000 0.550000
vt 0.575000 0.255000
vt 0.575000 0.250000
vt 0.614434 0.239434
vt 0.625000 0.255000
vt 0.575000 0.200000
vt 0.625000 0.200000
vt 0.370000 0.700000
vt 0.375000 0.700000
vt 0.382044 0.743660
vt 0.372500 0.752500
vt 0.425000 0.700000
vt 0.425000 0.750000
vt 0.425000 0.755000
vt 0.630000 0.700000
vt 0.627500 0.752500
vt 0.618660 0.742956
vt 0.625000 0.700000
vt 0.575000 0.755000
vt 0.575000 0.750000
vt 0.575000 0.700000
vt 0.370000 0.550000
vt 0.372500 0.497500
vt 0.381340 0.507044
vt 0.375000 0.550000
vt 0.425000 0.495000
vt 0.425000 0.500000
vt 0.425000 0.550000
vt 0.630000 0.550000
vt 0.625000 0.550000
vt 0.617956 0.506340
vt 0.627500 0.497500
vt 0.575000 0.550000
vt 0.575000 0.500000
vt 0.575000 0.495000
s 0
usemtl M_Graphite
f 939/1242/933 942/1243/933 943/1244/933 945/1245/933
f 940/1246/934 944/1247/934 943/1248/934 942/1249/934
f 941/1250/935 945/1251/935 943/1252/935 944/1253/935
f 946/1254/936 949/1255/936 950/1256/936 952/1257/936
f 947/1258/937 951/1259/937 950/1260/937 949/1261/937
f 948/1262/938 952/1263/938 950/1264/938 951/1265/938
f 953/1266/939 956/1267/939 957/1268/939 959/1269/939
f 954/1270/940 958/1271/940 957/1272/940 956/1273/940
f 955/1274/941 959/1275/941 957/1272/941 958/1271/941
f 960/1276/942 963/1277/942 964/1278/942 966/1279/942
f 961/1280/943 965/1281/943 964/1282/943 963/1283/943
f 962/1284/944 966/1285/944 964/1282/944 965/1281/944
f 967/1286/945 970/1287/945 971/1288/945 973/1289/945
f 968/1290/946 972/1291/946 971/1288/946 970/1287/946
f 969/1292/947 973/1289/947 971/1288/947 972/1291/947
f 974/1293/948 977/1294/948 978/1295/948 980/1296/948
f 975/1297/949 979/1298/949 978/1295/949 977/1294/949
f 976/1299/950 980/1296/950 978/1295/950 979/1298/950
f 981/1300/951 984/1301/951 985/1302/951 987/1303/951
f 982/1304/952 986/1305/952 985/1302/952 984/1301/952
f 983/1306/953 987/1303/953 985/1302/953 986/1305/953
f 988/1307/954 991/1308/954 992/1309/954 994/1310/954
f 989/1311/955 993/1312/955 992/1309/955 991/1308/955
f 990/1313/956 994/1310/956 992/1309/956 993/1312/956
f 953/1266/957 939/1242/957 945/1245/957 956/1267/957
f 956/1273/958 945/1251/958 941/1250/958 954/1270/958
f 940/1246/959 946/1254/959 952/1257/959 944/1247/959
f 944/1253/960 952/1263/960 948/1262/960 941/1250/960
f 947/1258/961 960/1276/961 966/1279/961 951/1259/961
f 951/1265/962 966/1285/962 962/1284/962 948/1262/962
f 961/1280/963 955/1274/963 958/1271/963 965/1281/963
f 965/1281/964 958/1271/964 954/1270/964 962/1284/964
f 981/1300/965 953/1266/965 959/1269/965 984/1301/965
f 984/1301/966 959/1275/966 955/1274/966 982/1304/966
f 960/1276/967 988/1307/967 994/1310/967 963/1277/967
f 963/1283/968 994/1310/968 990/1313/968 961/1280/968
f 989/1311/969 983/1306/969 986/1305/969 993/1312/969
f 993/1312/970 986/1305/970 982/1304/970 990/1313/970
f 967/1286/971 981/1300/971 987/1303/971 970/1287/971
f 970/1287/972 987/1303/972 983/1306/972 968/1290/972
f 988/1307/973 974/1293/973 980/1296/973 991/1308/973
f 991/1308/974 980/1296/974 976/1299/974 989/1311/974
f 975/1297/975 969/1292/975 972/1291/975 979/1298/975
f 979/1298/976 972/1291/976 968/1290/976 976/1299/976
f 939/1242/977 967/1286/977 973/1289/977 942/1243/977
f 942/1249/978 973/1289/978 969/1292/978 940/1246/978
f 974/1293/979 947/1258/979 949/1261/979 977/1294/979
f 977/1294/980 949/1255/980 946/1254/980 975/1297/980
f 953/1266/981 981/1300/981 967/1286/981 939/1242/981
f 941/1250/982 948/1262/982 962/1284/982 954/1270/982
f 969/1292/983 975/1297/983 946/1254/983 940/1246/983
f 988/1307/984 960/1276/984 947/1258/984 974/1293/984
f 955/1274/985 961/1280/985 990/1313/985 982/1304/985
f 983/1306/986 989/1311/986 976/1299/986 968/1290/986
o Caster.003
v -0.153713 0.052500 0.081368
v -0.153713 0.044059 0.077872
v -0.153713 0.035000 0.076679
v -0.153713 0.017500 0.081368
v -0.153713 0.004689 0.094179
v -0.150914 0.068807 0.103064
v -0.148305 0.065311 0.095036
v -0.146065 0.059749 0.088142
v -0.144347 0.052500 0.082852
v -0.143266 0.044059 0.079526
v -0.142898 0.035000 0.078392
v -0.143266 0.025941 0.079526
v -0.144347 0.017500 0.082852
v -0.146065 0.010251 0.088142
v -0.148305 0.004689 0.095036
v -0.150914 0.001193 0.103064
v -0.148389 0.068807 0.104351
v -0.143427 0.065311 0.097521
v -0.139166 0.059749 0.091657
v -0.135897 0.052500 0.087157
v -0.133842 0.044059 0.084328
v -0.133141 0.035000 0.083364
v -0.133842 0.025941 0.084328
v -0.135897 0.017500 0.087157
v -0.139166 0.010251 0.091657
v -0.143427 0.004689 0.097521
v -0.148389 0.001193 0.104351
v -0.146385 0.068807 0.106355
v -0.139555 0.065311 0.101393
v -0.133691 0.059749 0.097132
v -0.129191 0.052500 0.093863
v -0.126362 0.044059 0.091808
v -0.125398 0.035000 0.091107
v -0.126362 0.025941 0.091808
v -0.129191 0.017500 0.093863
v -0.133691 0.010251 0.097132
v -0.139555 0.004689 0.101393
v -0.146385 0.001193 0.106355
v -0.153713 0.070000 0.111679
v -0.145098 0.068807 0.108880
v -0.137070 0.065311 0.106271
v -0.130176 0.059749 0.104031
v -0.124886 0.052500 0.102313
v -0.121560 0.044059 0.101232
v -0.120426 0.035000 0.100864
v -0.121560 0.025941 0.101232
v -0.124886 0.017500 0.102313
v -0.130176 0.010251 0.104031
v -0.137070 0.004689 0.106271
v -0.145098 0.001193 0.108880
v -0.144655 0.068807 0.111679
v -0.136213 0.065311 0.111679
v -0.128964 0.059749 0.111679
v -0.123402 0.052500 0.111679
v -0.119906 0.044059 0.111679
v -0.118713 0.035000 0.111679
v -0.119906 0.025941 0.111679
v -0.123402 0.017500 0.111679
v -0.128964 0.010251 0.111679
v -0.136213 0.004689 0.111679
v -0.144655 0.001193 0.111679
v -0.145098 0.068807 0.114478
v -0.137070 0.065311 0.117087
v -0.130176 0.059749 0.119327
v -0.124886 0.052500 0.121046
v -0.121560 0.044059 0.122126
v -0.120426 0.035000 0.122495
v -0.121560 0.025941 0.122126
v -0.124886 0.017500 0.121046
v -0.130176 0.010251 0.119327
v -0.137070 0.004689 0.117087
v -0.145098 0.001193 0.114478
v -0.146385 0.068807 0.117004
v -0.139555 0.065311 0.121965
v -0.133691 0.059749 0.126226
v -0.129191 0.052500 0.129495
v -0.126362 0.044059 0.131551
v -0.125398 0.035000 0.132252
v -0.126362 0.025941 0.131551
v -0.129191 0.017500 0.129495
v -0.133691 0.010251 0.126226
v -0.139555 0.004689 0.121965
v -0.146385 0.001193 0.117004
v -0.148389 0.068807 0.119008
v -0.143427 0.065311 0.125837
v -0.139166 0.059749 0.131701
v -0.135897 0.052500 0.136201
v -0.133842 0.044059 0.139030
v -0.133141 0.035000 0.139995
v -0.133842 0.025941 0.139030
v -0.135897 0.017500 0.136201
v -0.139166 0.010251 0.131701
v -0.143427 0.004689 0.125837
v -0.148389 0.001193 0.119008
v -0.150914 0.068807 0.120295
v -0.148305 0.065311 0.128323
v -0.146065 0.059749 0.135217
v -0.144347 0.052500 0.140507
v -0.143266 0.044059 0.143832
v -0.142898 0.035000 0.144966
v -0.143266 0.025941 0.143832
v -0.144347 0.017500 0.140507
v -0.146065 0.010251 0.135217
v -0.148305 0.004689 0.128323
v -0.150914 0.001193 0.120295
v -0.153713 0.068807 0.120738
v -0.153713 0.065311 0.129179
v -0.153713 0.059749 0.136428
v -0.153713 0.052500 0.141990
v -0.153713 0.044059 0.145487
v -0.153713 0.035000 0.146679
v -0.153713 0.025941 0.145487
v -0.153713 0.017500 0.141990
v -0.153713 0.010251 0.136428
v -0.153713 0.004689 0.129179
v -0.153713 0.001193 0.120738
v -0.156513 0.068807 0.120295
v -0.159121 0.065311 0.128323
v -0.161361 0.059749 0.135217
v -0.163080 0.052500 0.140507
v -0.164160 0.044059 0.143832
v -0.164529 0.035000 0.144966
v -0.164160 0.025941 0.143832
v -0.163080 0.017500 0.140507
v -0.161361 0.010251 0.135217
v -0.159121 0.004689 0.128323
v -0.156513 0.001193 0.120295
v -0.159038 0.068807 0.119008
v -0.163999 0.065311 0.125837
v -0.168260 0.059749 0.131701
v -0.171530 0.052500 0.136201
v -0.173585 0.044059 0.139030
v -0.174286 0.035000 0.139995
v -0.173585 0.025941 0.139030
v -0.171530 0.017500 0.136201
v -0.168260 0.010251 0.131701
v -0.163999 0.004689 0.125837
v -0.159038 0.001193 0.119008
v -0.161042 0.068807 0.117004
v -0.167871 0.065311 0.121965
v -0.173735 0.059749 0.126226
v -0.178235 0.052500 0.129495
v -0.181064 0.044059 0.131551
v -0.182029 0.035000 0.132252
v -0.181064 0.025941 0.131551
v -0.178235 0.017500 0.129495
v -0.173735 0.010251 0.126226
v -0.167871 0.004689 0.121965
v -0.161042 0.001193 0.117004
v -0.153713 0.000000 0.111679
v -0.162329 0.068807 0.114478
v -0.170357 0.065311 0.117087
v -0.177251 0.059749 0.119327
v -0.182541 0.052500 0.121046
v -0.185866 0.044059 0.122126
v -0.187000 0.035000 0.122495
v -0.185866 0.025941 0.122126
v -0.182541 0.017500 0.121046
v -0.177251 0.010251 0.119327
v -0.170357 0.004689 0.117087
v -0.162329 0.001193 0.114478
v -0.162772 0.068807 0.111679
v -0.171213 0.065311 0.111679
v -0.178462 0.059749 0.111679
v -0.184024 0.052500 0.111679
v -0.187521 0.044059 0.111679
v -0.188713 0.035000 0.111679
v -0.187521 0.025941 0.111679
v -0.184024 0.017500 0.111679
v -0.178462 0.010251 0.111679
v -0.171213 0.004689 0.111679
v -0.162772 0.001193 0.111679
v -0.162329 0.068807 0.108880
v -0.170357 0.065311 0.106271
v -0.177251 0.059749 0.104031
v -0.182541 0.052500 0.102313
v -0.185866 0.044059 0.101232
v -0.187000 0.035000 0.100864
v -0.185866 0.025941 0.101232
v -0.182541 0.017500 0.102313
v -0.177251 0.010251 0.104031
v -0.170357 0.004689 0.106271
v -0.162329 0.001193 0.108880
v -0.161042 0.068807 0.106355
v -0.167871 0.065311 0.101393
v -0.173735 0.059749 0.097132
v -0.178235 0.052500 0.093863
v -0.181064 0.044059 0.091808
v -0.182029 0.035000 0.091107
v -0.181064 0.025941 0.091808
v -0.178235 0.017500 0.093863
v -0.173735 0.010251 0.097132
v -0.167871 0.004689 0.101393
v -0.161042 0.001193 0.106355
v -0.159038 0.068807 0.104351
v -0.163999 0.065311 0.097521
v -0.168260 0.059749 0.091657
v -0.171530 0.052500 0.087157
v -0.173585 0.044059 0.084328
v -0.174286 0.035000 0.083364
v -0.173585 0.025941 0.084328
v -0.171530 0.017500 0.087157
v -0.168260 0.010251 0.091657
v -0.163999 0.004689 0.097521
v -0.159038 0.001193 0.104351
v -0.156513 0.068807 0.103064
v -0.159121 0.065311 0.095036
v -0.161361 0.059749 0.088142
v -0.163080 0.052500 0.082852
v -0.164160 0.044059 0.079526
v -0.164529 0.035000 0.078392
v -0.164160 0.025941 0.079526
v -0.163080 0.017500 0.082852
v -0.161361 0.010251 0.088142
v -0.159121 0.004689 0.095036
v -0.156513 0.001193 0.103064
v -0.153713 0.068807 0.102621
v -0.153713 0.065311 0.094179
v -0.153713 0.059749 0.086930
v -0.153713 0.025941 0.077872
v -0.153713 0.010251 0.086930
v -0.153713 0.001193 0.102621
vn -0.0000 0.4945 -0.8692
vn -0.0000 0.2556 -0.9668
vn -0.0000 -0.0000 -1.0000
vn -0.0000 -0.4945 -0.8692
vn -0.0000 -0.8604 -0.5097
vn 0.0837 0.9626 -0.2577
vn 0.1575 0.8604 -0.4847
vn 0.2205 0.7007 -0.6786
vn 0.2686 0.4945 -0.8267
vn 0.2987 0.2556 -0.9195
vn 0.3090 -0.0000 -0.9511
vn 0.2988 -0.2556 -0.9195
vn 0.2686 -0.4945 -0.8267
vn 0.2205 -0.7007 -0.6786
vn 0.1575 -0.8604 -0.4847
vn 0.0837 -0.9626 -0.2577
vn 0.1592 0.9626 -0.2192
vn 0.2996 0.8604 -0.4123
vn 0.4194 0.7007 -0.5772
vn 0.5109 0.4945 -0.7032
vn 0.5683 0.2556 -0.7821
vn 0.5878 -0.0000 -0.8090
vn 0.5683 -0.2556 -0.7821
vn 0.5109 -0.4945 -0.7032
vn 0.4194 -0.7007 -0.5772
vn 0.2996 -0.8604 -0.4123
vn 0.1592 -0.9626 -0.2192
vn 0.2192 0.9626 -0.1592
vn 0.4123 0.8604 -0.2996
vn 0.5772 0.7007 -0.4194
vn 0.7032 0.4945 -0.5109
vn 0.7821 0.2556 -0.5683
vn 0.8090 -0.0000 -0.5878
vn 0.7821 -0.2556 -0.5683
vn 0.7032 -0.4945 -0.5109
vn 0.5772 -0.7007 -0.4194
vn 0.4123 -0.8604 -0.2996
vn 0.2192 -0.9626 -0.1592
vn -0.0000 1.0000 -0.0000
vn 0.2577 0.9626 -0.0837
vn 0.4847 0.8604 -0.1575
vn 0.6786 0.7007 -0.2205
vn 0.8267 0.4945 -0.2686
vn 0.9195 0.2556 -0.2987
vn 0.9511 -0.0000 -0.3090
vn 0.9195 -0.2556 -0.2987
vn 0.8267 -0.4945 -0.2686
vn 0.6786 -0.7007 -0.2205
vn 0.4847 -0.8604 -0.1575
vn 0.2577 -0.9626 -0.0837
vn 0.2709 0.9626 -0.0000
vn 0.5097 0.8604 -0.0000
vn 0.7135 0.7007 -0.0000
vn 0.8692 0.4945 -0.0000
vn 0.9668 0.2556 -0.0000
vn 1.0000 -0.0000 -0.0000
vn 0.9668 -0.2556 -0.0000
vn 0.8692 -0.4945 -0.0000
vn 0.7135 -0.7007 -0.0000
vn 0.5097 -0.8604 -0.0000
vn 0.2709 -0.9626 -0.0000
vn 0.2577 0.9626 0.0837
vn 0.4847 0.8604 0.1575
vn 0.6786 0.7007 0.2205
vn 0.8267 0.4945 0.2686
vn 0.9195 0.2556 0.2987
vn 0.9511 -0.0000 0.3090
vn 0.9195 -0.2556 0.2987
vn 0.8267 -0.4945 0.2686
vn 0.6786 -0.7007 0.2205
vn 0.4847 -0.8604 0.1575
vn 0.2577 -0.9626 0.0837
vn 0.2192 0.9626 0.1592
vn 0.4123 0.8604 0.2996
vn 0.5772 0.7007 0.4194
vn 0.7032 0.4945 0.5109
vn 0.7821 0.2556 0.5683
vn 0.8090 -0.0000 0.5878
vn 0.7821 -0.2556 0.5683
vn 0.7032 -0.4945 0.5109
vn 0.5772 -0.7007 0.4194
vn 0.4123 -0.8604 0.2996
vn 0.2192 -0.9626 0.1592
vn 0.1592 0.9626 0.2192
vn 0.2996 0.8604 0.4123
vn 0.4194 0.7007 0.5772
vn 0.5109 0.4945 0.7032
vn 0.5683 0.2556 0.7821
vn 0.5878 -0.0000 0.8090
vn 0.5683 -0.2556 0.7821
vn 0.5109 -0.4945 0.7032
vn 0.4194 -0.7007 0.5772
vn 0.2996 -0.8604 0.4123
vn 0.1592 -0.9626 0.2192
vn 0.0837 0.9626 0.2577
vn 0.1575 0.8604 0.4847
vn 0.2205 0.7007 0.6786
vn 0.2686 0.4945 0.8267
vn 0.2987 0.2556 0.9195
vn 0.3090 -0.0000 0.9511
vn 0.2987 -0.2556 0.9195
vn 0.2686 -0.4945 0.8267
vn 0.2205 -0.7007 0.6786
vn 0.1575 -0.8604 0.4847
vn 0.0837 -0.9626 0.2577
vn -0.0000 0.9626 0.2709
vn -0.0000 0.8604 0.5097
vn -0.0000 0.7007 0.7135
vn -0.0000 0.4945 0.8692
vn -0.0000 0.2556 0.9668
vn -0.0000 -0.0000 1.0000
vn -0.0000 -0.2556 0.9668
vn -0.0000 -0.4945 0.8692
vn -0.0000 -0.7007 0.7135
vn -0.0000 -0.8604 0.5097
vn -0.0000 -0.9626 0.2709
vn -0.0837 0.9626 0.2577
vn -0.1575 0.8604 0.4847
vn -0.2205 0.7007 0.6786
vn -0.2686 0.4945 0.8267
vn -0.2987 0.2556 0.9195
vn -0.3090 -0.0000 0.9511
vn -0.2987 -0.2556 0.9195
vn -0.2686 -0.4945 0.8267
vn -0.2205 -0.7007 0.6786
vn -0.1575 -0.8604 0.4847
vn -0.0837 -0.9626 0.2577
vn -0.1592 0.9626 0.2192
vn -0.2996 0.8604 0.4123
vn -0.4194 0.7007 0.5772
vn -0.5109 0.4945 0.7032
vn -0.5683 0.2556 0.7821
vn -0.5878 -0.0000 0.8090
vn -0.5683 -0.2556 0.7821
vn -0.5109 -0.4945 0.7032
vn -0.4194 -0.7007 0.5772
vn -0.2996 -0.8604 0.4123
vn -0.1592 -0.9626 0.2192
vn -0.2192 0.9626 0.1592
vn -0.4123 0.8604 0.2996
vn -0.5772 0.7007 0.4194
vn -0.7032 0.4945 0.5109
vn -0.7821 0.2556 0.5683
vn -0.8090 -0.0000 0.5878
vn -0.7821 -0.2556 0.5683
vn -0.7032 -0.4945 0.5109
vn -0.5772 -0.7007 0.4194
vn -0.4123 -0.8604 0.2996
vn -0.2192 -0.9626 0.1592
vn -0.0000 -1.0000 -0.0000
vn -0.2577 0.9626 0.0837
vn -0.4847 0.8604 0.1575
vn -0.6786 0.7007 0.2205
vn -0.8267 0.4945 0.2686
vn -0.9195 0.2556 0.2987
vn -0.9511 -0.0000 0.3090
vn -0.9195 -0.2556 0.2987
vn -0.8267 -0.4945 0.2686
vn -0.6786 -0.7007 0.2205
vn -0.4847 -0.8604 0.1575
vn -0.2577 -0.9626 0.0837
vn -0.2709 0.9626 -0.0000
vn -0.5097 0.8604 -0.0000
vn -0.7135 0.7007 -0.0000
vn -0.8692 0.4945 -0.0000
vn -0.9668 0.2556 -0.0000
vn -1.0000 -0.0000 -0.0000
vn -0.9668 -0.2556 -0.0000
vn -0.8692 -0.4945 -0.0000
vn -0.7135 -0.7007 -0.0000
vn -0.5097 -0.8604 -0.0000
vn -0.2709 -0.9626 -0.0000
vn -0.2577 0.9626 -0.0837
vn -0.4847 0.8604 -0.1575
vn -0.6786 0.7007 -0.2205
vn -0.8267 0.4945 -0.2686
vn -0.9195 0.2556 -0.2988
vn -0.9511 -0.0000 -0.3090
vn -0.9195 -0.2556 -0.2988
vn -0.8267 -0.4945 -0.2686
vn -0.6786 -0.7007 -0.2205
vn -0.4847 -0.8604 -0.1575
vn -0.2577 -0.9626 -0.0837
vn -0.2192 0.9626 -0.1592
vn -0.4123 0.8604 -0.2996
vn -0.5772 0.7007 -0.4194
vn -0.7032 0.4945 -0.5109
vn -0.7821 0.2556 -0.5683
vn -0.8090 -0.0000 -0.5878
vn -0.7821 -0.2556 -0.5683
vn -0.7032 -0.4945 -0.5109
vn -0.5772 -0.7007 -0.4194
vn -0.4123 -0.8604 -0.2996
vn -0.2192 -0.9626 -0.1592
vn -0.1592 0.9626 -0.2192
vn -0.2996 0.8604 -0.4123
vn -0.4194 0.7007 -0.5772
vn -0.5109 0.4945 -0.7032
vn -0.5683 0.2556 -0.7821
vn -0.5878 -0.0000 -0.8090
vn -0.5683 -0.2556 -0.7821
vn -0.5109 -0.4945 -0.7032
vn -0.4194 -0.7007 -0.5772
vn -0.2996 -0.8604 -0.4123
vn -0.1592 -0.9626 -0.2192
vn -0.0837 0.9626 -0.2577
vn -0.1575 0.8604 -0.4847
vn -0.2205 0.7007 -0.6786
vn -0.2686 0.4945 -0.8267
vn -0.2987 0.2556 -0.9195
vn -0.3090 -0.0000 -0.9511
vn -0.2987 -0.2556 -0.9195
vn -0.2686 -0.4945 -0.8267
vn -0.2205 -0.7007 -0.6786
vn -0.1575 -0.8604 -0.4847
vn -0.0837 -0.9626 -0.2577
vn -0.0000 0.9626 -0.2709
vn -0.0000 0.8604 -0.5097
vn -0.0000 0.7007 -0.7135
vn -0.0000 -0.2556 -0.9668
vn -0.0000 -0.7007 -0.7135
vn -0.0000 -0.9626 -0.2709
vt 0.750000 0.916667
vt 0.725000 1.000000
vt 0.700000 0.916667
vt 0.750000 0.333333
vt 0.750000 0.416667
vt 0.700000 0.416667
vt 0.700000 0.333333
vt 0.750000 0.583333
vt 0.750000 0.666667
vt 0.700000 0.666667
vt 0.700000 0.583333
vt 0.725000 0.000000
vt 0.750000 0.083333
vt 0.700000 0.083333
vt 0.750000 0.833333
vt 0.700000 0.833333
vt 0.750000 0.250000
vt 0.700000 0.250000
vt 0.750000 0.500000
vt 0.700000 0.500000
vt 0.750000 0.750000
vt 0.700000 0.750000
vt 0.750000 0.166667
vt 0.700000 0.166667
vt 0.650000 0.583333
vt 0.650000 0.500000
vt 0.650000 0.833333
vt 0.650000 0.750000
vt 0.650000 0.250000
vt 0.650000 0.166667
vt 0.650000 0.416667
vt 0.650000 0.666667
vt 0.650000 0.083333
vt 0.675000 1.000000
vt 0.650000 0.916667
vt 0.650000 0.333333
vt 0.675000 0.000000
vt 0.600000 0.666667
vt 0.600000 0.583333
vt 0.625000 0.000000
vt 0.600000 0.083333
vt 0.600000 0.916667
vt 0.600000 0.833333
vt 0.600000 0.333333
vt 0.600000 0.250000
vt 0.600000 0.500000
vt 0.600000 0.750000
vt 0.600000 0.166667
vt 0.600000 0.416667
vt 0.625000 1.000000
vt 0.550000 0.500000
vt 0.550000 0.416667
vt 0.550000 0.750000
vt 0.550000 0.666667
vt 0.550000 0.166667
vt 0.550000 0.083333
vt 0.575000 1.000000
vt 0.550000 0.916667
vt 0.550000 0.333333
vt 0.550000 0.583333
vt 0.575000 0.000000
vt 0.550000 0.833333
vt 0.550000 0.250000
vt 0.500000 0.583333
vt 0.500000 0.500000
vt 0.500000 0.833333
vt 0.500000 0.750000
vt 0.500000 0.250000
vt 0.500000 0.166667
vt 0.500000 0.416667
vt 0.500000 0.666667
vt 0.500000 0.083333
vt 0.525000 1.000000
vt 0.500000 0.916667
vt 0.500000 0.333333
vt 0.525000 0.000000
vt 0.450000 0.416667
vt 0.450000 0.333333
vt 0.450000 0.666667
vt 0.450000 0.583333
vt 0.475000 0.000000
vt 0.450000 0.083333
vt 0.450000 0.916667
vt 0.450000 0.833333
vt 0.450000 0.250000
vt 0.450000 0.500000
vt 0.450000 0.750000
vt 0.450000 0.166667
vt 0.475000 1.000000
vt 0.400000 0.500000
vt 0.400000 0.416667
vt 0.400000 0.750000
vt 0.400000 0.666667
vt 0.400000 0.166667
vt 0.400000 0.083333
vt 0.425000 1.000000
vt 0.400000 0.916667
vt 0.400000 0.333333
vt 0.400000 0.583333
vt 0.425000 0.000000
vt 0.400000 0.833333
vt 0.400000 0.250000
vt 0.350000 0.333333
vt 0.350000 0.250000
vt 0.350000 0.583333
vt 0.350000 0.500000
vt 0.350000 0.833333
vt 0.350000 0.750000
vt 0.350000 0.166667
vt 0.350000 0.416667
vt 0.350000 0.666667
vt 0.350000 0.083333
vt 0.375000 1.000000
vt 0.350000 0.916667
vt 0.375000 0.000000
vt 0.325000 1.000000
vt 0.300000 0.916667
vt 0.300000 0.416667
vt 0.300000 0.333333
vt 0.300000 0.666667
vt 0.300000 0.583333
vt 0.325000 0.000000
vt 0.300000 0.083333
vt 0.300000 0.833333
vt 0.300000 0.250000
vt 0.300000 0.500000
vt 0.300000 0.750000
vt 0.300000 0.166667
vt 0.250000 0.250000
vt 0.250000 0.166667
vt 0.250000 0.500000
vt 0.250000 0.416667
vt 0.250000 0.750000
vt 0.250000 0.666667
vt 0.250000 0.083333
vt 0.275000 1.000000
vt 0.250000 0.916667
vt 0.250000 0.333333
vt 0.250000 0.583333
vt 0.275000 0.000000
vt 0.250000 0.833333
vt 0.200000 0.916667
vt 0.200000 0.833333
vt 0.200000 0.333333
vt 0.200000 0.250000
vt 0.200000 0.583333
vt 0.200000 0.500000
vt 0.200000 0.750000
vt 0.200000 0.166667
vt 0.200000 0.416667
vt 0.200000 0.666667
vt 0.200000 0.083333
vt 0.225000 1.000000
vt 0.225000 0.000000
vt 0.150000 0.166667
vt 0.150000 0.083333
vt 0.175000 1.000000
vt 0.150000 0.916667
vt 0.150000 0.416667
vt 0.150000 0.333333
vt 0.150000 0.666667
vt 0.150000 0.583333
vt 0.175000 0.000000
vt 0.150000 0.833333
vt 0.150000 0.250000
vt 0.150000 0.500000
vt 0.150000 0.750000
vt 0.100000 0.833333
vt 0.100000 0.750000
vt 0.100000 0.250000
vt 0.100000 0.166667
vt 0.100000 0.500000
vt 0.100000 0.416667
vt 0.100000 0.666667
vt 0.100000 0.083333
vt 0.125000 1.000000
vt 0.100000 0.916667
vt 0.100000 0.333333
vt 0.100000 0.583333
vt 0.125000 0.000000
vt 0.075000 0.000000
vt 0.050000 0.083333
vt 0.050000 0.916667
vt 0.050000 0.833333
vt 0.050000 0.333333
vt 0.050000 0.250000
vt 0.050000 0.583333
vt 0.050000 0.500000
vt 0.050000 0.750000
vt 0.050000 0.166667
vt 0.050000 0.416667
vt 0.050000 0.666667
vt 0.075000 1.000000
vt 0.000000 0.750000
vt 0.000000 0.666667
vt 0.000000 0.166667
vt 0.000000 0.083333
vt 0.025000 1.000000
vt 0.000000 0.916667
vt 0.000000 0.416667
vt 0.000000 0.333333
vt 0.000000 0.583333
vt 0.025000 0.000000
vt 0.000000 0.833333
vt 0.000000 0.250000
vt 0.000000 0.500000
vt 1.000000 0.750000
vt 1.000000 0.833333
vt 0.950000 0.833333
vt 0.950000 0.750000
vt 1.000000 0.166667
vt 1.000000 0.250000
vt 0.950000 0.250000
vt 0.950000 0.166667
vt 1.000000 0.416667
vt 1.000000 0.500000
vt 0.950000 0.500000
vt 0.950000 0.416667
vt 1.000000 0.666667
vt 0.950000 0.666667
vt 1.000000 0.083333
vt 0.950000 0.083333
vt 1.000000 0.916667
vt 0.975000 1.000000
vt 0.950000 0.916667
vt 1.000000 0.333333
vt 0.950000 0.333333
vt 1.000000 0.583333
vt 0.950000 0.583333
vt 0.975000 0.000000
vt 0.900000 0.666667
vt 0.900000 0.583333
vt 0.925000 0.000000
vt 0.900000 0.083333
vt 0.900000 0.916667
vt 0.900000 0.833333
vt 0.900000 0.333333
vt 0.900000 0.250000
vt 0.900000 0.500000
vt 0.900000 0.750000
vt 0.900000 0.166667
vt 0.900000 0.416667
vt 0.925000 1.000000
vt 0.850000 0.750000
vt 0.850000 0.666667
vt 0.850000 0.166667
vt 0.850000 0.083333
vt 0.875000 1.000000
vt 0.850000 0.916667
vt 0.850000 0.416667
vt 0.850000 0.333333
vt 0.850000 0.583333
vt 0.875000 0.000000
vt 0.850000 0.833333
vt 0.850000 0.250000
vt 0.850000 0.500000
vt 0.800000 0.583333
vt 0.800000 0.500000
vt 0.800000 0.833333
vt 0.800000 0.750000
vt 0.800000 0.250000
vt 0.800000 0.166667
vt 0.800000 0.416667
vt 0.800000 0.666667
vt 0.800000 0.083333
vt 0.825000 1.000000
vt 0.800000 0.916667
vt 0.800000 0.333333
vt 0.825000 0.000000
vt 0.775000 0.000000
vt 0.775000 1.000000
s 1
usemtl M_Black_Rubber
f 1211/1314/1203 1033/1315/1025 1000/1316/992
f 998/1317/990 1214/1318/1206 1006/1319/998 1007/1320/999
f 996/1321/988 995/1322/987 1003/1323/995 1004/1324/996
f 1144/1325/1136 1216/1326/1208 1010/1327/1002
f 1212/1328/1204 1211/1314/1203 1000/1316/992 1001/1329/993
f 1215/1330/1207 998/1317/990 1007/1320/999 1008/1331/1000
f 997/1332/989 996/1321/988 1004/1324/996 1005/1333/997
f 1213/1334/1205 1212/1328/1204 1001/1329/993 1002/1335/994
f 999/1336/991 1215/1330/1207 1008/1331/1000 1009/1337/1001
f 1214/1318/1206 997/1332/989 1005/1333/997 1006/1319/998
f 995/1322/987 1213/1334/1205 1002/1335/994 1003/1323/995
f 1216/1326/1208 999/1336/991 1009/1337/1001 1010/1327/1002
f 1005/1333/997 1004/1324/996 1015/1338/1007 1016/1339/1008
f 1002/1335/994 1001/1329/993 1012/1340/1004 1013/1341/1005
f 1009/1337/1001 1008/1331/1000 1019/1342/1011 1020/1343/1012
f 1006/1319/998 1005/1333/997 1016/1339/1008 1017/1344/1009
f 1003/1323/995 1002/1335/994 1013/1341/1005 1014/1345/1006
f 1010/1327/1002 1009/1337/1001 1020/1343/1012 1021/1346/1013
f 1000/1316/992 1033/1347/1025 1011/1348/1003
f 1007/1320/999 1006/1319/998 1017/1344/1009 1018/1349/1010
f 1004/1324/996 1003/1323/995 1014/1345/1006 1015/1338/1007
f 1144/1350/1136 1010/1327/1002 1021/1346/1013
f 1001/1329/993 1000/1316/992 1011/1348/1003 1012/1340/1004
f 1008/1331/1000 1007/1320/999 1018/1349/1010 1019/1342/1011
f 1015/1338/1007 1014/1345/1006 1025/1351/1017 1026/1352/1018
f 1144/1353/1136 1021/1346/1013 1032/1354/1024
f 1012/1340/1004 1011/1348/1003 1022/1355/1014 1023/1356/1015
f 1019/1342/1011 1018/1349/1010 1029/1357/1021 1030/1358/1022
f 1016/1339/1008 1015/1338/1007 1026/1352/1018 1027/1359/1019
f 1013/1341/1005 1012/1340/1004 1023/1356/1015 1024/1360/1016
f 1020/1343/1012 1019/1342/1011 1030/1358/1022 1031/1361/1023
f 1017/1344/1009 1016/1339/1008 1027/1359/1019 1028/1362/1020
f 1014/1345/1006 1013/1341/1005 1024/1360/1016 1025/1351/1017
f 1021/1346/1013 1020/1343/1012 1031/1361/1023 1032/1354/1024
f 1011/1348/1003 1033/1363/1025 1022/1355/1014
f 1018/1349/1010 1017/1344/1009 1028/1362/1020 1029/1357/1021
f 1028/1362/1020 1027/1359/1019 1039/1364/1031 1040/1365/1032
f 1025/1351/1017 1024/1360/1016 1036/1366/1028 1037/1367/1029
f 1032/1354/1024 1031/1361/1023 1043/1368/1035 1044/1369/1036
f 1022/1355/1014 1033/1370/1025 1034/1371/1026
f 1029/1357/1021 1028/1362/1020 1040/1365/1032 1041/1372/1033
f 1026/1352/1018 1025/1351/1017 1037/1367/1029 1038/1373/1030
f 1144/1374/1136 1032/1354/1024 1044/1369/1036
f 1023/1356/1015 1022/1355/1014 1034/1371/1026 1035/1375/1027
f 1030/1358/1022 1029/1357/1021 1041/1372/1033 1042/1376/1034
f 1027/1359/1019 1026/1352/1018 1038/1373/1030 1039/1364/1031
f 1024/1360/1016 1023/1356/1015 1035/1375/1027 1036/1366/1028
f 1031/1361/1023 1030/1358/1022 1042/1376/1034 1043/1368/1035
f 1039/1364/1031 1038/1373/1030 1049/1377/1041 1050/1378/1042
f 1036/1366/1028 1035/1375/1027 1046/1379/1038 1047/1380/1039
f 1043/1368/1035 1042/1376/1034 1053/1381/1045 1054/1382/1046
f 1040/1365/1032 1039/1364/1031 1050/1378/1042 1051/1383/1043
f 1037/1367/1029 1036/1366/1028 1047/1380/1039 1048/1384/1040
f 1044/1369/1036 1043/1368/1035 1054/1382/1046 1055/1385/1047
f 1034/1371/1026 1033/1386/1025 1045/1387/1037
f 1041/1372/1033 1040/1365/1032 1051/1383/1043 1052/1388/1044
f 1038/1373/1030 1037/1367/1029 1048/1384/1040 1049/1377/1041
f 1144/1389/1136 1044/1369/1036 1055/1385/1047
f 1035/1375/1027 1034/1371/1026 1045/1387/1037 1046/1379/1038
f 1042/1376/1034 1041/1372/1033 1052/1388/1044 1053/1381/1045
f 1052/1388/1044 1051/1383/1043 1062/1390/1054 1063/1391/1055
f 1049/1377/1041 1048/1384/1040 1059/1392/1051 1060/1393/1052
f 1144/1394/1136 1055/1385/1047 1066/1395/1058
f 1046/1379/1038 1045/1387/1037 1056/1396/1048 1057/1397/1049
f 1053/1381/1045 1052/1388/1044 1063/1391/1055 1064/1398/1056
f 1050/1378/1042 1049/1377/1041 1060/1393/1052 1061/1399/1053
f 1047/1380/1039 1046/1379/1038 1057/1397/1049 1058/1400/1050
f 1054/1382/1046 1053/1381/1045 1064/1398/1056 1065/1401/1057
f 1051/1383/1043 1050/1378/1042 1061/1399/1053 1062/1390/1054
f 1048/1384/1040 1047/1380/1039 1058/1400/1050 1059/1392/1051
f 1055/1385/1047 1054/1382/1046 1065/1401/1057 1066/1395/1058
f 1045/1387/1037 1033/1402/1025 1056/1396/1048
f 1062/1390/1054 1061/1399/1053 1072/1403/1064 1073/1404/1065
f 1059/1392/1051 1058/1400/1050 1069/1405/1061 1070/1406/1062
f 1066/1395/1058 1065/1401/1057 1076/1407/1068 1077/1408/1069
f 1056/1396/1048 1033/1409/1025 1067/1410/1059
f 1063/1391/1055 1062/1390/1054 1073/1404/1065 1074/1411/1066
f 1060/1393/1052 1059/1392/1051 1070/1406/1062 1071/1412/1063
f 1144/1413/1136 1066/1395/1058 1077/1408/1069
f 1057/1397/1049 1056/1396/1048 1067/1410/1059 1068/1414/1060
f 1064/1398/1056 1063/1391/1055 1074/1411/1066 1075/1415/1067
f 1061/1399/1053 1060/1393/1052 1071/1412/1063 1072/1403/1064
f 1058/1400/1050 1057/1397/1049 1068/1414/1060 1069/1405/1061
f 1065/1401/1057 1064/1398/1056 1075/1415/1067 1076/1407/1068
f 1075/1415/1067 1074/1411/1066 1085/1416/1077 1086/1417/1078
f 1072/1403/1064 1071/1412/1063 1082/1418/1074 1083/1419/1075
f 1069/1405/1061 1068/1414/1060 1079/1420/1071 1080/1421/1072
f 1076/1407/1068 1075/1415/1067 1086/1417/1078 1087/1422/1079
f 1073/1404/1065 1072/1403/1064 1083/1419/1075 1084/1423/1076
f 1070/1406/1062 1069/1405/1061 1080/1421/1072 1081/1424/1073
f 1077/1408/1069 1076/1407/1068 1087/1422/1079 1088/1425/1080
f 1067/1410/1059 1033/1426/1025 1078/1427/1070
f 1074/1411/1066 1073/1404/1065 1084/1423/1076 1085/1416/1077
f 1071/1412/1063 1070/1406/1062 1081/1424/1073 1082/1418/1074
f 1144/1428/1136 1077/1408/1069 1088/1425/1080
f 1068/1414/1060 1067/1410/1059 1078/1427/1070 1079/1420/1071
f 1078/1427/1070 1033/1429/1025 1089/1430/1081
f 1085/1416/1077 1084/1423/1076 1095/1431/1087 1096/1432/1088
f 1082/1418/1074 1081/1424/1073 1092/1433/1084 1093/1434/1085
f 1144/1435/1136 1088/1425/1080 1099/1436/1091
f 1079/1420/1071 1078/1427/1070 1089/1430/1081 1090/1437/1082
f 1086/1417/1078 1085/1416/1077 1096/1432/1088 1097/1438/1089
f 1083/1419/1075 1082/1418/1074 1093/1434/1085 1094/1439/1086
f 1080/1421/1072 1079/1420/1071 1090/1437/1082 1091/1440/1083
f 1087/1422/1079 1086/1417/1078 1097/1438/1089 1098/1441/1090
f 1084/1423/1076 1083/1419/1075 1094/1439/1086 1095/1431/1087
f 1081/1424/1073 1080/1421/1072 1091/1440/1083 1092/1433/1084
f 1088/1425/1080 1087/1422/1079 1098/1441/1090 1099/1436/1091
f 1098/1441/1090 1097/1438/1089 1108/1442/1100 1109/1443/1101
f 1095/1431/1087 1094/1439/1086 1105/1444/1097 1106/1445/1098
f 1092/1433/1084 1091/1440/1083 1102/1446/1094 1103/1447/1095
f 1099/1436/1091 1098/1441/1090 1109/1443/1101 1110/1448/1102
f 1089/1430/1081 1033/1449/1025 1100/1450/1092
f 1096/1432/1088 1095/1431/1087 1106/1445/1098 1107/1451/1099
f 1093/1434/1085 1092/1433/1084 1103/1447/1095 1104/1452/1096
f 1144/1453/1136 1099/1436/1091 1110/1448/1102
f 1090/1437/1082 1089/1430/1081 1100/1450/1092 1101/1454/1093
f 1097/1438/1089 1096/1432/1088 1107/1451/1099 1108/1442/1100
f 1094/1439/1086 1093/1434/1085 1104/1452/1096 1105/1444/1097
f 1091/1440/1083 1090/1437/1082 1101/1454/1093 1102/1446/1094
f 1101/1454/1093 1100/1450/1092 1111/1455/1103 1112/1456/1104
f 1108/1442/1100 1107/1451/1099 1118/1457/1110 1119/1458/1111
f 1105/1444/1097 1104/1452/1096 1115/1459/1107 1116/1460/1108
f 1102/1446/1094 1101/1454/1093 1112/1456/1104 1113/1461/1105
f 1109/1443/1101 1108/1442/1100 1119/1458/1111 1120/1462/1112
f 1106/1445/1098 1105/1444/1097 1116/1460/1108 1117/1463/1109
f 1103/1447/1095 1102/1446/1094 1113/1461/1105 1114/1464/1106
f 1110/1448/1102 1109/1443/1101 1120/1462/1112 1121/1465/1113
f 1100/1450/1092 1033/1466/1025 1111/1455/1103
f 1107/1451/1099 1106/1445/1098 1117/1463/1109 1118/1457/1110
f 1104/1452/1096 1103/1447/1095 1114/1464/1106 1115/1459/1107
f 1144/1467/1136 1110/1448/1102 1121/1465/1113
f 1121/1465/1113 1120/1462/1112 1131/1468/1123 1132/1469/1124
f 1111/1455/1103 1033/1470/1025 1122/1471/1114
f 1118/1457/1110 1117/1463/1109 1128/1472/1120 1129/1473/1121
f 1115/1459/1107 1114/1464/1106 1125/1474/1117 1126/1475/1118
f 1144/1476/1136 1121/1465/1113 1132/1469/1124
f 1112/1456/1104 1111/1455/1103 1122/1471/1114 1123/1477/1115
f 1119/1458/1111 1118/1457/1110 1129/1473/1121 1130/1478/1122
f 1116/1460/1108 1115/1459/1107 1126/1475/1118 1127/1479/1119
f 1113/1461/1105 1112/1456/1104 1123/1477/1115 1124/1480/1116
f 1120/1462/1112 1119/1458/1111 1130/1478/1122 1131/1468/1123
f 1117/1463/1109 1116/1460/1108 1127/1479/1119 1128/1472/1120
f 1114/1464/1106 1113/1461/1105 1124/1480/1116 1125/1474/1117
f 1124/1480/1116 1123/1477/1115 1134/1481/1126 1135/1482/1127
f 1131/1468/1123 1130/1478/1122 1141/1483/1133 1142/1484/1134
f 1128/1472/1120 1127/1479/1119 1138/1485/1130 1139/1486/1131
f 1125/1474/1117 1124/1480/1116 1135/1482/1127 1136/1487/1128
f 1132/1469/1124 1131/1468/1123 1142/1484/1134 1143/1488/1135
f 1122/1471/1114 1033/1489/1025 1133/1490/1125
f 1129/1473/1121 1128/1472/1120 1139/1486/1131 1140/1491/1132
f 1126/1475/1118 1125/1474/1117 1136/1487/1128 1137/1492/1129
f 1144/1493/1136 1132/1469/1124 1143/1488/1135
f 1123/1477/1115 1122/1471/1114 1133/1490/1125 1134/1481/1126
f 1130/1478/1122 1129/1473/1121 1140/1491/1132 1141/1483/1133
f 1127/1479/1119 1126/1475/1118 1137/1492/1129 1138/1485/1130
f 1144/1494/1136 1143/1488/1135 1155/1495/1147
f 1134/1481/1126 1133/1490/1125 1145/1496/1137 1146/1497/1138
f 1141/1483/1133 1140/1491/1132 1152/1498/1144 1153/1499/1145
f 1138/1485/1130 1137/1492/1129 1149/1500/1141 1150/1501/1142
f 1135/1482/1127 1134/1481/1126 1146/1497/1138 1147/1502/1139
f 1142/1484/1134 1141/1483/1133 1153/1499/1145 1154/1503/1146
f 1139/1486/1131 1138/1485/1130 1150/1501/1142 1151/1504/1143
f 1136/1487/1128 1135/1482/1127 1147/1502/1139 1148/1505/1140
f 1143/1488/1135 1142/1484/1134 1154/1503/1146 1155/1495/1147
f 1133/1490/1125 1033/1506/1025 1145/1496/1137
f 1140/1491/1132 1139/1486/1131 1151/1504/1143 1152/1498/1144
f 1137/1492/1129 1136/1487/1128 1148/1505/1140 1149/1500/1141
f 1148/1505/1140 1147/1502/1139 1158/1507/1150 1159/1508/1151
f 1155/1495/1147 1154/1503/1146 1165/1509/1157 1166/1510/1158
f 1145/1496/1137 1033/1511/1025 1156/1512/1148
f 1152/1498/1144 1151/1504/1143 1162/1513/1154 1163/1514/1155
f 1149/1500/1141 1148/1505/1140 1159/1508/1151 1160/1515/1152
f 1144/1516/1136 1155/1495/1147 1166/1510/1158
f 1146/1497/1138 1145/1496/1137 1156/1512/1148 1157/1517/1149
f 1153/1499/1145 1152/1498/1144 1163/1514/1155 1164/1518/1156
f 1150/1501/1142 1149/1500/1141 1160/1515/1152 1161/1519/1153
f 1147/1502/1139 1146/1497/1138 1157/1517/1149 1158/1507/1150
f 1154/1503/1146 1153/1499/1145 1164/1518/1156 1165/1509/1157
f 1151/1504/1143 1150/1501/1142 1161/1519/1153 1162/1513/1154
f 1158/1520/1150 1157/1521/1149 1168/1522/1160 1169/1523/1161
f 1165/1524/1157 1164/1525/1156 1175/1526/1167 1176/1527/1168
f 1162/1528/1154 1161/1529/1153 1172/1530/1164 1173/1531/1165
f 1159/1532/1151 1158/1520/1150 1169/1523/1161 1170/1533/1162
f 1166/1534/1158 1165/1524/1157 1176/1527/1168 1177/1535/1169
f 1156/1536/1148 1033/1537/1025 1167/1538/1159
f 1163/1539/1155 1162/1528/1154 1173/1531/1165 1174/1540/1166
f 1160/1541/1152 1159/1532/1151 1170/1533/1162 1171/1542/1163
f 1144/1543/1136 1166/1534/1158 1177/1535/1169
f 1157/1521/1149 1156/1536/1148 1167/1538/1159 1168/1522/1160
f 1164/1525/1156 1163/1539/1155 1174/1540/1166 1175/1526/1167
f 1161/1529/1153 1160/1541/1152 1171/1542/1163 1172/1530/1164
f 1171/1542/1163 1170/1533/1162 1181/1544/1173 1182/1545/1174
f 1144/1546/1136 1177/1535/1169 1188/1547/1180
f 1168/1522/1160 1167/1538/1159 1178/1548/1170 1179/1549/1171
f 1175/1526/1167 1174/1540/1166 1185/1550/1177 1186/1551/1178
f 1172/1530/1164 1171/1542/1163 1182/1545/1174 1183/1552/1175
f 1169/1523/1161 1168/1522/1160 1179/1549/1171 1180/1553/1172
f 1176/1527/1168 1175/1526/1167 1186/1551/1178 1187/1554/1179
f 1173/1531/1165 1172/1530/1164 1183/1552/1175 1184/1555/1176
f 1170/1533/1162 1169/1523/1161 1180/1553/1172 1181/1544/1173
f 1177/1535/1169 1176/1527/1168 1187/1554/1179 1188/1547/1180
f 1167/1538/1159 1033/1556/1025 1178/1548/1170
f 1174/1540/1166 1173/1531/1165 1184/1555/1176 1185/1550/1177
f 1181/1544/1173 1180/1553/1172 1191/1557/1183 1192/1558/1184
f 1188/1547/1180 1187/1554/1179 1198/1559/1190 1199/1560/1191
f 1178/1548/1170 1033/1561/1025 1189/1562/1181
f 1185/1550/1177 1184/1555/1176 1195/1563/1187 1196/1564/1188
f 1182/1545/1174 1181/1544/1173 1192/1558/1184 1193/1565/1185
f 1144/1566/1136 1188/1547/1180 1199/1560/1191
f 1179/1549/1171 1178/1548/1170 1189/1562/1181 1190/1567/1182
f 1186/1551/1178 1185/1550/1177 1196/1564/1188 1197/1568/1189
f 1183/1552/1175 1182/1545/1174 1193/1565/1185 1194/1569/1186
f 1180/1553/1172 1179/1549/1171 1190/1567/1182 1191/1557/1183
f 1187/1554/1179 1186/1551/1178 1197/1568/1189 1198/1559/1190
f 1184/1555/1176 1183/1552/1175 1194/1569/1186 1195/1563/1187
f 1194/1569/1186 1193/1565/1185 1204/1570/1196 1205/1571/1197
f 1191/1557/1183 1190/1567/1182 1201/1572/1193 1202/1573/1194
f 1198/1559/1190 1197/1568/1189 1208/1574/1200 1209/1575/1201
f 1195/1563/1187 1194/1569/1186 1205/1571/1197 1206/1576/1198
f 1192/1558/1184 1191/1557/1183 1202/1573/1194 1203/1577/1195
f 1199/1560/1191 1198/1559/1190 1209/1575/1201 1210/1578/1202
f 1189/1562/1181 1033/1579/1025 1200/1580/1192
f 1196/1564/1188 1195/1563/1187 1206/1576/1198 1207/1581/1199
f 1193/1565/1185 1192/1558/1184 1203/1577/1195 1204/1570/1196
f 1144/1582/1136 1199/1560/1191 1210/1578/1202
f 1190/1567/1182 1189/1562/1181 1200/1580/1192 1201/1572/1193
f 1197/1568/1189 1196/1564/1188 1207/1581/1199 1208/1574/1200
f 1204/1570/1196 1203/1577/1195 995/1322/987 996/1321/988
f 1144/1583/1136 1210/1578/1202 1216/1326/1208
f 1201/1572/1193 1200/1580/1192 1211/1314/1203 1212/1328/1204
f 1208/1574/1200 1207/1581/1199 998/1317/990 1215/1330/1207
f 1205/1571/1197 1204/1570/1196 996/1321/988 997/1332/989
f 1202/1573/1194 1201/1572/1193 1212/1328/1204 1213/1334/1205
f 1209/1575/1201 1208/1574/1200 1215/1330/1207 999/1336/991
f 1206/1576/1198 1205/1571/1197 997/1332/989 1214/1318/1206
f 1203/1577/1195 1202/1573/1194 1213/1334/1205 995/1322/987
f 1210/1578/1202 1209/1575/1201 999/1336/991 1216/1326/1208
f 1200/1580/1192 1033/1584/1025 1211/1314/1203
f 1207/1581/1199 1206/1576/1198 1214/1318/1206 998/1317/990
o Caster_Arm.004
v -0.090643 0.067500 0.097850
v -0.090643 0.072500 0.102850
v -0.095643 0.072500 0.097850
v -0.090643 0.068964 0.101386
v -0.093530 0.069613 0.100737
v -0.094179 0.072500 0.101386
v -0.094179 0.068964 0.097850
v -0.090643 0.087500 0.102850
v -0.090643 0.092500 0.097850
v -0.095643 0.087500 0.097850
v -0.090643 0.091036 0.101386
v -0.093530 0.090387 0.100737
v -0.094179 0.091036 0.097850
v -0.094179 0.087500 0.101386
v -0.090643 0.067500 0.082850
v -0.095643 0.072500 0.082850
v -0.090643 0.072500 0.077850
v -0.094179 0.068964 0.082850
v -0.093530 0.069613 0.079964
v -0.094179 0.072500 0.079315
v -0.090643 0.068964 0.079315
v -0.090643 0.092500 0.082850
v -0.090643 0.087500 0.077850
v -0.095643 0.087500 0.082850
v -0.090643 0.091036 0.079315
v -0.093530 0.090387 0.079964
v -0.094179 0.087500 0.079315
v -0.094179 0.091036 0.082850
v 0.149357 0.067500 0.097850
v 0.154357 0.072500 0.097850
v 0.149357 0.072500 0.102850
v 0.152892 0.068964 0.097850
v 0.152243 0.069613 0.100737
v 0.152892 0.072500 0.101386
v 0.149357 0.068964 0.101386
v 0.149357 0.092500 0.097850
v 0.149357 0.087500 0.102850
v 0.154357 0.087500 0.097850
v 0.149357 0.091036 0.101386
v 0.152243 0.090387 0.100737
v 0.152892 0.087500 0.101386
v 0.152892 0.091036 0.097850
v 0.149357 0.067500 0.082850
v 0.149357 0.072500 0.077850
v 0.154357 0.072500 0.082850
v 0.149357 0.068964 0.079315
v 0.152243 0.069613 0.079964
v 0.152892 0.072500 0.079315
v 0.152892 0.068964 0.082850
v 0.149357 0.092500 0.082850
v 0.154357 0.087500 0.082850
v 0.149357 0.087500 0.077850
v 0.152892 0.091036 0.082850
v 0.152243 0.090387 0.079964
v 0.152892 0.087500 0.079315
v 0.149357 0.091036 0.079315
vn -0.3251 -0.8881 0.3251
vn -0.3251 -0.3251 0.8881
vn -0.8881 -0.3251 0.3251
vn -0.3251 0.3251 0.8881
vn -0.3251 0.8881 0.3251
vn -0.8881 0.3251 0.3251
vn -0.3251 -0.8881 -0.3251
vn -0.8881 -0.3251 -0.3251
vn -0.3251 -0.3251 -0.8881
vn -0.3251 0.8881 -0.3251
vn -0.3251 0.3251 -0.8881
vn -0.8881 0.3251 -0.3251
vn 0.3251 -0.8881 0.3251
vn 0.8881 -0.3251 0.3251
vn 0.3251 -0.3251 0.8881
vn 0.3251 0.8881 0.3251
vn 0.3251 0.3251 0.8881
vn 0.8881 0.3251 0.3251
vn 0.3251 -0.8881 -0.3251
vn 0.3251 -0.3251 -0.8881
vn 0.8881 -0.3251 -0.3251
vn 0.3251 0.8881 -0.3251
vn 0.8881 0.3251 -0.3251
vn 0.3251 0.3251 -0.8881
vn -0.3827 -0.9239 -0.0000
vn -0.9239 -0.3827 -0.0000
vn -0.3827 -0.0000 0.9239
vn -0.9239 -0.0000 0.3827
vn -0.3827 0.9239 -0.0000
vn -0.9239 0.3827 -0.0000
vn -0.3827 -0.0000 -0.9239
vn -0.9239 -0.0000 -0.3827
vn -0.0000 -0.9239 -0.3827
vn -0.0000 -0.3827 -0.9239
vn -0.0000 0.9239 -0.3827
vn -0.0000 0.3827 -0.9239
vn 0.9239 -0.0000 -0.3827
vn 0.3827 -0.0000 -0.9239
vn 0.3827 -0.9239 -0.0000
vn 0.9239 -0.3827 -0.0000
vn 0.3827 0.9239 -0.0000
vn 0.9239 0.3827 -0.0000
vn 0.3827 -0.0000 0.9239
vn 0.9239 -0.0000 0.3827
vn -0.0000 -0.9239 0.3827
vn -0.0000 -0.3827 0.9239
vn -0.0000 0.9239 0.3827
vn -0.0000 0.3827 0.9239
vn -0.0000 -1.0000 -0.0000
vn -1.0000 -0.0000 -0.0000
vn -0.0000 -0.0000 1.0000
vn -0.0000 1.0000 -0.0000
vn -0.0000 -0.0000 -1.0000
vn 1.0000 -0.0000 -0.0000
vt 0.130000 0.700000
vt 0.130000 0.750000
vt 0.127113 0.750000
vt 0.125000 0.700000
vt 0.425000 0.995000
vt 0.425000 1.000000
vt 0.396132 1.000000
vt 0.375000 0.995000
vt 0.425000 0.050000
vt 0.375000 0.050000
vt 0.375000 0.021132
vt 0.425000 0.000000
vt 0.575000 0.995000
vt 0.625000 0.995000
vt 0.625000 0.997887
vt 0.575000 1.000000
vt 0.870000 0.700000
vt 0.875000 0.700000
vt 0.875000 0.728867
vt 0.870000 0.750000
vt 0.575000 0.050000
vt 0.575000 0.000000
vt 0.603868 0.000000
vt 0.625000 0.050000
vt 0.130000 0.550000
vt 0.125000 0.550000
vt 0.125000 0.521132
vt 0.130000 0.500000
vt 0.425000 0.200000
vt 0.425000 0.250000
vt 0.385566 0.251057
vt 0.375000 0.200000
vt 0.425000 0.255000
vt 0.375000 0.255000
vt 0.870000 0.550000
vt 0.870000 0.500000
vt 0.872887 0.500000
vt 0.875000 0.550000
vt 0.575000 0.255000
vt 0.575000 0.250000
vt 0.614434 0.239434
vt 0.625000 0.255000
vt 0.575000 0.200000
vt 0.625000 0.200000
vt 0.370000 0.700000
vt 0.375000 0.700000
vt 0.382044 0.743660
vt 0.372500 0.752500
vt 0.425000 0.700000
vt 0.425000 0.750000
vt 0.425000 0.755000
vt 0.630000 0.700000
vt 0.627500 0.752500
vt 0.618660 0.742956
vt 0.625000 0.700000
vt 0.575000 0.755000
vt 0.575000 0.750000
vt 0.575000 0.700000
vt 0.370000 0.550000
vt 0.372500 0.497500
vt 0.381340 0.507044
vt 0.375000 0.550000
vt 0.425000 0.495000
vt 0.425000 0.500000
vt 0.425000 0.550000
vt 0.630000 0.550000
vt 0.625000 0.550000
vt 0.617956 0.506340
vt 0.627500 0.497500
vt 0.575000 0.550000
vt 0.575000 0.500000
vt 0.575000 0.495000
s 0
usemtl M_Graphite
f 1217/1585/1209 1220/1586/1209 1221/1587/1209 1223/1588/1209
f 1218/1589/1210 1222/1590/1210 1221/1591/1210 1220/1592/1210
f 1219/1593/1211 1223/1594/1211 1221/1595/1211 1222/1596/1211
f 1224/1597/1212 1227/1598/1212 1228/1599/1212 1230/1600/1212
f 1225/1601/1213 1229/1602/1213 1228/1603/1213 1227/1604/1213
f 1226/1605/1214 1230/1606/1214 1228/1607/1214 1229/1608/1214
f 1231/1609/1215 1234/1610/1215 1235/1611/1215 1237/1612/1215
f 1232/1613/1216 1236/1614/1216 1235/1615/1216 1234/1616/1216
f 1233/1617/1217 1237/1618/1217 1235/1615/1217 1236/1614/1217
f 1238/1619/1218 1241/1620/1218 1242/1621/1218 1244/1622/1218
f 1239/1623/1219 1243/1624/1219 1242/1625/1219 1241/1626/1219
f 1240/1627/1220 1244/1628/1220 1242/1625/1220 1243/1624/1220
f 1245/1629/1221 1248/1630/1221 1249/1631/1221 1251/1632/1221
f 1246/1633/1222 1250/1634/1222 1249/1631/1222 1248/1630/1222
f 1247/1635/1223 1251/1632/1223 1249/1631/1223 1250/1634/1223
f 1252/1636/1224 1255/1637/1224 1256/1638/1224 1258/1639/1224
f 1253/1640/1225 1257/1641/1225 1256/1638/1225 1255/1637/1225
f 1254/1642/1226 1258/1639/1226 1256/1638/1226 1257/1641/1226
f 1259/1643/1227 1262/1644/1227 1263/1645/1227 1265/1646/1227
f 1260/1647/1228 1264/1648/1228 1263/1645/1228 1262/1644/1228
f 1261/1649/1229 1265/1646/1229 1263/1645/1229 1264/1648/1229
f 1266/1650/1230 1269/1651/1230 1270/1652/1230 1272/1653/1230
f 1267/1654/1231 1271/1655/1231 1270/1652/1231 1269/1651/1231
f 1268/1656/1232 1272/1653/1232 1270/1652/1232 1271/1655/1232
f 1231/1609/1233 1217/1585/1233 1223/1588/1233 1234/1610/1233
f 1234/1616/1234 1223/1594/1234 1219/1593/1234 1232/1613/1234
f 1218/1589/1235 1224/1597/1235 1230/1600/1235 1222/1590/1235
f 1222/1596/1236 1230/1606/1236 1226/1605/1236 1219/1593/1236
f 1225/1601/1237 1238/1619/1237 1244/1622/1237 1229/1602/1237
f 1229/1608/1238 1244/1628/1238 1240/1627/1238 1226/1605/1238
f 1239/1623/1239 1233/1617/1239 1236/1614/1239 1243/1624/1239
f 1243/1624/1240 1236/1614/1240 1232/1613/1240 1240/1627/1240
f 1259/1643/1241 1231/1609/1241 1237/1612/1241 1262/1644/1241
f 1262/1644/1242 1237/1618/1242 1233/1617/1242 1260/1647/1242
f 1238/1619/1243 1266/1650/1243 1272/1653/1243 1241/1620/1243
f 1241/1626/1244 1272/1653/1244 1268/1656/1244 1239/1623/1244
f 1267/1654/1245 1261/1649/1245 1264/1648/1245 1271/1655/1245
f 1271/1655/1246 1264/1648/1246 1260/1647/1246 1268/1656/1246
f 1245/1629/1247 1259/1643/1247 1265/1646/1247 1248/1630/1247
f 1248/1630/1248 1265/1646/1248 1261/1649/1248 1246/1633/1248
f 1266/1650/1249 1252/1636/1249 1258/1639/1249 1269/1651/1249
f 1269/1651/1250 1258/1639/1250 1254/1642/1250 1267/1654/1250
f 1253/1640/1251 1247/1635/1251 1250/1634/1251 1257/1641/1251
f 1257/1641/1252 1250/1634/1252 1246/1633/1252 1254/1642/1252
f 1217/1585/1253 1245/1629/1253 1251/1632/1253 1220/1586/1253
f 1220/1592/1254 1251/1632/1254 1247/1635/1254 1218/1589/1254
f 1252/1636/1255 1225/1601/1255 1227/1604/1255 1255/1637/1255
f 1255/1637/1256 1227/1598/1256 1224/1597/1256 1253/1640/1256
f 1231/1609/1257 1259/1643/1257 1245/1629/1257 1217/1585/1257
f 1219/1593/1258 1226/1605/1258 1240/1627/1258 1232/1613/1258
f 1247/1635/1259 1253/1640/1259 1224/1597/1259 1218/1589/1259
f 1266/1650/1260 1238/1619/1260 1225/1601/1260 1252/1636/1260
f 1233/1617/1261 1239/1623/1261 1268/1656/1261 1260/1647/1261
f 1261/1649/1262 1267/1654/1262 1254/1642/1262 1246/1633/1262
o Caster.004
v 0.058713 0.052500 0.150390
v 0.058713 0.044059 0.146893
v 0.058713 0.035000 0.145701
v 0.058713 0.017500 0.150390
v 0.058713 0.004689 0.163201
v 0.061513 0.068807 0.172085
v 0.064121 0.065311 0.164057
v 0.066361 0.059749 0.157163
v 0.068080 0.052500 0.151873
v 0.069160 0.044059 0.148548
v 0.069529 0.035000 0.147414
v 0.069160 0.025941 0.148548
v 0.068080 0.017500 0.151873
v 0.066361 0.010251 0.157163
v 0.064121 0.004689 0.164057
v 0.061513 0.001193 0.172085
v 0.064038 0.068807 0.173372
v 0.068999 0.065311 0.166543
v 0.073260 0.059749 0.160679
v 0.076530 0.052500 0.156179
v 0.078585 0.044059 0.153350
v 0.079286 0.035000 0.152385
v 0.078585 0.025941 0.153350
v 0.076530 0.017500 0.156179
v 0.073260 0.010251 0.160679
v 0.068999 0.004689 0.166543
v 0.064038 0.001193 0.173372
v 0.066042 0.068807 0.175376
v 0.072871 0.065311 0.170414
v 0.078735 0.059749 0.166154
v 0.083235 0.052500 0.162884
v 0.086064 0.044059 0.160829
v 0.087029 0.035000 0.160128
v 0.086064 0.025941 0.160829
v 0.083235 0.017500 0.162884
v 0.078735 0.010251 0.166154
v 0.072871 0.004689 0.170414
v 0.066042 0.001193 0.175376
v 0.058713 0.070000 0.180701
v 0.067329 0.068807 0.177901
v 0.075357 0.065311 0.175293
v 0.082251 0.059749 0.173053
v 0.087541 0.052500 0.171334
v 0.090866 0.044059 0.170254
v 0.092000 0.035000 0.169885
v 0.090866 0.025941 0.170254
v 0.087541 0.017500 0.171334
v 0.082251 0.010251 0.173053
v 0.075357 0.004689 0.175293
v 0.067329 0.001193 0.177901
v 0.067772 0.068807 0.180701
v 0.076213 0.065311 0.180701
v 0.083462 0.059749 0.180701
v 0.089024 0.052500 0.180701
v 0.092521 0.044059 0.180701
v 0.093713 0.035000 0.180701
v 0.092521 0.025941 0.180701
v 0.089024 0.017500 0.180701
v 0.083462 0.010251 0.180701
v 0.076213 0.004689 0.180701
v 0.067772 0.001193 0.180701
v 0.067329 0.068807 0.183500
v 0.075357 0.065311 0.186109
v 0.082251 0.059749 0.188349
v 0.087541 0.052500 0.190067
v 0.090866 0.044059 0.191148
v 0.092000 0.035000 0.191516
v 0.090866 0.025941 0.191148
v 0.087541 0.017500 0.190067
v 0.082251 0.010251 0.188349
v 0.075357 0.004689 0.186109
v 0.067329 0.001193 0.183500
v 0.066042 0.068807 0.186025
v 0.072871 0.065311 0.190987
v 0.078735 0.059749 0.195248
v 0.083235 0.052500 0.198517
v 0.086064 0.044059 0.200572
v 0.087029 0.035000 0.201273
v 0.086064 0.025941 0.200572
v 0.083235 0.017500 0.198517
v 0.078735 0.010251 0.195248
v 0.072871 0.004689 0.190987
v 0.066042 0.001193 0.186025
v 0.064038 0.068807 0.188029
v 0.068999 0.065311 0.194859
v 0.073260 0.059749 0.200723
v 0.076530 0.052500 0.205223
v 0.078585 0.044059 0.208052
v 0.079286 0.035000 0.209016
v 0.078585 0.025941 0.208052
v 0.076530 0.017500 0.205223
v 0.073260 0.010251 0.200723
v 0.068999 0.004689 0.194859
v 0.064038 0.001193 0.188029
v 0.061513 0.068807 0.189316
v 0.064121 0.065311 0.197344
v 0.066361 0.059749 0.204238
v 0.068080 0.052500 0.209528
v 0.069160 0.044059 0.212853
v 0.069529 0.035000 0.213988
v 0.069160 0.025941 0.212853
v 0.068080 0.017500 0.209528
v 0.066361 0.010251 0.204238
v 0.064121 0.004689 0.197344
v 0.061513 0.001193 0.189316
v 0.058713 0.068807 0.189759
v 0.058713 0.065311 0.198201
v 0.058713 0.059749 0.205449
v 0.058713 0.052500 0.211012
v 0.058713 0.044059 0.214508
v 0.058713 0.035000 0.215701
v 0.058713 0.025941 0.214508
v 0.058713 0.017500 0.211012
v 0.058713 0.010251 0.205449
v 0.058713 0.004689 0.198201
v 0.058713 0.001193 0.189759
v 0.055914 0.068807 0.189316
v 0.053305 0.065311 0.197344
v 0.051065 0.059749 0.204238
v 0.049347 0.052500 0.209528
v 0.048266 0.044059 0.212854
v 0.047898 0.035000 0.213988
v 0.048266 0.025941 0.212854
v 0.049347 0.017500 0.209528
v 0.051065 0.010251 0.204238
v 0.053305 0.004689 0.197344
v 0.055914 0.001193 0.189316
v 0.053389 0.068807 0.188029
v 0.048427 0.065311 0.194859
v 0.044166 0.059749 0.200723
v 0.040897 0.052500 0.205223
v 0.038842 0.044059 0.208052
v 0.038141 0.035000 0.209016
v 0.038842 0.025941 0.208052
v 0.040897 0.017500 0.205223
v 0.044166 0.010251 0.200723
v 0.048427 0.004689 0.194859
v 0.053389 0.001193 0.188029
v 0.051385 0.068807 0.186025
v 0.044555 0.065311 0.190987
v 0.038691 0.059749 0.195248
v 0.034191 0.052500 0.198517
v 0.031362 0.044059 0.200572
v 0.030398 0.035000 0.201273
v 0.031362 0.025941 0.200572
v 0.034191 0.017500 0.198517
v 0.038691 0.010251 0.195248
v 0.044555 0.004689 0.190987
v 0.051385 0.001193 0.186025
v 0.058713 0.000000 0.180701
v 0.050098 0.068807 0.183500
v 0.042070 0.065311 0.186109
v 0.035176 0.059749 0.188349
v 0.029886 0.052500 0.190067
v 0.026560 0.044059 0.191148
v 0.025426 0.035000 0.191516
v 0.026560 0.025941 0.191148
v 0.029886 0.017500 0.190067
v 0.035176 0.010251 0.188349
v 0.042070 0.004689 0.186109
v 0.050098 0.001193 0.183500
v 0.049655 0.068807 0.180701
v 0.041213 0.065311 0.180701
v 0.033964 0.059749 0.180701
v 0.028402 0.052500 0.180701
v 0.024906 0.044059 0.180701
v 0.023713 0.035000 0.180701
v 0.024906 0.025941 0.180701
v 0.028402 0.017500 0.180701
v 0.033964 0.010251 0.180701
v 0.041213 0.004689 0.180701
v 0.049655 0.001193 0.180701
v 0.050098 0.068807 0.177901
v 0.042070 0.065311 0.175293
v 0.035176 0.059749 0.173053
v 0.029886 0.052500 0.171334
v 0.026560 0.044059 0.170254
v 0.025426 0.035000 0.169885
v 0.026560 0.025941 0.170254
v 0.029886 0.017500 0.171334
v 0.035176 0.010251 0.173053
v 0.042070 0.004689 0.175293
v 0.050098 0.001193 0.177901
v 0.051385 0.068807 0.175376
v 0.044555 0.065311 0.170414
v 0.038691 0.059749 0.166154
v 0.034191 0.052500 0.162884
v 0.031362 0.044059 0.160829
v 0.030398 0.035000 0.160128
v 0.031362 0.025941 0.160829
v 0.034191 0.017500 0.162884
v 0.038691 0.010251 0.166154
v 0.044555 0.004689 0.170414
v 0.051385 0.001193 0.175376
v 0.053389 0.068807 0.173372
v 0.048427 0.065311 0.166543
v 0.044166 0.059749 0.160679
v 0.040897 0.052500 0.156179
v 0.038842 0.044059 0.153350
v 0.038141 0.035000 0.152385
v 0.038842 0.025941 0.153350
v 0.040897 0.017500 0.156179
v 0.044166 0.010251 0.160679
v 0.048427 0.004689 0.166543
v 0.053389 0.001193 0.173372
v 0.055914 0.068807 0.172085
v 0.053305 0.065311 0.164057
v 0.051065 0.059749 0.157163
v 0.049347 0.052500 0.151873
v 0.048266 0.044059 0.148548
v 0.047898 0.035000 0.147414
v 0.048266 0.025941 0.148548
v 0.049347 0.017500 0.151873
v 0.051065 0.010251 0.157163
v 0.053305 0.004689 0.164057
v 0.055914 0.001193 0.172085
v 0.058713 0.068807 0.171642
v 0.058713 0.065311 0.163201
v 0.058713 0.059749 0.155952
v 0.058713 0.025941 0.146893
v 0.058713 0.010251 0.155952
v 0.058713 0.001193 0.171642
vn -0.0000 0.4945 -0.8692
vn -0.0000 0.2556 -0.9668
vn -0.0000 -0.0000 -1.0000
vn -0.0000 -0.4945 -0.8692
vn -0.0000 -0.8604 -0.5097
vn 0.0837 0.9626 -0.2577
vn 0.1575 0.8604 -0.4847
vn 0.2205 0.7007 -0.6786
vn 0.2686 0.4945 -0.8267
vn 0.2987 0.2556 -0.9195
vn 0.3090 -0.0000 -0.9511
vn 0.2988 -0.2556 -0.9195
vn 0.2686 -0.4945 -0.8267
vn 0.2205 -0.7007 -0.6786
vn 0.1575 -0.8604 -0.4847
vn 0.0837 -0.9626 -0.2577
vn 0.1592 0.9626 -0.2192
vn 0.2996 0.8604 -0.4123
vn 0.4194 0.7007 -0.5772
vn 0.5109 0.4945 -0.7032
vn 0.5683 0.2556 -0.7821
vn 0.5878 -0.0000 -0.8090
vn 0.5683 -0.2556 -0.7821
vn 0.5109 -0.4945 -0.7032
vn 0.4194 -0.7007 -0.5772
vn 0.2996 -0.8604 -0.4123
vn 0.1592 -0.9626 -0.2192
vn 0.2192 0.9626 -0.1592
vn 0.4123 0.8604 -0.2996
vn 0.5772 0.7007 -0.4194
vn 0.7032 0.4945 -0.5109
vn 0.7821 0.2556 -0.5683
vn 0.8090 -0.0000 -0.5878
vn 0.7821 -0.2556 -0.5683
vn 0.7032 -0.4945 -0.5109
vn 0.5772 -0.7007 -0.4194
vn 0.4123 -0.8604 -0.2996
vn 0.2192 -0.9626 -0.1592
vn -0.0000 1.0000 -0.0000
vn 0.2577 0.9626 -0.0837
vn 0.4847 0.8604 -0.1575
vn 0.6786 0.7007 -0.2205
vn 0.8267 0.4945 -0.2686
vn 0.9195 0.2556 -0.2987
vn 0.9511 -0.0000 -0.3090
vn 0.9195 -0.2556 -0.2987
vn 0.8267 -0.4945 -0.2686
vn 0.6786 -0.7007 -0.2205
vn 0.4847 -0.8604 -0.1575
vn 0.2577 -0.9626 -0.0837
vn 0.2709 0.9626 -0.0000
vn 0.5097 0.8604 -0.0000
vn 0.7135 0.7007 -0.0000
vn 0.8692 0.4945 -0.0000
vn 0.9668 0.2556 -0.0000
vn 1.0000 -0.0000 -0.0000
vn 0.9668 -0.2556 -0.0000
vn 0.8692 -0.4945 -0.0000
vn 0.7135 -0.7007 -0.0000
vn 0.5097 -0.8604 -0.0000
vn 0.2709 -0.9626 -0.0000
vn 0.2577 0.9626 0.0837
vn 0.4847 0.8604 0.1575
vn 0.6786 0.7007 0.2205
vn 0.8267 0.4945 0.2686
vn 0.9195 0.2556 0.2987
vn 0.9511 -0.0000 0.3090
vn 0.9195 -0.2556 0.2987
vn 0.8267 -0.4945 0.2686
vn 0.6786 -0.7007 0.2205
vn 0.4847 -0.8604 0.1575
vn 0.2577 -0.9626 0.0837
vn 0.2192 0.9626 0.1592
vn 0.4123 0.8604 0.2996
vn 0.5772 0.7007 0.4194
vn 0.7032 0.4945 0.5109
vn 0.7821 0.2556 0.5683
vn 0.8090 -0.0000 0.5878
vn 0.7821 -0.2556 0.5683
vn 0.7032 -0.4945 0.5109
vn 0.5772 -0.7007 0.4194
vn 0.4123 -0.8604 0.2996
vn 0.2192 -0.9626 0.1592
vn 0.1592 0.9626 0.2192
vn 0.2996 0.8604 0.4123
vn 0.4194 0.7007 0.5772
vn 0.5109 0.4945 0.7032
vn 0.5683 0.2556 0.7821
vn 0.5878 -0.0000 0.8090
vn 0.5683 -0.2556 0.7821
vn 0.5109 -0.4945 0.7032
vn 0.4194 -0.7007 0.5772
vn 0.2996 -0.8604 0.4123
vn 0.1592 -0.9626 0.2192
vn 0.0837 0.9626 0.2577
vn 0.1575 0.8604 0.4847
vn 0.2205 0.7007 0.6786
vn 0.2686 0.4945 0.8267
vn 0.2987 0.2556 0.9195
vn 0.3090 -0.0000 0.9511
vn 0.2987 -0.2556 0.9195
vn 0.2686 -0.4945 0.8267
vn 0.2205 -0.7007 0.6786
vn 0.1575 -0.8604 0.4847
vn 0.0837 -0.9626 0.2577
vn -0.0000 0.9626 0.2709
vn -0.0000 0.8604 0.5097
vn -0.0000 0.7007 0.7135
vn -0.0000 0.4945 0.8692
vn -0.0000 0.2556 0.9668
vn -0.0000 -0.0000 1.0000
vn -0.0000 -0.2556 0.9668
vn -0.0000 -0.4945 0.8692
vn -0.0000 -0.7007 0.7135
vn -0.0000 -0.8604 0.5097
vn -0.0000 -0.9626 0.2709
vn -0.0837 0.9626 0.2577
vn -0.1575 0.8604 0.4847
vn -0.2205 0.7007 0.6786
vn -0.2686 0.4945 0.8267
vn -0.2987 0.2556 0.9195
vn -0.3090 -0.0000 0.9511
vn -0.2987 -0.2556 0.9195
vn -0.2686 -0.4945 0.8267
vn -0.2205 -0.7007 0.6786
vn -0.1575 -0.8604 0.4847
vn -0.0837 -0.9626 0.2577
vn -0.1592 0.9626 0.2192
vn -0.2996 0.8604 0.4123
vn -0.4194 0.7007 0.5772
vn -0.5109 0.4945 0.7032
vn -0.5683 0.2556 0.7821
vn -0.5878 -0.0000 0.8090
vn -0.5683 -0.2556 0.7821
vn -0.5109 -0.4945 0.7032
vn -0.4194 -0.7007 0.5772
vn -0.2996 -0.8604 0.4123
vn -0.1592 -0.9626 0.2192
vn -0.2192 0.9626 0.1592
vn -0.4123 0.8604 0.2996
vn -0.5772 0.7007 0.4194
vn -0.7032 0.4945 0.5109
vn -0.7821 0.2556 0.5683
vn -0.8090 -0.0000 0.5878
vn -0.7821 -0.2556 0.5683
vn -0.7032 -0.4945 0.5109
vn -0.5772 -0.7007 0.4194
vn -0.4123 -0.8604 0.2996
vn -0.2192 -0.9626 0.1592
vn -0.0000 -1.0000 -0.0000
vn -0.2577 0.9626 0.0837
vn -0.4847 0.8604 0.1575
vn -0.6786 0.7007 0.2205
vn -0.8267 0.4945 0.2686
vn -0.9195 0.2556 0.2987
vn -0.9511 -0.0000 0.3090
vn -0.9195 -0.2556 0.2987
vn -0.8267 -0.4945 0.2686
vn -0.6786 -0.7007 0.2205
vn -0.4847 -0.8604 0.1575
vn -0.2577 -0.9626 0.0837
vn -0.2709 0.9626 -0.0000
vn -0.5097 0.8604 -0.0000
vn -0.7135 0.7007 -0.0000
vn -0.8692 0.4945 -0.0000
vn -0.9668 0.2556 -0.0000
vn -1.0000 -0.0000 -0.0000
vn -0.9668 -0.2556 -0.0000
vn -0.8692 -0.4945 -0.0000
vn -0.7135 -0.7007 -0.0000
vn -0.5097 -0.8604 -0.0000
vn -0.2709 -0.9626 -0.0000
vn -0.2577 0.9626 -0.0837
vn -0.4847 0.8604 -0.1575
vn -0.6786 0.7007 -0.2205
vn -0.8267 0.4945 -0.2686
vn -0.9195 0.2556 -0.2988
vn -0.9511 -0.0000 -0.3090
vn -0.9195 -0.2556 -0.2988
vn -0.8267 -0.4945 -0.2686
vn -0.6786 -0.7007 -0.2205
vn -0.4847 -0.8604 -0.1575
vn -0.2577 -0.9626 -0.0837
vn -0.2192 0.9626 -0.1592
vn -0.4123 0.8604 -0.2996
vn -0.5772 0.7007 -0.4194
vn -0.7032 0.4945 -0.5109
vn -0.7821 0.2556 -0.5683
vn -0.8090 -0.0000 -0.5878
vn -0.7821 -0.2556 -0.5683
vn -0.7032 -0.4945 -0.5109
vn -0.5772 -0.7007 -0.4194
vn -0.4123 -0.8604 -0.2996
vn -0.2192 -0.9626 -0.1592
vn -0.1592 0.9626 -0.2192
vn -0.2996 0.8604 -0.4123
vn -0.4194 0.7007 -0.5772
vn -0.5109 0.4945 -0.7032
vn -0.5683 0.2556 -0.7821
vn -0.5878 -0.0000 -0.8090
vn -0.5683 -0.2556 -0.7821
vn -0.5109 -0.4945 -0.7032
vn -0.4194 -0.7007 -0.5772
vn -0.2996 -0.8604 -0.4123
vn -0.1592 -0.9626 -0.2192
vn -0.0837 0.9626 -0.2577
vn -0.1575 0.8604 -0.4847
vn -0.2205 0.7007 -0.6786
vn -0.2686 0.4945 -0.8267
vn -0.2987 0.2556 -0.9195
vn -0.3090 -0.0000 -0.9511
vn -0.2987 -0.2556 -0.9195
vn -0.2686 -0.4945 -0.8267
vn -0.2205 -0.7007 -0.6786
vn -0.1575 -0.8604 -0.4847
vn -0.0837 -0.9626 -0.2577
vn -0.0000 0.9626 -0.2709
vn -0.0000 0.8604 -0.5097
vn -0.0000 0.7007 -0.7135
vn -0.0000 -0.2556 -0.9668
vn -0.0000 -0.7007 -0.7135
vn -0.0000 -0.9626 -0.2709
vt 0.750000 0.416667
vt 0.750000 0.500000
vt 0.700000 0.500000
vt 0.700000 0.416667
vt 0.750000 0.666667
vt 0.750000 0.750000
vt 0.700000 0.750000
vt 0.700000 0.666667
vt 0.750000 0.083333
vt 0.750000 0.166667
vt 0.700000 0.166667
vt 0.700000 0.083333
vt 0.750000 0.916667
vt 0.725000 1.000000
vt 0.700000 0.916667
vt 0.750000 0.333333
vt 0.700000 0.333333
vt 0.750000 0.583333
vt 0.700000 0.583333
vt 0.725000 0.000000
vt 0.750000 0.833333
vt 0.700000 0.833333
vt 0.750000 0.250000
vt 0.700000 0.250000
vt 0.650000 0.666667
vt 0.650000 0.583333
vt 0.675000 0.000000
vt 0.650000 0.083333
vt 0.650000 0.916667
vt 0.650000 0.833333
vt 0.650000 0.333333
vt 0.650000 0.250000
vt 0.650000 0.500000
vt 0.650000 0.750000
vt 0.650000 0.166667
vt 0.650000 0.416667
vt 0.675000 1.000000
vt 0.600000 0.750000
vt 0.600000 0.666667
vt 0.600000 0.166667
vt 0.600000 0.083333
vt 0.625000 1.000000
vt 0.600000 0.916667
vt 0.600000 0.416667
vt 0.600000 0.333333
vt 0.600000 0.583333
vt 0.625000 0.000000
vt 0.600000 0.833333
vt 0.600000 0.250000
vt 0.600000 0.500000
vt 0.550000 0.583333
vt 0.550000 0.500000
vt 0.550000 0.833333
vt 0.550000 0.750000
vt 0.550000 0.250000
vt 0.550000 0.166667
vt 0.550000 0.416667
vt 0.550000 0.666667
vt 0.550000 0.083333
vt 0.575000 1.000000
vt 0.550000 0.916667
vt 0.550000 0.333333
vt 0.575000 0.000000
vt 0.500000 0.666667
vt 0.500000 0.583333
vt 0.525000 0.000000
vt 0.500000 0.083333
vt 0.500000 0.916667
vt 0.500000 0.833333
vt 0.500000 0.333333
vt 0.500000 0.250000
vt 0.500000 0.500000
vt 0.500000 0.750000
vt 0.500000 0.166667
vt 0.500000 0.416667
vt 0.525000 1.000000
vt 0.450000 0.500000
vt 0.450000 0.416667
vt 0.450000 0.750000
vt 0.450000 0.666667
vt 0.450000 0.166667
vt 0.450000 0.083333
vt 0.475000 1.000000
vt 0.450000 0.916667
vt 0.450000 0.333333
vt 0.450000 0.583333
vt 0.475000 0.000000
vt 0.450000 0.833333
vt 0.450000 0.250000
vt 0.400000 0.583333
vt 0.400000 0.500000
vt 0.400000 0.833333
vt 0.400000 0.750000
vt 0.400000 0.250000
vt 0.400000 0.166667
vt 0.400000 0.416667
vt 0.400000 0.666667
vt 0.400000 0.083333
vt 0.425000 1.000000
vt 0.400000 0.916667
vt 0.400000 0.333333
vt 0.425000 0.000000
vt 0.350000 0.416667
vt 0.350000 0.333333
vt 0.350000 0.666667
vt 0.350000 0.583333
vt 0.375000 0.000000
vt 0.350000 0.083333
vt 0.350000 0.916667
vt 0.350000 0.833333
vt 0.350000 0.250000
vt 0.350000 0.500000
vt 0.350000 0.750000
vt 0.350000 0.166667
vt 0.375000 1.000000
vt 0.300000 0.500000
vt 0.300000 0.416667
vt 0.300000 0.750000
vt 0.300000 0.666667
vt 0.300000 0.166667
vt 0.300000 0.083333
vt 0.325000 1.000000
vt 0.300000 0.916667
vt 0.300000 0.333333
vt 0.300000 0.583333
vt 0.325000 0.000000
vt 0.300000 0.833333
vt 0.300000 0.250000
vt 0.250000 0.333333
vt 0.250000 0.250000
vt 0.250000 0.583333
vt 0.250000 0.500000
vt 0.250000 0.833333
vt 0.250000 0.750000
vt 0.250000 0.166667
vt 0.250000 0.416667
vt 0.250000 0.666667
vt 0.250000 0.083333
vt 0.275000 1.000000
vt 0.250000 0.916667
vt 0.275000 0.000000
vt 0.225000 1.000000
vt 0.200000 0.916667
vt 0.200000 0.416667
vt 0.200000 0.333333
vt 0.200000 0.666667
vt 0.200000 0.583333
vt 0.225000 0.000000
vt 0.200000 0.083333
vt 0.200000 0.833333
vt 0.200000 0.250000
vt 0.200000 0.500000
vt 0.200000 0.750000
vt 0.200000 0.166667
vt 0.150000 0.250000
vt 0.150000 0.166667
vt 0.150000 0.500000
vt 0.150000 0.416667
vt 0.150000 0.750000
vt 0.150000 0.666667
vt 0.150000 0.083333
vt 0.175000 1.000000
vt 0.150000 0.916667
vt 0.150000 0.333333
vt 0.150000 0.583333
vt 0.175000 0.000000
vt 0.150000 0.833333
vt 0.100000 0.916667
vt 0.100000 0.833333
vt 0.100000 0.333333
vt 0.100000 0.250000
vt 0.100000 0.583333
vt 0.100000 0.500000
vt 0.100000 0.750000
vt 0.100000 0.166667
vt 0.100000 0.416667
vt 0.100000 0.666667
vt 0.100000 0.083333
vt 0.125000 1.000000
vt 0.125000 0.000000
vt 0.050000 0.166667
vt 0.050000 0.083333
vt 0.075000 1.000000
vt 0.050000 0.916667
vt 0.050000 0.416667
vt 0.050000 0.333333
vt 0.050000 0.666667
vt 0.050000 0.583333
vt 0.075000 0.000000
vt 0.050000 0.833333
vt 0.050000 0.250000
vt 0.050000 0.500000
vt 0.050000 0.750000
vt 0.000000 0.833333
vt 0.000000 0.750000
vt 0.000000 0.250000
vt 0.000000 0.166667
vt 0.000000 0.500000
vt 0.000000 0.416667
vt 0.000000 0.666667
vt 0.000000 0.083333
vt 0.025000 1.000000
vt 0.000000 0.916667
vt 0.000000 0.333333
vt 0.000000 0.583333
vt 0.025000 0.000000
vt 0.975000 0.000000
vt 1.000000 0.083333
vt 0.950000 0.083333
vt 1.000000 0.833333
vt 1.000000 0.916667
vt 0.950000 0.916667
vt 0.950000 0.833333
vt 1.000000 0.250000
vt 1.000000 0.333333
vt 0.950000 0.333333
vt 0.950000 0.250000
vt 1.000000 0.500000
vt 1.000000 0.583333
vt 0.950000 0.583333
vt 0.950000 0.500000
vt 1.000000 0.750000
vt 0.950000 0.750000
vt 1.000000 0.166667
vt 0.950000 0.166667
vt 1.000000 0.416667
vt 0.950000 0.416667
vt 1.000000 0.666667
vt 0.950000 0.666667
vt 0.975000 1.000000
vt 0.900000 0.750000
vt 0.900000 0.666667
vt 0.900000 0.166667
vt 0.900000 0.083333
vt 0.925000 1.000000
vt 0.900000 0.916667
vt 0.900000 0.416667
vt 0.900000 0.333333
vt 0.900000 0.583333
vt 0.925000 0.000000
vt 0.900000 0.833333
vt 0.900000 0.250000
vt 0.900000 0.500000
vt 0.850000 0.833333
vt 0.850000 0.750000
vt 0.850000 0.250000
vt 0.850000 0.166667
vt 0.850000 0.500000
vt 0.850000 0.416667
vt 0.850000 0.666667
vt 0.850000 0.083333
vt 0.875000 1.000000
vt 0.850000 0.916667
vt 0.850000 0.333333
vt 0.850000 0.583333
vt 0.875000 0.000000
vt 0.800000 0.666667
vt 0.800000 0.583333
vt 0.825000 0.000000
vt 0.800000 0.083333
vt 0.800000 0.916667
vt 0.800000 0.833333
vt 0.800000 0.333333
vt 0.800000 0.250000
vt 0.800000 0.500000
vt 0.800000 0.750000
vt 0.800000 0.166667
vt 0.800000 0.416667
vt 0.825000 1.000000
vt 0.775000 1.000000
vt 0.775000 0.000000
s 1
usemtl M_Black_Rubber
f 1492/1657/1482 1275/1658/1265 1283/1659/1273 1284/1660/1274
f 1273/1661/1263 1491/1662/1481 1280/1663/1270 1281/1664/1271
f 1494/1665/1484 1277/1666/1267 1287/1667/1277 1288/1668/1278
f 1489/1669/1479 1311/1670/1301 1278/1671/1268
f 1276/1672/1266 1492/1657/1482 1284/1660/1274 1285/1673/1275
f 1274/1674/1264 1273/1661/1263 1281/1664/1271 1282/1675/1272
f 1422/1676/1412 1494/1665/1484 1288/1668/1278
f 1490/1677/1480 1489/1669/1479 1278/1671/1268 1279/1678/1269
f 1493/1679/1483 1276/1672/1266 1285/1673/1275 1286/1680/1276
f 1275/1658/1265 1274/1674/1264 1282/1675/1272 1283/1659/1273
f 1491/1662/1481 1490/1677/1480 1279/1678/1269 1280/1663/1270
f 1277/1666/1267 1493/1679/1483 1286/1680/1276 1287/1667/1277
f 1282/1675/1272 1281/1664/1271 1292/1681/1282 1293/1682/1283
f 1422/1683/1412 1288/1668/1278 1299/1684/1289
f 1279/1678/1269 1278/1671/1268 1289/1685/1279 1290/1686/1280
f 1286/1680/1276 1285/1673/1275 1296/1687/1286 1297/1688/1287
f 1283/1659/1273 1282/1675/1272 1293/1682/1283 1294/1689/1284
f 1280/1663/1270 1279/1678/1269 1290/1686/1280 1291/1690/1281
f 1287/1667/1277 1286/1680/1276 1297/1688/1287 1298/1691/1288
f 1284/1660/1274 1283/1659/1273 1294/1689/1284 1295/1692/1285
f 1281/1664/1271 1280/1663/1270 1291/1690/1281 1292/1681/1282
f 1288/1668/1278 1287/1667/1277 1298/1691/1288 1299/1684/1289
f 1278/1671/1268 1311/1693/1301 1289/1685/1279
f 1285/1673/1275 1284/1660/1274 1295/1692/1285 1296/1687/1286
f 1292/1681/1282 1291/1690/1281 1302/1694/1292 1303/1695/1293
f 1299/1684/1289 1298/1691/1288 1309/1696/1299 1310/1697/1300
f 1289/1685/1279 1311/1698/1301 1300/1699/1290
f 1296/1687/1286 1295/1692/1285 1306/1700/1296 1307/1701/1297
f 1293/1682/1283 1292/1681/1282 1303/1695/1293 1304/1702/1294
f 1422/1703/1412 1299/1684/1289 1310/1697/1300
f 1290/1686/1280 1289/1685/1279 1300/1699/1290 1301/1704/1291
f 1297/1688/1287 1296/1687/1286 1307/1701/1297 1308/1705/1298
f 1294/1689/1284 1293/1682/1283 1304/1702/1294 1305/1706/1295
f 1291/1690/1281 1290/1686/1280 1301/1704/1291 1302/1694/1292
f 1298/1691/1288 1297/1688/1287 1308/1705/1298 1309/1696/1299
f 1295/1692/1285 1294/1689/1284 1305/1706/1295 1306/1700/1296
f 1305/1706/1295 1304/1702/1294 1316/1707/1306 1317/1708/1307
f 1302/1694/1292 1301/1704/1291 1313/1709/1303 1314/1710/1304
f 1309/1696/1299 1308/1705/1298 1320/1711/1310 1321/1712/1311
f 1306/1700/1296 1305/1706/1295 1317/1708/1307 1318/1713/1308
f 1303/1695/1293 1302/1694/1292 1314/1710/1304 1315/1714/1305
f 1310/1697/1300 1309/1696/1299 1321/1712/1311 1322/1715/1312
f 1300/1699/1290 1311/1716/1301 1312/1717/1302
f 1307/1701/1297 1306/1700/1296 1318/1713/1308 1319/1718/1309
f 1304/1702/1294 1303/1695/1293 1315/1714/1305 1316/1707/1306
f 1422/1719/1412 1310/1697/1300 1322/1715/1312
f 1301/1704/1291 1300/1699/1290 1312/1717/1302 1313/1709/1303
f 1308/1705/1298 1307/1701/1297 1319/1718/1309 1320/1711/1310
f 1316/1707/1306 1315/1714/1305 1326/1720/1316 1327/1721/1317
f 1422/1722/1412 1322/1715/1312 1333/1723/1323
f 1313/1709/1303 1312/1717/1302 1323/1724/1313 1324/1725/1314
f 1320/1711/1310 1319/1718/1309 1330/1726/1320 1331/1727/1321
f 1317/1708/1307 1316/1707/1306 1327/1721/1317 1328/1728/1318
f 1314/1710/1304 1313/1709/1303 1324/1725/1314 1325/1729/1315
f 1321/1712/1311 1320/1711/1310 1331/1727/1321 1332/1730/1322
f 1318/1713/1308 1317/1708/1307 1328/1728/1318 1329/1731/1319
f 1315/1714/1305 1314/1710/1304 1325/1729/1315 1326/1720/1316
f 1322/1715/1312 1321/1712/1311 1332/1730/1322 1333/1723/1323
f 1312/1717/1302 1311/1732/1301 1323/1724/1313
f 1319/1718/1309 1318/1713/1308 1329/1731/1319 1330/1726/1320
f 1329/1731/1319 1328/1728/1318 1339/1733/1329 1340/1734/1330
f 1326/1720/1316 1325/1729/1315 1336/1735/1326 1337/1736/1327
f 1333/1723/1323 1332/1730/1322 1343/1737/1333 1344/1738/1334
f 1323/1724/1313 1311/1739/1301 1334/1740/1324
f 1330/1726/1320 1329/1731/1319 1340/1734/1330 1341/1741/1331
f 1327/1721/1317 1326/1720/1316 1337/1736/1327 1338/1742/1328
f 1422/1743/1412 1333/1723/1323 1344/1738/1334
f 1324/1725/1314 1323/1724/1313 1334/1740/1324 1335/1744/1325
f 1331/1727/1321 1330/1726/1320 1341/1741/1331 1342/1745/1332
f 1328/1728/1318 1327/1721/1317 1338/1742/1328 1339/1733/1329
f 1325/1729/1315 1324/1725/1314 1335/1744/1325 1336/1735/1326
f 1332/1730/1322 1331/1727/1321 1342/1745/1332 1343/1737/1333
f 1339/1733/1329 1338/1742/1328 1349/1746/1339 1350/1747/1340
f 1336/1735/1326 1335/1744/1325 1346/1748/1336 1347/1749/1337
f 1343/1737/1333 1342/1745/1332 1353/1750/1343 1354/1751/1344
f 1340/1734/1330 1339/1733/1329 1350/1747/1340 1351/1752/1341
f 1337/1736/1327 1336/1735/1326 1347/1749/1337 1348/1753/1338
f 1344/1738/1334 1343/1737/1333 1354/1751/1344 1355/1754/1345
f 1334/1740/1324 1311/1755/1301 1345/1756/1335
f 1341/1741/1331 1340/1734/1330 1351/1752/1341 1352/1757/1342
f 1338/1742/1328 1337/1736/1327 1348/1753/1338 1349/1746/1339
f 1422/1758/1412 1344/1738/1334 1355/1754/1345
f 1335/1744/1325 1334/1740/1324 1345/1756/1335 1346/1748/1336
f 1342/1745/1332 1341/1741/1331 1352/1757/1342 1353/1750/1343
f 1352/1757/1342 1351/1752/1341 1362/1759/1352 1363/1760/1353
f 1349/1746/1339 1348/1753/1338 1359/1761/1349 1360/1762/1350
f 1422/1763/1412 1355/1754/1345 1366/1764/1356
f 1346/1748/1336 1345/1756/1335 1356/1765/1346 1357/1766/1347
f 1353/1750/1343 1352/1757/1342 1363/1760/1353 1364/1767/1354
f 1350/1747/1340 1349/1746/1339 1360/1762/1350 1361/1768/1351
f 1347/1749/1337 1346/1748/1336 1357/1766/1347 1358/1769/1348
f 1354/1751/1344 1353/1750/1343 1364/1767/1354 1365/1770/1355
f 1351/1752/1341 1350/1747/1340 1361/1768/1351 1362/1759/1352
f 1348/1753/1338 1347/1749/1337 1358/1769/1348 1359/1761/1349
f 1355/1754/1345 1354/1751/1344 1365/1770/1355 1366/1764/1356
f 1345/1756/1335 1311/1771/1301 1356/1765/1346
f 1362/1759/1352 1361/1768/1351 1372/1772/1362 1373/1773/1363
f 1359/1761/1349 1358/1769/1348 1369/1774/1359 1370/1775/1360
f 1366/1764/1356 1365/1770/1355 1376/1776/1366 1377/1777/1367
f 1356/1765/1346 1311/1778/1301 1367/1779/1357
f 1363/1760/1353 1362/1759/1352 1373/1773/1363 1374/1780/1364
f 1360/1762/1350 1359/1761/1349 1370/1775/1360 1371/1781/1361
f 1422/1782/1412 1366/1764/1356 1377/1777/1367
f 1357/1766/1347 1356/1765/1346 1367/1779/1357 1368/1783/1358
f 1364/1767/1354 1363/1760/1353 1374/1780/1364 1375/1784/1365
f 1361/1768/1351 1360/1762/1350 1371/1781/1361 1372/1772/1362
f 1358/1769/1348 1357/1766/1347 1368/1783/1358 1369/1774/1359
f 1365/1770/1355 1364/1767/1354 1375/1784/1365 1376/1776/1366
f 1375/1784/1365 1374/1780/1364 1385/1785/1375 1386/1786/1376
f 1372/1772/1362 1371/1781/1361 1382/1787/1372 1383/1788/1373
f 1369/1774/1359 1368/1783/1358 1379/1789/1369 1380/1790/1370
f 1376/1776/1366 1375/1784/1365 1386/1786/1376 1387/1791/1377
f 1373/1773/1363 1372/1772/1362 1383/1788/1373 1384/1792/1374
f 1370/1775/1360 1369/1774/1359 1380/1790/1370 1381/1793/1371
f 1377/1777/1367 1376/1776/1366 1387/1791/1377 1388/1794/1378
f 1367/1779/1357 1311/1795/1301 1378/1796/1368
f 1374/1780/1364 1373/1773/1363 1384/1792/1374 1385/1785/1375
f 1371/1781/1361 1370/1775/1360 1381/1793/1371 1382/1787/1372
f 1422/1797/1412 1377/1777/1367 1388/1794/1378
f 1368/1783/1358 1367/1779/1357 1378/1796/1368 1379/1789/1369
f 1378/1796/1368 1311/1798/1301 1389/1799/1379
f 1385/1785/1375 1384/1792/1374 1395/1800/1385 1396/1801/1386
f 1382/1787/1372 1381/1793/1371 1392/1802/1382 1393/1803/1383
f 1422/1804/1412 1388/1794/1378 1399/1805/1389
f 1379/1789/1369 1378/1796/1368 1389/1799/1379 1390/1806/1380
f 1386/1786/1376 1385/1785/1375 1396/1801/1386 1397/1807/1387
f 1383/1788/1373 1382/1787/1372 1393/1803/1383 1394/1808/1384
f 1380/1790/1370 1379/1789/1369 1390/1806/1380 1391/1809/1381
f 1387/1791/1377 1386/1786/1376 1397/1807/1387 1398/1810/1388
f 1384/1792/1374 1383/1788/1373 1394/1808/1384 1395/1800/1385
f 1381/1793/1371 1380/1790/1370 1391/1809/1381 1392/1802/1382
f 1388/1794/1378 1387/1791/1377 1398/1810/1388 1399/1805/1389
f 1398/1810/1388 1397/1807/1387 1408/1811/1398 1409/1812/1399
f 1395/1800/1385 1394/1808/1384 1405/1813/1395 1406/1814/1396
f 1392/1802/1382 1391/1809/1381 1402/1815/1392 1403/1816/1393
f 1399/1805/1389 1398/1810/1388 1409/1812/1399 1410/1817/1400
f 1389/1799/1379 1311/1818/1301 1400/1819/1390
f 1396/1801/1386 1395/1800/1385 1406/1814/1396 1407/1820/1397
f 1393/1803/1383 1392/1802/1382 1403/1816/1393 1404/1821/1394
f 1422/1822/1412 1399/1805/1389 1410/1817/1400
f 1390/1806/1380 1389/1799/1379 1400/1819/1390 1401/1823/1391
f 1397/1807/1387 1396/1801/1386 1407/1820/1397 1408/1811/1398
f 1394/1808/1384 1393/1803/1383 1404/1821/1394 1405/1813/1395
f 1391/1809/1381 1390/1806/1380 1401/1823/1391 1402/1815/1392
f 1401/1823/1391 1400/1819/1390 1411/1824/1401 1412/1825/1402
f 1408/1811/1398 1407/1820/1397 1418/1826/1408 1419/1827/1409
f 1405/1813/1395 1404/1821/1394 1415/1828/1405 1416/1829/1406
f 1402/1815/1392 1401/1823/1391 1412/1825/1402 1413/1830/1403
f 1409/1812/1399 1408/1811/1398 1419/1827/1409 1420/1831/1410
f 1406/1814/1396 1405/1813/1395 1416/1829/1406 1417/1832/1407
f 1403/1816/1393 1402/1815/1392 1413/1830/1403 1414/1833/1404
f 1410/1817/1400 1409/1812/1399 1420/1831/1410 1421/1834/1411
f 1400/1819/1390 1311/1835/1301 1411/1824/1401
f 1407/1820/1397 1406/1814/1396 1417/1832/1407 1418/1826/1408
f 1404/1821/1394 1403/1816/1393 1414/1833/1404 1415/1828/1405
f 1422/1836/1412 1410/1817/1400 1421/1834/1411
f 1421/1834/1411 1420/1831/1410 1432/1837/1422 1433/1838/1423
f 1411/1824/1401 1311/1839/1301 1423/1840/1413
f 1418/1826/1408 1417/1832/1407 1429/1841/1419 1430/1842/1420
f 1415/1828/1405 1414/1833/1404 1426/1843/1416 1427/1844/1417
f 1422/1845/1412 1421/1834/1411 1433/1838/1423
f 1412/1825/1402 1411/1824/1401 1423/1840/1413 1424/1846/1414
f 1419/1827/1409 1418/1826/1408 1430/1842/1420 1431/1847/1421
f 1416/1829/1406 1415/1828/1405 1427/1844/1417 1428/1848/1418
f 1413/1830/1403 1412/1825/1402 1424/1846/1414 1425/1849/1415
f 1420/1831/1410 1419/1827/1409 1431/1847/1421 1432/1837/1422
f 1417/1832/1407 1416/1829/1406 1428/1848/1418 1429/1841/1419
f 1414/1833/1404 1413/1830/1403 1425/1849/1415 1426/1843/1416
f 1425/1849/1415 1424/1846/1414 1435/1850/1425 1436/1851/1426
f 1432/1837/1422 1431/1847/1421 1442/1852/1432 1443/1853/1433
f 1429/1841/1419 1428/1848/1418 1439/1854/1429 1440/1855/1430
f 1426/1843/1416 1425/1849/1415 1436/1851/1426 1437/1856/1427
f 1433/1838/1423 1432/1837/1422 1443/1853/1433 1444/1857/1434
f 1423/1840/1413 1311/1858/1301 1434/1859/1424
f 1430/1842/1420 1429/1841/1419 1440/1855/1430 1441/1860/1431
f 1427/1844/1417 1426/1843/1416 1437/1856/1427 1438/1861/1428
f 1422/1862/1412 1433/1838/1423 1444/1857/1434
f 1424/1846/1414 1423/1840/1413 1434/1859/1424 1435/1850/1425
f 1431/1847/1421 1430/1842/1420 1441/1860/1431 1442/1852/1432
f 1428/1848/1418 1427/1844/1417 1438/1861/1428 1439/1854/1429
f 1422/1863/1412 1444/1864/1434 1455/1865/1445
f 1435/1866/1425 1434/1867/1424 1445/1868/1435 1446/1869/1436
f 1442/1870/1432 1441/1871/1431 1452/1872/1442 1453/1873/1443
f 1439/1874/1429 1438/1875/1428 1449/1876/1439 1450/1877/1440
f 1436/1878/1426 1435/1866/1425 1446/1869/1436 1447/1879/1437
f 1443/1880/1433 1442/1870/1432 1453/1873/1443 1454/1881/1444
f 1440/1882/1430 1439/1874/1429 1450/1877/1440 1451/1883/1441
f 1437/1884/1427 1436/1878/1426 1447/1879/1437 1448/1885/1438
f 1444/1864/1434 1443/1880/1433 1454/1881/1444 1455/1865/1445
f 1434/1867/1424 1311/1886/1301 1445/1868/1435
f 1441/1871/1431 1440/1882/1430 1451/1883/1441 1452/1872/1442
f 1438/1875/1428 1437/1884/1427 1448/1885/1438 1449/1876/1439
f 1448/1885/1438 1447/1879/1437 1458/1887/1448 1459/1888/1449
f 1455/1865/1445 1454/1881/1444 1465/1889/1455 1466/1890/1456
f 1445/1868/1435 1311/1891/1301 1456/1892/1446
f 1452/1872/1442 1451/1883/1441 1462/1893/1452 1463/1894/1453
f 1449/1876/1439 1448/1885/1438 1459/1888/1449 1460/1895/1450
f 1422/1896/1412 1455/1865/1445 1466/1890/1456
f 1446/1869/1436 1445/1868/1435 1456/1892/1446 1457/1897/1447
f 1453/1873/1443 1452/1872/1442 1463/1894/1453 1464/1898/1454
f 1450/1877/1440 1449/1876/1439 1460/1895/1450 1461/1899/1451
f 1447/1879/1437 1446/1869/1436 1457/1897/1447 1458/1887/1448
f 1454/1881/1444 1453/1873/1443 1464/1898/1454 1465/1889/1455
f 1451/1883/1441 1450/1877/1440 1461/1899/1451 1462/1893/1452
f 1458/1887/1448 1457/1897/1447 1468/1900/1458 1469/1901/1459
f 1465/1889/1455 1464/1898/1454 1475/1902/1465 1476/1903/1466
f 1462/1893/1452 1461/1899/1451 1472/1904/1462 1473/1905/1463
f 1459/1888/1449 1458/1887/1448 1469/1901/1459 1470/1906/1460
f 1466/1890/1456 1465/1889/1455 1476/1903/1466 1477/1907/1467
f 1456/1892/1446 1311/1908/1301 1467/1909/1457
f 1463/1894/1453 1462/1893/1452 1473/1905/1463 1474/1910/1464
f 1460/1895/1450 1459/1888/1449 1470/1906/1460 1471/1911/1461
f 1422/1912/1412 1466/1890/1456 1477/1907/1467
f 1457/1897/1447 1456/1892/1446 1467/1909/1457 1468/1900/1458
f 1464/1898/1454 1463/1894/1453 1474/1910/1464 1475/1902/1465
f 1461/1899/1451 1460/1895/1450 1471/1911/1461 1472/1904/1462
f 1471/1911/1461 1470/1906/1460 1481/1913/1471 1482/1914/1472
f 1422/1915/1412 1477/1907/1467 1488/1916/1478
f 1468/1900/1458 1467/1909/1457 1478/1917/1468 1479/1918/1469
f 1475/1902/1465 1474/1910/1464 1485/1919/1475 1486/1920/1476
f 1472/1904/1462 1471/1911/1461 1482/1914/1472 1483/1921/1473
f 1469/1901/1459 1468/1900/1458 1479/1918/1469 1480/1922/1470
f 1476/1903/1466 1475/1902/1465 1486/1920/1476 1487/1923/1477
f 1473/1905/1463 1472/1904/1462 1483/1921/1473 1484/1924/1474
f 1470/1906/1460 1469/1901/1459 1480/1922/1470 1481/1913/1471
f 1477/1907/1467 1476/1903/1466 1487/1923/1477 1488/1916/1478
f 1467/1909/1457 1311/1925/1301 1478/1917/1468
f 1474/1910/1464 1473/1905/1463 1484/1924/1474 1485/1919/1475
f 1481/1913/1471 1480/1922/1470 1491/1662/1481 1273/1661/1263
f 1488/1916/1478 1487/1923/1477 1277/1666/1267 1494/1665/1484
f 1478/1917/1468 1311/1926/1301 1489/1669/1479
f 1485/1919/1475 1484/1924/1474 1492/1657/1482 1276/1672/1266
f 1482/1914/1472 1481/1913/1471 1273/1661/1263 1274/1674/1264
f 1422/1927/1412 1488/1916/1478 1494/1665/1484
f 1479/1918/1469 1478/1917/1468 1489/1669/1479 1490/1677/1480
f 1486/1920/1476 1485/1919/1475 1276/1672/1266 1493/1679/1483
f 1483/1921/1473 1482/1914/1472 1274/1674/1264 1275/1658/1265
f 1480/1922/1470 1479/1918/1469 1490/1677/1480 1491/1662/1481
f 1487/1923/1477 1486/1920/1476 1493/1679/1483 1277/1666/1267
f 1484/1924/1474 1483/1921/1473 1275/1658/1265 1492/1657/1482
