# Blender 4.5.11 LTS
# www.blender.org
mtllib DeskLamp.mtl
o Base
v 0.000000 0.000000 -0.180000
v 0.000000 0.040000 -0.180000
v 0.040054 0.000000 -0.175487
v 0.040054 0.040000 -0.175487
v 0.078099 0.000000 -0.162174
v 0.078099 0.040000 -0.162174
v 0.112228 0.000000 -0.140730
v 0.112228 0.040000 -0.140730
v 0.140730 0.000000 -0.112228
v 0.140730 0.040000 -0.112228
v 0.162174 0.000000 -0.078099
v 0.162174 0.040000 -0.078099
v 0.175487 0.000000 -0.040054
v 0.175487 0.040000 -0.040054
v 0.180000 0.000000 0.000000
v 0.180000 0.040000 0.000000
v 0.175487 0.000000 0.040054
v 0.175487 0.040000 0.040054
v 0.162174 0.000000 0.078099
v 0.162174 0.040000 0.078099
v 0.140730 0.000000 0.112228
v 0.140730 0.040000 0.112228
v 0.112228 0.000000 0.140730
v 0.112228 0.040000 0.140730
v 0.078099 0.000000 0.162174
v 0.078099 0.040000 0.162174
v 0.040054 0.000000 0.175487
v 0.040054 0.040000 0.175487
v 0.000000 0.000000 0.180000
v 0.000000 0.040000 0.180000
v -0.040054 0.000000 0.175487
v -0.040054 0.040000 0.175487
v -0.078099 0.000000 0.162174
v -0.078099 0.040000 0.162174
v -0.112228 0.000000 0.140730
v -0.112228 0.040000 0.140730
v -0.140730 0.000000 0.112228
v -0.140730 0.040000 0.112228
v -0.162174 0.000000 0.078099
v -0.162174 0.040000 0.078099
v -0.175487 0.000000 0.040054
v -0.175487 0.040000 0.040054
v -0.180000 0.000000 0.000000
v -0.180000 0.040000 0.000000
v -0.175487 0.000000 -0.040054
v -0.175487 0.040000 -0.040054
v -0.162174 0.000000 -0.078099
v -0.162174 0.040000 -0.078099
v -0.140730 0.000000 -0.112228
v -0.140730 0.040000 -0.112228
v -0.112228 0.000000 -0.140730
v -0.112228 0.040000 -0.140730
v -0.078099 0.000000 -0.162174
v -0.078099 0.040000 -0.162174
v -0.040054 0.000000 -0.175487
v -0.040054 0.040000 -0.175487
vn -0.0000 -0.6828 -0.7306
vn -0.0000 0.6828 -0.7306
vn 0.1626 -0.6828 -0.7123
vn 0.1626 0.6828 -0.7123
vn 0.3170 -0.6828 -0.6583
vn 0.3170 0.6828 -0.6583
vn 0.4555 -0.6828 -0.5712
vn 0.4555 0.6828 -0.5712
vn 0.5712 -0.6828 -0.4555
vn 0.5712 0.6828 -0.4555
vn 0.6583 -0.6828 -0.3170
vn 0.6583 0.6828 -0.3170
vn 0.7123 -0.6828 -0.1626
vn 0.7123 0.6828 -0.1626
vn 0.7306 -0.6828 -0.0000
vn 0.7306 0.6828 -0.0000
vn 0.7123 -0.6828 0.1626
vn 0.7123 0.6828 0.1626
vn 0.6583 -0.6828 0.3170
vn 0.6583 0.6828 0.3170
vn 0.5712 -0.6828 0.4555
vn 0.5712 0.6828 0.4555
vn 0.4555 -0.6828 0.5712
vn 0.4555 0.6828 0.5712
vn 0.3170 -0.6828 0.6583
vn 0.3170 0.6828 0.6583
vn 0.1626 -0.6828 0.7123
vn 0.1626 0.6828 0.7123
vn -0.0000 -0.6828 0.7306
vn -0.0000 0.6828 0.7306
vn -0.1626 -0.6828 0.7123
vn -0.1626 0.6828 0.7123
vn -0.3170 -0.6828 0.6583
vn -0.3170 0.6828 0.6583
vn -0.4555 -0.6828 0.5712
vn -0.4555 0.6828 0.5712
vn -0.5712 -0.6828 0.4555
vn -0.5712 0.6828 0.4555
vn -0.6583 -0.6828 0.3170
vn -0.6583 0.6828 0.3170
vn -0.7123 -0.6828 0.1626
vn -0.7123 0.6828 0.1626
vn -0.7306 -0.6828 -0.0000
vn -0.7306 0.6828 -0.0000
vn -0.7123 -0.6828 -0.1626
vn -0.7123 0.6828 -0.1626
vn -0.6583 -0.6828 -0.3170
vn -0.6583 0.6828 -0.3170
vn -0.5712 -0.6828 -0.4555
vn -0.5712 0.6828 -0.4555
vn -0.4555 -0.6828 -0.5712
vn -0.4555 0.6828 -0.5712
vn -0.3170 -0.6828 -0.6583
vn -0.3170 0.6828 -0.6583
vn -0.1626 -0.6828 -0.7123
vn -0.1626 0.6828 -0.7123
vt 1.000000 0.500000
vt 1.000000 1.000000
vt 0.964286 1.000000
vt 0.964286 0.500000
vt 0.928571 1.000000
vt 0.928571 0.500000
vt 0.892857 1.000000
vt 0.892857 0.500000
vt 0.857143 1.000000
vt 0.857143 0.500000
vt 0.821429 1.000000
vt 0.821429 0.500000
vt 0.785714 1.000000
vt 0.785714 0.500000
vt 0.750000 1.000000
vt 0.750000 0.500000
vt 0.714286 1.000000
vt 0.714286 0.500000
vt 0.678572 1.000000
vt 0.678572 0.500000
vt 0.642857 1.000000
vt 0.642857 0.500000
vt 0.607143 1.000000
vt 0.607143 0.500000
vt 0.571429 1.000000
vt 0.571429 0.500000
vt 0.535715 1.000000
vt 0.535715 0.500000
vt 0.500000 1.000000
vt 0.500000 0.500000
vt 0.464286 1.000000
vt 0.464286 0.500000
vt 0.428572 1.000000
vt 0.428572 0.500000
vt 0.392857 1.000000
vt 0.392857 0.500000
vt 0.357143 1.000000
vt 0.357143 0.500000
vt 0.321429 1.000000
vt 0.321429 0.500000
vt 0.285714 1.000000
vt 0.285714 0.500000
vt 0.250000 1.000000
vt 0.250000 0.500000
vt 0.214286 1.000000
vt 0.214286 0.500000
vt 0.178572 1.000000
vt 0.178572 0.500000
vt 0.142857 1.000000
vt 0.142857 0.500000
vt 0.107143 1.000000
vt 0.107143 0.500000
vt 0.071429 1.000000
vt 0.071429 0.500000
vt 0.303405 0.483983
vt 0.250000 0.490000
vt 0.196595 0.483983
vt 0.145868 0.466233
vt 0.100362 0.437640
vt 0.062360 0.399638
vt 0.033767 0.354132
vt 0.016017 0.303405
vt 0.010000 0.250000
vt 0.016017 0.196595
vt 0.033767 0.145868
vt 0.062360 0.100362
vt 0.100362 0.062360
vt 0.145868 0.033767
vt 0.196595 0.016017
vt 0.250000 0.010000
vt 0.303405 0.016017
vt 0.354132 0.033767
vt 0.399638 0.062360
vt 0.437640 0.100362
vt 0.466233 0.145868
vt 0.483983 0.196595
vt 0.490000 0.250000
vt 0.483983 0.303405
vt 0.466233 0.354132
vt 0.437640 0.399638
vt 0.399638 0.437640
vt 0.354132 0.466233
vt 0.035714 1.000000
vt 0.035714 0.500000
vt 0.000000 1.000000
vt 0.000000 0.500000
vt 0.750000 0.490000
vt 0.803405 0.483983
vt 0.854132 0.466233
vt 0.899638 0.437640
vt 0.937640 0.399638
vt 0.966233 0.354132
vt 0.983983 0.303405
vt 0.990000 0.250000
vt 0.983983 0.196595
vt 0.966233 0.145868
vt 0.937640 0.100362
vt 0.899638 0.062360
vt 0.854132 0.033767
vt 0.803405 0.016017
vt 0.750000 0.010000
vt 0.696595 0.016017
vt 0.645868 0.033767
vt 0.600362 0.062360
vt 0.562360 0.100362
vt 0.533767 0.145868
vt 0.516017 0.196595
vt 0.510000 0.250000
vt 0.516017 0.303405
vt 0.533767 0.354132
vt 0.562360 0.399638
vt 0.600362 0.437640
vt 0.645868 0.466233
vt 0.696595 0.483983
s 1
usemtl M_Graphite
f 1/1/1 2/2/2 4/3/4 3/4/3
f 3/4/3 4/3/4 6/5/6 5/6/5
f 5/6/5 6/5/6 8/7/8 7/8/7
f 7/8/7 8/7/8 10/9/10 9/10/9
f 9/10/9 10/9/10 12/11/12 11/12/11
f 11/12/11 12/11/12 14/13/14 13/14/13
f 13/14/13 14/13/14 16/15/16 15/16/15
f 15/16/15 16/15/16 18/17/18 17/18/17
f 17/18/17 18/17/18 20/19/20 19/20/19
f 19/20/19 20/19/20 22/21/22 21/22/21
f 21/22/21 22/21/22 24/23/24 23/24/23
f 23/24/23 24/23/24 26/25/26 25/26/25
f 25/26/25 26/25/26 28/27/28 27/28/27
f 27/28/27 28/27/28 30/29/30 29/30/29
f 29/30/29 30/29/30 32/31/32 31/32/31
f 31/32/31 32/31/32 34/33/34 33/34/33
f 33/34/33 34/33/34 36/35/36 35/36/35
f 35/36/35 36/35/36 38/37/38 37/38/37
f 37/38/37 38/37/38 40/39/40 39/40/39
f 39/40/39 40/39/40 42/41/42 41/42/41
f 41/42/41 42/41/42 44/43/44 43/44/43
f 43/44/43 44/43/44 46/45/46 45/46/45
f 45/46/45 46/45/46 48/47/48 47/48/47
f 47/48/47 48/47/48 50/49/50 49/50/49
f 49/50/49 50/49/50 52/51/52 51/52/51
f 51/52/51 52/51/52 54/53/54 53/54/53
f 4/55/4 2/56/2 56/57/56 54/58/54 52/59/52 50/60/50 48/61/48 46/62/46 44/63/44 42/64/42 40/65/40 38/66/38 36/67/36 34/68/34 32/69/32 30/70/30 28/71/28 26/72/26 24/73/24 22/74/22 20/75/20 18/76/18 16/77/16 14/78/14 12/79/12 10/80/10 8/81/8 6/82/6
f 53/54/53 54/53/54 56/83/56 55/84/55
f 55/84/55 56/83/56 2/85/2 1/86/1
f 1/87/1 3/88/3 5/89/5 7/90/7 9/91/9 11/92/11 13/93/13 15/94/15 17/95/17 19/96/19 21/97/21 23/98/23 25/99/25 27/100/27 29/101/29 31/102/31 33/103/33 35/104/35 37/105/37 39/106/39 41/107/41 43/108/43 45/109/45 47/110/47 49/111/49 51/112/51 53/113/53 55/114/55
o Arm
v -0.020225 0.050000 0.014695
v -0.007725 0.050000 0.023776
v 0.007725 0.050000 0.023776
v 0.020225 0.050000 0.014695
v 0.025000 0.050000 -0.000000
v 0.020225 0.050000 -0.014695
v 0.007725 0.050000 -0.023776
v -0.007725 0.050000 -0.023776
v -0.020225 0.050000 -0.014695
v -0.025000 0.050000 0.000000
v -0.021712 0.096218 0.014695
v -0.009235 0.096975 0.023776
v 0.006188 0.097910 0.023776
v 0.018665 0.098666 0.014695
v 0.023431 0.098955 -0.000000
v 0.018665 0.098666 -0.014695
v 0.006188 0.097910 -0.023776
v -0.009235 0.096975 -0.023776
v -0.021712 0.096218 -0.014695
v -0.026478 0.095929 0.000000
v -0.025642 0.140220 0.014695
v -0.013218 0.141595 0.023776
v 0.002139 0.143294 0.023776
v 0.014563 0.144668 0.014695
v 0.019309 0.145193 -0.000000
v 0.014563 0.144668 -0.014695
v 0.002139 0.143294 -0.023776
v -0.013218 0.141595 -0.023776
v -0.025642 0.140220 -0.014695
v -0.030388 0.139695 0.000000
v -0.031235 0.182527 0.014695
v -0.018863 0.184317 0.023776
v -0.003572 0.186530 0.023776
v 0.008799 0.188320 0.014695
v 0.013525 0.189003 -0.000000
v 0.008799 0.188320 -0.014695
v -0.003572 0.186530 -0.023776
v -0.018863 0.184317 -0.023776
v -0.031235 0.182527 -0.014695
v -0.035960 0.181843 0.000000
v -0.037699 0.223607 0.014695
v -0.025356 0.225578 0.023776
v -0.010098 0.228014 0.023776
v 0.002246 0.229985 0.014695
v 0.006961 0.230737 -0.000000
v 0.002246 0.229985 -0.014695
v -0.010098 0.228014 -0.023776
v -0.025356 0.225578 -0.023776
v -0.037699 0.223607 -0.014695
v -0.042414 0.222855 0.000000
v -0.044228 0.263920 0.014695
v -0.031872 0.265811 0.023776
v -0.016599 0.268148 0.023776
v -0.004243 0.270039 0.014695
v 0.000477 0.270761 -0.000000
v -0.004243 0.270039 -0.014695
v -0.016599 0.268148 -0.023776
v -0.031872 0.265811 -0.023776
v -0.044228 0.263920 -0.014695
v -0.048948 0.263198 0.000000
v -0.049987 0.303914 0.014695
v -0.037581 0.305445 0.023776
v -0.022247 0.307337 0.023776
v -0.009841 0.308868 0.014695
v -0.005102 0.309453 -0.000000
v -0.009841 0.308868 -0.014695
v -0.022247 0.307337 -0.023776
v -0.037581 0.305445 -0.023776
v -0.049987 0.303914 -0.014695
v -0.054726 0.303329 0.000000
v -0.054105 0.344019 0.014695
v -0.041636 0.344902 0.023776
v -0.026224 0.345993 0.023776
v -0.013755 0.346876 0.014695
v -0.008992 0.347214 -0.000000
v -0.013755 0.346876 -0.014695
v -0.026224 0.345993 -0.023776
v -0.041636 0.344902 -0.023776
v -0.054105 0.344019 -0.014695
v -0.058868 0.343682 0.000000
v -0.055679 0.384632 0.014695
v -0.043179 0.384591 0.023776
v -0.027728 0.384541 0.023776
v -0.015228 0.384500 0.014695
v -0.010454 0.384485 -0.000000
v -0.015228 0.384500 -0.014695
v -0.027728 0.384541 -0.023776
v -0.043179 0.384591 -0.023776
v -0.055679 0.384632 -0.014695
v -0.060453 0.384647 0.000000
v -0.053786 0.426097 0.014695
v -0.041343 0.424902 0.023776
v -0.025963 0.423425 0.023776
v -0.013520 0.422230 0.014695
v -0.008768 0.421774 -0.000000
v -0.013520 0.422230 -0.014695
v -0.025963 0.423425 -0.023776
v -0.041343 0.424902 -0.023776
v -0.053786 0.426097 -0.014695
v -0.058539 0.426553 0.000000
v -0.047516 0.468695 0.014695
v -0.035268 0.466199 0.023776
v -0.020128 0.463115 0.023776
v -0.007880 0.460619 0.014695
v -0.003201 0.459666 -0.000000
v -0.007880 0.460619 -0.014695
v -0.020128 0.463115 -0.023776
v -0.035268 0.466199 -0.023776
v -0.047516 0.468695 -0.014695
v -0.052195 0.469648 0.000000
v -0.036008 0.512666 0.014695
v -0.024110 0.508833 0.023776
v -0.009404 0.504094 0.023776
v 0.002494 0.500261 0.014695
v 0.007038 0.498797 -0.000000
v 0.002494 0.500261 -0.014695
v -0.009404 0.504094 -0.023776
v -0.024110 0.508833 -0.023776
v -0.036008 0.512666 -0.014695
v -0.040553 0.514130 0.000000
v -0.018460 0.558265 0.014695
v -0.007051 0.553157 0.023776
v 0.007051 0.546843 0.023776
v 0.018460 0.541735 0.014695
v 0.022817 0.539784 -0.000000
v 0.018460 0.541735 -0.014695
v 0.007051 0.546843 -0.023776
v -0.007051 0.553157 -0.023776
v -0.018460 0.558265 -0.014695
v -0.022817 0.560216 0.000000
v -0.001446 0.591381 0.014695
v 0.009337 0.585060 0.023776
v 0.022666 0.577245 0.023776
v 0.033450 0.570923 0.014695
v 0.037569 0.568509 -0.000000
v 0.033450 0.570923 -0.014695
v 0.022666 0.577245 -0.023776
v 0.009337 0.585060 -0.023776
v -0.001446 0.591381 -0.014695
v -0.005565 0.593796 0.000000
v 0.017732 0.620277 0.014695
v 0.027751 0.612802 0.023776
v 0.040135 0.603563 0.023776
v 0.050154 0.596088 0.014695
v 0.053981 0.593233 -0.000000
v 0.050154 0.596088 -0.014695
v 0.040135 0.603563 -0.023776
v 0.027751 0.612802 -0.023776
v 0.017732 0.620277 -0.014695
v 0.013905 0.623132 0.000000
v 0.038791 0.645494 0.014695
v 0.047970 0.637009 0.023776
v 0.059314 0.626520 0.023776
v 0.068493 0.618034 0.014695
v 0.071999 0.614792 -0.000000
v 0.068493 0.618034 -0.014695
v 0.059314 0.626520 -0.023776
v 0.047970 0.637009 -0.023776
v 0.038791 0.645494 -0.014695
v 0.035285 0.648736 0.000000
v 0.061397 0.667614 0.014695
v 0.069752 0.658317 0.023776
v 0.080080 0.646825 0.023776
v 0.088436 0.637528 0.014695
v 0.091627 0.633977 -0.000000
v 0.088436 0.637528 -0.014695
v 0.080080 0.646825 -0.023776
v 0.069752 0.658317 -0.023776
v 0.061397 0.667614 -0.014695
v 0.058205 0.671165 0.000000
v 0.085213 0.687278 0.014695
v 0.092859 0.677389 0.023776
v 0.102310 0.665165 0.023776
v 0.109955 0.655276 0.014695
v 0.112876 0.651499 -0.000000
v 0.109955 0.655276 -0.014695
v 0.102310 0.665165 -0.023776
v 0.092859 0.677389 -0.023776
v 0.085213 0.687278 -0.014695
v 0.082293 0.691055 0.000000
v 0.109943 0.705179 0.014695
v 0.117063 0.694906 0.023776
v 0.125865 0.682207 0.023776
v 0.132985 0.671933 0.014695
v 0.135705 0.668009 -0.000000
v 0.132985 0.671933 -0.014695
v 0.125865 0.682207 -0.023776
v 0.117063 0.694906 -0.023776
v 0.109943 0.705179 -0.014695
v 0.107223 0.709103 0.000000
v 0.135340 0.722033 0.014695
v 0.142159 0.711557 0.023776
v 0.150588 0.698608 0.023776
v 0.157407 0.688131 0.014695
v 0.160012 0.684130 -0.000000
v 0.157407 0.688131 -0.014695
v 0.150588 0.698608 -0.023776
v 0.142159 0.711557 -0.023776
v 0.135340 0.722033 -0.014695
v 0.132735 0.726035 0.000000
v 0.161207 0.738551 0.014695
v 0.167959 0.728031 0.023776
v 0.176303 0.715027 0.023776
v 0.183054 0.704507 0.014695
v 0.185633 0.700489 -0.000000
v 0.183054 0.704507 -0.014695
v 0.176303 0.715027 -0.023776
v 0.167959 0.728031 -0.023776
v 0.161207 0.738551 -0.014695
v 0.158629 0.742569 0.000000
v 0.187383 0.755431 0.014695
v 0.194287 0.745010 0.023776
v 0.202821 0.732130 0.023776
v 0.209725 0.721710 0.014695
v 0.212362 0.717730 -0.000000
v 0.209725 0.721710 -0.014695
v 0.202821 0.732130 -0.023776
v 0.194287 0.745010 -0.023776
v 0.187383 0.755431 -0.014695
v 0.184746 0.759411 0.000000
v 0.213732 0.773357 0.014695
v 0.220981 0.763173 0.023776
v 0.229942 0.750586 0.023776
v 0.237191 0.740403 0.014695
v 0.239960 0.736514 -0.000000
v 0.237191 0.740403 -0.014695
v 0.229942 0.750587 -0.023776
v 0.220981 0.763174 -0.023776
v 0.213732 0.773357 -0.014695
v 0.210962 0.777246 0.000000
v 0.240138 0.793006 0.014695
v 0.247884 0.783195 0.023776
v 0.257458 0.771068 0.023776
v 0.265203 0.761258 0.014695
v 0.268162 0.757510 -0.000000
v 0.265203 0.761258 -0.014695
v 0.257458 0.771068 -0.023776
v 0.247884 0.783195 -0.023776
v 0.240138 0.793006 -0.014695
v 0.237179 0.796754 0.000000
v 0.266530 0.815087 0.014695
v 0.274855 0.805763 0.023776
v 0.285145 0.794237 0.023776
v 0.293470 0.784913 0.014695
v 0.296650 0.781352 -0.000000
v 0.293470 0.784913 -0.014695
v 0.285145 0.794237 -0.023776
v 0.274855 0.805763 -0.023776
v 0.266530 0.815087 -0.014695
v 0.263350 0.818648 0.000000
vn -0.8065 -0.0259 0.5906
vn -0.3033 -0.0097 0.9529
vn 0.3147 0.0101 0.9491
vn 0.8109 0.0260 0.5846
vn 0.9995 0.0320 -0.0000
vn 0.8109 0.0260 -0.5846
vn 0.3147 0.0101 -0.9491
vn -0.3033 -0.0097 -0.9529
vn -0.8065 -0.0259 -0.5906
vn -0.9995 -0.0321 -0.0000
vn -0.8056 -0.0489 0.5905
vn -0.3034 -0.0184 0.9527
vn 0.3135 0.0190 0.9494
vn 0.8094 0.0490 0.5851
vn 0.9982 0.0604 -0.0000
vn 0.8094 0.0490 -0.5851
vn 0.3135 0.0190 -0.9494
vn -0.3034 -0.0184 -0.9527
vn -0.8056 -0.0489 -0.5905
vn -0.9982 -0.0606 -0.0000
vn -0.8027 -0.0889 0.5898
vn -0.3034 -0.0336 0.9523
vn 0.3109 0.0344 0.9498
vn 0.8055 0.0891 0.5858
vn 0.9939 0.1099 -0.0000
vn 0.8055 0.0891 -0.5858
vn 0.3109 0.0344 -0.9498
vn -0.3034 -0.0336 -0.9523
vn -0.8027 -0.0889 -0.5898
vn -0.9939 -0.1100 -0.0000
vn -0.7998 -0.1158 0.5889
vn -0.3037 -0.0440 0.9518
vn 0.3080 0.0446 0.9503
vn 0.8015 0.1159 0.5866
vn 0.9897 0.1431 -0.0000
vn 0.8015 0.1159 -0.5866
vn 0.3080 0.0446 -0.9503
vn -0.3037 -0.0440 -0.9518
vn -0.7998 -0.1158 -0.5889
vn -0.9897 -0.1433 -0.0000
vn -0.7988 -0.1275 0.5880
vn -0.3048 -0.0487 0.9512
vn 0.3056 0.0488 0.9509
vn 0.7991 0.1276 0.5876
vn 0.9875 0.1576 -0.0000
vn 0.7991 0.1276 -0.5876
vn 0.3056 0.0488 -0.9509
vn -0.3048 -0.0487 -0.9512
vn -0.7988 -0.1275 -0.5880
vn -0.9875 -0.1577 -0.0000
vn -0.8003 -0.1224 0.5870
vn -0.3070 -0.0470 0.9505
vn 0.3039 0.0465 0.9516
vn 0.7991 0.1223 0.5886
vn 0.9885 0.1513 -0.0000
vn 0.7991 0.1223 -0.5886
vn 0.3039 0.0465 -0.9516
vn -0.3070 -0.0470 -0.9505
vn -0.8003 -0.1224 -0.5870
vn -0.9885 -0.1512 -0.0000
vn -0.8043 -0.0992 0.5859
vn -0.3103 -0.0383 0.9499
vn 0.3031 0.0374 0.9522
vn 0.8015 0.0990 0.5897
vn 0.9925 0.1226 -0.0000
vn 0.8015 0.0990 -0.5897
vn 0.3031 0.0374 -0.9522
vn -0.3103 -0.0383 -0.9499
vn -0.8043 -0.0992 -0.5859
vn -0.9925 -0.1223 -0.0000
vn -0.8091 -0.0572 0.5848
vn -0.3139 -0.0222 0.9492
vn 0.3026 0.0215 0.9529
vn 0.8048 0.0571 0.5908
vn 0.9975 0.0708 -0.0000
vn 0.8048 0.0571 -0.5908
vn 0.3026 0.0215 -0.9529
vn -0.3139 -0.0222 -0.9492
vn -0.8091 -0.0572 -0.5848
vn -0.9975 -0.0704 -0.0000
vn -0.8118 0.0028 0.5839
vn -0.3165 0.0011 0.9486
vn 0.3015 -0.0009 0.9535
vn 0.8061 -0.0025 0.5918
vn 1.0000 -0.0030 -0.0000
vn 0.8061 -0.0025 -0.5918
vn 0.3015 -0.0009 -0.9535
vn -0.3165 0.0011 -0.9486
vn -0.8118 0.0028 -0.5839
vn -1.0000 0.0035 -0.0000
vn -0.8086 0.0778 0.5831
vn -0.3164 0.0304 0.9481
vn 0.2986 -0.0286 0.9539
vn 0.8019 -0.0769 0.5925
vn 0.9954 -0.0954 -0.0000
vn 0.8019 -0.0769 -0.5925
vn 0.2986 -0.0286 -0.9539
vn -0.3164 0.0304 -0.9481
vn -0.8086 0.0778 -0.5831
vn -0.9954 0.0957 -0.0000
vn -0.7963 0.1623 0.5827
vn -0.3123 0.0636 0.9479
vn 0.2931 -0.0597 0.9542
vn 0.7890 -0.1607 0.5930
vn 0.9799 -0.1996 -0.0000
vn 0.7890 -0.1607 -0.5930
vn 0.2931 -0.0597 -0.9542
vn -0.3123 0.0636 -0.9479
vn -0.7963 0.1623 -0.5827
vn -0.9799 0.1997 -0.0000
vn -0.7736 0.2492 0.5826
vn -0.3035 0.0978 0.9478
vn 0.2846 -0.0917 0.9542
vn 0.7664 -0.2469 0.5931
vn 0.9518 -0.3067 -0.0000
vn 0.7664 -0.2469 -0.5931
vn 0.2846 -0.0917 -0.9542
vn -0.3035 0.0978 -0.9478
vn -0.7736 0.2492 -0.5826
vn -0.9518 0.3067 -0.0000
vn -0.7417 0.3321 0.5828
vn -0.2907 0.1302 0.9479
vn 0.2733 -0.1224 0.9541
vn 0.7350 -0.3291 0.5928
vn 0.9127 -0.4086 -0.0000
vn 0.7350 -0.3291 -0.5928
vn 0.2733 -0.1224 -0.9541
vn -0.2907 0.1302 -0.9479
vn -0.7417 0.3321 -0.5828
vn -0.9127 0.4087 -0.0000
vn -0.7011 0.4110 0.5826
vn -0.2751 0.1613 0.9478
vn 0.2580 -0.1512 0.9542
vn 0.6946 -0.4072 0.5931
vn 0.8627 -0.5057 -0.0000
vn 0.6946 -0.4072 -0.5931
vn 0.2580 -0.1512 -0.9542
vn -0.2751 0.1613 -0.9478
vn -0.7011 0.4110 -0.5826
vn -0.8627 0.5058 -0.0000
vn -0.6514 0.4859 0.5827
vn -0.2555 0.1906 0.9479
vn 0.2398 -0.1789 0.9542
vn 0.6453 -0.4815 0.5930
vn 0.8015 -0.5981 -0.0000
vn 0.6453 -0.4815 -0.5930
vn 0.2398 -0.1789 -0.9542
vn -0.2555 0.1906 -0.9479
vn -0.6514 0.4859 -0.5827
vn -0.8016 0.5979 -0.0000
vn -0.5966 0.5514 0.5831
vn -0.2334 0.2158 0.9481
vn 0.2203 -0.2037 0.9539
vn 0.5914 -0.5470 0.5925
vn 0.7341 -0.6791 -0.0000
vn 0.5914 -0.5470 -0.5925
vn 0.2203 -0.2037 -0.9539
vn -0.2334 0.2158 -0.9481
vn -0.5966 0.5514 -0.5831
vn -0.7344 0.6787 -0.0000
vn -0.5428 0.6037 0.5839
vn -0.2116 0.2353 0.9486
vn 0.2015 -0.2243 0.9535
vn 0.5387 -0.5997 0.5918
vn 0.6682 -0.7440 -0.0000
vn 0.5387 -0.5997 -0.5918
vn 0.2015 -0.2243 -0.9535
vn -0.2116 0.2353 -0.9486
vn -0.5428 0.6037 -0.5839
vn -0.6686 0.7436 -0.0000
vn -0.4963 0.6416 0.5848
vn -0.1925 0.2489 0.9492
vn 0.1855 -0.2400 0.9529
vn 0.4934 -0.6384 0.5908
vn 0.6114 -0.7913 -0.0000
vn 0.4934 -0.6384 -0.5908
vn 0.1855 -0.2400 -0.9529
vn -0.1925 0.2489 -0.9492
vn -0.4963 0.6416 -0.5848
vn -0.6119 0.7910 -0.0000
vn -0.4617 0.6660 0.5859
vn -0.1781 0.2569 0.9499
vn 0.1739 -0.2510 0.9522
vn 0.4600 -0.6639 0.5897
vn 0.5695 -0.8220 -0.0000
vn 0.4600 -0.6639 -0.5897
vn 0.1739 -0.2510 -0.9522
vn -0.1781 0.2569 -0.9499
vn -0.4617 0.6660 -0.5859
vn -0.5698 0.8218 -0.0000
vn -0.4417 0.6785 0.5870
vn -0.1694 0.2603 0.9505
vn 0.1677 -0.2577 0.9516
vn 0.4410 -0.6776 0.5886
vn 0.5455 -0.8381 -0.0000
vn 0.4410 -0.6776 -0.5886
vn 0.1677 -0.2577 -0.9516
vn -0.1694 0.2603 -0.9505
vn -0.4417 0.6785 -0.5870
vn -0.5456 0.8381 -0.0000
vn -0.4369 0.6808 0.5880
vn -0.1667 0.2597 0.9512
vn 0.1671 -0.2604 0.9509
vn 0.4370 -0.6810 0.5876
vn 0.5401 -0.8416 -0.0000
vn 0.4370 -0.6810 -0.5876
vn 0.1671 -0.2604 -0.9509
vn -0.1667 0.2597 -0.9512
vn -0.4369 0.6808 -0.5880
vn -0.5401 0.8416 -0.0000
vn -0.4463 0.6738 0.5889
vn -0.1695 0.2558 0.9518
vn 0.1719 -0.2594 0.9503
vn 0.4474 -0.6751 0.5866
vn 0.5524 -0.8336 -0.0000
vn 0.4474 -0.6751 -0.5866
vn 0.1719 -0.2594 -0.9503
vn -0.1695 0.2558 -0.9518
vn -0.4463 0.6738 -0.5889
vn -0.5523 0.8337 -0.0000
vn -0.4683 0.6579 0.5898
vn -0.1770 0.2487 0.9523
vn 0.1814 -0.2548 0.9498
vn 0.4701 -0.6602 0.5858
vn 0.5800 -0.8146 -0.0000
vn 0.4701 -0.6602 -0.5858
vn 0.1814 -0.2548 -0.9498
vn -0.1770 0.2487 -0.9523
vn -0.4683 0.6579 -0.5898
vn -0.5799 0.8147 -0.0000
vn -0.5000 0.6335 0.5905
vn -0.1883 0.2386 0.9527
vn 0.1946 -0.2465 0.9494
vn 0.5025 -0.6364 0.5851
vn 0.6197 -0.7848 -0.0000
vn 0.5025 -0.6364 -0.5851
vn 0.1946 -0.2465 -0.9494
vn -0.1883 0.2386 -0.9527
vn -0.5000 0.6335 -0.5905
vn -0.6196 0.7849 -0.0000
vn -0.5178 0.6189 0.5906
vn -0.1947 0.2327 0.9529
vn 0.2020 -0.2414 0.9491
vn 0.5207 -0.6222 0.5846
vn 0.6418 -0.7669 -0.0000
vn 0.5207 -0.6222 -0.5846
vn 0.2020 -0.2414 -0.9491
vn -0.1947 0.2327 -0.9529
vn -0.5178 0.6189 -0.5906
vn -0.6417 0.7670 -0.0000
vt 0.000000 1.000000
vt 0.041667 1.000000
vt 0.041667 0.900000
vt 0.000000 0.900000
vt 0.000000 0.100000
vt 0.041667 0.100000
vt 0.041667 0.000000
vt 0.000000 0.000000
vt 0.000000 0.200000
vt 0.041667 0.200000
vt 0.000000 0.300000
vt 0.041667 0.300000
vt 0.000000 0.400000
vt 0.041667 0.400000
vt 0.000000 0.500000
vt 0.041667 0.500000
vt 0.000000 0.600000
vt 0.041667 0.600000
vt 0.000000 0.700000
vt 0.041667 0.700000
vt 0.000000 0.800000
vt 0.041667 0.800000
vt 0.083333 1.000000
vt 0.083333 0.900000
vt 0.083333 0.100000
vt 0.083333 0.000000
vt 0.083333 0.200000
vt 0.083333 0.300000
vt 0.083333 0.400000
vt 0.083333 0.500000
vt 0.083333 0.600000
vt 0.083333 0.700000
vt 0.083333 0.800000
vt 0.125000 1.000000
vt 0.125000 0.900000
vt 0.125000 0.100000
vt 0.125000 0.000000
vt 0.125000 0.200000
vt 0.125000 0.300000
vt 0.125000 0.400000
vt 0.125000 0.500000
vt 0.125000 0.600000
vt 0.125000 0.700000
vt 0.125000 0.800000
vt 0.166667 1.000000
vt 0.166667 0.900000
vt 0.166667 0.100000
vt 0.166667 0.000000
vt 0.166667 0.200000
vt 0.166667 0.300000
vt 0.166667 0.400000
vt 0.166667 0.500000
vt 0.166667 0.600000
vt 0.166667 0.700000
vt 0.166667 0.800000
vt 0.208333 1.000000
vt 0.208333 0.900000
vt 0.208333 0.100000
vt 0.208333 0.000000
vt 0.208333 0.200000
vt 0.208333 0.300000
vt 0.208333 0.400000
vt 0.208333 0.500000
vt 0.208333 0.600000
vt 0.208333 0.700000
vt 0.208333 0.800000
vt 0.250000 1.000000
vt 0.250000 0.900000
vt 0.250000 0.100000
vt 0.250000 0.000000
vt 0.250000 0.200000
vt 0.250000 0.300000
vt 0.250000 0.400000
vt 0.250000 0.500000
vt 0.250000 0.600000
vt 0.250000 0.700000
vt 0.250000 0.800000
vt 0.291667 1.000000
vt 0.291667 0.900000
vt 0.291667 0.100000
vt 0.291667 0.000000
vt 0.291667 0.200000
vt 0.291667 0.300000
vt 0.291667 0.400000
vt 0.291667 0.500000
vt 0.291667 0.600000
vt 0.291667 0.700000
vt 0.291667 0.800000
vt 0.333333 1.000000
vt 0.333333 0.900000
vt 0.333333 0.100000
vt 0.333333 0.000000
vt 0.333333 0.200000
vt 0.333333 0.300000
vt 0.333333 0.400000
vt 0.333333 0.500000
vt 0.333333 0.600000
vt 0.333333 0.700000
vt 0.333333 0.800000
vt 0.375000 1.000000
vt 0.375000 0.900000
vt 0.375000 0.100000
vt 0.375000 0.000000
vt 0.375000 0.200000
vt 0.375000 0.300000
vt 0.375000 0.400000
vt 0.375000 0.500000
vt 0.375000 0.600000
vt 0.375000 0.700000
vt 0.375000 0.800000
vt 0.416667 1.000000
vt 0.416667 0.900000
vt 0.416667 0.100000
vt 0.416667 0.000000
vt 0.416667 0.200000
vt 0.416667 0.300000
vt 0.416667 0.400000
vt 0.416667 0.500000
vt 0.416667 0.600000
vt 0.416667 0.700000
vt 0.416667 0.800000
vt 0.458333 1.000000
vt 0.458333 0.900000
vt 0.458333 0.100000
vt 0.458333 0.000000
vt 0.458333 0.200000
vt 0.458333 0.300000
vt 0.458333 0.400000
vt 0.458333 0.500000
vt 0.458333 0.600000
vt 0.458333 0.700000
vt 0.458333 0.800000
vt 0.500000 1.000000
vt 0.500000 0.900000
vt 0.500000 0.100000
vt 0.500000 0.000000
vt 0.500000 0.200000
vt 0.500000 0.300000
vt 0.500000 0.400000
vt 0.500000 0.500000
vt 0.500000 0.600000
vt 0.500000 0.700000
vt 0.500000 0.800000
vt 0.541667 1.000000
vt 0.541667 0.900000
vt 0.541667 0.100000
vt 0.541667 0.000000
vt 0.541667 0.200000
vt 0.541667 0.300000
vt 0.541667 0.400000
vt 0.541667 0.500000
vt 0.541667 0.600000
vt 0.541667 0.700000
vt 0.541667 0.800000
vt 0.583333 1.000000
vt 0.583333 0.900000
vt 0.583333 0.100000
vt 0.583333 0.000000
vt 0.583333 0.200000
vt 0.583333 0.300000
vt 0.583333 0.400000
vt 0.583333 0.500000
vt 0.583333 0.600000
vt 0.583333 0.700000
vt 0.583333 0.800000
vt 0.625000 1.000000
vt 0.625000 0.900000
vt 0.625000 0.100000
vt 0.625000 0.000000
vt 0.625000 0.200000
vt 0.625000 0.300000
vt 0.625000 0.400000
vt 0.625000 0.500000
vt 0.625000 0.600000
vt 0.625000 0.700000
vt 0.625000 0.800000
vt 0.666667 1.000000
vt 0.666667 0.900000
vt 0.666667 0.100000
vt 0.666667 0.000000
vt 0.666667 0.200000
vt 0.666667 0.300000
vt 0.666667 0.400000
vt 0.666667 0.500000
vt 0.666667 0.600000
vt 0.666667 0.700000
vt 0.666667 0.800000
vt 0.708333 1.000000
vt 0.708333 0.900000
vt 0.708333 0.100000
vt 0.708333 0.000000
vt 0.708333 0.200000
vt 0.708333 0.300000
vt 0.708333 0.400000
vt 0.708333 0.500000
vt 0.708333 0.600000
vt 0.708333 0.700000
vt 0.708333 0.800000
vt 0.750000 1.000000
vt 0.750000 0.900000
vt 0.750000 0.100000
vt 0.750000 0.000000
vt 0.750000 0.200000
vt 0.750000 0.300000
vt 0.750000 0.400000
vt 0.750000 0.500000
vt 0.750000 0.600000
vt 0.750000 0.700000
vt 0.750000 0.800000
vt 0.791667 1.000000
vt 0.791667 0.900000
vt 0.791667 0.100000
vt 0.791667 0.000000
vt 0.791667 0.200000
vt 0.791667 0.300000
vt 0.791667 0.400000
vt 0.791667 0.500000
vt 0.791667 0.600000
vt 0.791667 0.700000
vt 0.791667 0.800000
vt 0.833333 1.000000
vt 0.833333 0.900000
vt 0.833333 0.100000
vt 0.833333 0.000000
vt 0.833333 0.200000
vt 0.833333 0.300000
vt 0.833333 0.400000
vt 0.833333 0.500000
vt 0.833333 0.600000
vt 0.833333 0.700000
vt 0.833333 0.800000
vt 0.875000 1.000000
vt 0.875000 0.900000
vt 0.875000 0.100000
vt 0.875000 0.000000
vt 0.875000 0.200000
vt 0.875000 0.300000
vt 0.875000 0.400000
vt 0.875000 0.500000
vt 0.875000 0.600000
vt 0.875000 0.700000
vt 0.875000 0.800000
vt 0.916667 1.000000
vt 0.916667 0.900000
vt 0.916667 0.100000
vt 0.916667 0.000000
vt 0.916667 0.200000
vt 0.916667 0.300000
vt 0.916667 0.400000
vt 0.916667 0.500000
vt 0.916667 0.600000
vt 0.916667 0.700000
vt 0.916667 0.800000
vt 0.958333 1.000000
vt 0.958333 0.900000
vt 0.958333 0.100000
vt 0.958333 0.000000
vt 0.958333 0.200000
vt 0.958333 0.300000
vt 0.958333 0.400000
vt 0.958333 0.500000
vt 0.958333 0.600000
vt 0.958333 0.700000
vt 0.958333 0.800000
vt 1.000000 1.000000
vt 1.000000 0.900000
vt 1.000000 0.100000
vt 1.000000 0.000000
vt 1.000000 0.200000
vt 1.000000 0.300000
vt 1.000000 0.400000
vt 1.000000 0.500000
vt 1.000000 0.600000
vt 1.000000 0.700000
vt 1.000000 0.800000
s 1
usemtl M_Brushed_Metal
f 57/115/57 67/116/67 76/117/76 66/118/66
f 58/119/58 68/120/68 67/121/67 57/122/57
f 59/123/59 69/124/69 68/120/68 58/119/58
f 60/125/60 70/126/70 69/124/69 59/123/59
f 61/127/61 71/128/71 70/126/70 60/125/60
f 62/129/62 72/130/72 71/128/71 61/127/61
f 63/131/63 73/132/73 72/130/72 62/129/62
f 64/133/64 74/134/74 73/132/73 63/131/63
f 65/135/65 75/136/75 74/134/74 64/133/64
f 66/118/66 76/117/76 75/136/75 65/135/65
f 67/116/67 77/137/77 86/138/86 76/117/76
f 68/120/68 78/139/78 77/140/77 67/121/67
f 69/124/69 79/141/79 78/139/78 68/120/68
f 70/126/70 80/142/80 79/141/79 69/124/69
f 71/128/71 81/143/81 80/142/80 70/126/70
f 72/130/72 82/144/82 81/143/81 71/128/71
f 73/132/73 83/145/83 82/144/82 72/130/72
f 74/134/74 84/146/84 83/145/83 73/132/73
f 75/136/75 85/147/85 84/146/84 74/134/74
f 76/117/76 86/138/86 85/147/85 75/136/75
f 77/137/77 87/148/87 96/149/96 86/138/86
f 78/139/78 88/150/88 87/151/87 77/140/77
f 79/141/79 89/152/89 88/150/88 78/139/78
f 80/142/80 90/153/90 89/152/89 79/141/79
f 81/143/81 91/154/91 90/153/90 80/142/80
f 82/144/82 92/155/92 91/154/91 81/143/81
f 83/145/83 93/156/93 92/155/92 82/144/82
f 84/146/84 94/157/94 93/156/93 83/145/83
f 85/147/85 95/158/95 94/157/94 84/146/84
f 86/138/86 96/149/96 95/158/95 85/147/85
f 87/148/87 97/159/97 106/160/106 96/149/96
f 88/150/88 98/161/98 97/162/97 87/151/87
f 89/152/89 99/163/99 98/161/98 88/150/88
f 90/153/90 100/164/100 99/163/99 89/152/89
f 91/154/91 101/165/101 100/164/100 90/153/90
f 92/155/92 102/166/102 101/165/101 91/154/91
f 93/156/93 103/167/103 102/166/102 92/155/92
f 94/157/94 104/168/104 103/167/103 93/156/93
f 95/158/95 105/169/105 104/168/104 94/157/94
f 96/149/96 106/160/106 105/169/105 95/158/95
f 97/159/97 107/170/107 116/171/116 106/160/106
f 98/161/98 108/172/108 107/173/107 97/162/97
f 99/163/99 109/174/109 108/172/108 98/161/98
f 100/164/100 110/175/110 109/174/109 99/163/99
f 101/165/101 111/176/111 110/175/110 100/164/100
f 102/166/102 112/177/112 111/176/111 101/165/101
f 103/167/103 113/178/113 112/177/112 102/166/102
f 104/168/104 114/179/114 113/178/113 103/167/103
f 105/169/105 115/180/115 114/179/114 104/168/104
f 106/160/106 116/171/116 115/180/115 105/169/105
f 107/170/107 117/181/117 126/182/126 116/171/116
f 108/172/108 118/183/118 117/184/117 107/173/107
f 109/174/109 119/185/119 118/183/118 108/172/108
f 110/175/110 120/186/120 119/185/119 109/174/109
f 111/176/111 121/187/121 120/186/120 110/175/110
f 112/177/112 122/188/122 121/187/121 111/176/111
f 113/178/113 123/189/123 122/188/122 112/177/112
f 114/179/114 124/190/124 123/189/123 113/178/113
f 115/180/115 125/191/125 124/190/124 114/179/114
f 116/171/116 126/182/126 125/191/125 115/180/115
f 117/181/117 127/192/127 136/193/136 126/182/126
f 118/183/118 128/194/128 127/195/127 117/184/117
f 119/185/119 129/196/129 128/194/128 118/183/118
f 120/186/120 130/197/130 129/196/129 119/185/119
f 121/187/121 131/198/131 130/197/130 120/186/120
f 122/188/122 132/199/132 131/198/131 121/187/121
f 123/189/123 133/200/133 132/199/132 122/188/122
f 124/190/124 134/201/134 133/200/133 123/189/123
f 125/191/125 135/202/135 134/201/134 124/190/124
f 126/182/126 136/193/136 135/202/135 125/191/125
f 127/192/127 137/203/137 146/204/146 136/193/136
f 128/194/128 138/205/138 137/206/137 127/195/127
f 129/196/129 139/207/139 138/205/138 128/194/128
f 130/197/130 140/208/140 139/207/139 129/196/129
f 131/198/131 141/209/141 140/208/140 130/197/130
f 132/199/132 142/210/142 141/209/141 131/198/131
f 133/200/133 143/211/143 142/210/142 132/199/132
f 134/201/134 144/212/144 143/211/143 133/200/133
f 135/202/135 145/213/145 144/212/144 134/201/134
f 136/193/136 146/204/146 145/213/145 135/202/135
f 137/203/137 147/214/147 156/215/156 146/204/146
f 138/205/138 148/216/148 147/217/147 137/206/137
f 139/207/139 149/218/149 148/216/148 138/205/138
f 140/208/140 150/219/150 149/218/149 139/207/139
f 141/209/141 151/220/151 150/219/150 140/208/140
f 142/210/142 152/221/152 151/220/151 141/209/141
f 143/211/143 153/222/153 152/221/152 142/210/142
f 144/212/144 154/223/154 153/222/153 143/211/143
f 145/213/145 155/224/155 154/223/154 144/212/144
f 146/204/146 156/215/156 155/224/155 145/213/145
f 147/214/147 157/225/157 166/226/166 156/215/156
f 148/216/148 158/227/158 157/228/157 147/217/147
f 149/218/149 159/229/159 158/227/158 148/216/148
f 150/219/150 160/230/160 159/229/159 149/218/149
f 151/220/151 161/231/161 160/230/160 150/219/150
f 152/221/152 162/232/162 161/231/161 151/220/151
f 153/222/153 163/233/163 162/232/162 152/221/152
f 154/223/154 164/234/164 163/233/163 153/222/153
f 155/224/155 165/235/165 164/234/164 154/223/154
f 156/215/156 166/226/166 165/235/165 155/224/155
f 157/225/157 167/236/167 176/237/176 166/226/166
f 158/227/158 168/238/168 167/239/167 157/228/157
f 159/229/159 169/240/169 168/238/168 158/227/158
f 160/230/160 170/241/170 169/240/169 159/229/159
f 161/231/161 171/242/171 170/241/170 160/230/160
f 162/232/162 172/243/172 171/242/171 161/231/161
f 163/233/163 173/244/173 172/243/172 162/232/162
f 164/234/164 174/245/174 173/244/173 163/233/163
f 165/235/165 175/246/175 174/245/174 164/234/164
f 166/226/166 176/237/176 175/246/175 165/235/165
f 167/236/167 177/247/177 186/248/186 176/237/176
f 168/238/168 178/249/178 177/250/177 167/239/167
f 169/240/169 179/251/179 178/249/178 168/238/168
f 170/241/170 180/252/180 179/251/179 169/240/169
f 171/242/171 181/253/181 180/252/180 170/241/170
f 172/243/172 182/254/182 181/253/181 171/242/171
f 173/244/173 183/255/183 182/254/182 172/243/172
f 174/245/174 184/256/184 183/255/183 173/244/173
f 175/246/175 185/257/185 184/256/184 174/245/174
f 176/237/176 186/248/186 185/257/185 175/246/175
f 177/247/177 187/258/187 196/259/196 186/248/186
f 178/249/178 188/260/188 187/261/187 177/250/177
f 179/251/179 189/262/189 188/260/188 178/249/178
f 180/252/180 190/263/190 189/262/189 179/251/179
f 181/253/181 191/264/191 190/263/190 180/252/180
f 182/254/182 192/265/192 191/264/191 181/253/181
f 183/255/183 193/266/193 192/265/192 182/254/182
f 184/256/184 194/267/194 193/266/193 183/255/183
f 185/257/185 195/268/195 194/267/194 184/256/184
f 186/248/186 196/259/196 195/268/195 185/257/185
f 187/258/187 197/269/197 206/270/206 196/259/196
f 188/260/188 198/271/198 197/272/197 187/261/187
f 189/262/189 199/273/199 198/271/198 188/260/188
f 190/263/190 200/274/200 199/273/199 189/262/189
f 191/264/191 201/275/201 200/274/200 190/263/190
f 192/265/192 202/276/202 201/275/201 191/264/191
f 193/266/193 203/277/203 202/276/202 192/265/192
f 194/267/194 204/278/204 203/277/203 193/266/193
f 195/268/195 205/279/205 204/278/204 194/267/194
f 196/259/196 206/270/206 205/279/205 195/268/195
f 197/269/197 207/280/207 216/281/216 206/270/206
f 198/271/198 208/282/208 207/283/207 197/272/197
f 199/273/199 209/284/209 208/282/208 198/271/198
f 200/274/200 210/285/210 209/284/209 199/273/199
f 201/275/201 211/286/211 210/285/210 200/274/200
f 202/276/202 212/287/212 211/286/211 201/275/201
f 203/277/203 213/288/213 212/287/212 202/276/202
f 204/278/204 214/289/214 213/288/213 203/277/203
f 205/279/205 215/290/215 214/289/214 204/278/204
f 206/270/206 216/281/216 215/290/215 205/279/205
f 207/280/207 217/291/217 226/292/226 216/281/216
f 208/282/208 218/293/218 217/294/217 207/283/207
f 209/284/209 219/295/219 218/293/218 208/282/208
f 210/285/210 220/296/220 219/295/219 209/284/209
f 211/286/211 221/297/221 220/296/220 210/285/210
f 212/287/212 222/298/222 221/297/221 211/286/211
f 213/288/213 223/299/223 222/298/222 212/287/212
f 214/289/214 224/300/224 223/299/223 213/288/213
f 215/290/215 225/301/225 224/300/224 214/289/214
f 216/281/216 226/292/226 225/301/225 215/290/215
f 217/291/217 227/302/227 236/303/236 226/292/226
f 218/293/218 228/304/228 227/305/227 217/294/217
f 219/295/219 229/306/229 228/304/228 218/293/218
f 220/296/220 230/307/230 229/306/229 219/295/219
f 221/297/221 231/308/231 230/307/230 220/296/220
f 222/298/222 232/309/232 231/308/231 221/297/221
f 223/299/223 233/310/233 232/309/232 222/298/222
f 224/300/224 234/311/234 233/310/233 223/299/223
f 225/301/225 235/312/235 234/311/234 224/300/224
f 226/292/226 236/303/236 235/312/235 225/301/225
f 227/302/227 237/313/237 246/314/246 236/303/236
f 228/304/228 238/315/238 237/316/237 227/305/227
f 229/306/229 239/317/239 238/315/238 228/304/228
f 230/307/230 240/318/240 239/317/239 229/306/229
f 231/308/231 241/319/241 240/318/240 230/307/230
f 232/309/232 242/320/242 241/319/241 231/308/231
f 233/310/233 243/321/243 242/320/242 232/309/232
f 234/311/234 244/322/244 243/321/243 233/310/233
f 235/312/235 245/323/245 244/322/244 234/311/234
f 236/303/236 246/314/246 245/323/245 235/312/235
f 237/313/237 247/324/247 256/325/256 246/314/246
f 238/315/238 248/326/248 247/327/247 237/316/237
f 239/317/239 249/328/249 248/326/248 238/315/238
f 240/318/240 250/329/250 249/328/249 239/317/239
f 241/319/241 251/330/251 250/329/250 240/318/240
f 242/320/242 252/331/252 251/330/251 241/319/241
f 243/321/243 253/332/253 252/331/252 242/320/242
f 244/322/244 254/333/254 253/332/253 243/321/243
f 245/323/245 255/334/255 254/333/254 244/322/244
f 246/314/246 256/325/256 255/334/255 245/323/245
f 247/324/247 257/335/257 266/336/266 256/325/256
f 248/326/248 258/337/258 257/338/257 247/327/247
f 249/328/249 259/339/259 258/337/258 248/326/248
f 250/329/250 260/340/260 259/339/259 249/328/249
f 251/330/251 261/341/261 260/340/260 250/329/250
f 252/331/252 262/342/262 261/341/261 251/330/251
f 253/332/253 263/343/263 262/342/262 252/331/252
f 254/333/254 264/344/264 263/343/263 253/332/253
f 255/334/255 265/345/265 264/344/264 254/333/254
f 256/325/256 266/336/266 265/345/265 255/334/255
f 257/335/257 267/346/267 276/347/276 266/336/266
f 258/337/258 268/348/268 267/349/267 257/338/257
f 259/339/259 269/350/269 268/348/268 258/337/258
f 260/340/260 270/351/270 269/350/269 259/339/259
f 261/341/261 271/352/271 270/351/270 260/340/260
f 262/342/262 272/353/272 271/352/271 261/341/261
f 263/343/263 273/354/273 272/353/272 262/342/262
f 264/344/264 274/355/274 273/354/273 263/343/263
f 265/345/265 275/356/275 274/355/274 264/344/264
f 266/336/266 276/347/276 275/356/275 265/345/265
f 267/346/267 277/357/277 286/358/286 276/347/276
f 268/348/268 278/359/278 277/360/277 267/349/267
f 269/350/269 279/361/279 278/359/278 268/348/268
f 270/351/270 280/362/280 279/361/279 269/350/269
f 271/352/271 281/363/281 280/362/280 270/351/270
f 272/353/272 282/364/282 281/363/281 271/352/271
f 273/354/273 283/365/283 282/364/282 272/353/272
f 274/355/274 284/366/284 283/365/283 273/354/273
f 275/356/275 285/367/285 284/366/284 274/355/274
f 276/347/276 286/358/286 285/367/285 275/356/275
f 277/357/277 287/368/287 296/369/296 286/358/286
f 278/359/278 288/370/288 287/371/287 277/360/277
f 279/361/279 289/372/289 288/370/288 278/359/278
f 280/362/280 290/373/290 289/372/289 279/361/279
f 281/363/281 291/374/291 290/373/290 280/362/280
f 282/364/282 292/375/292 291/374/291 281/363/281
f 283/365/283 293/376/293 292/375/292 282/364/282
f 284/366/284 294/377/294 293/376/293 283/365/283
f 285/367/285 295/378/295 294/377/294 284/366/284
f 286/358/286 296/369/296 295/378/295 285/367/285
f 287/368/287 297/379/297 306/380/306 296/369/296
f 288/370/288 298/381/298 297/382/297 287/371/287
f 289/372/289 299/383/299 298/381/298 288/370/288
f 290/373/290 300/384/300 299/383/299 289/372/289
f 291/374/291 301/385/301 300/384/300 290/373/290
f 292/375/292 302/386/302 301/385/301 291/374/291
f 293/376/293 303/387/303 302/386/302 292/375/292
f 294/377/294 304/388/304 303/387/303 293/376/293
f 295/378/295 305/389/305 304/388/304 294/377/294
f 296/369/296 306/380/306 305/389/305 295/378/295
o Arm
v -0.020225 0.050000 0.014695
v -0.007725 0.050000 0.023776
v 0.007725 0.050000 0.023776
v 0.020225 0.050000 0.014695
v 0.025000 0.050000 -0.000000
v 0.020225 0.050000 -0.014695
v 0.007725 0.050000 -0.023776
v -0.007725 0.050000 -0.023776
v -0.020225 0.050000 -0.014695
v -0.025000 0.050000 0.000000
v -0.021712 0.096218 0.014695
v -0.009235 0.096975 0.023776
v 0.006188 0.097910 0.023776
v 0.018665 0.098666 0.014695
v 0.023431 0.098955 -0.000000
v 0.018665 0.098666 -0.014695
v 0.006188 0.097910 -0.023776
v -0.009235 0.096975 -0.023776
v -0.021712 0.096218 -0.014695
v -0.026478 0.095929 0.000000
v -0.025642 0.140220 0.014695
v -0.013218 0.141595 0.023776
v 0.002139 0.143294 0.023776
v 0.014563 0.144668 0.014695
v 0.019309 0.145193 -0.000000
v 0.014563 0.144668 -0.014695
v 0.002139 0.143294 -0.023776
v -0.013218 0.141595 -0.023776
v -0.025642 0.140220 -0.014695
v -0.030388 0.139695 0.000000
v -0.031235 0.182527 0.014695
v -0.018863 0.184317 0.023776
v -0.003572 0.186530 0.023776
v 0.008799 0.188320 0.014695
v 0.013525 0.189003 -0.000000
v 0.008799 0.188320 -0.014695
v -0.003572 0.186530 -0.023776
v -0.018863 0.184317 -0.023776
v -0.031235 0.182527 -0.014695
v -0.035960 0.181843 0.000000
v -0.037699 0.223607 0.014695
v -0.025356 0.225578 0.023776
v -0.010098 0.228014 0.023776
v 0.002246 0.229985 0.014695
v 0.006961 0.230737 -0.000000
v 0.002246 0.229985 -0.014695
v -0.010098 0.228014 -0.023776
v -0.025356 0.225578 -0.023776
v -0.037699 0.223607 -0.014695
v -0.042414 0.222855 0.000000
v -0.044228 0.263920 0.014695
v -0.031872 0.265811 0.023776
v -0.016599 0.268148 0.023776
v -0.004243 0.270039 0.014695
v 0.000477 0.270761 -0.000000
v -0.004243 0.270039 -0.014695
v -0.016599 0.268148 -0.023776
v -0.031872 0.265811 -0.023776
v -0.044228 0.263920 -0.014695
v -0.048948 0.263198 0.000000
v -0.049987 0.303914 0.014695
v -0.037581 0.305445 0.023776
v -0.022247 0.307337 0.023776
v -0.009841 0.308868 0.014695
v -0.005102 0.309453 -0.000000
v -0.009841 0.308868 -0.014695
v -0.022247 0.307337 -0.023776
v -0.037581 0.305445 -0.023776
v -0.049987 0.303914 -0.014695
v -0.054726 0.303329 0.000000
v -0.054105 0.344019 0.014695
v -0.041636 0.344902 0.023776
v -0.026224 0.345993 0.023776
v -0.013755 0.346876 0.014695
v -0.008992 0.347214 -0.000000
v -0.013755 0.346876 -0.014695
v -0.026224 0.345993 -0.023776
v -0.041636 0.344902 -0.023776
v -0.054105 0.344019 -0.014695
v -0.058868 0.343682 0.000000
v -0.055679 0.384632 0.014695
v -0.043179 0.384591 0.023776
v -0.027728 0.384541 0.023776
v -0.015228 0.384500 0.014695
v -0.010454 0.384485 -0.000000
v -0.015228 0.384500 -0.014695
v -0.027728 0.384541 -0.023776
v -0.043179 0.384591 -0.023776
v -0.055679 0.384632 -0.014695
v -0.060453 0.384647 0.000000
v -0.053786 0.426097 0.014695
v -0.041343 0.424902 0.023776
v -0.025963 0.423425 0.023776
v -0.013520 0.422230 0.014695
v -0.008768 0.421774 -0.000000
v -0.013520 0.422230 -0.014695
v -0.025963 0.423425 -0.023776
v -0.041343 0.424902 -0.023776
v -0.053786 0.426097 -0.014695
v -0.058539 0.426553 0.000000
v -0.047516 0.468695 0.014695
v -0.035268 0.466199 0.023776
v -0.020128 0.463115 0.023776
v -0.007880 0.460619 0.014695
v -0.003201 0.459666 -0.000000
v -0.007880 0.460619 -0.014695
v -0.020128 0.463115 -0.023776
v -0.035268 0.466199 -0.023776
v -0.047516 0.468695 -0.014695
v -0.052195 0.469648 0.000000
v -0.036008 0.512666 0.014695
v -0.024110 0.508833 0.023776
v -0.009404 0.504094 0.023776
v 0.002494 0.500261 0.014695
v 0.007038 0.498797 -0.000000
v 0.002494 0.500261 -0.014695
v -0.009404 0.504094 -0.023776
v -0.024110 0.508833 -0.023776
v -0.036008 0.512666 -0.014695
v -0.040553 0.514130 0.000000
v -0.018460 0.558265 0.014695
v -0.007051 0.553157 0.023776
v 0.007051 0.546843 0.023776
v 0.018460 0.541735 0.014695
v 0.022817 0.539784 -0.000000
v 0.018460 0.541735 -0.014695
v 0.007051 0.546843 -0.023776
v -0.007051 0.553157 -0.023776
v -0.018460 0.558265 -0.014695
v -0.022817 0.560216 0.000000
v -0.001446 0.591381 0.014695
v 0.009337 0.585060 0.023776
v 0.022666 0.577245 0.023776
v 0.033450 0.570923 0.014695
v 0.037569 0.568509 -0.000000
v 0.033450 0.570923 -0.014695
v 0.022666 0.577245 -0.023776
v 0.009337 0.585060 -0.023776
v -0.001446 0.591381 -0.014695
v -0.005565 0.593796 0.000000
v 0.017732 0.620277 0.014695
v 0.027751 0.612802 0.023776
v 0.040135 0.603563 0.023776
v 0.050154 0.596088 0.014695
v 0.053981 0.593233 -0.000000
v 0.050154 0.596088 -0.014695
v 0.040135 0.603563 -0.023776
v 0.027751 0.612802 -0.023776
v 0.017732 0.620277 -0.014695
v 0.013905 0.623132 0.000000
v 0.038791 0.645494 0.014695
v 0.047970 0.637009 0.023776
v 0.059314 0.626520 0.023776
v 0.068493 0.618034 0.014695
v 0.071999 0.614792 -0.000000
v 0.068493 0.618034 -0.014695
v 0.059314 0.626520 -0.023776
v 0.047970 0.637009 -0.023776
v 0.038791 0.645494 -0.014695
v 0.035285 0.648736 0.000000
v 0.061397 0.667614 0.014695
v 0.069752 0.658317 0.023776
v 0.080080 0.646825 0.023776
v 0.088436 0.637528 0.014695
v 0.091627 0.633977 -0.000000
v 0.088436 0.637528 -0.014695
v 0.080080 0.646825 -0.023776
v 0.069752 0.658317 -0.023776
v 0.061397 0.667614 -0.014695
v 0.058205 0.671165 0.000000
v 0.085213 0.687278 0.014695
v 0.092859 0.677389 0.023776
v 0.102310 0.665165 0.023776
v 0.109955 0.655276 0.014695
v 0.112876 0.651499 -0.000000
v 0.109955 0.655276 -0.014695
v 0.102310 0.665165 -0.023776
v 0.092859 0.677389 -0.023776
v 0.085213 0.687278 -0.014695
v 0.082293 0.691055 0.000000
v 0.109943 0.705179 0.014695
v 0.117063 0.694906 0.023776
v 0.125865 0.682207 0.023776
v 0.132985 0.671933 0.014695
v 0.135705 0.668009 -0.000000
v 0.132985 0.671933 -0.014695
v 0.125865 0.682207 -0.023776
v 0.117063 0.694906 -0.023776
v 0.109943 0.705179 -0.014695
v 0.107223 0.709103 0.000000
v 0.135340 0.722033 0.014695
v 0.142159 0.711557 0.023776
v 0.150588 0.698608 0.023776
v 0.157407 0.688131 0.014695
v 0.160012 0.684130 -0.000000
v 0.157407 0.688131 -0.014695
v 0.150588 0.698608 -0.023776
v 0.142159 0.711557 -0.023776
v 0.135340 0.722033 -0.014695
v 0.132735 0.726035 0.000000
v 0.161207 0.738551 0.014695
v 0.167959 0.728031 0.023776
v 0.176303 0.715027 0.023776
v 0.183054 0.704507 0.014695
v 0.185633 0.700489 -0.000000
v 0.183054 0.704507 -0.014695
v 0.176303 0.715027 -0.023776
v 0.167959 0.728031 -0.023776
v 0.161207 0.738551 -0.014695
v 0.158629 0.742569 0.000000
v 0.187383 0.755431 0.014695
v 0.194287 0.745010 0.023776
v 0.202821 0.732130 0.023776
v 0.209725 0.721710 0.014695
v 0.212362 0.717730 -0.000000
v 0.209725 0.721710 -0.014695
v 0.202821 0.732130 -0.023776
v 0.194287 0.745010 -0.023776
v 0.187383 0.755431 -0.014695
v 0.184746 0.759411 0.000000
v 0.213732 0.773357 0.014695
v 0.220981 0.763173 0.023776
v 0.229942 0.750586 0.023776
v 0.237191 0.740403 0.014695
v 0.239960 0.736514 -0.000000
v 0.237191 0.740403 -0.014695
v 0.229942 0.750587 -0.023776
v 0.220981 0.763174 -0.023776
v 0.213732 0.773357 -0.014695
v 0.210962 0.777246 0.000000
v 0.240138 0.793006 0.014695
v 0.247884 0.783195 0.023776
v 0.257458 0.771068 0.023776
v 0.265203 0.761258 0.014695
v 0.268162 0.757510 -0.000000
v 0.265203 0.761258 -0.014695
v 0.257458 0.771068 -0.023776
v 0.247884 0.783195 -0.023776
v 0.240138 0.793006 -0.014695
v 0.237179 0.796754 0.000000
v 0.266530 0.815087 0.014695
v 0.274855 0.805763 0.023776
v 0.285145 0.794237 0.023776
v 0.293470 0.784913 0.014695
v 0.296650 0.781352 -0.000000
v 0.293470 0.784913 -0.014695
v 0.285145 0.794237 -0.023776
v 0.274855 0.805763 -0.023776
v 0.266530 0.815087 -0.014695
v 0.263350 0.818648 0.000000
vn -0.8065 -0.0259 0.5906
vn -0.3033 -0.0097 0.9529
vn 0.3147 0.0101 0.9491
vn 0.8109 0.0260 0.5846
vn 0.9995 0.0320 -0.0000
vn 0.8109 0.0260 -0.5846
vn 0.3147 0.0101 -0.9491
vn -0.3033 -0.0097 -0.9529
vn -0.8065 -0.0259 -0.5906
vn -0.9995 -0.0321 -0.0000
vn -0.8056 -0.0489 0.5905
vn -0.3034 -0.0184 0.9527
vn 0.3135 0.0190 0.9494
vn 0.8094 0.0490 0.5851
vn 0.9982 0.0604 -0.0000
vn 0.8094 0.0490 -0.5851
vn 0.3135 0.0190 -0.9494
vn -0.3034 -0.0184 -0.9527
vn -0.8056 -0.0489 -0.5905
vn -0.9982 -0.0606 -0.0000
vn -0.8027 -0.0889 0.5898
vn -0.3034 -0.0336 0.9523
vn 0.3109 0.0344 0.9498
vn 0.8055 0.0891 0.5858
vn 0.9939 0.1099 -0.0000
vn 0.8055 0.0891 -0.5858
vn 0.3109 0.0344 -0.9498
vn -0.3034 -0.0336 -0.9523
vn -0.8027 -0.0889 -0.5898
vn -0.9939 -0.1100 -0.0000
vn -0.7998 -0.1158 0.5889
vn -0.3037 -0.0440 0.9518
vn 0.3080 0.0446 0.9503
vn 0.8015 0.1159 0.5866
vn 0.9897 0.1431 -0.0000
vn 0.8015 0.1159 -0.5866
vn 0.3080 0.0446 -0.9503
vn -0.3037 -0.0440 -0.9518
vn -0.7998 -0.1158 -0.5889
vn -0.9897 -0.1433 -0.0000
vn -0.7988 -0.1275 0.5880
vn -0.3048 -0.0487 0.9512
vn 0.3056 0.0488 0.9509
vn 0.7991 0.1276 0.5876
vn 0.9875 0.1576 -0.0000
vn 0.7991 0.1276 -0.5876
vn 0.3056 0.0488 -0.9509
vn -0.3048 -0.0487 -0.9512
vn -0.7988 -0.1275 -0.5880
vn -0.9875 -0.1577 -0.0000
vn -0.8003 -0.1224 0.5870
vn -0.3070 -0.0470 0.9505
vn 0.3039 0.0465 0.9516
vn 0.7991 0.1223 0.5886
vn 0.9885 0.1513 -0.0000
vn 0.7991 0.1223 -0.5886
vn 0.3039 0.0465 -0.9516
vn -0.3070 -0.0470 -0.9505
vn -0.8003 -0.1224 -0.5870
vn -0.9885 -0.1512 -0.0000
vn -0.8043 -0.0992 0.5859
vn -0.3103 -0.0383 0.9499
vn 0.3031 0.0374 0.9522
vn 0.8015 0.0990 0.5897
vn 0.9925 0.1226 -0.0000
vn 0.8015 0.0990 -0.5897
vn 0.3031 0.0374 -0.9522
vn -0.3103 -0.0383 -0.9499
vn -0.8043 -0.0992 -0.5859
vn -0.9925 -0.1223 -0.0000
vn -0.8091 -0.0572 0.5848
vn -0.3139 -0.0222 0.9492
vn 0.3026 0.0215 0.9529
vn 0.8048 0.0571 0.5908
vn 0.9975 0.0708 -0.0000
vn 0.8048 0.0571 -0.5908
vn 0.3026 0.0215 -0.9529
vn -0.3139 -0.0222 -0.9492
vn -0.8091 -0.0572 -0.5848
vn -0.9975 -0.0704 -0.0000
vn -0.8118 0.0028 0.5839
vn -0.3165 0.0011 0.9486
vn 0.3015 -0.0009 0.9535
vn 0.8061 -0.0025 0.5918
vn 1.0000 -0.0030 -0.0000
vn 0.8061 -0.0025 -0.5918
vn 0.3015 -0.0009 -0.9535
vn -0.3165 0.0011 -0.9486
vn -0.8118 0.0028 -0.5839
vn -1.0000 0.0035 -0.0000
vn -0.8086 0.0778 0.5831
vn -0.3164 0.0304 0.9481
vn 0.2986 -0.0286 0.9539
vn 0.8019 -0.0769 0.5925
vn 0.9954 -0.0954 -0.0000
vn 0.8019 -0.0769 -0.5925
vn 0.2986 -0.0286 -0.9539
vn -0.3164 0.0304 -0.9481
vn -0.8086 0.0778 -0.5831
vn -0.9954 0.0957 -0.0000
vn -0.7963 0.1623 0.5827
vn -0.3123 0.0636 0.9479
vn 0.2931 -0.0597 0.9542
vn 0.7890 -0.1607 0.5930
vn 0.9799 -0.1996 -0.0000
vn 0.7890 -0.1607 -0.5930
vn 0.2931 -0.0597 -0.9542
vn -0.3123 0.0636 -0.9479
vn -0.7963 0.1623 -0.5827
vn -0.9799 0.1997 -0.0000
vn -0.7736 0.2492 0.5826
vn -0.3035 0.0978 0.9478
vn 0.2846 -0.0917 0.9542
vn 0.7664 -0.2469 0.5931
vn 0.9518 -0.3067 -0.0000
vn 0.7664 -0.2469 -0.5931
vn 0.2846 -0.0917 -0.9542
vn -0.3035 0.0978 -0.9478
vn -0.7736 0.2492 -0.5826
vn -0.9518 0.3067 -0.0000
vn -0.7417 0.3321 0.5828
vn -0.2907 0.1302 0.9479
vn 0.2733 -0.1224 0.9541
vn 0.7350 -0.3291 0.5928
vn 0.9127 -0.4086 -0.0000
vn 0.7350 -0.3291 -0.5928
vn 0.2733 -0.1224 -0.9541
vn -0.2907 0.1302 -0.9479
vn -0.7417 0.3321 -0.5828
vn -0.9127 0.4087 -0.0000
vn -0.7011 0.4110 0.5826
vn -0.2751 0.1613 0.9478
vn 0.2580 -0.1512 0.9542
vn 0.6946 -0.4072 0.5931
vn 0.8627 -0.5057 -0.0000
vn 0.6946 -0.4072 -0.5931
vn 0.2580 -0.1512 -0.9542
vn -0.2751 0.1613 -0.9478
vn -0.7011 0.4110 -0.5826
vn -0.8627 0.5058 -0.0000
vn -0.6514 0.4859 0.5827
vn -0.2555 0.1906 0.9479
vn 0.2398 -0.1789 0.9542
vn 0.6453 -0.4815 0.5930
vn 0.8015 -0.5981 -0.0000
vn 0.6453 -0.4815 -0.5930
vn 0.2398 -0.1789 -0.9542
vn -0.2555 0.1906 -0.9479
vn -0.6514 0.4859 -0.5827
vn -0.8016 0.5979 -0.0000
vn -0.5966 0.5514 0.5831
vn -0.2334 0.2158 0.9481
vn 0.2203 -0.2037 0.9539
vn 0.5914 -0.5470 0.5925
vn 0.7341 -0.6791 -0.0000
vn 0.5914 -0.5470 -0.5925
vn 0.2203 -0.2037 -0.9539
vn -0.2334 0.2158 -0.9481
vn -0.5966 0.5514 -0.5831
vn -0.7344 0.6787 -0.0000
vn -0.5428 0.6037 0.5839
vn -0.2116 0.2353 0.9486
vn 0.2015 -0.2243 0.9535
vn 0.5387 -0.5997 0.5918
vn 0.6682 -0.7440 -0.0000
vn 0.5387 -0.5997 -0.5918
vn 0.2015 -0.2243 -0.9535
vn -0.2116 0.2353 -0.9486
vn -0.5428 0.6037 -0.5839
vn -0.6686 0.7436 -0.0000
vn -0.4963 0.6416 0.5848
vn -0.1925 0.2489 0.9492
vn 0.1855 -0.2400 0.9529
vn 0.4934 -0.6384 0.5908
vn 0.6114 -0.7913 -0.0000
vn 0.4934 -0.6384 -0.5908
vn 0.1855 -0.2400 -0.9529
vn -0.1925 0.2489 -0.9492
vn -0.4963 0.6416 -0.5848
vn -0.6119 0.7910 -0.0000
vn -0.4617 0.6660 0.5859
vn -0.1781 0.2569 0.9499
vn 0.1739 -0.2510 0.9522
vn 0.4600 -0.6639 0.5897
vn 0.5695 -0.8220 -0.0000
vn 0.4600 -0.6639 -0.5897
vn 0.1739 -0.2510 -0.9522
vn -0.1781 0.2569 -0.9499
vn -0.4617 0.6660 -0.5859
vn -0.5698 0.8218 -0.0000
vn -0.4417 0.6785 0.5870
vn -0.1694 0.2603 0.9505
vn 0.1677 -0.2577 0.9516
vn 0.4410 -0.6776 0.5886
vn 0.5455 -0.8381 -0.0000
vn 0.4410 -0.6776 -0.5886
vn 0.1677 -0.2577 -0.9516
vn -0.1694 0.2603 -0.9505
vn -0.4417 0.6785 -0.5870
vn -0.5456 0.8381 -0.0000
vn -0.4369 0.6808 0.5880
vn -0.1667 0.2597 0.9512
vn 0.1671 -0.2604 0.9509
vn 0.4370 -0.6810 0.5876
vn 0.5401 -0.8416 -0.0000
vn 0.4370 -0.6810 -0.5876
vn 0.1671 -0.2604 -0.9509
vn -0.1667 0.2597 -0.9512
vn -0.4369 0.6808 -0.5880
vn -0.5401 0.8416 -0.0000
vn -0.4463 0.6738 0.5889
vn -0.1695 0.2558 0.9518
vn 0.1719 -0.2594 0.9503
vn 0.4474 -0.6751 0.5866
vn 0.5524 -0.8336 -0.0000
vn 0.4474 -0.6751 -0.5866
vn 0.1719 -0.2594 -0.9503
vn -0.1695 0.2558 -0.9518
vn -0.4463 0.6738 -0.5889
vn -0.5523 0.8337 -0.0000
vn -0.4683 0.6579 0.5898
vn -0.1770 0.2487 0.9523
vn 0.1814 -0.2548 0.9498
vn 0.4701 -0.6602 0.5858
vn 0.5800 -0.8146 -0.0000
vn 0.4701 -0.6602 -0.5858
vn 0.1814 -0.2548 -0.9498
vn -0.1770 0.2487 -0.9523
vn -0.4683 0.6579 -0.5898
vn -0.5799 0.8147 -0.0000
vn -0.5000 0.6335 0.5905
vn -0.1883 0.2386 0.9527
vn 0.1946 -0.2465 0.9494
vn 0.5025 -0.6364 0.5851
vn 0.6197 -0.7848 -0.0000
vn 0.5025 -0.6364 -0.5851
vn 0.1946 -0.2465 -0.9494
vn -0.1883 0.2386 -0.9527
vn -0.5000 0.6335 -0.5905
vn -0.6196 0.7849 -0.0000
vn -0.5178 0.6189 0.5906
vn -0.1947 0.2327 0.9529
vn 0.2020 -0.2414 0.9491
vn 0.5207 -0.6222 0.5846
vn 0.6418 -0.7669 -0.0000
vn 0.5207 -0.6222 -0.5846
vn 0.2020 -0.2414 -0.9491
vn -0.1947 0.2327 -0.9529
vn -0.5178 0.6189 -0.5906
vn -0.6417 0.7670 -0.0000
vt 0.000000 1.000000
vt 0.041667 1.000000
vt 0.041667 0.900000
vt 0.000000 0.900000
vt 0.000000 0.100000
vt 0.041667 0.100000
vt 0.041667 0.000000
vt 0.000000 0.000000
vt 0.000000 0.200000
vt 0.041667 0.200000
vt 0.000000 0.300000
vt 0.041667 0.300000
vt 0.000000 0.400000
vt 0.041667 0.400000
vt 0.000000 0.500000
vt 0.041667 0.500000
vt 0.000000 0.600000
vt 0.041667 0.600000
vt 0.000000 0.700000
vt 0.041667 0.700000
vt 0.000000 0.800000
vt 0.041667 0.800000
vt 0.083333 1.000000
vt 0.083333 0.900000
vt 0.083333 0.100000
vt 0.083333 0.000000
vt 0.083333 0.200000
vt 0.083333 0.300000
vt 0.083333 0.400000
vt 0.083333 0.500000
vt 0.083333 0.600000
vt 0.083333 0.700000
vt 0.083333 0.800000
vt 0.125000 1.000000
vt 0.125000 0.900000
vt 0.125000 0.100000
vt 0.125000 0.000000
vt 0.125000 0.200000
vt 0.125000 0.300000
vt 0.125000 0.400000
vt 0.125000 0.500000
vt 0.125000 0.600000
vt 0.125000 0.700000
vt 0.125000 0.800000
vt 0.166667 1.000000
vt 0.166667 0.900000
vt 0.166667 0.100000
vt 0.166667 0.000000
vt 0.166667 0.200000
vt 0.166667 0.300000
vt 0.166667 0.400000
vt 0.166667 0.500000
vt 0.166667 0.600000
vt 0.166667 0.700000
vt 0.166667 0.800000
vt 0.208333 1.000000
vt 0.208333 0.900000
vt 0.208333 0.100000
vt 0.208333 0.000000
vt 0.208333 0.200000
vt 0.208333 0.300000
vt 0.208333 0.400000
vt 0.208333 0.500000
vt 0.208333 0.600000
vt 0.208333 0.700000
vt 0.208333 0.800000
vt 0.250000 1.000000
vt 0.250000 0.900000
vt 0.250000 0.100000
vt 0.250000 0.000000
vt 0.250000 0.200000
vt 0.250000 0.300000
vt 0.250000 0.400000
vt 0.250000 0.500000
vt 0.250000 0.600000
vt 0.250000 0.700000
vt 0.250000 0.800000
vt 0.291667 1.000000
vt 0.291667 0.900000
vt 0.291667 0.100000
vt 0.291667 0.000000
vt 0.291667 0.200000
vt 0.291667 0.300000
vt 0.291667 0.400000
vt 0.291667 0.500000
vt 0.291667 0.600000
vt 0.291667 0.700000
vt 0.291667 0.800000
vt 0.333333 1.000000
vt 0.333333 0.900000
vt 0.333333 0.100000
vt 0.333333 0.000000
vt 0.333333 0.200000
vt 0.333333 0.300000
vt 0.333333 0.400000
vt 0.333333 0.500000
vt 0.333333 0.600000
vt 0.333333 0.700000
vt 0.333333 0.800000
vt 0.375000 1.000000
vt 0.375000 0.900000
vt 0.375000 0.100000
vt 0.375000 0.000000
vt 0.375000 0.200000
vt 0.375000 0.300000
vt 0.375000 0.400000
vt 0.375000 0.500000
vt 0.375000 0.600000
vt 0.375000 0.700000
vt 0.375000 0.800000
vt 0.416667 1.000000
vt 0.416667 0.900000
vt 0.416667 0.100000
vt 0.416667 0.000000
vt 0.416667 0.200000
vt 0.416667 0.300000
vt 0.416667 0.400000
vt 0.416667 0.500000
vt 0.416667 0.600000
vt 0.416667 0.700000
vt 0.416667 0.800000
vt 0.458333 1.000000
vt 0.458333 0.900000
vt 0.458333 0.100000
vt 0.458333 0.000000
vt 0.458333 0.200000
vt 0.458333 0.300000
vt 0.458333 0.400000
vt 0.458333 0.500000
vt 0.458333 0.600000
vt 0.458333 0.700000
vt 0.458333 0.800000
vt 0.500000 1.000000
vt 0.500000 0.900000
vt 0.500000 0.100000
vt 0.500000 0.000000
vt 0.500000 0.200000
vt 0.500000 0.300000
vt 0.500000 0.400000
vt 0.500000 0.500000
vt 0.500000 0.600000
vt 0.500000 0.700000
vt 0.500000 0.800000
vt 0.541667 1.000000
vt 0.541667 0.900000
vt 0.541667 0.100000
vt 0.541667 0.000000
vt 0.541667 0.200000
vt 0.541667 0.300000
vt 0.541667 0.400000
vt 0.541667 0.500000
vt 0.541667 0.600000
vt 0.541667 0.700000
vt 0.541667 0.800000
vt 0.583333 1.000000
vt 0.583333 0.900000
vt 0.583333 0.100000
vt 0.583333 0.000000
vt 0.583333 0.200000
vt 0.583333 0.300000
vt 0.583333 0.400000
vt 0.583333 0.500000
vt 0.583333 0.600000
vt 0.583333 0.700000
vt 0.583333 0.800000
vt 0.625000 1.000000
vt 0.625000 0.900000
vt 0.625000 0.100000
vt 0.625000 0.000000
vt 0.625000 0.200000
vt 0.625000 0.300000
vt 0.625000 0.400000
vt 0.625000 0.500000
vt 0.625000 0.600000
vt 0.625000 0.700000
vt 0.625000 0.800000
vt 0.666667 1.000000
vt 0.666667 0.900000
vt 0.666667 0.100000
vt 0.666667 0.000000
vt 0.666667 0.200000
vt 0.666667 0.300000
vt 0.666667 0.400000
vt 0.666667 0.500000
vt 0.666667 0.600000
vt 0.666667 0.700000
vt 0.666667 0.800000
vt 0.708333 1.000000
vt 0.708333 0.900000
vt 0.708333 0.100000
vt 0.708333 0.000000
vt 0.708333 0.200000
vt 0.708333 0.300000
vt 0.708333 0.400000
vt 0.708333 0.500000
vt 0.708333 0.600000
vt 0.708333 0.700000
vt 0.708333 0.800000
vt 0.750000 1.000000
vt 0.750000 0.900000
vt 0.750000 0.100000
vt 0.750000 0.000000
vt 0.750000 0.200000
vt 0.750000 0.300000
vt 0.750000 0.400000
vt 0.750000 0.500000
vt 0.750000 0.600000
vt 0.750000 0.700000
vt 0.750000 0.800000
vt 0.791667 1.000000
vt 0.791667 0.900000
vt 0.791667 0.100000
vt 0.791667 0.000000
vt 0.791667 0.200000
vt 0.791667 0.300000
vt 0.791667 0.400000
vt 0.791667 0.500000
vt 0.791667 0.600000
vt 0.791667 0.700000
vt 0.791667 0.800000
vt 0.833333 1.000000
vt 0.833333 0.900000
vt 0.833333 0.100000
vt 0.833333 0.000000
vt 0.833333 0.200000
vt 0.833333 0.300000
vt 0.833333 0.400000
vt 0.833333 0.500000
vt 0.833333 0.600000
vt 0.833333 0.700000
vt 0.833333 0.800000
vt 0.875000 1.000000
vt 0.875000 0.900000
vt 0.875000 0.100000
vt 0.875000 0.000000
vt 0.875000 0.200000
vt 0.875000 0.300000
vt 0.875000 0.400000
vt 0.875000 0.500000
vt 0.875000 0.600000
vt 0.875000 0.700000
vt 0.875000 0.800000
vt 0.916667 1.000000
vt 0.916667 0.900000
vt 0.916667 0.100000
vt 0.916667 0.000000
vt 0.916667 0.200000
vt 0.916667 0.300000
vt 0.916667 0.400000
vt 0.916667 0.500000
vt 0.916667 0.600000
vt 0.916667 0.700000
vt 0.916667 0.800000
vt 0.958333 1.000000
vt 0.958333 0.900000
vt 0.958333 0.100000
vt 0.958333 0.000000
vt 0.958333 0.200000
vt 0.958333 0.300000
vt 0.958333 0.400000
vt 0.958333 0.500000
vt 0.958333 0.600000
vt 0.958333 0.700000
vt 0.958333 0.800000
vt 1.000000 1.000000
vt 1.000000 0.900000
vt 1.000000 0.100000
vt 1.000000 0.000000
vt 1.000000 0.200000
vt 1.000000 0.300000
vt 1.000000 0.400000
vt 1.000000 0.500000
vt 1.000000 0.600000
vt 1.000000 0.700000
vt 1.000000 0.800000
s 1
usemtl M_Brushed_Metal
f 307/390/307 317/391/317 326/392/326 316/393/316
f 308/394/308 318/395/318 317/396/317 307/397/307
f 309/398/309 319/399/319 318/395/318 308/394/308
f 310/400/310 320/401/320 319/399/319 309/398/309
f 311/402/311 321/403/321 320/401/320 310/400/310
f 312/404/312 322/405/322 321/403/321 311/402/311
f 313/406/313 323/407/323 322/405/322 312/404/312
f 314/408/314 324/409/324 323/407/323 313/406/313
f 315/410/315 325/411/325 324/409/324 314/408/314
f 316/393/316 326/392/326 325/411/325 315/410/315
f 317/391/317 327/412/327 336/413/336 326/392/326
f 318/395/318 328/414/328 327/415/327 317/396/317
f 319/399/319 329/416/329 328/414/328 318/395/318
f 320/401/320 330/417/330 329/416/329 319/399/319
f 321/403/321 331/418/331 330/417/330 320/401/320
f 322/405/322 332/419/332 331/418/331 321/403/321
f 323/407/323 333/420/333 332/419/332 322/405/322
f 324/409/324 334/421/334 333/420/333 323/407/323
f 325/411/325 335/422/335 334/421/334 324/409/324
f 326/392/326 336/413/336 335/422/335 325/411/325
f 327/412/327 337/423/337 346/424/346 336/413/336
f 328/414/328 338/425/338 337/426/337 327/415/327
f 329/416/329 339/427/339 338/425/338 328/414/328
f 330/417/330 340/428/340 339/427/339 329/416/329
f 331/418/331 341/429/341 340/428/340 330/417/330
f 332/419/332 342/430/342 341/429/341 331/418/331
f 333/420/333 343/431/343 342/430/342 332/419/332
f 334/421/334 344/432/344 343/431/343 333/420/333
f 335/422/335 345/433/345 344/432/344 334/421/334
f 336/413/336 346/424/346 345/433/345 335/422/335
f 337/423/337 347/434/347 356/435/356 346/424/346
f 338/425/338 348/436/348 347/437/347 337/426/337
f 339/427/339 349/438/349 348/436/348 338/425/338
f 340/428/340 350/439/350 349/438/349 339/427/339
f 341/429/341 351/440/351 350/439/350 340/428/340
f 342/430/342 352/441/352 351/440/351 341/429/341
f 343/431/343 353/442/353 352/441/352 342/430/342
f 344/432/344 354/443/354 353/442/353 343/431/343
f 345/433/345 355/444/355 354/443/354 344/432/344
f 346/424/346 356/435/356 355/444/355 345/433/345
f 347/434/347 357/445/357 366/446/366 356/435/356
f 348/436/348 358/447/358 357/448/357 347/437/347
f 349/438/349 359/449/359 358/447/358 348/436/348
f 350/439/350 360/450/360 359/449/359 349/438/349
f 351/440/351 361/451/361 360/450/360 350/439/350
f 352/441/352 362/452/362 361/451/361 351/440/351
f 353/442/353 363/453/363 362/452/362 352/441/352
f 354/443/354 364/454/364 363/453/363 353/442/353
f 355/444/355 365/455/365 364/454/364 354/443/354
f 356/435/356 366/446/366 365/455/365 355/444/355
f 357/445/357 367/456/367 376/457/376 366/446/366
f 358/447/358 368/458/368 367/459/367 357/448/357
f 359/449/359 369/460/369 368/458/368 358/447/358
f 360/450/360 370/461/370 369/460/369 359/449/359
f 361/451/361 371/462/371 370/461/370 360/450/360
f 362/452/362 372/463/372 371/462/371 361/451/361
f 363/453/363 373/464/373 372/463/372 362/452/362
f 364/454/364 374/465/374 373/464/373 363/453/363
f 365/455/365 375/466/375 374/465/374 364/454/364
f 366/446/366 376/457/376 375/466/375 365/455/365
f 367/456/367 377/467/377 386/468/386 376/457/376
f 368/458/368 378/469/378 377/470/377 367/459/367
f 369/460/369 379/471/379 378/469/378 368/458/368
f 370/461/370 380/472/380 379/471/379 369/460/369
f 371/462/371 381/473/381 380/472/380 370/461/370
f 372/463/372 382/474/382 381/473/381 371/462/371
f 373/464/373 383/475/383 382/474/382 372/463/372
f 374/465/374 384/476/384 383/475/383 373/464/373
f 375/466/375 385/477/385 384/476/384 374/465/374
f 376/457/376 386/468/386 385/477/385 375/466/375
f 377/467/377 387/478/387 396/479/396 386/468/386
f 378/469/378 388/480/388 387/481/387 377/470/377
f 379/471/379 389/482/389 388/480/388 378/469/378
f 380/472/380 390/483/390 389/482/389 379/471/379
f 381/473/381 391/484/391 390/483/390 380/472/380
f 382/474/382 392/485/392 391/484/391 381/473/381
f 383/475/383 393/486/393 392/485/392 382/474/382
f 384/476/384 394/487/394 393/486/393 383/475/383
f 385/477/385 395/488/395 394/487/394 384/476/384
f 386/468/386 396/479/396 395/488/395 385/477/385
f 387/478/387 397/489/397 406/490/406 396/479/396
f 388/480/388 398/491/398 397/492/397 387/481/387
f 389/482/389 399/493/399 398/491/398 388/480/388
f 390/483/390 400/494/400 399/493/399 389/482/389
f 391/484/391 401/495/401 400/494/400 390/483/390
f 392/485/392 402/496/402 401/495/401 391/484/391
f 393/486/393 403/497/403 402/496/402 392/485/392
f 394/487/394 404/498/404 403/497/403 393/486/393
f 395/488/395 405/499/405 404/498/404 394/487/394
f 396/479/396 406/490/406 405/499/405 395/488/395
f 397/489/397 407/500/407 416/501/416 406/490/406
f 398/491/398 408/502/408 407/503/407 397/492/397
f 399/493/399 409/504/409 408/502/408 398/491/398
f 400/494/400 410/505/410 409/504/409 399/493/399
f 401/495/401 411/506/411 410/505/410 400/494/400
f 402/496/402 412/507/412 411/506/411 401/495/401
f 403/497/403 413/508/413 412/507/412 402/496/402
f 404/498/404 414/509/414 413/508/413 403/497/403
f 405/499/405 415/510/415 414/509/414 404/498/404
f 406/490/406 416/501/416 415/510/415 405/499/405
f 407/500/407 417/511/417 426/512/426 416/501/416
f 408/502/408 418/513/418 417/514/417 407/503/407
f 409/504/409 419/515/419 418/513/418 408/502/408
f 410/505/410 420/516/420 419/515/419 409/504/409
f 411/506/411 421/517/421 420/516/420 410/505/410
f 412/507/412 422/518/422 421/517/421 411/506/411
f 413/508/413 423/519/423 422/518/422 412/507/412
f 414/509/414 424/520/424 423/519/423 413/508/413
f 415/510/415 425/521/425 424/520/424 414/509/414
f 416/501/416 426/512/426 425/521/425 415/510/415
f 417/511/417 427/522/427 436/523/436 426/512/426
f 418/513/418 428/524/428 427/525/427 417/514/417
f 419/515/419 429/526/429 428/524/428 418/513/418
f 420/516/420 430/527/430 429/526/429 419/515/419
f 421/517/421 431/528/431 430/527/430 420/516/420
f 422/518/422 432/529/432 431/528/431 421/517/421
f 423/519/423 433/530/433 432/529/432 422/518/422
f 424/520/424 434/531/434 433/530/433 423/519/423
f 425/521/425 435/532/435 434/531/434 424/520/424
f 426/512/426 436/523/436 435/532/435 425/521/425
f 427/522/427 437/533/437 446/534/446 436/523/436
f 428/524/428 438/535/438 437/536/437 427/525/427
f 429/526/429 439/537/439 438/535/438 428/524/428
f 430/527/430 440/538/440 439/537/439 429/526/429
f 431/528/431 441/539/441 440/538/440 430/527/430
f 432/529/432 442/540/442 441/539/441 431/528/431
f 433/530/433 443/541/443 442/540/442 432/529/432
f 434/531/434 444/542/444 443/541/443 433/530/433
f 435/532/435 445/543/445 444/542/444 434/531/434
f 436/523/436 446/534/446 445/543/445 435/532/435
f 437/533/437 447/544/447 456/545/456 446/534/446
f 438/535/438 448/546/448 447/547/447 437/536/437
f 439/537/439 449/548/449 448/546/448 438/535/438
f 440/538/440 450/549/450 449/548/449 439/537/439
f 441/539/441 451/550/451 450/549/450 440/538/440
f 442/540/442 452/551/452 451/550/451 441/539/441
f 443/541/443 453/552/453 452/551/452 442/540/442
f 444/542/444 454/553/454 453/552/453 443/541/443
f 445/543/445 455/554/455 454/553/454 444/542/444
f 446/534/446 456/545/456 455/554/455 445/543/445
f 447/544/447 457/555/457 466/556/466 456/545/456
f 448/546/448 458/557/458 457/558/457 447/547/447
f 449/548/449 459/559/459 458/557/458 448/546/448
f 450/549/450 460/560/460 459/559/459 449/548/449
f 451/550/451 461/561/461 460/560/460 450/549/450
f 452/551/452 462/562/462 461/561/461 451/550/451
f 453/552/453 463/563/463 462/562/462 452/551/452
f 454/553/454 464/564/464 463/563/463 453/552/453
f 455/554/455 465/565/465 464/564/464 454/553/454
f 456/545/456 466/556/466 465/565/465 455/554/455
f 457/555/457 467/566/467 476/567/476 466/556/466
f 458/557/458 468/568/468 467/569/467 457/558/457
f 459/559/459 469/570/469 468/568/468 458/557/458
f 460/560/460 470/571/470 469/570/469 459/559/459
f 461/561/461 471/572/471 470/571/470 460/560/460
f 462/562/462 472/573/472 471/572/471 461/561/461
f 463/563/463 473/574/473 472/573/472 462/562/462
f 464/564/464 474/575/474 473/574/473 463/563/463
f 465/565/465 475/576/475 474/575/474 464/564/464
f 466/556/466 476/567/476 475/576/475 465/565/465
f 467/566/467 477/577/477 486/578/486 476/567/476
f 468/568/468 478/579/478 477/580/477 467/569/467
f 469/570/469 479/581/479 478/579/478 468/568/468
f 470/571/470 480/582/480 479/581/479 469/570/469
f 471/572/471 481/583/481 480/582/480 470/571/470
f 472/573/472 482/584/482 481/583/481 471/572/471
f 473/574/473 483/585/483 482/584/482 472/573/472
f 474/575/474 484/586/484 483/585/483 473/574/473
f 475/576/475 485/587/485 484/586/484 474/575/474
f 476/567/476 486/578/486 485/587/485 475/576/475
f 477/577/477 487/588/487 496/589/496 486/578/486
f 478/579/478 488/590/488 487/591/487 477/580/477
f 479/581/479 489/592/489 488/590/488 478/579/478
f 480/582/480 490/593/490 489/592/489 479/581/479
f 481/583/481 491/594/491 490/593/490 480/582/480
f 482/584/482 492/595/492 491/594/491 481/583/481
f 483/585/483 493/596/493 492/595/492 482/584/482
f 484/586/484 494/597/494 493/596/493 483/585/483
f 485/587/485 495/598/495 494/597/494 484/586/484
f 486/578/486 496/589/496 495/598/495 485/587/485
f 487/588/487 497/599/497 506/600/506 496/589/496
f 488/590/488 498/601/498 497/602/497 487/591/487
f 489/592/489 499/603/499 498/601/498 488/590/488
f 490/593/490 500/604/500 499/603/499 489/592/489
f 491/594/491 501/605/501 500/604/500 490/593/490
f 492/595/492 502/606/502 501/605/501 491/594/491
f 493/596/493 503/607/503 502/606/502 492/595/492
f 494/597/494 504/608/504 503/607/503 493/596/493
f 495/598/495 505/609/505 504/608/504 494/597/494
f 496/589/496 506/600/506 505/609/505 495/598/495
f 497/599/497 507/610/507 516/611/516 506/600/506
f 498/601/498 508/612/508 507/613/507 497/602/497
f 499/603/499 509/614/509 508/612/508 498/601/498
f 500/604/500 510/615/510 509/614/509 499/603/499
f 501/605/501 511/616/511 510/615/510 500/604/500
f 502/606/502 512/617/512 511/616/511 501/605/501
f 503/607/503 513/618/513 512/617/512 502/606/502
f 504/608/504 514/619/514 513/618/513 503/607/503
f 505/609/505 515/620/515 514/619/514 504/608/504
f 506/600/506 516/611/516 515/620/515 505/609/505
f 507/610/507 517/621/517 526/622/526 516/611/516
f 508/612/508 518/623/518 517/624/517 507/613/507
f 509/614/509 519/625/519 518/623/518 508/612/508
f 510/615/510 520/626/520 519/625/519 509/614/509
f 511/616/511 521/627/521 520/626/520 510/615/510
f 512/617/512 522/628/522 521/627/521 511/616/511
f 513/618/513 523/629/523 522/628/522 512/617/512
f 514/619/514 524/630/524 523/629/523 513/618/513
f 515/620/515 525/631/525 524/630/524 514/619/514
f 516/611/516 526/622/526 525/631/525 515/620/515
f 517/621/517 527/632/527 536/633/536 526/622/526
f 518/623/518 528/634/528 527/635/527 517/624/517
f 519/625/519 529/636/529 528/634/528 518/623/518
f 520/626/520 530/637/530 529/636/529 519/625/519
f 521/627/521 531/638/531 530/637/530 520/626/520
f 522/628/522 532/639/532 531/638/531 521/627/521
f 523/629/523 533/640/533 532/639/532 522/628/522
f 524/630/524 534/641/534 533/640/533 523/629/523
f 525/631/525 535/642/535 534/641/534 524/630/524
f 526/622/526 536/633/536 535/642/535 525/631/525
f 527/632/527 537/643/537 546/644/546 536/633/536
f 528/634/528 538/645/538 537/646/537 527/635/527
f 529/636/529 539/647/539 538/645/538 528/634/528
f 530/637/530 540/648/540 539/647/539 529/636/529
f 531/638/531 541/649/541 540/648/540 530/637/530
f 532/639/532 542/650/542 541/649/541 531/638/531
f 533/640/533 543/651/543 542/650/542 532/639/532
f 534/641/534 544/652/544 543/651/543 533/640/533
f 535/642/535 545/653/545 544/652/544 534/641/534
f 536/633/536 546/644/546 545/653/545 535/642/535
f 537/643/537 547/654/547 556/655/556 546/644/546
f 538/645/538 548/656/548 547/657/547 537/646/537
f 539/647/539 549/658/549 548/656/548 538/645/538
f 540/648/540 550/659/550 549/658/549 539/647/539
f 541/649/541 551/660/551 550/659/550 540/648/540
f 542/650/542 552/661/552 551/660/551 541/649/541
f 543/651/543 553/662/553 552/661/552 542/650/542
f 544/652/544 554/663/554 553/662/553 543/651/543
f 545/653/545 555/664/555 554/663/554 544/652/544
f 546/644/546 556/655/556 555/664/555 545/653/545
o Shade
v 0.250000 0.740000 -0.140000
v 0.470000 0.740000 -0.140000
v 0.250000 0.708847 -0.136490
v 0.470000 0.708847 -0.136490
v 0.250000 0.679256 -0.126136
v 0.470000 0.679256 -0.126136
v 0.250000 0.652711 -0.109456
v 0.470000 0.652711 -0.109456
v 0.250000 0.630544 -0.087289
v 0.470000 0.630544 -0.087289
v 0.250000 0.613864 -0.060744
v 0.470000 0.613864 -0.060744
v 0.250000 0.603510 -0.031153
v 0.470000 0.603510 -0.031153
v 0.250000 0.600000 0.000000
v 0.470000 0.600000 0.000000
v 0.250000 0.603510 0.031153
v 0.470000 0.603510 0.031153
v 0.250000 0.613864 0.060744
v 0.470000 0.613864 0.060744
v 0.250000 0.630544 0.087289
v 0.470000 0.630544 0.087289
v 0.250000 0.652711 0.109456
v 0.470000 0.652711 0.109456
v 0.250000 0.679256 0.126136
v 0.470000 0.679256 0.126136
v 0.250000 0.708847 0.136490
v 0.470000 0.708847 0.136490
v 0.250000 0.740000 0.140000
v 0.470000 0.740000 0.140000
v 0.250000 0.771153 0.136490
v 0.470000 0.771153 0.136490
v 0.250000 0.800744 0.126136
v 0.470000 0.800744 0.126136
v 0.250000 0.827289 0.109456
v 0.470000 0.827289 0.109456
v 0.250000 0.849456 0.087289
v 0.470000 0.849456 0.087289
v 0.250000 0.866136 0.060744
v 0.470000 0.866136 0.060744
v 0.250000 0.876490 0.031153
v 0.470000 0.876490 0.031153
v 0.250000 0.880000 0.000000
v 0.470000 0.880000 0.000000
v 0.250000 0.876490 -0.031153
v 0.470000 0.876490 -0.031153
v 0.250000 0.866136 -0.060744
v 0.470000 0.866136 -0.060744
v 0.250000 0.849456 -0.087289
v 0.470000 0.849456 -0.087289
v 0.250000 0.827289 -0.109456
v 0.470000 0.827289 -0.109456
v 0.250000 0.800744 -0.126136
v 0.470000 0.800744 -0.126136
v 0.250000 0.771153 -0.136490
v 0.470000 0.771153 -0.136490
vn -0.6828 -0.0000 -0.7306
vn 0.6828 -0.0000 -0.7306
vn -0.6828 -0.1626 -0.7123
vn 0.6828 -0.1626 -0.7123
vn -0.6828 -0.3170 -0.6583
vn 0.6828 -0.3170 -0.6583
vn -0.6828 -0.4555 -0.5712
vn 0.6828 -0.4555 -0.5712
vn -0.6828 -0.5712 -0.4555
vn 0.6828 -0.5712 -0.4555
vn -0.6828 -0.6583 -0.3170
vn 0.6828 -0.6583 -0.3170
vn -0.6828 -0.7123 -0.1626
vn 0.6828 -0.7123 -0.1626
vn -0.6828 -0.7306 -0.0000
vn 0.6828 -0.7306 -0.0000
vn -0.6828 -0.7123 0.1626
vn 0.6828 -0.7123 0.1626
vn -0.6828 -0.6583 0.3170
vn 0.6828 -0.6583 0.3170
vn -0.6828 -0.5712 0.4555
vn 0.6828 -0.5712 0.4555
vn -0.6828 -0.4555 0.5712
vn 0.6828 -0.4555 0.5712
vn -0.6828 -0.3170 0.6583
vn 0.6828 -0.3170 0.6583
vn -0.6828 -0.1626 0.7123
vn 0.6828 -0.1626 0.7123
vn -0.6828 -0.0000 0.7306
vn 0.6828 -0.0000 0.7306
vn -0.6828 0.1626 0.7123
vn 0.6828 0.1626 0.7123
vn -0.6828 0.3170 0.6583
vn 0.6828 0.3170 0.6583
vn -0.6828 0.4555 0.5712
vn 0.6828 0.4555 0.5712
vn -0.6828 0.5712 0.4555
vn 0.6828 0.5712 0.4555
vn -0.6828 0.6583 0.3170
vn 0.6828 0.6583 0.3170
vn -0.6828 0.7123 0.1626
vn 0.6828 0.7123 0.1626
vn -0.6828 0.7306 -0.0000
vn 0.6828 0.7306 -0.0000
vn -0.6828 0.7123 -0.1626
vn 0.6828 0.7123 -0.1626
vn -0.6828 0.6583 -0.3170
vn 0.6828 0.6583 -0.3170
vn -0.6828 0.5712 -0.4555
vn 0.6828 0.5712 -0.4555
vn -0.6828 0.4555 -0.5712
vn 0.6828 0.4555 -0.5712
vn -0.6828 0.3170 -0.6583
vn 0.6828 0.3170 -0.6583
vn -0.6828 0.1626 -0.7123
vn 0.6828 0.1626 -0.7123
vt 1.000000 0.500000
vt 1.000000 1.000000
vt 0.964286 1.000000
vt 0.964286 0.500000
vt 0.928571 1.000000
vt 0.928571 0.500000
vt 0.892857 1.000000
vt 0.892857 0.500000
vt 0.857143 1.000000
vt 0.857143 0.500000
vt 0.821429 1.000000
vt 0.821429 0.500000
vt 0.785714 1.000000
vt 0.785714 0.500000
vt 0.750000 1.000000
vt 0.750000 0.500000
vt 0.714286 1.000000
vt 0.714286 0.500000
vt 0.678572 1.000000
vt 0.678572 0.500000
vt 0.642857 1.000000
vt 0.642857 0.500000
vt 0.607143 1.000000
vt 0.607143 0.500000
vt 0.571429 1.000000
vt 0.571429 0.500000
vt 0.535715 1.000000
vt 0.535715 0.500000
vt 0.500000 1.000000
vt 0.500000 0.500000
vt 0.464286 1.000000
vt 0.464286 0.500000
vt 0.428572 1.000000
vt 0.428572 0.500000
vt 0.392857 1.000000
vt 0.392857 0.500000
vt 0.357143 1.000000
vt 0.357143 0.500000
vt 0.321429 1.000000
vt 0.321429 0.500000
vt 0.285714 1.000000
vt 0.285714 0.500000
vt 0.250000 1.000000
vt 0.250000 0.500000
vt 0.214286 1.000000
vt 0.214286 0.500000
vt 0.178572 1.000000
vt 0.178572 0.500000
vt 0.142857 1.000000
vt 0.142857 0.500000
vt 0.107143 1.000000
vt 0.107143 0.500000
vt 0.071429 1.000000
vt 0.071429 0.500000
vt 0.303405 0.483983
vt 0.250000 0.490000
vt 0.196595 0.483983
vt 0.145868 0.466232
vt 0.100362 0.437640
vt 0.062360 0.399638
vt 0.033768 0.354132
vt 0.016017 0.303405
vt 0.010000 0.250000
vt 0.016017 0.196595
vt 0.033768 0.145868
vt 0.062360 0.100362
vt 0.100362 0.062360
vt 0.145868 0.033768
vt 0.196595 0.016017
vt 0.250000 0.010000
vt 0.303405 0.016017
vt 0.354132 0.033768
vt 0.399638 0.062360
vt 0.437640 0.100362
vt 0.466232 0.145868
vt 0.483983 0.196595
vt 0.490000 0.250000
vt 0.483983 0.303405
vt 0.466232 0.354132
vt 0.437640 0.399638
vt 0.399638 0.437640
vt 0.354132 0.466232
vt 0.035714 1.000000
vt 0.035714 0.500000
vt 0.000000 1.000000
vt 0.000000 0.500000
vt 0.750000 0.490000
vt 0.803405 0.483983
vt 0.854132 0.466232
vt 0.899638 0.437640
vt 0.937640 0.399638
vt 0.966232 0.354132
vt 0.983983 0.303405
vt 0.990000 0.250000
vt 0.983983 0.196595
vt 0.966232 0.145868
vt 0.937640 0.100362
vt 0.899638 0.062360
vt 0.854132 0.033768
vt 0.803405 0.016017
vt 0.750000 0.010000
vt 0.696595 0.016017
vt 0.645868 0.033768
vt 0.600362 0.062360
vt 0.562360 0.100362
vt 0.533768 0.145868
vt 0.516017 0.196595
vt 0.510000 0.250000
vt 0.516017 0.303405
vt 0.533768 0.354132
vt 0.562360 0.399638
vt 0.600362 0.437640
vt 0.645868 0.466232
vt 0.696595 0.483983
s 1
usemtl M_Graphite
f 557/665/557 558/666/558 560/667/560 559/668/559
f 559/668/559 560/667/560 562/669/562 561/670/561
f 561/670/561 562/669/562 564/671/564 563/672/563
f 563/672/563 564/671/564 566/673/566 565/674/565
f 565/674/565 566/673/566 568/675/568 567/676/567
f 567/676/567 568/675/568 570/677/570 569/678/569
f 569/678/569 570/677/570 572/679/572 571/680/571
f 571/680/571 572/679/572 574/681/574 573/682/573
f 573/682/573 574/681/574 576/683/576 575/684/575
f 575/684/575 576/683/576 578/685/578 577/686/577
f 577/686/577 578/685/578 580/687/580 579/688/579
f 579/688/579 580/687/580 582/689/582 581/690/581
f 581/690/581 582/689/582 584/691/584 583/692/583
f 583/692/583 584/691/584 586/693/586 585/694/585
f 585/694/585 586/693/586 588/695/588 587/696/587
f 587/696/587 588/695/588 590/697/590 589/698/589
f 589/698/589 590/697/590 592/699/592 591/700/591
f 591/700/591 592/699/592 594/701/594 593/702/593
f 593/702/593 594/701/594 596/703/596 595/704/595
f 595/704/595 596/703/596 598/705/598 597/706/597
f 597/706/597 598/705/598 600/707/600 599/708/599
f 599/708/599 600/707/600 602/709/602 601/710/601
f 601/710/601 602/709/602 604/711/604 603/712/603
f 603/712/603 604/711/604 606/713/606 605/714/605
f 605/714/605 606/713/606 608/715/608 607/716/607
f 607/716/607 608/715/608 610/717/610 609/718/609
f 560/719/560 558/720/558 612/721/612 610/722/610 608/723/608 606/724/606 604/725/604 602/726/602 600/727/600 598/728/598 596/729/596 594/730/594 592/731/592 590/732/590 588/733/588 586/734/586 584/735/584 582/736/582 580/737/580 578/738/578 576/739/576 574/740/574 572/741/572 570/742/570 568/743/568 566/744/566 564/745/564 562/746/562
f 609/718/609 610/717/610 612/747/612 611/748/611
f 611/748/611 612/747/612 558/749/558 557/750/557
f 557/751/557 559/752/559 561/753/561 563/754/563 565/755/565 567/756/567 569/757/569 571/758/571 573/759/573 575/760/575 577/761/577 579/762/579 581/763/581 583/764/583 585/765/585 587/766/587 589/767/589 591/768/591 593/769/593 595/770/595 597/771/597 599/772/599 601/773/601 603/774/603 605/775/605 607/776/607 609/777/609 611/778/611
o Bulb
v 0.240000 0.791962 -0.030000
v 0.240000 0.740000 -0.060000
v 0.240000 0.688038 -0.030000
v 0.244799 0.797956 -0.014769
v 0.249270 0.791962 -0.028532
v 0.253110 0.782426 -0.040350
v 0.256057 0.770000 -0.049418
v 0.257909 0.755529 -0.055119
v 0.258541 0.740000 -0.057063
v 0.257909 0.724471 -0.055119
v 0.256057 0.710000 -0.049418
v 0.253110 0.697574 -0.040350
v 0.249270 0.688038 -0.028532
v 0.244799 0.682044 -0.014769
v 0.249128 0.797956 -0.012563
v 0.257634 0.791962 -0.024271
v 0.264938 0.782426 -0.034324
v 0.270542 0.770000 -0.042038
v 0.274065 0.755529 -0.046887
v 0.275267 0.740000 -0.048541
v 0.274065 0.724471 -0.046887
v 0.270542 0.710000 -0.042038
v 0.264938 0.697574 -0.034324
v 0.257634 0.688038 -0.024271
v 0.249128 0.682044 -0.012563
v 0.252563 0.797956 -0.009128
v 0.264271 0.791962 -0.017634
v 0.274324 0.782426 -0.024938
v 0.282038 0.770000 -0.030542
v 0.286887 0.755529 -0.034065
v 0.288541 0.740000 -0.035267
v 0.286887 0.724471 -0.034065
v 0.282038 0.710000 -0.030542
v 0.274324 0.697574 -0.024938
v 0.264271 0.688038 -0.017634
v 0.252563 0.682044 -0.009128
v 0.254769 0.797956 -0.004799
v 0.268532 0.791962 -0.009271
v 0.280350 0.782426 -0.013110
v 0.289418 0.770000 -0.016057
v 0.295119 0.755529 -0.017909
v 0.297063 0.740000 -0.018541
v 0.295119 0.724471 -0.017909
v 0.289418 0.710000 -0.016057
v 0.280350 0.697574 -0.013110
v 0.268532 0.688038 -0.009271
v 0.254769 0.682044 -0.004799
v 0.255529 0.797956 -0.000000
v 0.270000 0.791962 0.000000
v 0.282426 0.782426 -0.000000
v 0.291962 0.770000 -0.000000
v 0.297956 0.755529 -0.000000
v 0.300000 0.740000 0.000000
v 0.297956 0.724471 -0.000000
v 0.291962 0.710000 -0.000000
v 0.282426 0.697574 -0.000000
v 0.270000 0.688038 0.000000
v 0.255529 0.682044 -0.000000
v 0.254769 0.797956 0.004799
v 0.268532 0.791962 0.009271
v 0.280350 0.782426 0.013110
v 0.289418 0.770000 0.016057
v 0.295119 0.755529 0.017909
v 0.297063 0.740000 0.018541
v 0.295119 0.724471 0.017909
v 0.289418 0.710000 0.016057
v 0.280350 0.697574 0.013110
v 0.268532 0.688038 0.009271
v 0.254769 0.682044 0.004799
v 0.252563 0.797956 0.009128
v 0.264271 0.791962 0.017634
v 0.274324 0.782426 0.024938
v 0.282038 0.770000 0.030542
v 0.286887 0.755529 0.034065
v 0.288541 0.740000 0.035267
v 0.286887 0.724471 0.034065
v 0.282038 0.710000 0.030542
v 0.274324 0.697574 0.024938
v 0.264271 0.688038 0.017634
v 0.252563 0.682044 0.009128
v 0.249128 0.797956 0.012563
v 0.257634 0.791962 0.024271
v 0.264938 0.782426 0.034324
v 0.270542 0.770000 0.042038
v 0.274065 0.755529 0.046887
v 0.275267 0.740000 0.048541
v 0.274065 0.724471 0.046887
v 0.270542 0.710000 0.042038
v 0.264938 0.697574 0.034324
v 0.257634 0.688038 0.024271
v 0.249128 0.682044 0.012563
v 0.244799 0.797956 0.014769
v 0.249270 0.791962 0.028532
v 0.253110 0.782426 0.040350
v 0.256057 0.770000 0.049418
v 0.257909 0.755529 0.055119
v 0.258541 0.740000 0.057063
v 0.257909 0.724471 0.055119
v 0.256057 0.710000 0.049418
v 0.253110 0.697574 0.040350
v 0.249270 0.688038 0.028532
v 0.244799 0.682044 0.014769
v 0.240000 0.797956 0.015529
v 0.240000 0.791962 0.030000
v 0.240000 0.782426 0.042426
v 0.240000 0.770000 0.051962
v 0.240000 0.755529 0.057956
v 0.240000 0.740000 0.060000
v 0.240000 0.724471 0.057956
v 0.240000 0.710000 0.051962
v 0.240000 0.697574 0.042426
v 0.240000 0.688038 0.030000
v 0.240000 0.682044 0.015529
v 0.235201 0.797956 0.014769
v 0.230729 0.791962 0.028532
v 0.226890 0.782426 0.040350
v 0.223943 0.770000 0.049418
v 0.222091 0.755529 0.055119
v 0.221459 0.740000 0.057063
v 0.222091 0.724471 0.055119
v 0.223943 0.710000 0.049418
v 0.226890 0.697574 0.040350
v 0.230729 0.688038 0.028532
v 0.235201 0.682044 0.014769
v 0.230872 0.797956 0.012563
v 0.222366 0.791962 0.024271
v 0.215062 0.782426 0.034324
v 0.209458 0.770000 0.042038
v 0.205935 0.755529 0.046887
v 0.204733 0.740000 0.048541
v 0.205935 0.724471 0.046887
v 0.209458 0.710000 0.042038
v 0.215062 0.697574 0.034324
v 0.222366 0.688038 0.024271
v 0.230872 0.682044 0.012563
v 0.240000 0.680000 0.000000
v 0.227437 0.797956 0.009128
v 0.215729 0.791962 0.017634
v 0.205676 0.782426 0.024938
v 0.197962 0.770000 0.030542
v 0.193113 0.755529 0.034065
v 0.191459 0.740000 0.035267
v 0.193113 0.724471 0.034065
v 0.197962 0.710000 0.030542
v 0.205676 0.697574 0.024938
v 0.215729 0.688038 0.017634
v 0.227437 0.682044 0.009128
v 0.240000 0.800000 0.000000
v 0.225231 0.797956 0.004799
v 0.211468 0.791962 0.009271
v 0.199650 0.782426 0.013110
v 0.190582 0.770000 0.016057
v 0.184881 0.755529 0.017909
v 0.182937 0.740000 0.018541
v 0.184881 0.724471 0.017909
v 0.190582 0.710000 0.016057
v 0.199650 0.697574 0.013110
v 0.211468 0.688038 0.009271
v 0.225231 0.682044 0.004799
v 0.224471 0.797956 0.000000
v 0.210000 0.791962 -0.000000
v 0.197574 0.782426 0.000000
v 0.188038 0.770000 -0.000000
v 0.182044 0.755529 0.000000
v 0.180000 0.740000 -0.000000
v 0.182044 0.724471 0.000000
v 0.188038 0.710000 -0.000000
v 0.197574 0.697574 0.000000
v 0.210000 0.688038 -0.000000
v 0.224471 0.682044 0.000000
v 0.225231 0.797956 -0.004799
v 0.211468 0.791962 -0.009271
v 0.199650 0.782426 -0.013110
v 0.190582 0.770000 -0.016057
v 0.184881 0.755529 -0.017909
v 0.182937 0.740000 -0.018541
v 0.184881 0.724471 -0.017909
v 0.190582 0.710000 -0.016057
v 0.199650 0.697574 -0.013110
v 0.211468 0.688038 -0.009271
v 0.225231 0.682044 -0.004799
v 0.227437 0.797956 -0.009128
v 0.215729 0.791962 -0.017634
v 0.205676 0.782426 -0.024938
v 0.197962 0.770000 -0.030542
v 0.193113 0.755529 -0.034065
v 0.191459 0.740000 -0.035267
v 0.193113 0.724471 -0.034065
v 0.197962 0.710000 -0.030542
v 0.205676 0.697574 -0.024938
v 0.215729 0.688038 -0.017634
v 0.227437 0.682044 -0.009128
v 0.230872 0.797956 -0.012563
v 0.222366 0.791962 -0.024271
v 0.215062 0.782426 -0.034324
v 0.209458 0.770000 -0.042038
v 0.205935 0.755529 -0.046887
v 0.204733 0.740000 -0.048541
v 0.205935 0.724471 -0.046887
v 0.209458 0.710000 -0.042038
v 0.215062 0.697574 -0.034324
v 0.222366 0.688038 -0.024271
v 0.230872 0.682044 -0.012563
v 0.235201 0.797956 -0.014769
v 0.230729 0.791962 -0.028532
v 0.226890 0.782426 -0.040350
v 0.223943 0.770000 -0.049418
v 0.222091 0.755529 -0.055119
v 0.221459 0.740000 -0.057063
v 0.222091 0.724471 -0.055119
v 0.223943 0.710000 -0.049418
v 0.226890 0.697574 -0.040350
v 0.230729 0.688038 -0.028532
v 0.235201 0.682044 -0.014769
v 0.240000 0.797956 -0.015529
v 0.240000 0.782426 -0.042426
v 0.240000 0.770000 -0.051962
v 0.240000 0.755529 -0.057956
v 0.240000 0.724471 -0.057956
v 0.240000 0.710000 -0.051962
v 0.240000 0.697574 -0.042426
v 0.240000 0.682044 -0.015529
vn -0.0000 0.8604 -0.5097
vn -0.0000 -0.0000 -1.0000
vn -0.0000 -0.8604 -0.5097
vn 0.0837 0.9626 -0.2577
vn 0.1575 0.8604 -0.4847
vn 0.2205 0.7007 -0.6786
vn 0.2686 0.4945 -0.8267
vn 0.2988 0.2556 -0.9195
vn 0.3090 -0.0000 -0.9511
vn 0.2988 -0.2556 -0.9195
vn 0.2686 -0.4945 -0.8267
vn 0.2205 -0.7007 -0.6786
vn 0.1575 -0.8604 -0.4847
vn 0.0837 -0.9626 -0.2577
vn 0.1592 0.9626 -0.2192
vn 0.2996 0.8604 -0.4123
vn 0.4194 0.7007 -0.5772
vn 0.5109 0.4945 -0.7032
vn 0.5683 0.2556 -0.7821
vn 0.5878 -0.0000 -0.8090
vn 0.5683 -0.2556 -0.7821
vn 0.5109 -0.4945 -0.7032
vn 0.4194 -0.7007 -0.5772
vn 0.2996 -0.8604 -0.4123
vn 0.1592 -0.9626 -0.2192
vn 0.2192 0.9626 -0.1592
vn 0.4123 0.8604 -0.2996
vn 0.5772 0.7007 -0.4194
vn 0.7032 0.4945 -0.5109
vn 0.7821 0.2556 -0.5683
vn 0.8090 -0.0000 -0.5878
vn 0.7821 -0.2556 -0.5683
vn 0.7032 -0.4945 -0.5109
vn 0.5772 -0.7007 -0.4194
vn 0.4123 -0.8604 -0.2996
vn 0.2192 -0.9626 -0.1592
vn 0.2577 0.9626 -0.0837
vn 0.4847 0.8604 -0.1575
vn 0.6786 0.7007 -0.2205
vn 0.8267 0.4945 -0.2686
vn 0.9195 0.2556 -0.2988
vn 0.9511 -0.0000 -0.3090
vn 0.9195 -0.2556 -0.2988
vn 0.8267 -0.4945 -0.2686
vn 0.6786 -0.7007 -0.2205
vn 0.4847 -0.8604 -0.1575
vn 0.2577 -0.9626 -0.0837
vn 0.2709 0.9626 -0.0000
vn 0.5097 0.8604 -0.0000
vn 0.7135 0.7007 -0.0000
vn 0.8692 0.4945 -0.0000
vn 0.9668 0.2556 -0.0000
vn 1.0000 -0.0000 -0.0000
vn 0.9668 -0.2556 -0.0000
vn 0.8692 -0.4945 -0.0000
vn 0.7135 -0.7007 -0.0000
vn 0.5097 -0.8604 -0.0000
vn 0.2709 -0.9626 -0.0000
vn 0.2577 0.9626 0.0837
vn 0.4847 0.8604 0.1575
vn 0.6786 0.7007 0.2205
vn 0.8267 0.4945 0.2686
vn 0.9195 0.2556 0.2987
vn 0.9511 -0.0000 0.3090
vn 0.9195 -0.2556 0.2987
vn 0.8267 -0.4945 0.2686
vn 0.6786 -0.7007 0.2205
vn 0.4847 -0.8604 0.1575
vn 0.2577 -0.9626 0.0837
vn 0.2192 0.9626 0.1592
vn 0.4123 0.8604 0.2996
vn 0.5772 0.7007 0.4194
vn 0.7032 0.4945 0.5109
vn 0.7821 0.2556 0.5683
vn 0.8090 -0.0000 0.5878
vn 0.7821 -0.2556 0.5683
vn 0.7032 -0.4945 0.5109
vn 0.5772 -0.7007 0.4194
vn 0.4123 -0.8604 0.2996
vn 0.2192 -0.9626 0.1592
vn 0.1592 0.9626 0.2192
vn 0.2996 0.8604 0.4123
vn 0.4194 0.7007 0.5772
vn 0.5109 0.4945 0.7032
vn 0.5683 0.2556 0.7821
vn 0.5878 -0.0000 0.8090
vn 0.5683 -0.2556 0.7821
vn 0.5109 -0.4945 0.7032
vn 0.4194 -0.7007 0.5772
vn 0.2996 -0.8604 0.4123
vn 0.1592 -0.9626 0.2192
vn 0.0837 0.9626 0.2577
vn 0.1575 0.8604 0.4847
vn 0.2205 0.7007 0.6786
vn 0.2686 0.4945 0.8267
vn 0.2988 0.2556 0.9195
vn 0.3090 -0.0000 0.9511
vn 0.2988 -0.2556 0.9195
vn 0.2686 -0.4945 0.8267
vn 0.2205 -0.7007 0.6786
vn 0.1575 -0.8604 0.4847
vn 0.0837 -0.9626 0.2577
vn -0.0000 0.9626 0.2709
vn -0.0000 0.8604 0.5097
vn -0.0000 0.7007 0.7135
vn -0.0000 0.4945 0.8692
vn -0.0000 0.2556 0.9668
vn -0.0000 -0.0000 1.0000
vn -0.0000 -0.2556 0.9668
vn -0.0000 -0.4945 0.8692
vn -0.0000 -0.7007 0.7135
vn -0.0000 -0.8604 0.5097
vn -0.0000 -0.9626 0.2709
vn -0.0837 0.9626 0.2577
vn -0.1575 0.8604 0.4847
vn -0.2205 0.7007 0.6786
vn -0.2686 0.4945 0.8267
vn -0.2987 0.2556 0.9195
vn -0.3090 -0.0000 0.9511
vn -0.2987 -0.2556 0.9195
vn -0.2686 -0.4945 0.8267
vn -0.2205 -0.7007 0.6786
vn -0.1575 -0.8604 0.4847
vn -0.0837 -0.9626 0.2577
vn -0.1592 0.9626 0.2192
vn -0.2996 0.8604 0.4123
vn -0.4194 0.7007 0.5772
vn -0.5109 0.4945 0.7032
vn -0.5683 0.2556 0.7821
vn -0.5878 -0.0000 0.8090
vn -0.5683 -0.2556 0.7821
vn -0.5109 -0.4945 0.7032
vn -0.4194 -0.7007 0.5772
vn -0.2996 -0.8604 0.4123
vn -0.1592 -0.9626 0.2192
vn -0.0000 -1.0000 -0.0000
vn -0.2192 0.9626 0.1592
vn -0.4123 0.8604 0.2996
vn -0.5772 0.7007 0.4194
vn -0.7032 0.4945 0.5109
vn -0.7821 0.2556 0.5683
vn -0.8090 -0.0000 0.5878
vn -0.7821 -0.2556 0.5683
vn -0.7032 -0.4945 0.5109
vn -0.5772 -0.7007 0.4194
vn -0.4123 -0.8604 0.2996
vn -0.2192 -0.9626 0.1592
vn -0.0000 1.0000 -0.0000
vn -0.2577 0.9626 0.0837
vn -0.4847 0.8604 0.1575
vn -0.6786 0.7007 0.2205
vn -0.8267 0.4945 0.2686
vn -0.9195 0.2556 0.2988
vn -0.9511 -0.0000 0.3090
vn -0.9195 -0.2556 0.2988
vn -0.8267 -0.4945 0.2686
vn -0.6786 -0.7007 0.2205
vn -0.4847 -0.8604 0.1575
vn -0.2577 -0.9626 0.0837
vn -0.2709 0.9626 -0.0000
vn -0.5097 0.8604 -0.0000
vn -0.7135 0.7007 -0.0000
vn -0.8692 0.4945 -0.0000
vn -0.9668 0.2556 -0.0000
vn -1.0000 -0.0000 -0.0000
vn -0.9668 -0.2556 -0.0000
vn -0.8692 -0.4945 -0.0000
vn -0.7135 -0.7007 -0.0000
vn -0.5097 -0.8604 -0.0000
vn -0.2709 -0.9626 -0.0000
vn -0.2577 0.9626 -0.0837
vn -0.4847 0.8604 -0.1575
vn -0.6786 0.7007 -0.2205
vn -0.8267 0.4945 -0.2686
vn -0.9195 0.2556 -0.2987
vn -0.9511 -0.0000 -0.3090
vn -0.9195 -0.2556 -0.2987
vn -0.8267 -0.4945 -0.2686
vn -0.6786 -0.7007 -0.2205
vn -0.4847 -0.8604 -0.1575
vn -0.2577 -0.9626 -0.0837
vn -0.2192 0.9626 -0.1592
vn -0.4123 0.8604 -0.2996
vn -0.5772 0.7007 -0.4194
vn -0.7032 0.4945 -0.5109
vn -0.7821 0.2556 -0.5683
vn -0.8090 -0.0000 -0.5878
vn -0.7821 -0.2556 -0.5683
vn -0.7032 -0.4945 -0.5109
vn -0.5772 -0.7007 -0.4194
vn -0.4123 -0.8604 -0.2996
vn -0.2192 -0.9626 -0.1592
vn -0.1592 0.9626 -0.2192
vn -0.2996 0.8604 -0.4123
vn -0.4194 0.7007 -0.5772
vn -0.5109 0.4945 -0.7032
vn -0.5683 0.2556 -0.7821
vn -0.5878 -0.0000 -0.8090
vn -0.5683 -0.2556 -0.7821
vn -0.5109 -0.4945 -0.7032
vn -0.4194 -0.7007 -0.5772
vn -0.2996 -0.8604 -0.4123
vn -0.1592 -0.9626 -0.2192
vn -0.0837 0.9626 -0.2577
vn -0.1575 0.8604 -0.4847
vn -0.2205 0.7007 -0.6786
vn -0.2686 0.4945 -0.8267
vn -0.2987 0.2556 -0.9195
vn -0.3090 -0.0000 -0.9511
vn -0.2987 -0.2556 -0.9195
vn -0.2686 -0.4945 -0.8267
vn -0.2205 -0.7007 -0.6786
vn -0.1575 -0.8604 -0.4847
vn -0.0837 -0.9626 -0.2577
vn -0.0000 0.9626 -0.2709
vn -0.0000 0.7007 -0.7135
vn -0.0000 0.4945 -0.8692
vn -0.0000 0.2556 -0.9668
vn -0.0000 -0.2556 -0.9668
vn -0.0000 -0.4945 -0.8692
vn -0.0000 -0.7007 -0.7135
vn -0.0000 -0.9626 -0.2709
vt 0.750000 0.750000
vt 0.750000 0.833333
vt 0.700000 0.833333
vt 0.700000 0.750000
vt 0.750000 0.166667
vt 0.750000 0.250000
vt 0.700000 0.250000
vt 0.700000 0.166667
vt 0.750000 0.416667
vt 0.750000 0.500000
vt 0.700000 0.500000
vt 0.700000 0.416667
vt 0.750000 0.666667
vt 0.700000 0.666667
vt 0.750000 0.083333
vt 0.700000 0.083333
vt 0.750000 0.916667
vt 0.725000 1.000000
vt 0.700000 0.916667
vt 0.750000 0.333333
vt 0.700000 0.333333
vt 0.750000 0.583333
vt 0.700000 0.583333
vt 0.725000 0.000000
vt 0.650000 0.416667
vt 0.650000 0.333333
vt 0.650000 0.666667
vt 0.650000 0.583333
vt 0.675000 0.000000
vt 0.650000 0.083333
vt 0.650000 0.916667
vt 0.650000 0.833333
vt 0.650000 0.250000
vt 0.650000 0.500000
vt 0.650000 0.750000
vt 0.650000 0.166667
vt 0.675000 1.000000
vt 0.600000 0.500000
vt 0.600000 0.416667
vt 0.600000 0.750000
vt 0.600000 0.666667
vt 0.600000 0.166667
vt 0.600000 0.083333
vt 0.625000 1.000000
vt 0.600000 0.916667
vt 0.600000 0.333333
vt 0.600000 0.583333
vt 0.625000 0.000000
vt 0.600000 0.833333
vt 0.600000 0.250000
vt 0.550000 0.333333
vt 0.550000 0.250000
vt 0.550000 0.583333
vt 0.550000 0.500000
vt 0.550000 0.833333
vt 0.550000 0.750000
vt 0.550000 0.166667
vt 0.550000 0.416667
vt 0.550000 0.666667
vt 0.550000 0.083333
vt 0.575000 1.000000
vt 0.550000 0.916667
vt 0.575000 0.000000
vt 0.525000 1.000000
vt 0.500000 0.916667
vt 0.500000 0.416667
vt 0.500000 0.333333
vt 0.500000 0.666667
vt 0.500000 0.583333
vt 0.525000 0.000000
vt 0.500000 0.083333
vt 0.500000 0.833333
vt 0.500000 0.250000
vt 0.500000 0.500000
vt 0.500000 0.750000
vt 0.500000 0.166667
vt 0.450000 0.250000
vt 0.450000 0.166667
vt 0.450000 0.500000
vt 0.450000 0.416667
vt 0.450000 0.750000
vt 0.450000 0.666667
vt 0.450000 0.083333
vt 0.475000 1.000000
vt 0.450000 0.916667
vt 0.450000 0.333333
vt 0.450000 0.583333
vt 0.475000 0.000000
vt 0.450000 0.833333
vt 0.400000 0.916667
vt 0.400000 0.833333
vt 0.400000 0.333333
vt 0.400000 0.250000
vt 0.400000 0.583333
vt 0.400000 0.500000
vt 0.400000 0.750000
vt 0.400000 0.166667
vt 0.400000 0.416667
vt 0.400000 0.666667
vt 0.400000 0.083333
vt 0.425000 1.000000
vt 0.425000 0.000000
vt 0.350000 0.166667
vt 0.350000 0.083333
vt 0.375000 1.000000
vt 0.350000 0.916667
vt 0.350000 0.416667
vt 0.350000 0.333333
vt 0.350000 0.666667
vt 0.350000 0.583333
vt 0.375000 0.000000
vt 0.350000 0.833333
vt 0.350000 0.250000
vt 0.350000 0.500000
vt 0.350000 0.750000
vt 0.300000 0.833333
vt 0.300000 0.750000
vt 0.300000 0.250000
vt 0.300000 0.166667
vt 0.300000 0.500000
vt 0.300000 0.416667
vt 0.300000 0.666667
vt 0.300000 0.083333
vt 0.325000 1.000000
vt 0.300000 0.916667
vt 0.300000 0.333333
vt 0.300000 0.583333
vt 0.325000 0.000000
vt 0.275000 0.000000
vt 0.250000 0.083333
vt 0.250000 0.916667
vt 0.250000 0.833333
vt 0.250000 0.333333
vt 0.250000 0.250000
vt 0.250000 0.583333
vt 0.250000 0.500000
vt 0.250000 0.750000
vt 0.250000 0.166667
vt 0.250000 0.416667
vt 0.250000 0.666667
vt 0.275000 1.000000
vt 0.200000 0.750000
vt 0.200000 0.666667
vt 0.200000 0.166667
vt 0.200000 0.083333
vt 0.225000 1.000000
vt 0.200000 0.916667
vt 0.200000 0.416667
vt 0.200000 0.333333
vt 0.200000 0.583333
vt 0.225000 0.000000
vt 0.200000 0.833333
vt 0.200000 0.250000
vt 0.200000 0.500000
vt 0.150000 0.833333
vt 0.150000 0.750000
vt 0.150000 0.250000
vt 0.150000 0.166667
vt 0.150000 0.500000
vt 0.150000 0.416667
vt 0.150000 0.666667
vt 0.150000 0.083333
vt 0.175000 1.000000
vt 0.150000 0.916667
vt 0.150000 0.333333
vt 0.150000 0.583333
vt 0.175000 0.000000
vt 0.100000 0.666667
vt 0.100000 0.583333
vt 0.125000 0.000000
vt 0.100000 0.083333
vt 0.100000 0.916667
vt 0.100000 0.833333
vt 0.100000 0.333333
vt 0.100000 0.250000
vt 0.100000 0.500000
vt 0.100000 0.750000
vt 0.100000 0.166667
vt 0.100000 0.416667
vt 0.125000 1.000000
vt 0.050000 0.750000
vt 0.050000 0.666667
vt 0.050000 0.166667
vt 0.050000 0.083333
vt 0.075000 1.000000
vt 0.050000 0.916667
vt 0.050000 0.416667
vt 0.050000 0.333333
vt 0.050000 0.583333
vt 0.075000 0.000000
vt 0.050000 0.833333
vt 0.050000 0.250000
vt 0.050000 0.500000
vt 0.000000 0.583333
vt 0.000000 0.500000
vt 0.000000 0.833333
vt 0.000000 0.750000
vt 0.000000 0.250000
vt 0.000000 0.166667
vt 0.000000 0.416667
vt 0.000000 0.666667
vt 0.000000 0.083333
vt 0.025000 1.000000
vt 0.000000 0.916667
vt 0.000000 0.333333
vt 0.025000 0.000000
vt 1.000000 0.583333
vt 1.000000 0.666667
vt 0.950000 0.666667
vt 0.950000 0.583333
vt 0.975000 0.000000
vt 1.000000 0.083333
vt 0.950000 0.083333
vt 1.000000 0.833333
vt 1.000000 0.916667
vt 0.950000 0.916667
vt 0.950000 0.833333
vt 1.000000 0.250000
vt 1.000000 0.333333
vt 0.950000 0.333333
vt 0.950000 0.250000
vt 1.000000 0.500000
vt 0.950000 0.500000
vt 1.000000 0.750000
vt 0.950000 0.750000
vt 1.000000 0.166667
vt 0.950000 0.166667
vt 1.000000 0.416667
vt 0.950000 0.416667
vt 0.975000 1.000000
vt 0.900000 0.500000
vt 0.900000 0.416667
vt 0.900000 0.750000
vt 0.900000 0.666667
vt 0.900000 0.166667
vt 0.900000 0.083333
vt 0.925000 1.000000
vt 0.900000 0.916667
vt 0.900000 0.333333
vt 0.900000 0.583333
vt 0.925000 0.000000
vt 0.900000 0.833333
vt 0.900000 0.250000
vt 0.850000 0.583333
vt 0.850000 0.500000
vt 0.850000 0.833333
vt 0.850000 0.750000
vt 0.850000 0.250000
vt 0.850000 0.166667
vt 0.850000 0.416667
vt 0.850000 0.666667
vt 0.850000 0.083333
vt 0.875000 1.000000
vt 0.850000 0.916667
vt 0.850000 0.333333
vt 0.875000 0.000000
vt 0.800000 0.416667
vt 0.800000 0.333333
vt 0.800000 0.666667
vt 0.800000 0.583333
vt 0.825000 0.000000
vt 0.800000 0.083333
vt 0.800000 0.916667
vt 0.800000 0.833333
vt 0.800000 0.250000
vt 0.800000 0.500000
vt 0.800000 0.750000
vt 0.800000 0.166667
vt 0.825000 1.000000
vt 0.775000 1.000000
vt 0.775000 0.000000
s 1
usemtl M_Amber_Emission
f 828/779/828 613/780/613 617/781/617 618/782/618
f 615/783/615 833/784/833 624/785/624 625/786/625
f 831/787/831 614/788/614 621/789/621 622/790/622
f 829/791/829 828/779/828 618/782/618 619/792/619
f 834/793/834 615/783/615 625/786/625 626/794/626
f 827/795/827 760/796/760 616/797/616
f 832/798/832 831/787/831 622/790/622 623/799/623
f 830/800/830 829/791/829 619/792/619 620/801/620
f 748/802/748 834/793/834 626/794/626
f 613/780/613 827/795/827 616/797/616 617/781/617
f 833/784/833 832/798/832 623/799/623 624/785/624
f 614/788/614 830/800/830 620/801/620 621/789/621
f 623/799/623 622/790/622 633/803/633 634/804/634
f 620/801/620 619/792/619 630/805/630 631/806/631
f 748/807/748 626/794/626 637/808/637
f 617/781/617 616/797/616 627/809/627 628/810/628
f 624/785/624 623/799/623 634/804/634 635/811/635
f 621/789/621 620/801/620 631/806/631 632/812/632
f 618/782/618 617/781/617 628/810/628 629/813/629
f 625/786/625 624/785/624 635/811/635 636/814/636
f 622/790/622 621/789/621 632/812/632 633/803/633
f 619/792/619 618/782/618 629/813/629 630/805/630
f 626/794/626 625/786/625 636/814/636 637/808/637
f 616/797/616 760/815/760 627/809/627
f 633/803/633 632/812/632 643/816/643 644/817/644
f 630/805/630 629/813/629 640/818/640 641/819/641
f 637/808/637 636/814/636 647/820/647 648/821/648
f 627/809/627 760/822/760 638/823/638
f 634/804/634 633/803/633 644/817/644 645/824/645
f 631/806/631 630/805/630 641/819/641 642/825/642
f 748/826/748 637/808/637 648/821/648
f 628/810/628 627/809/627 638/823/638 639/827/639
f 635/811/635 634/804/634 645/824/645 646/828/646
f 632/812/632 631/806/631 642/825/642 643/816/643
f 629/813/629 628/810/628 639/827/639 640/818/640
f 636/814/636 635/811/635 646/828/646 647/820/647
f 646/828/646 645/824/645 656/829/656 657/830/657
f 643/816/643 642/825/642 653/831/653 654/832/654
f 640/818/640 639/827/639 650/833/650 651/834/651
f 647/820/647 646/828/646 657/830/657 658/835/658
f 644/817/644 643/816/643 654/832/654 655/836/655
f 641/819/641 640/818/640 651/834/651 652/837/652
f 648/821/648 647/820/647 658/835/658 659/838/659
f 638/823/638 760/839/760 649/840/649
f 645/824/645 644/817/644 655/836/655 656/829/656
f 642/825/642 641/819/641 652/837/652 653/831/653
f 748/841/748 648/821/648 659/838/659
f 639/827/639 638/823/638 649/840/649 650/833/650
f 649/840/649 760/842/760 660/843/660
f 656/829/656 655/836/655 666/844/666 667/845/667
f 653/831/653 652/837/652 663/846/663 664/847/664
f 748/848/748 659/838/659 670/849/670
f 650/833/650 649/840/649 660/843/660 661/850/661
f 657/830/657 656/829/656 667/845/667 668/851/668
f 654/832/654 653/831/653 664/847/664 665/852/665
f 651/834/651 650/833/650 661/850/661 662/853/662
f 658/835/658 657/830/657 668/851/668 669/854/669
f 655/836/655 654/832/654 665/852/665 666/844/666
f 652/837/652 651/834/651 662/853/662 663/846/663
f 659/838/659 658/835/658 669/854/669 670/849/670
f 669/854/669 668/851/668 679/855/679 680/856/680
f 666/844/666 665/852/665 676/857/676 677/858/677
f 663/846/663 662/853/662 673/859/673 674/860/674
f 670/849/670 669/854/669 680/856/680 681/861/681
f 660/843/660 760/862/760 671/863/671
f 667/845/667 666/844/666 677/858/677 678/864/678
f 664/847/664 663/846/663 674/860/674 675/865/675
f 748/866/748 670/849/670 681/861/681
f 661/850/661 660/843/660 671/863/671 672/867/672
f 668/851/668 667/845/667 678/864/678 679/855/679
f 665/852/665 664/847/664 675/865/675 676/857/676
f 662/853/662 661/850/661 672/867/672 673/859/673
f 672/867/672 671/863/671 682/868/682 683/869/683
f 679/855/679 678/864/678 689/870/689 690/871/690
f 676/857/676 675/865/675 686/872/686 687/873/687
f 673/859/673 672/867/672 683/869/683 684/874/684
f 680/856/680 679/855/679 690/871/690 691/875/691
f 677/858/677 676/857/676 687/873/687 688/876/688
f 674/860/674 673/859/673 684/874/684 685/877/685
f 681/861/681 680/856/680 691/875/691 692/878/692
f 671/863/671 760/879/760 682/868/682
f 678/864/678 677/858/677 688/876/688 689/870/689
f 675/865/675 674/860/674 685/877/685 686/872/686
f 748/880/748 681/861/681 692/878/692
f 692/878/692 691/875/691 702/881/702 703/882/703
f 682/868/682 760/883/760 693/884/693
f 689/870/689 688/876/688 699/885/699 700/886/700
f 686/872/686 685/877/685 696/887/696 697/888/697
f 748/889/748 692/878/692 703/882/703
f 683/869/683 682/868/682 693/884/693 694/890/694
f 690/871/690 689/870/689 700/886/700 701/891/701
f 687/873/687 686/872/686 697/888/697 698/892/698
f 684/874/684 683/869/683 694/890/694 695/893/695
f 691/875/691 690/871/690 701/891/701 702/881/702
f 688/876/688 687/873/687 698/892/698 699/885/699
f 685/877/685 684/874/684 695/893/695 696/887/696
f 695/893/695 694/890/694 705/894/705 706/895/706
f 702/881/702 701/891/701 712/896/712 713/897/713
f 699/885/699 698/892/698 709/898/709 710/899/710
f 696/887/696 695/893/695 706/895/706 707/900/707
f 703/882/703 702/881/702 713/897/713 714/901/714
f 693/884/693 760/902/760 704/903/704
f 700/886/700 699/885/699 710/899/710 711/904/711
f 697/888/697 696/887/696 707/900/707 708/905/708
f 748/906/748 703/882/703 714/901/714
f 694/890/694 693/884/693 704/903/704 705/894/705
f 701/891/701 700/886/700 711/904/711 712/896/712
f 698/892/698 697/888/697 708/905/708 709/898/709
f 748/907/748 714/901/714 725/908/725
f 705/894/705 704/903/704 715/909/715 716/910/716
f 712/896/712 711/904/711 722/911/722 723/912/723
f 709/898/709 708/905/708 719/913/719 720/914/720
f 706/895/706 705/894/705 716/910/716 717/915/717
f 713/897/713 712/896/712 723/912/723 724/916/724
f 710/899/710 709/898/709 720/914/720 721/917/721
f 707/900/707 706/895/706 717/915/717 718/918/718
f 714/901/714 713/897/713 724/916/724 725/908/725
f 704/903/704 760/919/760 715/909/715
f 711/904/711 710/899/710 721/917/721 722/911/722
f 708/905/708 707/900/707 718/918/718 719/913/719
f 718/918/718 717/915/717 728/920/728 729/921/729
f 725/908/725 724/916/724 735/922/735 736/923/736
f 715/909/715 760/924/760 726/925/726
f 722/911/722 721/917/721 732/926/732 733/927/733
f 719/913/719 718/918/718 729/921/729 730/928/730
f 748/929/748 725/908/725 736/923/736
f 716/910/716 715/909/715 726/925/726 727/930/727
f 723/912/723 722/911/722 733/927/733 734/931/734
f 720/914/720 719/913/719 730/928/730 731/932/731
f 717/915/717 716/910/716 727/930/727 728/920/728
f 724/916/724 723/912/723 734/931/734 735/922/735
f 721/917/721 720/914/720 731/932/731 732/926/732
f 728/920/728 727/930/727 738/933/738 739/934/739
f 735/922/735 734/931/734 745/935/745 746/936/746
f 732/926/732 731/932/731 742/937/742 743/938/743
f 729/921/729 728/920/728 739/934/739 740/939/740
f 736/923/736 735/922/735 746/936/746 747/940/747
f 726/925/726 760/941/760 737/942/737
f 733/927/733 732/926/732 743/938/743 744/943/744
f 730/928/730 729/921/729 740/939/740 741/944/741
f 748/945/748 736/923/736 747/940/747
f 727/930/727 726/925/726 737/942/737 738/933/738
f 734/931/734 733/927/733 744/943/744 745/935/745
f 731/932/731 730/928/730 741/944/741 742/937/742
f 741/944/741 740/939/740 752/946/752 753/947/753
f 748/948/748 747/940/747 759/949/759
f 738/933/738 737/942/737 749/950/749 750/951/750
f 745/935/745 744/943/744 756/952/756 757/953/757
f 742/937/742 741/944/741 753/947/753 754/954/754
f 739/934/739 738/933/738 750/951/750 751/955/751
f 746/936/746 745/935/745 757/953/757 758/956/758
f 743/938/743 742/937/742 754/954/754 755/957/755
f 740/939/740 739/934/739 751/955/751 752/946/752
f 747/940/747 746/936/746 758/956/758 759/949/759
f 737/942/737 760/958/760 749/950/749
f 744/943/744 743/938/743 755/957/755 756/952/756
f 752/946/752 751/955/751 763/959/763 764/960/764
f 759/949/759 758/956/758 770/961/770 771/962/771
f 749/950/749 760/963/760 761/964/761
f 756/952/756 755/957/755 767/965/767 768/966/768
f 753/947/753 752/946/752 764/960/764 765/967/765
f 748/968/748 759/949/759 771/962/771
f 750/951/750 749/950/749 761/964/761 762/969/762
f 757/953/757 756/952/756 768/966/768 769/970/769
f 754/954/754 753/947/753 765/967/765 766/971/766
f 751/955/751 750/951/750 762/969/762 763/959/763
f 758/956/758 757/953/757 769/970/769 770/961/770
f 755/957/755 754/954/754 766/971/766 767/965/767
f 766/971/766 765/967/765 776/972/776 777/973/777
f 763/959/763 762/969/762 773/974/773 774/975/774
f 770/961/770 769/970/769 780/976/780 781/977/781
f 767/965/767 766/971/766 777/973/777 778/978/778
f 764/960/764 763/959/763 774/975/774 775/979/775
f 771/962/771 770/961/770 781/977/781 782/980/782
f 761/964/761 760/981/760 772/982/772
f 768/966/768 767/965/767 778/978/778 779/983/779
f 765/967/765 764/960/764 775/979/775 776/972/776
f 748/984/748 771/962/771 782/980/782
f 762/969/762 761/964/761 772/982/772 773/974/773
f 769/970/769 768/966/768 779/983/779 780/976/780
f 776/985/776 775/986/775 786/987/786 787/988/787
f 748/989/748 782/990/782 793/991/793
f 773/992/773 772/993/772 783/994/783 784/995/784
f 780/996/780 779/997/779 790/998/790 791/999/791
f 777/1000/777 776/985/776 787/988/787 788/1001/788
f 774/1002/774 773/992/773 784/995/784 785/1003/785
f 781/1004/781 780/996/780 791/999/791 792/1005/792
f 778/1006/778 777/1000/777 788/1001/788 789/1007/789
f 775/986/775 774/1002/774 785/1003/785 786/987/786
f 782/990/782 781/1004/781 792/1005/792 793/991/793
f 772/993/772 760/1008/760 783/994/783
f 779/997/779 778/1006/778 789/1007/789 790/998/790
f 789/1007/789 788/1001/788 799/1009/799 800/1010/800
f 786/987/786 785/1003/785 796/1011/796 797/1012/797
f 793/991/793 792/1005/792 803/1013/803 804/1014/804
f 783/994/783 760/1015/760 794/1016/794
f 790/998/790 789/1007/789 800/1010/800 801/1017/801
f 787/988/787 786/987/786 797/1012/797 798/1018/798
f 748/1019/748 793/991/793 804/1014/804
f 784/995/784 783/994/783 794/1016/794 795/1020/795
f 791/999/791 790/998/790 801/1017/801 802/1021/802
f 788/1001/788 787/988/787 798/1018/798 799/1009/799
f 785/1003/785 784/995/784 795/1020/795 796/1011/796
f 792/1005/792 791/999/791 802/1021/802 803/1013/803
f 799/1009/799 798/1018/798 809/1022/809 810/1023/810
f 796/1011/796 795/1020/795 806/1024/806 807/1025/807
f 803/1013/803 802/1021/802 813/1026/813 814/1027/814
f 800/1010/800 799/1009/799 810/1023/810 811/1028/811
f 797/1012/797 796/1011/796 807/1025/807 808/1029/808
f 804/1014/804 803/1013/803 814/1027/814 815/1030/815
f 794/1016/794 760/1031/760 805/1032/805
f 801/1017/801 800/1010/800 811/1028/811 812/1033/812
f 798/1018/798 797/1012/797 808/1029/808 809/1022/809
f 748/1034/748 804/1014/804 815/1030/815
f 795/1020/795 794/1016/794 805/1032/805 806/1024/806
f 802/1021/802 801/1017/801 812/1033/812 813/1026/813
f 812/1033/812 811/1028/811 822/1035/822 823/1036/823
f 809/1022/809 808/1029/808 819/1037/819 820/1038/820
f 748/1039/748 815/1030/815 826/1040/826
f 806/1024/806 805/1032/805 816/1041/816 817/1042/817
f 813/1026/813 812/1033/812 823/1036/823 824/1043/824
f 810/1023/810 809/1022/809 820/1038/820 821/1044/821
f 807/1025/807 806/1024/806 817/1042/817 818/1045/818
f 814/1027/814 813/1026/813 824/1043/824 825/1046/825
f 811/1028/811 810/1023/810 821/1044/821 822/1035/822
f 808/1029/808 807/1025/807 818/1045/818 819/1037/819
f 815/1030/815 814/1027/814 825/1046/825 826/1040/826
f 805/1032/805 760/1047/760 816/1041/816
f 822/1035/822 821/1044/821 614/788/614 831/787/831
f 819/1037/819 818/1045/818 828/779/828 829/791/829
f 826/1040/826 825/1046/825 615/783/615 834/793/834
f 816/1041/816 760/1048/760 827/795/827
f 823/1036/823 822/1035/822 831/787/831 832/798/832
f 820/1038/820 819/1037/819 829/791/829 830/800/830
f 748/1049/748 826/1040/826 834/793/834
f 817/1042/817 816/1041/816 827/795/827 613/780/613
f 824/1043/824 823/1036/823 832/798/832 833/784/833
f 821/1044/821 820/1038/820 830/800/830 614/788/614
f 818/1045/818 817/1042/817 613/780/613 828/779/828
f 825/1046/825 824/1043/824 833/784/833 615/783/615
