# Blender 4.5.11 LTS
# www.blender.org
mtllib Pegboard.mtl
o Panel
v -0.442000 0.000000 0.004500
v -0.442000 0.008000 0.012500
v -0.450000 0.008000 0.004500
v -0.442000 0.002343 0.010157
v -0.446619 0.003381 0.009119
v -0.447657 0.008000 0.010157
v -0.447657 0.002343 0.004500
v -0.442000 0.442000 0.012500
v -0.442000 0.450000 0.004500
v -0.450000 0.442000 0.004500
v -0.442000 0.447657 0.010157
v -0.446619 0.446619 0.009119
v -0.447657 0.447657 0.004500
v -0.447657 0.442000 0.010157
v -0.442000 0.000000 -0.004500
v -0.450000 0.008000 -0.004500
v -0.442000 0.008000 -0.012500
v -0.447657 0.002343 -0.004500
v -0.446619 0.003381 -0.009119
v -0.447657 0.008000 -0.010157
v -0.442000 0.002343 -0.010157
v -0.442000 0.450000 -0.004500
v -0.442000 0.442000 -0.012500
v -0.450000 0.442000 -0.004500
v -0.442000 0.447657 -0.010157
v -0.446619 0.446619 -0.009119
v -0.447657 0.442000 -0.010157
v -0.447657 0.447657 -0.004500
v 0.442000 0.000000 0.004500
v 0.450000 0.008000 0.004500
v 0.442000 0.008000 0.012500
v 0.447657 0.002343 0.004500
v 0.446619 0.003381 0.009119
v 0.447657 0.008000 0.010157
v 0.442000 0.002343 0.010157
v 0.442000 0.450000 0.004500
v 0.442000 0.442000 0.012500
v 0.450000 0.442000 0.004500
v 0.442000 0.447657 0.010157
v 0.446619 0.446619 0.009119
v 0.447657 0.442000 0.010157
v 0.447657 0.447657 0.004500
v 0.442000 0.000000 -0.004500
v 0.442000 0.008000 -0.012500
v 0.450000 0.008000 -0.004500
v 0.442000 0.002343 -0.010157
v 0.446619 0.003381 -0.009119
v 0.447657 0.008000 -0.010157
v 0.447657 0.002343 -0.004500
v 0.442000 0.450000 -0.004500
v 0.450000 0.442000 -0.004500
v 0.442000 0.442000 -0.012500
v 0.447657 0.447657 -0.004500
v 0.446619 0.446619 -0.009119
v 0.447657 0.442000 -0.010157
v 0.442000 0.447657 -0.010157
vn -0.3251 -0.8881 0.3251
vn -0.3251 -0.3251 0.8881
vn -0.8881 -0.3251 0.3251
vn -0.3251 0.3251 0.8881
vn -0.3251 0.8881 0.3251
vn -0.8881 0.3251 0.3251
vn -0.3251 -0.8881 -0.3251
vn -0.8881 -0.3251 -0.3251
vn -0.3251 -0.3251 -0.8881
vn -0.3251 0.8881 -0.3251
vn -0.3251 0.3251 -0.8881
vn -0.8881 0.3251 -0.3251
vn 0.3251 -0.8881 0.3251
vn 0.8881 -0.3251 0.3251
vn 0.3251 -0.3251 0.8881
vn 0.3251 0.8881 0.3251
vn 0.3251 0.3251 0.8881
vn 0.8881 0.3251 0.3251
vn 0.3251 -0.8881 -0.3251
vn 0.3251 -0.3251 -0.8881
vn 0.8881 -0.3251 -0.3251
vn 0.3251 0.8881 -0.3251
vn 0.8881 0.3251 -0.3251
vn 0.3251 0.3251 -0.8881
vn -0.3827 -0.9239 -0.0000
vn -0.9239 -0.3827 -0.0000
vn -0.3827 -0.0000 0.9239
vn -0.9239 -0.0000 0.3827
vn -0.3827 0.9239 -0.0000
vn -0.9239 0.3827 -0.0000
vn -0.3827 -0.0000 -0.9239
vn -0.9239 -0.0000 -0.3827
vn -0.0000 -0.9239 -0.3827
vn -0.0000 -0.3827 -0.9239
vn -0.0000 0.9239 -0.3827
vn -0.0000 0.3827 -0.9239
vn 0.9239 -0.0000 -0.3827
vn 0.3827 -0.0000 -0.9239
vn 0.3827 -0.9239 -0.0000
vn 0.9239 -0.3827 -0.0000
vn 0.3827 0.9239 -0.0000
vn 0.9239 0.3827 -0.0000
vn 0.3827 -0.0000 0.9239
vn 0.9239 -0.0000 0.3827
vn -0.0000 -0.9239 0.3827
vn -0.0000 -0.3827 0.9239
vn -0.0000 0.9239 0.3827
vn -0.0000 0.3827 0.9239
vn -0.0000 -1.0000 -0.0000
vn -1.0000 -0.0000 -0.0000
vn -0.0000 -0.0000 1.0000
vn -0.0000 1.0000 -0.0000
vn -0.0000 -0.0000 -1.0000
vn 1.0000 -0.0000 -0.0000
vt 0.127222 0.670000
vt 0.127222 0.750000
vt 0.125939 0.750000
vt 0.125000 0.670000
vt 0.379444 0.997778
vt 0.379444 1.000000
vt 0.376878 1.000000
vt 0.375000 0.997778
vt 0.379444 0.080000
vt 0.375000 0.080000
vt 0.375000 0.033812
vt 0.379444 0.000000
vt 0.620556 0.997778
vt 0.625000 0.997778
vt 0.625000 0.999061
vt 0.620556 1.000000
vt 0.872778 0.670000
vt 0.875000 0.670000
vt 0.875000 0.716188
vt 0.872778 0.750000
vt 0.620556 0.080000
vt 0.620556 0.000000
vt 0.623122 0.000000
vt 0.625000 0.080000
vt 0.127222 0.580000
vt 0.125000 0.580000
vt 0.125000 0.533812
vt 0.127222 0.500000
vt 0.379444 0.170000
vt 0.379444 0.250000
vt 0.375939 0.250470
vt 0.375000 0.170000
vt 0.379444 0.252222
vt 0.375000 0.252222
vt 0.872778 0.580000
vt 0.872778 0.500000
vt 0.874061 0.500000
vt 0.875000 0.580000
vt 0.620556 0.252222
vt 0.620555 0.250000
vt 0.624061 0.233094
vt 0.625000 0.252222
vt 0.620556 0.170000
vt 0.625000 0.170000
vt 0.372778 0.670000
vt 0.375000 0.670000
vt 0.375626 0.739042
vt 0.373889 0.751111
vt 0.379444 0.670000
vt 0.379445 0.750000
vt 0.379444 0.752222
vt 0.627222 0.670000
vt 0.626111 0.751111
vt 0.624687 0.738729
vt 0.625000 0.670000
vt 0.620556 0.752222
vt 0.620556 0.750000
vt 0.620556 0.670000
vt 0.372778 0.580000
vt 0.373889 0.498889
vt 0.375313 0.511271
vt 0.375000 0.580000
vt 0.379444 0.497778
vt 0.379444 0.500000
vt 0.379444 0.580000
vt 0.627222 0.580000
vt 0.625000 0.580000
vt 0.624374 0.510958
vt 0.626111 0.498889
vt 0.620556 0.580000
vt 0.620555 0.500000
vt 0.620556 0.497778
s 0
usemtl M_Graphite
f 1/1/1 4/2/1 5/3/1 7/4/1
f 2/5/2 6/6/2 5/7/2 4/8/2
f 3/9/3 7/10/3 5/11/3 6/12/3
f 8/13/4 11/14/4 12/15/4 14/16/4
f 9/17/5 13/18/5 12/19/5 11/20/5
f 10/21/6 14/22/6 12/23/6 13/24/6
f 15/25/7 18/26/7 19/27/7 21/28/7
f 16/29/8 20/30/8 19/31/8 18/32/8
f 17/33/9 21/34/9 19/31/9 20/30/9
f 22/35/10 25/36/10 26/37/10 28/38/10
f 23/39/11 27/40/11 26/41/11 25/42/11
f 24/43/12 28/44/12 26/41/12 27/40/12
f 29/45/13 32/46/13 33/47/13 35/48/13
f 30/49/14 34/50/14 33/47/14 32/46/14
f 31/51/15 35/48/15 33/47/15 34/50/15
f 36/52/16 39/53/16 40/54/16 42/55/16
f 37/56/17 41/57/17 40/54/17 39/53/17
f 38/58/18 42/55/18 40/54/18 41/57/18
f 43/59/19 46/60/19 47/61/19 49/62/19
f 44/63/20 48/64/20 47/61/20 46/60/20
f 45/65/21 49/62/21 47/61/21 48/64/21
f 50/66/22 53/67/22 54/68/22 56/69/22
f 51/70/23 55/71/23 54/68/23 53/67/23
f 52/72/24 56/69/24 54/68/24 55/71/24
f 15/25/25 1/1/25 7/4/25 18/26/25
f 18/32/26 7/10/26 3/9/26 16/29/26
f 2/5/27 8/13/27 14/16/27 6/6/27
f 6/12/28 14/22/28 10/21/28 3/9/28
f 9/17/29 22/35/29 28/38/29 13/18/29
f 13/24/30 28/44/30 24/43/30 10/21/30
f 23/39/31 17/33/31 20/30/31 27/40/31
f 27/40/32 20/30/32 16/29/32 24/43/32
f 43/59/33 15/25/33 21/28/33 46/60/33
f 46/60/34 21/34/34 17/33/34 44/63/34
f 22/35/35 50/66/35 56/69/35 25/36/35
f 25/42/36 56/69/36 52/72/36 23/39/36
f 51/70/37 45/65/37 48/64/37 55/71/37
f 55/71/38 48/64/38 44/63/38 52/72/38
f 29/45/39 43/59/39 49/62/39 32/46/39
f 32/46/40 49/62/40 45/65/40 30/49/40
f 50/66/41 36/52/41 42/55/41 53/67/41
f 53/67/42 42/55/42 38/58/42 51/70/42
f 37/56/43 31/51/43 34/50/43 41/57/43
f 41/57/44 34/50/44 30/49/44 38/58/44
f 1/1/45 29/45/45 35/48/45 4/2/45
f 4/8/46 35/48/46 31/51/46 2/5/46
f 36/52/47 9/17/47 11/20/47 39/53/47
f 39/53/48 11/14/48 8/13/48 37/56/48
f 15/25/49 43/59/49 29/45/49 1/1/49
f 3/9/50 10/21/50 24/43/50 16/29/50
f 31/51/51 37/56/51 8/13/51 2/5/51
f 50/66/52 22/35/52 9/17/52 36/52/52
f 17/33/53 23/39/53 52/72/53 44/63/53
f 45/65/54 51/70/54 38/58/54 30/49/54
o Peg_Hole
v -0.425000 0.029000 0.000000
v -0.425000 0.029000 0.030000
v -0.422172 0.027828 0.000000
v -0.422172 0.027828 0.030000
v -0.421000 0.025000 0.000000
v -0.421000 0.025000 0.030000
v -0.422172 0.022172 0.000000
v -0.422172 0.022172 0.030000
v -0.425000 0.021000 0.000000
v -0.425000 0.021000 0.030000
v -0.427828 0.022172 0.000000
v -0.427828 0.022172 0.030000
v -0.429000 0.025000 0.000000
v -0.429000 0.025000 0.030000
v -0.427828 0.027828 0.000000
v -0.427828 0.027828 0.030000
vn -0.0000 0.7764 -0.6303
vn -0.0000 0.7764 0.6303
vn 0.5490 0.5490 -0.6303
vn 0.5490 0.5490 0.6303
vn 0.7764 -0.0000 -0.6303
vn 0.7764 -0.0000 0.6303
vn 0.5490 -0.5490 -0.6303
vn 0.5490 -0.5490 0.6303
vn -0.0000 -0.7764 -0.6303
vn -0.0000 -0.7764 0.6303
vn -0.5490 -0.5490 -0.6303
vn -0.5490 -0.5490 0.6303
vn -0.7764 -0.0000 -0.6303
vn -0.7764 -0.0000 0.6303
vn -0.5490 0.5490 -0.6303
vn -0.5490 0.5490 0.6303
vt 1.000000 0.500000
vt 1.000000 1.000000
vt 0.875000 1.000000
vt 0.875000 0.500000
vt 0.750000 1.000000
vt 0.750000 0.500000
vt 0.625000 1.000000
vt 0.625000 0.500000
vt 0.500000 1.000000
vt 0.500000 0.500000
vt 0.375000 1.000000
vt 0.375000 0.500000
vt 0.250000 1.000000
vt 0.250000 0.500000
vt 0.419706 0.419706
vt 0.250000 0.490000
vt 0.080294 0.419706
vt 0.010000 0.250000
vt 0.080294 0.080294
vt 0.250000 0.010000
vt 0.419706 0.080294
vt 0.490000 0.250000
vt 0.125000 1.000000
vt 0.125000 0.500000
vt 0.000000 1.000000
vt 0.000000 0.500000
vt 0.750000 0.490000
vt 0.919706 0.419706
vt 0.990000 0.250000
vt 0.919706 0.080294
vt 0.750000 0.010000
vt 0.580294 0.080294
vt 0.510000 0.250000
vt 0.580294 0.419706
s 1
usemtl M_Black_Rubber
f 57/73/55 58/74/56 60/75/58 59/76/57
f 59/76/57 60/75/58 62/77/60 61/78/59
f 61/78/59 62/77/60 64/79/62 63/80/61
f 63/80/61 64/79/62 66/81/64 65/82/63
f 65/82/63 66/81/64 68/83/66 67/84/65
f 67/84/65 68/83/66 70/85/68 69/86/67
f 60/87/58 58/88/56 72/89/70 70/90/68 68/91/66 66/92/64 64/93/62 62/94/60
f 69/86/67 70/85/68 72/95/70 71/96/69
f 71/96/69 72/95/70 58/97/56 57/98/55
f 57/99/55 59/100/57 61/101/59 63/102/61 65/103/63 67/104/65 69/105/67 71/106/69
o Peg_Hole.001
v -0.375000 0.029000 0.000000
v -0.375000 0.029000 0.030000
v -0.372172 0.027828 0.000000
v -0.372172 0.027828 0.030000
v -0.371000 0.025000 0.000000
v -0.371000 0.025000 0.030000
v -0.372172 0.022172 0.000000
v -0.372172 0.022172 0.030000
v -0.375000 0.021000 0.000000
v -0.375000 0.021000 0.030000
v -0.377828 0.022172 0.000000
v -0.377828 0.022172 0.030000
v -0.379000 0.025000 0.000000
v -0.379000 0.025000 0.030000
v -0.377828 0.027828 0.000000
v -0.377828 0.027828 0.030000
vn -0.0000 0.7764 -0.6303
vn -0.0000 0.7764 0.6303
vn 0.5490 0.5490 -0.6303
vn 0.5490 0.5490 0.6303
vn 0.7764 -0.0000 -0.6303
vn 0.7764 -0.0000 0.6303
vn 0.5490 -0.5490 -0.6303
vn 0.5490 -0.5490 0.6303
vn -0.0000 -0.7764 -0.6303
vn -0.0000 -0.7764 0.6303
vn -0.5490 -0.5490 -0.6303
vn -0.5490 -0.5490 0.6303
vn -0.7764 -0.0000 -0.6303
vn -0.7764 -0.0000 0.6303
vn -0.5490 0.5490 -0.6303
vn -0.5490 0.5490 0.6303
vt 1.000000 0.500000
vt 1.000000 1.000000
vt 0.875000 1.000000
vt 0.875000 0.500000
vt 0.750000 1.000000
vt 0.750000 0.500000
vt 0.625000 1.000000
vt 0.625000 0.500000
vt 0.500000 1.000000
vt 0.500000 0.500000
vt 0.375000 1.000000
vt 0.375000 0.500000
vt 0.250000 1.000000
vt 0.250000 0.500000
vt 0.419706 0.419706
vt 0.250000 0.490000
vt 0.080294 0.419706
vt 0.010000 0.250000
vt 0.080294 0.080294
vt 0.250000 0.010000
vt 0.419706 0.080294
vt 0.490000 0.250000
vt 0.125000 1.000000
vt 0.125000 0.500000
vt 0.000000 1.000000
vt 0.000000 0.500000
vt 0.750000 0.490000
vt 0.919706 0.419706
vt 0.990000 0.250000
vt 0.919706 0.080294
vt 0.750000 0.010000
vt 0.580294 0.080294
vt 0.510000 0.250000
vt 0.580294 0.419706
s 1
usemtl M_Black_Rubber
f 73/107/71 74/108/72 76/109/74 75/110/73
f 75/110/73 76/109/74 78/111/76 77/112/75
f 77/112/75 78/111/76 80/113/78 79/114/77
f 79/114/77 80/113/78 82/115/80 81/116/79
f 81/116/79 82/115/80 84/117/82 83/118/81
f 83/118/81 84/117/82 86/119/84 85/120/83
f 76/121/74 74/122/72 88/123/86 86/124/84 84/125/82 82/126/80 80/127/78 78/128/76
f 85/120/83 86/119/84 88/129/86 87/130/85
f 87/130/85 88/129/86 74/131/72 73/132/71
f 73/133/71 75/134/73 77/135/75 79/136/77 81/137/79 83/138/81 85/139/83 87/140/85
o Peg_Hole.002
v -0.325000 0.029000 0.000000
v -0.325000 0.029000 0.030000
v -0.322172 0.027828 0.000000
v -0.322172 0.027828 0.030000
v -0.321000 0.025000 0.000000
v -0.321000 0.025000 0.030000
v -0.322172 0.022172 0.000000
v -0.322172 0.022172 0.030000
v -0.325000 0.021000 0.000000
v -0.325000 0.021000 0.030000
v -0.327828 0.022172 0.000000
v -0.327828 0.022172 0.030000
v -0.329000 0.025000 0.000000
v -0.329000 0.025000 0.030000
v -0.327828 0.027828 0.000000
v -0.327828 0.027828 0.030000
vn -0.0000 0.7764 -0.6303
vn -0.0000 0.7764 0.6303
vn 0.5490 0.5490 -0.6303
vn 0.5490 0.5490 0.6303
vn 0.7764 -0.0000 -0.6303
vn 0.7764 -0.0000 0.6303
vn 0.5490 -0.5490 -0.6303
vn 0.5490 -0.5490 0.6303
vn -0.0000 -0.7764 -0.6303
vn -0.0000 -0.7764 0.6303
vn -0.5490 -0.5490 -0.6303
vn -0.5490 -0.5490 0.6303
vn -0.7764 -0.0000 -0.6303
vn -0.7764 -0.0000 0.6303
vn -0.5490 0.5490 -0.6303
vn -0.5490 0.5490 0.6303
vt 1.000000 0.500000
vt 1.000000 1.000000
vt 0.875000 1.000000
vt 0.875000 0.500000
vt 0.750000 1.000000
vt 0.750000 0.500000
vt 0.625000 1.000000
vt 0.625000 0.500000
vt 0.500000 1.000000
vt 0.500000 0.500000
vt 0.375000 1.000000
vt 0.375000 0.500000
vt 0.250000 1.000000
vt 0.250000 0.500000
vt 0.419706 0.419706
vt 0.250000 0.490000
vt 0.080294 0.419706
vt 0.010000 0.250000
vt 0.080294 0.080294
vt 0.250000 0.010000
vt 0.419706 0.080294
vt 0.490000 0.250000
vt 0.125000 1.000000
vt 0.125000 0.500000
vt 0.000000 1.000000
vt 0.000000 0.500000
vt 0.750000 0.490000
vt 0.919706 0.419706
vt 0.990000 0.250000
vt 0.919706 0.080294
vt 0.750000 0.010000
vt 0.580294 0.080294
vt 0.510000 0.250000
vt 0.580294 0.419706
s 1
usemtl M_Black_Rubber
f 89/141/87 90/142/88 92/143/90 91/144/89
f 91/144/89 92/143/90 94/145/92 93/146/91
f 93/146/91 94/145/92 96/147/94 95/148/93
f 95/148/93 96/147/94 98/149/96 97/150/95
f 97/150/95 98/149/96 100/151/98 99/152/97
f 99/152/97 100/151/98 102/153/100 101/154/99
f 92/155/90 90/156/88 104/157/102 102/158/100 100/159/98 98/160/96 96/161/94 94/162/92
f 101/154/99 102/153/100 104/163/102 103/164/101
f 103/164/101 104/163/102 90/165/88 89/166/87
f 89/167/87 91/168/89 93/169/91 95/170/93 97/171/95 99/172/97 101/173/99 103/174/101
o Peg_Hole.003
v -0.275000 0.029000 0.000000
v -0.275000 0.029000 0.030000
v -0.272172 0.027828 0.000000
v -0.272172 0.027828 0.030000
v -0.271000 0.025000 0.000000
v -0.271000 0.025000 0.030000
v -0.272172 0.022172 0.000000
v -0.272172 0.022172 0.030000
v -0.275000 0.021000 0.000000
v -0.275000 0.021000 0.030000
v -0.277828 0.022172 0.000000
v -0.277828 0.022172 0.030000
v -0.279000 0.025000 0.000000
v -0.279000 0.025000 0.030000
v -0.277828 0.027828 0.000000
v -0.277828 0.027828 0.030000
vn -0.0000 0.7764 -0.6303
vn -0.0000 0.7764 0.6303
vn 0.5490 0.5490 -0.6303
vn 0.5490 0.5490 0.6303
vn 0.7764 -0.0000 -0.6303
vn 0.7764 -0.0000 0.6303
vn 0.5490 -0.5490 -0.6303
vn 0.5490 -0.5490 0.6303
vn -0.0000 -0.7764 -0.6303
vn -0.0000 -0.7764 0.6303
vn -0.5490 -0.5490 -0.6303
vn -0.5490 -0.5490 0.6303
vn -0.7764 -0.0000 -0.6303
vn -0.7764 -0.0000 0.6303
vn -0.5490 0.5490 -0.6303
vn -0.5490 0.5490 0.6303
vt 1.000000 0.500000
vt 1.000000 1.000000
vt 0.875000 1.000000
vt 0.875000 0.500000
vt 0.750000 1.000000
vt 0.750000 0.500000
vt 0.625000 1.000000
vt 0.625000 0.500000
vt 0.500000 1.000000
vt 0.500000 0.500000
vt 0.375000 1.000000
vt 0.375000 0.500000
vt 0.250000 1.000000
vt 0.250000 0.500000
vt 0.419706 0.419706
vt 0.250000 0.490000
vt 0.080294 0.419706
vt 0.010000 0.250000
vt 0.080294 0.080294
vt 0.250000 0.010000
vt 0.419706 0.080294
vt 0.490000 0.250000
vt 0.125000 1.000000
vt 0.125000 0.500000
vt 0.000000 1.000000
vt 0.000000 0.500000
vt 0.750000 0.490000
vt 0.919706 0.419706
vt 0.990000 0.250000
vt 0.919706 0.080294
vt 0.750000 0.010000
vt 0.580294 0.080294
vt 0.510000 0.250000
vt 0.580294 0.419706
s 1
usemtl M_Black_Rubber
f 105/175/103 106/176/104 108/177/106 107/178/105
f 107/178/105 108/177/106 110/179/108 109/180/107
f 109/180/107 110/179/108 112/181/110 111/182/109
f 111/182/109 112/181/110 114/183/112 113/184/111
f 113/184/111 114/183/112 116/185/114 115/186/113
f 115/186/113 116/185/114 118/187/116 117/188/115
f 108/189/106 106/190/104 120/191/118 118/192/116 116/193/114 114/194/112 112/195/110 110/196/108
f 117/188/115 118/187/116 120/197/118 119/198/117
f 119/198/117 120/197/118 106/199/104 105/200/103
f 105/201/103 107/202/105 109/203/107 111/204/109 113/205/111 115/206/113 117/207/115 119/208/117
o Peg_Hole.004
v -0.225000 0.029000 0.000000
v -0.225000 0.029000 0.030000
v -0.222172 0.027828 0.000000
v -0.222172 0.027828 0.030000
v -0.221000 0.025000 0.000000
v -0.221000 0.025000 0.030000
v -0.222172 0.022172 0.000000
v -0.222172 0.022172 0.030000
v -0.225000 0.021000 0.000000
v -0.225000 0.021000 0.030000
v -0.227828 0.022172 0.000000
v -0.227828 0.022172 0.030000
v -0.229000 0.025000 0.000000
v -0.229000 0.025000 0.030000
v -0.227828 0.027828 0.000000
v -0.227828 0.027828 0.030000
vn -0.0000 0.7764 -0.6303
vn -0.0000 0.7764 0.6303
vn 0.5490 0.5490 -0.6303
vn 0.5490 0.5490 0.6303
vn 0.7764 -0.0000 -0.6303
vn 0.7764 -0.0000 0.6303
vn 0.5490 -0.5490 -0.6303
vn 0.5490 -0.5490 0.6303
vn -0.0000 -0.7764 -0.6303
vn -0.0000 -0.7764 0.6303
vn -0.5490 -0.5490 -0.6303
vn -0.5490 -0.5490 0.6303
vn -0.7764 -0.0000 -0.6303
vn -0.7764 -0.0000 0.6303
vn -0.5490 0.5490 -0.6303
vn -0.5490 0.5490 0.6303
vt 1.000000 0.500000
vt 1.000000 1.000000
vt 0.875000 1.000000
vt 0.875000 0.500000
vt 0.750000 1.000000
vt 0.750000 0.500000
vt 0.625000 1.000000
vt 0.625000 0.500000
vt 0.500000 1.000000
vt 0.500000 0.500000
vt 0.375000 1.000000
vt 0.375000 0.500000
vt 0.250000 1.000000
vt 0.250000 0.500000
vt 0.419706 0.419706
vt 0.250000 0.490000
vt 0.080294 0.419706
vt 0.010000 0.250000
vt 0.080294 0.080294
vt 0.250000 0.010000
vt 0.419706 0.080294
vt 0.490000 0.250000
vt 0.125000 1.000000
vt 0.125000 0.500000
vt 0.000000 1.000000
vt 0.000000 0.500000
vt 0.750000 0.490000
vt 0.919706 0.419706
vt 0.990000 0.250000
vt 0.919706 0.080294
vt 0.750000 0.010000
vt 0.580294 0.080294
vt 0.510000 0.250000
vt 0.580294 0.419706
s 1
usemtl M_Black_Rubber
f 121/209/119 122/210/120 124/211/122 123/212/121
f 123/212/121 124/211/122 126/213/124 125/214/123
f 125/214/123 126/213/124 128/215/126 127/216/125
f 127/216/125 128/215/126 130/217/128 129/218/127
f 129/218/127 130/217/128 132/219/130 131/220/129
f 131/220/129 132/219/130 134/221/132 133/222/131
f 124/223/122 122/224/120 136/225/134 134/226/132 132/227/130 130/228/128 128/229/126 126/230/124
f 133/222/131 134/221/132 136/231/134 135/232/133
f 135/232/133 136/231/134 122/233/120 121/234/119
f 121/235/119 123/236/121 125/237/123 127/238/125 129/239/127 131/240/129 133/241/131 135/242/133
o Peg_Hole.005
v -0.175000 0.029000 0.000000
v -0.175000 0.029000 0.030000
v -0.172172 0.027828 0.000000
v -0.172172 0.027828 0.030000
v -0.171000 0.025000 0.000000
v -0.171000 0.025000 0.030000
v -0.172172 0.022172 0.000000
v -0.172172 0.022172 0.030000
v -0.175000 0.021000 0.000000
v -0.175000 0.021000 0.030000
v -0.177828 0.022172 0.000000
v -0.177828 0.022172 0.030000
v -0.179000 0.025000 0.000000
v -0.179000 0.025000 0.030000
v -0.177828 0.027828 0.000000
v -0.177828 0.027828 0.030000
vn -0.0000 0.7764 -0.6303
vn -0.0000 0.7764 0.6303
vn 0.5490 0.5490 -0.6303
vn 0.5490 0.5490 0.6303
vn 0.7764 -0.0000 -0.6303
vn 0.7764 -0.0000 0.6303
vn 0.5490 -0.5490 -0.6303
vn 0.5490 -0.5490 0.6303
vn -0.0000 -0.7764 -0.6303
vn -0.0000 -0.7764 0.6303
vn -0.5490 -0.5490 -0.6303
vn -0.5490 -0.5490 0.6303
vn -0.7764 -0.0000 -0.6303
vn -0.7764 -0.0000 0.6303
vn -0.5490 0.5490 -0.6303
vn -0.5490 0.5490 0.6303
vt 1.000000 0.500000
vt 1.000000 1.000000
vt 0.875000 1.000000
vt 0.875000 0.500000
vt 0.750000 1.000000
vt 0.750000 0.500000
vt 0.625000 1.000000
vt 0.625000 0.500000
vt 0.500000 1.000000
vt 0.500000 0.500000
vt 0.375000 1.000000
vt 0.375000 0.500000
vt 0.250000 1.000000
vt 0.250000 0.500000
vt 0.419706 0.419706
vt 0.250000 0.490000
vt 0.080294 0.419706
vt 0.010000 0.250000
vt 0.080294 0.080294
vt 0.250000 0.010000
vt 0.419706 0.080294
vt 0.490000 0.250000
vt 0.125000 1.000000
vt 0.125000 0.500000
vt 0.000000 1.000000
vt 0.000000 0.500000
vt 0.750000 0.490000
vt 0.919706 0.419706
vt 0.990000 0.250000
vt 0.919706 0.080294
vt 0.750000 0.010000
vt 0.580294 0.080294
vt 0.510000 0.250000
vt 0.580294 0.419706
s 1
usemtl M_Black_Rubber
f 137/243/135 138/244/136 140/245/138 139/246/137
f 139/246/137 140/245/138 142/247/140 141/248/139
f 141/248/139 142/247/140 144/249/142 143/250/141
f 143/250/141 144/249/142 146/251/144 145/252/143
f 145/252/143 146/251/144 148/253/146 147/254/145
f 147/254/145 148/253/146 150/255/148 149/256/147
f 140/257/138 138/258/136 152/259/150 150/260/148 148/261/146 146/262/144 144/263/142 142/264/140
f 149/256/147 150/255/148 152/265/150 151/266/149
f 151/266/149 152/265/150 138/267/136 137/268/135
f 137/269/135 139/270/137 141/271/139 143/272/141 145/273/143 147/274/145 149/275/147 151/276/149
o Peg_Hole.006
v -0.125000 0.029000 0.000000
v -0.125000 0.029000 0.030000
v -0.122172 0.027828 0.000000
v -0.122172 0.027828 0.030000
v -0.121000 0.025000 0.000000
v -0.121000 0.025000 0.030000
v -0.122172 0.022172 0.000000
v -0.122172 0.022172 0.030000
v -0.125000 0.021000 0.000000
v -0.125000 0.021000 0.030000
v -0.127828 0.022172 0.000000
v -0.127828 0.022172 0.030000
v -0.129000 0.025000 0.000000
v -0.129000 0.025000 0.030000
v -0.127828 0.027828 0.000000
v -0.127828 0.027828 0.030000
vn -0.0000 0.7764 -0.6303
vn -0.0000 0.7764 0.6303
vn 0.5490 0.5490 -0.6303
vn 0.5490 0.5490 0.6303
vn 0.7764 -0.0000 -0.6303
vn 0.7764 -0.0000 0.6303
vn 0.5490 -0.5490 -0.6303
vn 0.5490 -0.5490 0.6303
vn -0.0000 -0.7764 -0.6303
vn -0.0000 -0.7764 0.6303
vn -0.5490 -0.5490 -0.6303
vn -0.5490 -0.5490 0.6303
vn -0.7764 -0.0000 -0.6303
vn -0.7764 -0.0000 0.6303
vn -0.5490 0.5490 -0.6303
vn -0.5490 0.5490 0.6303
vt 1.000000 0.500000
vt 1.000000 1.000000
vt 0.875000 1.000000
vt 0.875000 0.500000
vt 0.750000 1.000000
vt 0.750000 0.500000
vt 0.625000 1.000000
vt 0.625000 0.500000
vt 0.500000 1.000000
vt 0.500000 0.500000
vt 0.375000 1.000000
vt 0.375000 0.500000
vt 0.250000 1.000000
vt 0.250000 0.500000
vt 0.419706 0.419706
vt 0.250000 0.490000
vt 0.080294 0.419706
vt 0.010000 0.250000
vt 0.080294 0.080294
vt 0.250000 0.010000
vt 0.419706 0.080294
vt 0.490000 0.250000
vt 0.125000 1.000000
vt 0.125000 0.500000
vt 0.000000 1.000000
vt 0.000000 0.500000
vt 0.750000 0.490000
vt 0.919706 0.419706
vt 0.990000 0.250000
vt 0.919706 0.080294
vt 0.750000 0.010000
vt 0.580294 0.080294
vt 0.510000 0.250000
vt 0.580294 0.419706
s 1
usemtl M_Black_Rubber
f 153/277/151 154/278/152 156/279/154 155/280/153
f 155/280/153 156/279/154 158/281/156 157/282/155
f 157/282/155 158/281/156 160/283/158 159/284/157
f 159/284/157 160/283/158 162/285/160 161/286/159
f 161/286/159 162/285/160 164/287/162 163/288/161
f 163/288/161 164/287/162 166/289/164 165/290/163
f 156/291/154 154/292/152 168/293/166 166/294/164 164/295/162 162/296/160 160/297/158 158/298/156
f 165/290/163 166/289/164 168/299/166 167/300/165
f 167/300/165 168/299/166 154/301/152 153/302/151
f 153/303/151 155/304/153 157/305/155 159/306/157 161/307/159 163/308/161 165/309/163 167/310/165
o Peg_Hole.007
v -0.075000 0.029000 0.000000
v -0.075000 0.029000 0.030000
v -0.072172 0.027828 0.000000
v -0.072172 0.027828 0.030000
v -0.071000 0.025000 0.000000
v -0.071000 0.025000 0.030000
v -0.072172 0.022172 0.000000
v -0.072172 0.022172 0.030000
v -0.075000 0.021000 0.000000
v -0.075000 0.021000 0.030000
v -0.077828 0.022172 0.000000
v -0.077828 0.022172 0.030000
v -0.079000 0.025000 0.000000
v -0.079000 0.025000 0.030000
v -0.077828 0.027828 0.000000
v -0.077828 0.027828 0.030000
vn -0.0000 0.7764 -0.6303
vn -0.0000 0.7764 0.6303
vn 0.5490 0.5490 -0.6303
vn 0.5490 0.5490 0.6303
vn 0.7764 -0.0000 -0.6303
vn 0.7764 -0.0000 0.6303
vn 0.5490 -0.5490 -0.6303
vn 0.5490 -0.5490 0.6303
vn -0.0000 -0.7764 -0.6303
vn -0.0000 -0.7764 0.6303
vn -0.5490 -0.5490 -0.6303
vn -0.5490 -0.5490 0.6303
vn -0.7764 -0.0000 -0.6303
vn -0.7764 -0.0000 0.6303
vn -0.5490 0.5490 -0.6303
vn -0.5490 0.5490 0.6303
vt 1.000000 0.500000
vt 1.000000 1.000000
vt 0.875000 1.000000
vt 0.875000 0.500000
vt 0.750000 1.000000
vt 0.750000 0.500000
vt 0.625000 1.000000
vt 0.625000 0.500000
vt 0.500000 1.000000
vt 0.500000 0.500000
vt 0.375000 1.000000
vt 0.375000 0.500000
vt 0.250000 1.000000
vt 0.250000 0.500000
vt 0.419706 0.419706
vt 0.250000 0.490000
vt 0.080294 0.419706
vt 0.010000 0.250000
vt 0.080294 0.080294
vt 0.250000 0.010000
vt 0.419706 0.080294
vt 0.490000 0.250000
vt 0.125000 1.000000
vt 0.125000 0.500000
vt 0.000000 1.000000
vt 0.000000 0.500000
vt 0.750000 0.490000
vt 0.919706 0.419706
vt 0.990000 0.250000
vt 0.919706 0.080294
vt 0.750000 0.010000
vt 0.580294 0.080294
vt 0.510000 0.250000
vt 0.580294 0.419706
s 1
usemtl M_Black_Rubber
f 169/311/167 170/312/168 172/313/170 171/314/169
f 171/314/169 172/313/170 174/315/172 173/316/171
f 173/316/171 174/315/172 176/317/174 175/318/173
f 175/318/173 176/317/174 178/319/176 177/320/175
f 177/320/175 178/319/176 180/321/178 179/322/177
f 179/322/177 180/321/178 182/323/180 181/324/179
f 172/325/170 170/326/168 184/327/182 182/328/180 180/329/178 178/330/176 176/331/174 174/332/172
f 181/324/179 182/323/180 184/333/182 183/334/181
f 183/334/181 184/333/182 170/335/168 169/336/167
f 169/337/167 171/338/169 173/339/171 175/340/173 177/341/175 179/342/177 181/343/179 183/344/181
o Peg_Hole.008
v -0.025000 0.029000 0.000000
v -0.025000 0.029000 0.030000
v -0.022172 0.027828 0.000000
v -0.022172 0.027828 0.030000
v -0.021000 0.025000 0.000000
v -0.021000 0.025000 0.030000
v -0.022172 0.022172 0.000000
v -0.022172 0.022172 0.030000
v -0.025000 0.021000 0.000000
v -0.025000 0.021000 0.030000
v -0.027828 0.022172 0.000000
v -0.027828 0.022172 0.030000
v -0.029000 0.025000 0.000000
v -0.029000 0.025000 0.030000
v -0.027828 0.027828 0.000000
v -0.027828 0.027828 0.030000
vn -0.0000 0.7764 -0.6303
vn -0.0000 0.7764 0.6303
vn 0.5490 0.5490 -0.6303
vn 0.5490 0.5490 0.6303
vn 0.7764 -0.0000 -0.6303
vn 0.7764 -0.0000 0.6303
vn 0.5490 -0.5490 -0.6303
vn 0.5490 -0.5490 0.6303
vn -0.0000 -0.7764 -0.6303
vn -0.0000 -0.7764 0.6303
vn -0.5490 -0.5490 -0.6303
vn -0.5490 -0.5490 0.6303
vn -0.7764 -0.0000 -0.6303
vn -0.7764 -0.0000 0.6303
vn -0.5490 0.5490 -0.6303
vn -0.5490 0.5490 0.6303
vt 1.000000 0.500000
vt 1.000000 1.000000
vt 0.875000 1.000000
vt 0.875000 0.500000
vt 0.750000 1.000000
vt 0.750000 0.500000
vt 0.625000 1.000000
vt 0.625000 0.500000
vt 0.500000 1.000000
vt 0.500000 0.500000
vt 0.375000 1.000000
vt 0.375000 0.500000
vt 0.250000 1.000000
vt 0.250000 0.500000
vt 0.419706 0.419706
vt 0.250000 0.490000
vt 0.080294 0.419706
vt 0.010000 0.250000
vt 0.080294 0.080294
vt 0.250000 0.010000
vt 0.419706 0.080294
vt 0.490000 0.250000
vt 0.125000 1.000000
vt 0.125000 0.500000
vt 0.000000 1.000000
vt 0.000000 0.500000
vt 0.750000 0.490000
vt 0.919706 0.419706
vt 0.990000 0.250000
vt 0.919706 0.080294
vt 0.750000 0.010000
vt 0.580294 0.080294
vt 0.510000 0.250000
vt 0.580294 0.419706
s 1
usemtl M_Black_Rubber
f 185/345/183 186/346/184 188/347/186 187/348/185
f 187/348/185 188/347/186 190/349/188 189/350/187
f 189/350/187 190/349/188 192/351/190 191/352/189
f 191/352/189 192/351/190 194/353/192 193/354/191
f 193/354/191 194/353/192 196/355/194 195/356/193
f 195/356/193 196/355/194 198/357/196 197/358/195
f 188/359/186 186/360/184 200/361/198 198/362/196 196/363/194 194/364/192 192/365/190 190/366/188
f 197/358/195 198/357/196 200/367/198 199/368/197
f 199/368/197 200/367/198 186/369/184 185/370/183
f 185/371/183 187/372/185 189/373/187 191/374/189 193/375/191 195/376/193 197/377/195 199/378/197
o Peg_Hole.009
v 0.025000 0.029000 0.000000
v 0.025000 0.029000 0.030000
v 0.027828 0.027828 0.000000
v 0.027828 0.027828 0.030000
v 0.029000 0.025000 0.000000
v 0.029000 0.025000 0.030000
v 0.027828 0.022172 0.000000
v 0.027828 0.022172 0.030000
v 0.025000 0.021000 0.000000
v 0.025000 0.021000 0.030000
v 0.022172 0.022172 0.000000
v 0.022172 0.022172 0.030000
v 0.021000 0.025000 0.000000
v 0.021000 0.025000 0.030000
v 0.022172 0.027828 0.000000
v 0.022172 0.027828 0.030000
vn -0.0000 0.7764 -0.6303
vn -0.0000 0.7764 0.6303
vn 0.5490 0.5490 -0.6303
vn 0.5490 0.5490 0.6303
vn 0.7764 -0.0000 -0.6303
vn 0.7764 -0.0000 0.6303
vn 0.5490 -0.5490 -0.6303
vn 0.5490 -0.5490 0.6303
vn -0.0000 -0.7764 -0.6303
vn -0.0000 -0.7764 0.6303
vn -0.5490 -0.5490 -0.6303
vn -0.5490 -0.5490 0.6303
vn -0.7764 -0.0000 -0.6303
vn -0.7764 -0.0000 0.6303
vn -0.5490 0.5490 -0.6303
vn -0.5490 0.5490 0.6303
vt 1.000000 0.500000
vt 1.000000 1.000000
vt 0.875000 1.000000
vt 0.875000 0.500000
vt 0.750000 1.000000
vt 0.750000 0.500000
vt 0.625000 1.000000
vt 0.625000 0.500000
vt 0.500000 1.000000
vt 0.500000 0.500000
vt 0.375000 1.000000
vt 0.375000 0.500000
vt 0.250000 1.000000
vt 0.250000 0.500000
vt 0.419706 0.419706
vt 0.250000 0.490000
vt 0.080294 0.419706
vt 0.010000 0.250000
vt 0.080294 0.080294
vt 0.250000 0.010000
vt 0.419706 0.080294
vt 0.490000 0.250000
vt 0.125000 1.000000
vt 0.125000 0.500000
vt 0.000000 1.000000
vt 0.000000 0.500000
vt 0.750000 0.490000
vt 0.919706 0.419706
vt 0.990000 0.250000
vt 0.919706 0.080294
vt 0.750000 0.010000
vt 0.580294 0.080294
vt 0.510000 0.250000
vt 0.580294 0.419706
s 1
usemtl M_Black_Rubber
f 201/379/199 202/380/200 204/381/202 203/382/201
f 203/382/201 204/381/202 206/383/204 205/384/203
f 205/384/203 206/383/204 208/385/206 207/386/205
f 207/386/205 208/385/206 210/387/208 209/388/207
f 209/388/207 210/387/208 212/389/210 211/390/209
f 211/390/209 212/389/210 214/391/212 213/392/211
f 204/393/202 202/394/200 216/395/214 214/396/212 212/397/210 210/398/208 208/399/206 206/400/204
f 213/392/211 214/391/212 216/401/214 215/402/213
f 215/402/213 216/401/214 202/403/200 201/404/199
f 201/405/199 203/406/201 205/407/203 207/408/205 209/409/207 211/410/209 213/411/211 215/412/213
o Peg_Hole.010
v 0.075000 0.029000 0.000000
v 0.075000 0.029000 0.030000
v 0.077828 0.027828 0.000000
v 0.077828 0.027828 0.030000
v 0.079000 0.025000 0.000000
v 0.079000 0.025000 0.030000
v 0.077828 0.022172 0.000000
v 0.077828 0.022172 0.030000
v 0.075000 0.021000 0.000000
v 0.075000 0.021000 0.030000
v 0.072172 0.022172 0.000000
v 0.072172 0.022172 0.030000
v 0.071000 0.025000 0.000000
v 0.071000 0.025000 0.030000
v 0.072172 0.027828 0.000000
v 0.072172 0.027828 0.030000
vn -0.0000 0.7764 -0.6303
vn -0.0000 0.7764 0.6303
vn 0.5490 0.5490 -0.6303
vn 0.5490 0.5490 0.6303
vn 0.7764 -0.0000 -0.6303
vn 0.7764 -0.0000 0.6303
vn 0.5490 -0.5490 -0.6303
vn 0.5490 -0.5490 0.6303
vn -0.0000 -0.7764 -0.6303
vn -0.0000 -0.7764 0.6303
vn -0.5490 -0.5490 -0.6303
vn -0.5490 -0.5490 0.6303
vn -0.7764 -0.0000 -0.6303
vn -0.7764 -0.0000 0.6303
vn -0.5490 0.5490 -0.6303
vn -0.5490 0.5490 0.6303
vt 1.000000 0.500000
vt 1.000000 1.000000
vt 0.875000 1.000000
vt 0.875000 0.500000
vt 0.750000 1.000000
vt 0.750000 0.500000
vt 0.625000 1.000000
vt 0.625000 0.500000
vt 0.500000 1.000000
vt 0.500000 0.500000
vt 0.375000 1.000000
vt 0.375000 0.500000
vt 0.250000 1.000000
vt 0.250000 0.500000
vt 0.419706 0.419706
vt 0.250000 0.490000
vt 0.080294 0.419706
vt 0.010000 0.250000
vt 0.080294 0.080294
vt 0.250000 0.010000
vt 0.419706 0.080294
vt 0.490000 0.250000
vt 0.125000 1.000000
vt 0.125000 0.500000
vt 0.000000 1.000000
vt 0.000000 0.500000
vt 0.750000 0.490000
vt 0.919706 0.419706
vt 0.990000 0.250000
vt 0.919706 0.080294
vt 0.750000 0.010000
vt 0.580294 0.080294
vt 0.510000 0.250000
vt 0.580294 0.419706
s 1
usemtl M_Black_Rubber
f 217/413/215 218/414/216 220/415/218 219/416/217
f 219/416/217 220/415/218 222/417/220 221/418/219
f 221/418/219 222/417/220 224/419/222 223/420/221
f 223/420/221 224/419/222 226/421/224 225/422/223
f 225/422/223 226/421/224 228/423/226 227/424/225
f 227/424/225 228/423/226 230/425/228 229/426/227
f 220/427/218 218/428/216 232/429/230 230/430/228 228/431/226 226/432/224 224/433/222 222/434/220
f 229/426/227 230/425/228 232/435/230 231/436/229
f 231/436/229 232/435/230 218/437/216 217/438/215
f 217/439/215 219/440/217 221/441/219 223/442/221 225/443/223 227/444/225 229/445/227 231/446/229
o Peg_Hole.011
v 0.125000 0.029000 0.000000
v 0.125000 0.029000 0.030000
v 0.127828 0.027828 0.000000
v 0.127828 0.027828 0.030000
v 0.129000 0.025000 0.000000
v 0.129000 0.025000 0.030000
v 0.127828 0.022172 0.000000
v 0.127828 0.022172 0.030000
v 0.125000 0.021000 0.000000
v 0.125000 0.021000 0.030000
v 0.122172 0.022172 0.000000
v 0.122172 0.022172 0.030000
v 0.121000 0.025000 0.000000
v 0.121000 0.025000 0.030000
v 0.122172 0.027828 0.000000
v 0.122172 0.027828 0.030000
vn -0.0000 0.7764 -0.6303
vn -0.0000 0.7764 0.6303
vn 0.5490 0.5490 -0.6303
vn 0.5490 0.5490 0.6303
vn 0.7764 -0.0000 -0.6303
vn 0.7764 -0.0000 0.6303
vn 0.5490 -0.5490 -0.6303
vn 0.5490 -0.5490 0.6303
vn -0.0000 -0.7764 -0.6303
vn -0.0000 -0.7764 0.6303
vn -0.5490 -0.5490 -0.6303
vn -0.5490 -0.5490 0.6303
vn -0.7764 -0.0000 -0.6303
vn -0.7764 -0.0000 0.6303
vn -0.5490 0.5490 -0.6303
vn -0.5490 0.5490 0.6303
vt 1.000000 0.500000
vt 1.000000 1.000000
vt 0.875000 1.000000
vt 0.875000 0.500000
vt 0.750000 1.000000
vt 0.750000 0.500000
vt 0.625000 1.000000
vt 0.625000 0.500000
vt 0.500000 1.000000
vt 0.500000 0.500000
vt 0.375000 1.000000
vt 0.375000 0.500000
vt 0.250000 1.000000
vt 0.250000 0.500000
vt 0.419706 0.419706
vt 0.250000 0.490000
vt 0.080294 0.419706
vt 0.010000 0.250000
vt 0.080294 0.080294
vt 0.250000 0.010000
vt 0.419706 0.080294
vt 0.490000 0.250000
vt 0.125000 1.000000
vt 0.125000 0.500000
vt 0.000000 1.000000
vt 0.000000 0.500000
vt 0.750000 0.490000
vt 0.919706 0.419706
vt 0.990000 0.250000
vt 0.919706 0.080294
vt 0.750000 0.010000
vt 0.580294 0.080294
vt 0.510000 0.250000
vt 0.580294 0.419706
s 1
usemtl M_Black_Rubber
f 233/447/231 234/448/232 236/449/234 235/450/233
f 235/450/233 236/449/234 238/451/236 237/452/235
f 237/452/235 238/451/236 240/453/238 239/454/237
f 239/454/237 240/453/238 242/455/240 241/456/239
f 241/456/239 242/455/240 244/457/242 243/458/241
f 243/458/241 244/457/242 246/459/244 245/460/243
f 236/461/234 234/462/232 248/463/246 246/464/244 244/465/242 242/466/240 240/467/238 238/468/236
f 245/460/243 246/459/244 248/469/246 247/470/245
f 247/470/245 248/469/246 234/471/232 233/472/231
f 233/473/231 235/474/233 237/475/235 239/476/237 241/477/239 243/478/241 245/479/243 247/480/245
o Peg_Hole.012
v 0.175000 0.029000 0.000000
v 0.175000 0.029000 0.030000
v 0.177828 0.027828 0.000000
v 0.177828 0.027828 0.030000
v 0.179000 0.025000 0.000000
v 0.179000 0.025000 0.030000
v 0.177828 0.022172 0.000000
v 0.177828 0.022172 0.030000
v 0.175000 0.021000 0.000000
v 0.175000 0.021000 0.030000
v 0.172172 0.022172 0.000000
v 0.172172 0.022172 0.030000
v 0.171000 0.025000 0.000000
v 0.171000 0.025000 0.030000
v 0.172172 0.027828 0.000000
v 0.172172 0.027828 0.030000
vn -0.0000 0.7764 -0.6303
vn -0.0000 0.7764 0.6303
vn 0.5490 0.5490 -0.6303
vn 0.5490 0.5490 0.6303
vn 0.7764 -0.0000 -0.6303
vn 0.7764 -0.0000 0.6303
vn 0.5490 -0.5490 -0.6303
vn 0.5490 -0.5490 0.6303
vn -0.0000 -0.7764 -0.6303
vn -0.0000 -0.7764 0.6303
vn -0.5490 -0.5490 -0.6303
vn -0.5490 -0.5490 0.6303
vn -0.7764 -0.0000 -0.6303
vn -0.7764 -0.0000 0.6303
vn -0.5490 0.5490 -0.6303
vn -0.5490 0.5490 0.6303
vt 1.000000 0.500000
vt 1.000000 1.000000
vt 0.875000 1.000000
vt 0.875000 0.500000
vt 0.750000 1.000000
vt 0.750000 0.500000
vt 0.625000 1.000000
vt 0.625000 0.500000
vt 0.500000 1.000000
vt 0.500000 0.500000
vt 0.375000 1.000000
vt 0.375000 0.500000
vt 0.250000 1.000000
vt 0.250000 0.500000
vt 0.419706 0.419706
vt 0.250000 0.490000
vt 0.080294 0.419706
vt 0.010000 0.250000
vt 0.080294 0.080294
vt 0.250000 0.010000
vt 0.419706 0.080294
vt 0.490000 0.250000
vt 0.125000 1.000000
vt 0.125000 0.500000
vt 0.000000 1.000000
vt 0.000000 0.500000
vt 0.750000 0.490000
vt 0.919706 0.419706
vt 0.990000 0.250000
vt 0.919706 0.080294
vt 0.750000 0.010000
vt 0.580294 0.080294
vt 0.510000 0.250000
vt 0.580294 0.419706
s 1
usemtl M_Black_Rubber
f 249/481/247 250/482/248 252/483/250 251/484/249
f 251/484/249 252/483/250 254/485/252 253/486/251
f 253/486/251 254/485/252 256/487/254 255/488/253
f 255/488/253 256/487/254 258/489/256 257/490/255
f 257/490/255 258/489/256 260/491/258 259/492/257
f 259/492/257 260/491/258 262/493/260 261/494/259
f 252/495/250 250/496/248 264/497/262 262/498/260 260/499/258 258/500/256 256/501/254 254/502/252
f 261/494/259 262/493/260 264/503/262 263/504/261
f 263/504/261 264/503/262 250/505/248 249/506/247
f 249/507/247 251/508/249 253/509/251 255/510/253 257/511/255 259/512/257 261/513/259 263/514/261
o Peg_Hole.013
v 0.225000 0.029000 0.000000
v 0.225000 0.029000 0.030000
v 0.227828 0.027828 0.000000
v 0.227828 0.027828 0.030000
v 0.229000 0.025000 0.000000
v 0.229000 0.025000 0.030000
v 0.227828 0.022172 0.000000
v 0.227828 0.022172 0.030000
v 0.225000 0.021000 0.000000
v 0.225000 0.021000 0.030000
v 0.222172 0.022172 0.000000
v 0.222172 0.022172 0.030000
v 0.221000 0.025000 0.000000
v 0.221000 0.025000 0.030000
v 0.222172 0.027828 0.000000
v 0.222172 0.027828 0.030000
vn -0.0000 0.7764 -0.6303
vn -0.0000 0.7764 0.6303
vn 0.5490 0.5490 -0.6303
vn 0.5490 0.5490 0.6303
vn 0.7764 -0.0000 -0.6303
vn 0.7764 -0.0000 0.6303
vn 0.5490 -0.5490 -0.6303
vn 0.5490 -0.5490 0.6303
vn -0.0000 -0.7764 -0.6303
vn -0.0000 -0.7764 0.6303
vn -0.5490 -0.5490 -0.6303
vn -0.5490 -0.5490 0.6303
vn -0.7764 -0.0000 -0.6303
vn -0.7764 -0.0000 0.6303
vn -0.5490 0.5490 -0.6303
vn -0.5490 0.5490 0.6303
vt 1.000000 0.500000
vt 1.000000 1.000000
vt 0.875000 1.000000
vt 0.875000 0.500000
vt 0.750000 1.000000
vt 0.750000 0.500000
vt 0.625000 1.000000
vt 0.625000 0.500000
vt 0.500000 1.000000
vt 0.500000 0.500000
vt 0.375000 1.000000
vt 0.375000 0.500000
vt 0.250000 1.000000
vt 0.250000 0.500000
vt 0.419706 0.419706
vt 0.250000 0.490000
vt 0.080294 0.419706
vt 0.010000 0.250000
vt 0.080294 0.080294
vt 0.250000 0.010000
vt 0.419706 0.080294
vt 0.490000 0.250000
vt 0.125000 1.000000
vt 0.125000 0.500000
vt 0.000000 1.000000
vt 0.000000 0.500000
vt 0.750000 0.490000
vt 0.919706 0.419706
vt 0.990000 0.250000
vt 0.919706 0.080294
vt 0.750000 0.010000
vt 0.580294 0.080294
vt 0.510000 0.250000
vt 0.580294 0.419706
s 1
usemtl M_Black_Rubber
f 265/515/263 266/516/264 268/517/266 267/518/265
f 267/518/265 268/517/266 270/519/268 269/520/267
f 269/520/267 270/519/268 272/521/270 271/522/269
f 271/522/269 272/521/270 274/523/272 273/524/271
f 273/524/271 274/523/272 276/525/274 275/526/273
f 275/526/273 276/525/274 278/527/276 277/528/275
f 268/529/266 266/530/264 280/531/278 278/532/276 276/533/274 274/534/272 272/535/270 270/536/268
f 277/528/275 278/527/276 280/537/278 279/538/277
f 279/538/277 280/537/278 266/539/264 265/540/263
f 265/541/263 267/542/265 269/543/267 271/544/269 273/545/271 275/546/273 277/547/275 279/548/277
o Peg_Hole.014
v 0.275000 0.029000 0.000000
v 0.275000 0.029000 0.030000
v 0.277828 0.027828 0.000000
v 0.277828 0.027828 0.030000
v 0.279000 0.025000 0.000000
v 0.279000 0.025000 0.030000
v 0.277828 0.022172 0.000000
v 0.277828 0.022172 0.030000
v 0.275000 0.021000 0.000000
v 0.275000 0.021000 0.030000
v 0.272172 0.022172 0.000000
v 0.272172 0.022172 0.030000
v 0.271000 0.025000 0.000000
v 0.271000 0.025000 0.030000
v 0.272172 0.027828 0.000000
v 0.272172 0.027828 0.030000
vn -0.0000 0.7764 -0.6303
vn -0.0000 0.7764 0.6303
vn 0.5490 0.5490 -0.6303
vn 0.5490 0.5490 0.6303
vn 0.7764 -0.0000 -0.6303
vn 0.7764 -0.0000 0.6303
vn 0.5490 -0.5490 -0.6303
vn 0.5490 -0.5490 0.6303
vn -0.0000 -0.7764 -0.6303
vn -0.0000 -0.7764 0.6303
vn -0.5490 -0.5490 -0.6303
vn -0.5490 -0.5490 0.6303
vn -0.7764 -0.0000 -0.6303
vn -0.7764 -0.0000 0.6303
vn -0.5490 0.5490 -0.6303
vn -0.5490 0.5490 0.6303
vt 1.000000 0.500000
vt 1.000000 1.000000
vt 0.875000 1.000000
vt 0.875000 0.500000
vt 0.750000 1.000000
vt 0.750000 0.500000
vt 0.625000 1.000000
vt 0.625000 0.500000
vt 0.500000 1.000000
vt 0.500000 0.500000
vt 0.375000 1.000000
vt 0.375000 0.500000
vt 0.250000 1.000000
vt 0.250000 0.500000
vt 0.419706 0.419706
vt 0.250000 0.490000
vt 0.080294 0.419706
vt 0.010000 0.250000
vt 0.080294 0.080294
vt 0.250000 0.010000
vt 0.419706 0.080294
vt 0.490000 0.250000
vt 0.125000 1.000000
vt 0.125000 0.500000
vt 0.000000 1.000000
vt 0.000000 0.500000
vt 0.750000 0.490000
vt 0.919706 0.419706
vt 0.990000 0.250000
vt 0.919706 0.080294
vt 0.750000 0.010000
vt 0.580294 0.080294
vt 0.510000 0.250000
vt 0.580294 0.419706
s 1
usemtl M_Black_Rubber
f 281/549/279 282/550/280 284/551/282 283/552/281
f 283/552/281 284/551/282 286/553/284 285/554/283
f 285/554/283 286/553/284 288/555/286 287/556/285
f 287/556/285 288/555/286 290/557/288 289/558/287
f 289/558/287 290/557/288 292/559/290 291/560/289
f 291/560/289 292/559/290 294/561/292 293/562/291
f 284/563/282 282/564/280 296/565/294 294/566/292 292/567/290 290/568/288 288/569/286 286/570/284
f 293/562/291 294/561/292 296/571/294 295/572/293
f 295/572/293 296/571/294 282/573/280 281/574/279
f 281/575/279 283/576/281 285/577/283 287/578/285 289/579/287 291/580/289 293/581/291 295/582/293
o Peg_Hole.015
v 0.325000 0.029000 0.000000
v 0.325000 0.029000 0.030000
v 0.327828 0.027828 0.000000
v 0.327828 0.027828 0.030000
v 0.329000 0.025000 0.000000
v 0.329000 0.025000 0.030000
v 0.327828 0.022172 0.000000
v 0.327828 0.022172 0.030000
v 0.325000 0.021000 0.000000
v 0.325000 0.021000 0.030000
v 0.322172 0.022172 0.000000
v 0.322172 0.022172 0.030000
v 0.321000 0.025000 0.000000
v 0.321000 0.025000 0.030000
v 0.322172 0.027828 0.000000
v 0.322172 0.027828 0.030000
vn -0.0000 0.7764 -0.6303
vn -0.0000 0.7764 0.6303
vn 0.5490 0.5490 -0.6303
vn 0.5490 0.5490 0.6303
vn 0.7764 -0.0000 -0.6303
vn 0.7764 -0.0000 0.6303
vn 0.5490 -0.5490 -0.6303
vn 0.5490 -0.5490 0.6303
vn -0.0000 -0.7764 -0.6303
vn -0.0000 -0.7764 0.6303
vn -0.5490 -0.5490 -0.6303
vn -0.5490 -0.5490 0.6303
vn -0.7764 -0.0000 -0.6303
vn -0.7764 -0.0000 0.6303
vn -0.5490 0.5490 -0.6303
vn -0.5490 0.5490 0.6303
vt 1.000000 0.500000
vt 1.000000 1.000000
vt 0.875000 1.000000
vt 0.875000 0.500000
vt 0.750000 1.000000
vt 0.750000 0.500000
vt 0.625000 1.000000
vt 0.625000 0.500000
vt 0.500000 1.000000
vt 0.500000 0.500000
vt 0.375000 1.000000
vt 0.375000 0.500000
vt 0.250000 1.000000
vt 0.250000 0.500000
vt 0.419706 0.419706
vt 0.250000 0.490000
vt 0.080294 0.419706
vt 0.010000 0.250000
vt 0.080294 0.080294
vt 0.250000 0.010000
vt 0.419706 0.080294
vt 0.490000 0.250000
vt 0.125000 1.000000
vt 0.125000 0.500000
vt 0.000000 1.000000
vt 0.000000 0.500000
vt 0.750000 0.490000
vt 0.919706 0.419706
vt 0.990000 0.250000
vt 0.919706 0.080294
vt 0.750000 0.010000
vt 0.580294 0.080294
vt 0.510000 0.250000
vt 0.580294 0.419706
s 1
usemtl M_Black_Rubber
f 297/583/295 298/584/296 300/585/298 299/586/297
f 299/586/297 300/585/298 302/587/300 301/588/299
f 301/588/299 302/587/300 304/589/302 303/590/301
f 303/590/301 304/589/302 306/591/304 305/592/303
f 305/592/303 306/591/304 308/593/306 307/594/305
f 307/594/305 308/593/306 310/595/308 309/596/307
f 300/597/298 298/598/296 312/599/310 310/600/308 308/601/306 306/602/304 304/603/302 302/604/300
f 309/596/307 310/595/308 312/605/310 311/606/309
f 311/606/309 312/605/310 298/607/296 297/608/295
f 297/609/295 299/610/297 301/611/299 303/612/301 305/613/303 307/614/305 309/615/307 311/616/309
o Peg_Hole.016
v 0.375000 0.029000 0.000000
v 0.375000 0.029000 0.030000
v 0.377828 0.027828 0.000000
v 0.377828 0.027828 0.030000
v 0.379000 0.025000 0.000000
v 0.379000 0.025000 0.030000
v 0.377828 0.022172 0.000000
v 0.377828 0.022172 0.030000
v 0.375000 0.021000 0.000000
v 0.375000 0.021000 0.030000
v 0.372172 0.022172 0.000000
v 0.372172 0.022172 0.030000
v 0.371000 0.025000 0.000000
v 0.371000 0.025000 0.030000
v 0.372172 0.027828 0.000000
v 0.372172 0.027828 0.030000
vn -0.0000 0.7764 -0.6303
vn -0.0000 0.7764 0.6303
vn 0.5490 0.5490 -0.6303
vn 0.5490 0.5490 0.6303
vn 0.7764 -0.0000 -0.6303
vn 0.7764 -0.0000 0.6303
vn 0.5490 -0.5490 -0.6303
vn 0.5490 -0.5490 0.6303
vn -0.0000 -0.7764 -0.6303
vn -0.0000 -0.7764 0.6303
vn -0.5490 -0.5490 -0.6303
vn -0.5490 -0.5490 0.6303
vn -0.7764 -0.0000 -0.6303
vn -0.7764 -0.0000 0.6303
vn -0.5490 0.5490 -0.6303
vn -0.5490 0.5490 0.6303
vt 1.000000 0.500000
vt 1.000000 1.000000
vt 0.875000 1.000000
vt 0.875000 0.500000
vt 0.750000 1.000000
vt 0.750000 0.500000
vt 0.625000 1.000000
vt 0.625000 0.500000
vt 0.500000 1.000000
vt 0.500000 0.500000
vt 0.375000 1.000000
vt 0.375000 0.500000
vt 0.250000 1.000000
vt 0.250000 0.500000
vt 0.419706 0.419706
vt 0.250000 0.490000
vt 0.080294 0.419706
vt 0.010000 0.250000
vt 0.080294 0.080294
vt 0.250000 0.010000
vt 0.419706 0.080294
vt 0.490000 0.250000
vt 0.125000 1.000000
vt 0.125000 0.500000
vt 0.000000 1.000000
vt 0.000000 0.500000
vt 0.750000 0.490000
vt 0.919706 0.419706
vt 0.990000 0.250000
vt 0.919706 0.080294
vt 0.750000 0.010000
vt 0.580294 0.080294
vt 0.510000 0.250000
vt 0.580294 0.419706
s 1
usemtl M_Black_Rubber
f 313/617/311 314/618/312 316/619/314 315/620/313
f 315/620/313 316/619/314 318/621/316 317/622/315
f 317/622/315 318/621/316 320/623/318 319/624/317
f 319/624/317 320/623/318 322/625/320 321/626/319
f 321/626/319 322/625/320 324/627/322 323/628/321
f 323/628/321 324/627/322 326/629/324 325/630/323
f 316/631/314 314/632/312 328/633/326 326/634/324 324/635/322 322/636/320 320/637/318 318/638/316
f 325/630/323 326/629/324 328/639/326 327/640/325
f 327/640/325 328/639/326 314/641/312 313/642/311
f 313/643/311 315/644/313 317/645/315 319/646/317 321/647/319 323/648/321 325/649/323 327/650/325
o Peg_Hole.017
v 0.425000 0.029000 0.000000
v 0.425000 0.029000 0.030000
v 0.427828 0.027828 0.000000
v 0.427828 0.027828 0.030000
v 0.429000 0.025000 0.000000
v 0.429000 0.025000 0.030000
v 0.427828 0.022172 0.000000
v 0.427828 0.022172 0.030000
v 0.425000 0.021000 0.000000
v 0.425000 0.021000 0.030000
v 0.422172 0.022172 0.000000
v 0.422172 0.022172 0.030000
v 0.421000 0.025000 0.000000
v 0.421000 0.025000 0.030000
v 0.422172 0.027828 0.000000
v 0.422172 0.027828 0.030000
vn -0.0000 0.7764 -0.6303
vn -0.0000 0.7764 0.6303
vn 0.5490 0.5490 -0.6303
vn 0.5490 0.5490 0.6303
vn 0.7764 -0.0000 -0.6303
vn 0.7764 -0.0000 0.6303
vn 0.5490 -0.5490 -0.6303
vn 0.5490 -0.5490 0.6303
vn -0.0000 -0.7764 -0.6303
vn -0.0000 -0.7764 0.6303
vn -0.5490 -0.5490 -0.6303
vn -0.5490 -0.5490 0.6303
vn -0.7764 -0.0000 -0.6303
vn -0.7764 -0.0000 0.6303
vn -0.5490 0.5490 -0.6303
vn -0.5490 0.5490 0.6303
vt 1.000000 0.500000
vt 1.000000 1.000000
vt 0.875000 1.000000
vt 0.875000 0.500000
vt 0.750000 1.000000
vt 0.750000 0.500000
vt 0.625000 1.000000
vt 0.625000 0.500000
vt 0.500000 1.000000
vt 0.500000 0.500000
vt 0.375000 1.000000
vt 0.375000 0.500000
vt 0.250000 1.000000
vt 0.250000 0.500000
vt 0.419706 0.419706
vt 0.250000 0.490000
vt 0.080294 0.419706
vt 0.010000 0.250000
vt 0.080294 0.080294
vt 0.250000 0.010000
vt 0.419706 0.080294
vt 0.490000 0.250000
vt 0.125000 1.000000
vt 0.125000 0.500000
vt 0.000000 1.000000
vt 0.000000 0.500000
vt 0.750000 0.490000
vt 0.919706 0.419706
vt 0.990000 0.250000
vt 0.919706 0.080294
vt 0.750000 0.010000
vt 0.580294 0.080294
vt 0.510000 0.250000
vt 0.580294 0.419706
s 1
usemtl M_Black_Rubber
f 329/651/327 330/652/328 332/653/330 331/654/329
f 331/654/329 332/653/330 334/655/332 333/656/331
f 333/656/331 334/655/332 336/657/334 335/658/333
f 335/658/333 336/657/334 338/659/336 337/660/335
f 337/660/335 338/659/336 340/661/338 339/662/337
f 339/662/337 340/661/338 342/663/340 341/664/339
f 332/665/330 330/666/328 344/667/342 342/668/340 340/669/338 338/670/336 336/671/334 334/672/332
f 341/664/339 342/663/340 344/673/342 343/674/341
f 343/674/341 344/673/342 330/675/328 329/676/327
f 329/677/327 331/678/329 333/679/331 335/680/333 337/681/335 339/682/337 341/683/339 343/684/341
o Peg_Hole.018
v -0.425000 0.079000 0.000000
v -0.425000 0.079000 0.030000
v -0.422172 0.077828 0.000000
v -0.422172 0.077828 0.030000
v -0.421000 0.075000 0.000000
v -0.421000 0.075000 0.030000
v -0.422172 0.072172 0.000000
v -0.422172 0.072172 0.030000
v -0.425000 0.071000 0.000000
v -0.425000 0.071000 0.030000
v -0.427828 0.072172 0.000000
v -0.427828 0.072172 0.030000
v -0.429000 0.075000 0.000000
v -0.429000 0.075000 0.030000
v -0.427828 0.077828 0.000000
v -0.427828 0.077828 0.030000
vn -0.0000 0.7764 -0.6303
vn -0.0000 0.7764 0.6303
vn 0.5490 0.5490 -0.6303
vn 0.5490 0.5490 0.6303
vn 0.7764 -0.0000 -0.6303
vn 0.7764 -0.0000 0.6303
vn 0.5490 -0.5490 -0.6303
vn 0.5490 -0.5490 0.6303
vn -0.0000 -0.7764 -0.6303
vn -0.0000 -0.7764 0.6303
vn -0.5490 -0.5490 -0.6303
vn -0.5490 -0.5490 0.6303
vn -0.7764 -0.0000 -0.6303
vn -0.7764 -0.0000 0.6303
vn -0.5490 0.5490 -0.6303
vn -0.5490 0.5490 0.6303
vt 1.000000 0.500000
vt 1.000000 1.000000
vt 0.875000 1.000000
vt 0.875000 0.500000
vt 0.750000 1.000000
vt 0.750000 0.500000
vt 0.625000 1.000000
vt 0.625000 0.500000
vt 0.500000 1.000000
vt 0.500000 0.500000
vt 0.375000 1.000000
vt 0.375000 0.500000
vt 0.250000 1.000000
vt 0.250000 0.500000
vt 0.419706 0.419706
vt 0.250000 0.490000
vt 0.080294 0.419706
vt 0.010000 0.250000
vt 0.080294 0.080294
vt 0.250000 0.010000
vt 0.419706 0.080294
vt 0.490000 0.250000
vt 0.125000 1.000000
vt 0.125000 0.500000
vt 0.000000 1.000000
vt 0.000000 0.500000
vt 0.750000 0.490000
vt 0.919706 0.419706
vt 0.990000 0.250000
vt 0.919706 0.080294
vt 0.750000 0.010000
vt 0.580294 0.080294
vt 0.510000 0.250000
vt 0.580294 0.419706
s 1
usemtl M_Black_Rubber
f 345/685/343 346/686/344 348/687/346 347/688/345
f 347/688/345 348/687/346 350/689/348 349/690/347
f 349/690/347 350/689/348 352/691/350 351/692/349
f 351/692/349 352/691/350 354/693/352 353/694/351
f 353/694/351 354/693/352 356/695/354 355/696/353
f 355/696/353 356/695/354 358/697/356 357/698/355
f 348/699/346 346/700/344 360/701/358 358/702/356 356/703/354 354/704/352 352/705/350 350/706/348
f 357/698/355 358/697/356 360/707/358 359/708/357
f 359/708/357 360/707/358 346/709/344 345/710/343
f 345/711/343 347/712/345 349/713/347 351/714/349 353/715/351 355/716/353 357/717/355 359/718/357
o Peg_Hole.019
v -0.375000 0.079000 0.000000
v -0.375000 0.079000 0.030000
v -0.372172 0.077828 0.000000
v -0.372172 0.077828 0.030000
v -0.371000 0.075000 0.000000
v -0.371000 0.075000 0.030000
v -0.372172 0.072172 0.000000
v -0.372172 0.072172 0.030000
v -0.375000 0.071000 0.000000
v -0.375000 0.071000 0.030000
v -0.377828 0.072172 0.000000
v -0.377828 0.072172 0.030000
v -0.379000 0.075000 0.000000
v -0.379000 0.075000 0.030000
v -0.377828 0.077828 0.000000
v -0.377828 0.077828 0.030000
vn -0.0000 0.7764 -0.6303
vn -0.0000 0.7764 0.6303
vn 0.5490 0.5490 -0.6303
vn 0.5490 0.5490 0.6303
vn 0.7764 -0.0000 -0.6303
vn 0.7764 -0.0000 0.6303
vn 0.5490 -0.5490 -0.6303
vn 0.5490 -0.5490 0.6303
vn -0.0000 -0.7764 -0.6303
vn -0.0000 -0.7764 0.6303
vn -0.5490 -0.5490 -0.6303
vn -0.5490 -0.5490 0.6303
vn -0.7764 -0.0000 -0.6303
vn -0.7764 -0.0000 0.6303
vn -0.5490 0.5490 -0.6303
vn -0.5490 0.5490 0.6303
vt 1.000000 0.500000
vt 1.000000 1.000000
vt 0.875000 1.000000
vt 0.875000 0.500000
vt 0.750000 1.000000
vt 0.750000 0.500000
vt 0.625000 1.000000
vt 0.625000 0.500000
vt 0.500000 1.000000
vt 0.500000 0.500000
vt 0.375000 1.000000
vt 0.375000 0.500000
vt 0.250000 1.000000
vt 0.250000 0.500000
vt 0.419706 0.419706
vt 0.250000 0.490000
vt 0.080294 0.419706
vt 0.010000 0.250000
vt 0.080294 0.080294
vt 0.250000 0.010000
vt 0.419706 0.080294
vt 0.490000 0.250000
vt 0.125000 1.000000
vt 0.125000 0.500000
vt 0.000000 1.000000
vt 0.000000 0.500000
vt 0.750000 0.490000
vt 0.919706 0.419706
vt 0.990000 0.250000
vt 0.919706 0.080294
vt 0.750000 0.010000
vt 0.580294 0.080294
vt 0.510000 0.250000
vt 0.580294 0.419706
s 1
usemtl M_Black_Rubber
f 361/719/359 362/720/360 364/721/362 363/722/361
f 363/722/361 364/721/362 366/723/364 365/724/363
f 365/724/363 366/723/364 368/725/366 367/726/365
f 367/726/365 368/725/366 370/727/368 369/728/367
f 369/728/367 370/727/368 372/729/370 371/730/369
f 371/730/369 372/729/370 374/731/372 373/732/371
f 364/733/362 362/734/360 376/735/374 374/736/372 372/737/370 370/738/368 368/739/366 366/740/364
f 373/732/371 374/731/372 376/741/374 375/742/373
f 375/742/373 376/741/374 362/743/360 361/744/359
f 361/745/359 363/746/361 365/747/363 367/748/365 369/749/367 371/750/369 373/751/371 375/752/373
o Peg_Hole.020
v -0.325000 0.079000 0.000000
v -0.325000 0.079000 0.030000
v -0.322172 0.077828 0.000000
v -0.322172 0.077828 0.030000
v -0.321000 0.075000 0.000000
v -0.321000 0.075000 0.030000
v -0.322172 0.072172 0.000000
v -0.322172 0.072172 0.030000
v -0.325000 0.071000 0.000000
v -0.325000 0.071000 0.030000
v -0.327828 0.072172 0.000000
v -0.327828 0.072172 0.030000
v -0.329000 0.075000 0.000000
v -0.329000 0.075000 0.030000
v -0.327828 0.077828 0.000000
v -0.327828 0.077828 0.030000
vn -0.0000 0.7764 -0.6303
vn -0.0000 0.7764 0.6303
vn 0.5490 0.5490 -0.6303
vn 0.5490 0.5490 0.6303
vn 0.7764 -0.0000 -0.6303
vn 0.7764 -0.0000 0.6303
vn 0.5490 -0.5490 -0.6303
vn 0.5490 -0.5490 0.6303
vn -0.0000 -0.7764 -0.6303
vn -0.0000 -0.7764 0.6303
vn -0.5490 -0.5490 -0.6303
vn -0.5490 -0.5490 0.6303
vn -0.7764 -0.0000 -0.6303
vn -0.7764 -0.0000 0.6303
vn -0.5490 0.5490 -0.6303
vn -0.5490 0.5490 0.6303
vt 1.000000 0.500000
vt 1.000000 1.000000
vt 0.875000 1.000000
vt 0.875000 0.500000
vt 0.750000 1.000000
vt 0.750000 0.500000
vt 0.625000 1.000000
vt 0.625000 0.500000
vt 0.500000 1.000000
vt 0.500000 0.500000
vt 0.375000 1.000000
vt 0.375000 0.500000
vt 0.250000 1.000000
vt 0.250000 0.500000
vt 0.419706 0.419706
vt 0.250000 0.490000
vt 0.080294 0.419706
vt 0.010000 0.250000
vt 0.080294 0.080294
vt 0.250000 0.010000
vt 0.419706 0.080294
vt 0.490000 0.250000
vt 0.125000 1.000000
vt 0.125000 0.500000
vt 0.000000 1.000000
vt 0.000000 0.500000
vt 0.750000 0.490000
vt 0.919706 0.419706
vt 0.990000 0.250000
vt 0.919706 0.080294
vt 0.750000 0.010000
vt 0.580294 0.080294
vt 0.510000 0.250000
vt 0.580294 0.419706
s 1
usemtl M_Black_Rubber
f 377/753/375 378/754/376 380/755/378 379/756/377
f 379/756/377 380/755/378 382/757/380 381/758/379
f 381/758/379 382/757/380 384/759/382 383/760/381
f 383/760/381 384/759/382 386/761/384 385/762/383
f 385/762/383 386/761/384 388/763/386 387/764/385
f 387/764/385 388/763/386 390/765/388 389/766/387
f 380/767/378 378/768/376 392/769/390 390/770/388 388/771/386 386/772/384 384/773/382 382/774/380
f 389/766/387 390/765/388 392/775/390 391/776/389
f 391/776/389 392/775/390 378/777/376 377/778/375
f 377/779/375 379/780/377 381/781/379 383/782/381 385/783/383 387/784/385 389/785/387 391/786/389
o Peg_Hole.021
v -0.275000 0.079000 0.000000
v -0.275000 0.079000 0.030000
v -0.272172 0.077828 0.000000
v -0.272172 0.077828 0.030000
v -0.271000 0.075000 0.000000
v -0.271000 0.075000 0.030000
v -0.272172 0.072172 0.000000
v -0.272172 0.072172 0.030000
v -0.275000 0.071000 0.000000
v -0.275000 0.071000 0.030000
v -0.277828 0.072172 0.000000
v -0.277828 0.072172 0.030000
v -0.279000 0.075000 0.000000
v -0.279000 0.075000 0.030000
v -0.277828 0.077828 0.000000
v -0.277828 0.077828 0.030000
vn -0.0000 0.7764 -0.6303
vn -0.0000 0.7764 0.6303
vn 0.5490 0.5490 -0.6303
vn 0.5490 0.5490 0.6303
vn 0.7764 -0.0000 -0.6303
vn 0.7764 -0.0000 0.6303
vn 0.5490 -0.5490 -0.6303
vn 0.5490 -0.5490 0.6303
vn -0.0000 -0.7764 -0.6303
vn -0.0000 -0.7764 0.6303
vn -0.5490 -0.5490 -0.6303
vn -0.5490 -0.5490 0.6303
vn -0.7764 -0.0000 -0.6303
vn -0.7764 -0.0000 0.6303
vn -0.5490 0.5490 -0.6303
vn -0.5490 0.5490 0.6303
vt 1.000000 0.500000
vt 1.000000 1.000000
vt 0.875000 1.000000
vt 0.875000 0.500000
vt 0.750000 1.000000
vt 0.750000 0.500000
vt 0.625000 1.000000
vt 0.625000 0.500000
vt 0.500000 1.000000
vt 0.500000 0.500000
vt 0.375000 1.000000
vt 0.375000 0.500000
vt 0.250000 1.000000
vt 0.250000 0.500000
vt 0.419706 0.419706
vt 0.250000 0.490000
vt 0.080294 0.419706
vt 0.010000 0.250000
vt 0.080294 0.080294
vt 0.250000 0.010000
vt 0.419706 0.080294
vt 0.490000 0.250000
vt 0.125000 1.000000
vt 0.125000 0.500000
vt 0.000000 1.000000
vt 0.000000 0.500000
vt 0.750000 0.490000
vt 0.919706 0.419706
vt 0.990000 0.250000
vt 0.919706 0.080294
vt 0.750000 0.010000
vt 0.580294 0.080294
vt 0.510000 0.250000
vt 0.580294 0.419706
s 1
usemtl M_Black_Rubber
f 393/787/391 394/788/392 396/789/394 395/790/393
f 395/790/393 396/789/394 398/791/396 397/792/395
f 397/792/395 398/791/396 400/793/398 399/794/397
f 399/794/397 400/793/398 402/795/400 401/796/399
f 401/796/399 402/795/400 404/797/402 403/798/401
f 403/798/401 404/797/402 406/799/404 405/800/403
f 396/801/394 394/802/392 408/803/406 406/804/404 404/805/402 402/806/400 400/807/398 398/808/396
f 405/800/403 406/799/404 408/809/406 407/810/405
f 407/810/405 408/809/406 394/811/392 393/812/391
f 393/813/391 395/814/393 397/815/395 399/816/397 401/817/399 403/818/401 405/819/403 407/820/405
o Peg_Hole.022
v -0.225000 0.079000 0.000000
v -0.225000 0.079000 0.030000
v -0.222172 0.077828 0.000000
v -0.222172 0.077828 0.030000
v -0.221000 0.075000 0.000000
v -0.221000 0.075000 0.030000
v -0.222172 0.072172 0.000000
v -0.222172 0.072172 0.030000
v -0.225000 0.071000 0.000000
v -0.225000 0.071000 0.030000
v -0.227828 0.072172 0.000000
v -0.227828 0.072172 0.030000
v -0.229000 0.075000 0.000000
v -0.229000 0.075000 0.030000
v -0.227828 0.077828 0.000000
v -0.227828 0.077828 0.030000
vn -0.0000 0.7764 -0.6303
vn -0.0000 0.7764 0.6303
vn 0.5490 0.5490 -0.6303
vn 0.5490 0.5490 0.6303
vn 0.7764 -0.0000 -0.6303
vn 0.7764 -0.0000 0.6303
vn 0.5490 -0.5490 -0.6303
vn 0.5490 -0.5490 0.6303
vn -0.0000 -0.7764 -0.6303
vn -0.0000 -0.7764 0.6303
vn -0.5490 -0.5490 -0.6303
vn -0.5490 -0.5490 0.6303
vn -0.7764 -0.0000 -0.6303
vn -0.7764 -0.0000 0.6303
vn -0.5490 0.5490 -0.6303
vn -0.5490 0.5490 0.6303
vt 1.000000 0.500000
vt 1.000000 1.000000
vt 0.875000 1.000000
vt 0.875000 0.500000
vt 0.750000 1.000000
vt 0.750000 0.500000
vt 0.625000 1.000000
vt 0.625000 0.500000
vt 0.500000 1.000000
vt 0.500000 0.500000
vt 0.375000 1.000000
vt 0.375000 0.500000
vt 0.250000 1.000000
vt 0.250000 0.500000
vt 0.419706 0.419706
vt 0.250000 0.490000
vt 0.080294 0.419706
vt 0.010000 0.250000
vt 0.080294 0.080294
vt 0.250000 0.010000
vt 0.419706 0.080294
vt 0.490000 0.250000
vt 0.125000 1.000000
vt 0.125000 0.500000
vt 0.000000 1.000000
vt 0.000000 0.500000
vt 0.750000 0.490000
vt 0.919706 0.419706
vt 0.990000 0.250000
vt 0.919706 0.080294
vt 0.750000 0.010000
vt 0.580294 0.080294
vt 0.510000 0.250000
vt 0.580294 0.419706
s 1
usemtl M_Black_Rubber
f 409/821/407 410/822/408 412/823/410 411/824/409
f 411/824/409 412/823/410 414/825/412 413/826/411
f 413/826/411 414/825/412 416/827/414 415/828/413
f 415/828/413 416/827/414 418/829/416 417/830/415
f 417/830/415 418/829/416 420/831/418 419/832/417
f 419/832/417 420/831/418 422/833/420 421/834/419
f 412/835/410 410/836/408 424/837/422 422/838/420 420/839/418 418/840/416 416/841/414 414/842/412
f 421/834/419 422/833/420 424/843/422 423/844/421
f 423/844/421 424/843/422 410/845/408 409/846/407
f 409/847/407 411/848/409 413/849/411 415/850/413 417/851/415 419/852/417 421/853/419 423/854/421
o Peg_Hole.023
v -0.175000 0.079000 0.000000
v -0.175000 0.079000 0.030000
v -0.172172 0.077828 0.000000
v -0.172172 0.077828 0.030000
v -0.171000 0.075000 0.000000
v -0.171000 0.075000 0.030000
v -0.172172 0.072172 0.000000
v -0.172172 0.072172 0.030000
v -0.175000 0.071000 0.000000
v -0.175000 0.071000 0.030000
v -0.177828 0.072172 0.000000
v -0.177828 0.072172 0.030000
v -0.179000 0.075000 0.000000
v -0.179000 0.075000 0.030000
v -0.177828 0.077828 0.000000
v -0.177828 0.077828 0.030000
vn -0.0000 0.7764 -0.6303
vn -0.0000 0.7764 0.6303
vn 0.5490 0.5490 -0.6303
vn 0.5490 0.5490 0.6303
vn 0.7764 -0.0000 -0.6303
vn 0.7764 -0.0000 0.6303
vn 0.5490 -0.5490 -0.6303
vn 0.5490 -0.5490 0.6303
vn -0.0000 -0.7764 -0.6303
vn -0.0000 -0.7764 0.6303
vn -0.5490 -0.5490 -0.6303
vn -0.5490 -0.5490 0.6303
vn -0.7764 -0.0000 -0.6303
vn -0.7764 -0.0000 0.6303
vn -0.5490 0.5490 -0.6303
vn -0.5490 0.5490 0.6303
vt 1.000000 0.500000
vt 1.000000 1.000000
vt 0.875000 1.000000
vt 0.875000 0.500000
vt 0.750000 1.000000
vt 0.750000 0.500000
vt 0.625000 1.000000
vt 0.625000 0.500000
vt 0.500000 1.000000
vt 0.500000 0.500000
vt 0.375000 1.000000
vt 0.375000 0.500000
vt 0.250000 1.000000
vt 0.250000 0.500000
vt 0.419706 0.419706
vt 0.250000 0.490000
vt 0.080294 0.419706
vt 0.010000 0.250000
vt 0.080294 0.080294
vt 0.250000 0.010000
vt 0.419706 0.080294
vt 0.490000 0.250000
vt 0.125000 1.000000
vt 0.125000 0.500000
vt 0.000000 1.000000
vt 0.000000 0.500000
vt 0.750000 0.490000
vt 0.919706 0.419706
vt 0.990000 0.250000
vt 0.919706 0.080294
vt 0.750000 0.010000
vt 0.580294 0.080294
vt 0.510000 0.250000
vt 0.580294 0.419706
s 1
usemtl M_Black_Rubber
f 425/855/423 426/856/424 428/857/426 427/858/425
f 427/858/425 428/857/426 430/859/428 429/860/427
f 429/860/427 430/859/428 432/861/430 431/862/429
f 431/862/429 432/861/430 434/863/432 433/864/431
f 433/864/431 434/863/432 436/865/434 435/866/433
f 435/866/433 436/865/434 438/867/436 437/868/435
f 428/869/426 426/870/424 440/871/438 438/872/436 436/873/434 434/874/432 432/875/430 430/876/428
f 437/868/435 438/867/436 440/877/438 439/878/437
f 439/878/437 440/877/438 426/879/424 425/880/423
f 425/881/423 427/882/425 429/883/427 431/884/429 433/885/431 435/886/433 437/887/435 439/888/437
o Peg_Hole.024
v -0.125000 0.079000 0.000000
v -0.125000 0.079000 0.030000
v -0.122172 0.077828 0.000000
v -0.122172 0.077828 0.030000
v -0.121000 0.075000 0.000000
v -0.121000 0.075000 0.030000
v -0.122172 0.072172 0.000000
v -0.122172 0.072172 0.030000
v -0.125000 0.071000 0.000000
v -0.125000 0.071000 0.030000
v -0.127828 0.072172 0.000000
v -0.127828 0.072172 0.030000
v -0.129000 0.075000 0.000000
v -0.129000 0.075000 0.030000
v -0.127828 0.077828 0.000000
v -0.127828 0.077828 0.030000
vn -0.0000 0.7764 -0.6303
vn -0.0000 0.7764 0.6303
vn 0.5490 0.5490 -0.6303
vn 0.5490 0.5490 0.6303
vn 0.7764 -0.0000 -0.6303
vn 0.7764 -0.0000 0.6303
vn 0.5490 -0.5490 -0.6303
vn 0.5490 -0.5490 0.6303
vn -0.0000 -0.7764 -0.6303
vn -0.0000 -0.7764 0.6303
vn -0.5490 -0.5490 -0.6303
vn -0.5490 -0.5490 0.6303
vn -0.7764 -0.0000 -0.6303
vn -0.7764 -0.0000 0.6303
vn -0.5490 0.5490 -0.6303
vn -0.5490 0.5490 0.6303
vt 1.000000 0.500000
vt 1.000000 1.000000
vt 0.875000 1.000000
vt 0.875000 0.500000
vt 0.750000 1.000000
vt 0.750000 0.500000
vt 0.625000 1.000000
vt 0.625000 0.500000
vt 0.500000 1.000000
vt 0.500000 0.500000
vt 0.375000 1.000000
vt 0.375000 0.500000
vt 0.250000 1.000000
vt 0.250000 0.500000
vt 0.419706 0.419706
vt 0.250000 0.490000
vt 0.080294 0.419706
vt 0.010000 0.250000
vt 0.080294 0.080294
vt 0.250000 0.010000
vt 0.419706 0.080294
vt 0.490000 0.250000
vt 0.125000 1.000000
vt 0.125000 0.500000
vt 0.000000 1.000000
vt 0.000000 0.500000
vt 0.750000 0.490000
vt 0.919706 0.419706
vt 0.990000 0.250000
vt 0.919706 0.080294
vt 0.750000 0.010000
vt 0.580294 0.080294
vt 0.510000 0.250000
vt 0.580294 0.419706
s 1
usemtl M_Black_Rubber
f 441/889/439 442/890/440 444/891/442 443/892/441
f 443/892/441 444/891/442 446/893/444 445/894/443
f 445/894/443 446/893/444 448/895/446 447/896/445
f 447/896/445 448/895/446 450/897/448 449/898/447
f 449/898/447 450/897/448 452/899/450 451/900/449
f 451/900/449 452/899/450 454/901/452 453/902/451
f 444/903/442 442/904/440 456/905/454 454/906/452 452/907/450 450/908/448 448/909/446 446/910/444
f 453/902/451 454/901/452 456/911/454 455/912/453
f 455/912/453 456/911/454 442/913/440 441/914/439
f 441/915/439 443/916/441 445/917/443 447/918/445 449/919/447 451/920/449 453/921/451 455/922/453
o Peg_Hole.025
v -0.075000 0.079000 0.000000
v -0.075000 0.079000 0.030000
v -0.072172 0.077828 0.000000
v -0.072172 0.077828 0.030000
v -0.071000 0.075000 0.000000
v -0.071000 0.075000 0.030000
v -0.072172 0.072172 0.000000
v -0.072172 0.072172 0.030000
v -0.075000 0.071000 0.000000
v -0.075000 0.071000 0.030000
v -0.077828 0.072172 0.000000
v -0.077828 0.072172 0.030000
v -0.079000 0.075000 0.000000
v -0.079000 0.075000 0.030000
v -0.077828 0.077828 0.000000
v -0.077828 0.077828 0.030000
vn -0.0000 0.7764 -0.6303
vn -0.0000 0.7764 0.6303
vn 0.5490 0.5490 -0.6303
vn 0.5490 0.5490 0.6303
vn 0.7764 -0.0000 -0.6303
vn 0.7764 -0.0000 0.6303
vn 0.5490 -0.5490 -0.6303
vn 0.5490 -0.5490 0.6303
vn -0.0000 -0.7764 -0.6303
vn -0.0000 -0.7764 0.6303
vn -0.5490 -0.5490 -0.6303
vn -0.5490 -0.5490 0.6303
vn -0.7764 -0.0000 -0.6303
vn -0.7764 -0.0000 0.6303
vn -0.5490 0.5490 -0.6303
vn -0.5490 0.5490 0.6303
vt 1.000000 0.500000
vt 1.000000 1.000000
vt 0.875000 1.000000
vt 0.875000 0.500000
vt 0.750000 1.000000
vt 0.750000 0.500000
vt 0.625000 1.000000
vt 0.625000 0.500000
vt 0.500000 1.000000
vt 0.500000 0.500000
vt 0.375000 1.000000
vt 0.375000 0.500000
vt 0.250000 1.000000
vt 0.250000 0.500000
vt 0.419706 0.419706
vt 0.250000 0.490000
vt 0.080294 0.419706
vt 0.010000 0.250000
vt 0.080294 0.080294
vt 0.250000 0.010000
vt 0.419706 0.080294
vt 0.490000 0.250000
vt 0.125000 1.000000
vt 0.125000 0.500000
vt 0.000000 1.000000
vt 0.000000 0.500000
vt 0.750000 0.490000
vt 0.919706 0.419706
vt 0.990000 0.250000
vt 0.919706 0.080294
vt 0.750000 0.010000
vt 0.580294 0.080294
vt 0.510000 0.250000
vt 0.580294 0.419706
s 1
usemtl M_Black_Rubber
f 457/923/455 458/924/456 460/925/458 459/926/457
f 459/926/457 460/925/458 462/927/460 461/928/459
f 461/928/459 462/927/460 464/929/462 463/930/461
f 463/930/461 464/929/462 466/931/464 465/932/463
f 465/932/463 466/931/464 468/933/466 467/934/465
f 467/934/465 468/933/466 470/935/468 469/936/467
f 460/937/458 458/938/456 472/939/470 470/940/468 468/941/466 466/942/464 464/943/462 462/944/460
f 469/936/467 470/935/468 472/945/470 471/946/469
f 471/946/469 472/945/470 458/947/456 457/948/455
f 457/949/455 459/950/457 461/951/459 463/952/461 465/953/463 467/954/465 469/955/467 471/956/469
o Peg_Hole.026
v -0.025000 0.079000 0.000000
v -0.025000 0.079000 0.030000
v -0.022172 0.077828 0.000000
v -0.022172 0.077828 0.030000
v -0.021000 0.075000 0.000000
v -0.021000 0.075000 0.030000
v -0.022172 0.072172 0.000000
v -0.022172 0.072172 0.030000
v -0.025000 0.071000 0.000000
v -0.025000 0.071000 0.030000
v -0.027828 0.072172 0.000000
v -0.027828 0.072172 0.030000
v -0.029000 0.075000 0.000000
v -0.029000 0.075000 0.030000
v -0.027828 0.077828 0.000000
v -0.027828 0.077828 0.030000
vn -0.0000 0.7764 -0.6303
vn -0.0000 0.7764 0.6303
vn 0.5490 0.5490 -0.6303
vn 0.5490 0.5490 0.6303
vn 0.7764 -0.0000 -0.6303
vn 0.7764 -0.0000 0.6303
vn 0.5490 -0.5490 -0.6303
vn 0.5490 -0.5490 0.6303
vn -0.0000 -0.7764 -0.6303
vn -0.0000 -0.7764 0.6303
vn -0.5490 -0.5490 -0.6303
vn -0.5490 -0.5490 0.6303
vn -0.7764 -0.0000 -0.6303
vn -0.7764 -0.0000 0.6303
vn -0.5490 0.5490 -0.6303
vn -0.5490 0.5490 0.6303
vt 1.000000 0.500000
vt 1.000000 1.000000
vt 0.875000 1.000000
vt 0.875000 0.500000
vt 0.750000 1.000000
vt 0.750000 0.500000
vt 0.625000 1.000000
vt 0.625000 0.500000
vt 0.500000 1.000000
vt 0.500000 0.500000
vt 0.375000 1.000000
vt 0.375000 0.500000
vt 0.250000 1.000000
vt 0.250000 0.500000
vt 0.419706 0.419706
vt 0.250000 0.490000
vt 0.080294 0.419706
vt 0.010000 0.250000
vt 0.080294 0.080294
vt 0.250000 0.010000
vt 0.419706 0.080294
vt 0.490000 0.250000
vt 0.125000 1.000000
vt 0.125000 0.500000
vt 0.000000 1.000000
vt 0.000000 0.500000
vt 0.750000 0.490000
vt 0.919706 0.419706
vt 0.990000 0.250000
vt 0.919706 0.080294
vt 0.750000 0.010000
vt 0.580294 0.080294
vt 0.510000 0.250000
vt 0.580294 0.419706
s 1
usemtl M_Black_Rubber
f 473/957/471 474/958/472 476/959/474 475/960/473
f 475/960/473 476/959/474 478/961/476 477/962/475
f 477/962/475 478/961/476 480/963/478 479/964/477
f 479/964/477 480/963/478 482/965/480 481/966/479
f 481/966/479 482/965/480 484/967/482 483/968/481
f 483/968/481 484/967/482 486/969/484 485/970/483
f 476/971/474 474/972/472 488/973/486 486/974/484 484/975/482 482/976/480 480/977/478 478/978/476
f 485/970/483 486/969/484 488/979/486 487/980/485
f 487/980/485 488/979/486 474/981/472 473/982/471
f 473/983/471 475/984/473 477/985/475 479/986/477 481/987/479 483/988/481 485/989/483 487/990/485
o Peg_Hole.027
v 0.025000 0.079000 0.000000
v 0.025000 0.079000 0.030000
v 0.027828 0.077828 0.000000
v 0.027828 0.077828 0.030000
v 0.029000 0.075000 0.000000
v 0.029000 0.075000 0.030000
v 0.027828 0.072172 0.000000
v 0.027828 0.072172 0.030000
v 0.025000 0.071000 0.000000
v 0.025000 0.071000 0.030000
v 0.022172 0.072172 0.000000
v 0.022172 0.072172 0.030000
v 0.021000 0.075000 0.000000
v 0.021000 0.075000 0.030000
v 0.022172 0.077828 0.000000
v 0.022172 0.077828 0.030000
vn -0.0000 0.7764 -0.6303
vn -0.0000 0.7764 0.6303
vn 0.5490 0.5490 -0.6303
vn 0.5490 0.5490 0.6303
vn 0.7764 -0.0000 -0.6303
vn 0.7764 -0.0000 0.6303
vn 0.5490 -0.5490 -0.6303
vn 0.5490 -0.5490 0.6303
vn -0.0000 -0.7764 -0.6303
vn -0.0000 -0.7764 0.6303
vn -0.5490 -0.5490 -0.6303
vn -0.5490 -0.5490 0.6303
vn -0.7764 -0.0000 -0.6303
vn -0.7764 -0.0000 0.6303
vn -0.5490 0.5490 -0.6303
vn -0.5490 0.5490 0.6303
vt 1.000000 0.500000
vt 1.000000 1.000000
vt 0.875000 1.000000
vt 0.875000 0.500000
vt 0.750000 1.000000
vt 0.750000 0.500000
vt 0.625000 1.000000
vt 0.625000 0.500000
vt 0.500000 1.000000
vt 0.500000 0.500000
vt 0.375000 1.000000
vt 0.375000 0.500000
vt 0.250000 1.000000
vt 0.250000 0.500000
vt 0.419706 0.419706
vt 0.250000 0.490000
vt 0.080294 0.419706
vt 0.010000 0.250000
vt 0.080294 0.080294
vt 0.250000 0.010000
vt 0.419706 0.080294
vt 0.490000 0.250000
vt 0.125000 1.000000
vt 0.125000 0.500000
vt 0.000000 1.000000
vt 0.000000 0.500000
vt 0.750000 0.490000
vt 0.919706 0.419706
vt 0.990000 0.250000
vt 0.919706 0.080294
vt 0.750000 0.010000
vt 0.580294 0.080294
vt 0.510000 0.250000
vt 0.580294 0.419706
s 1
usemtl M_Black_Rubber
f 489/991/487 490/992/488 492/993/490 491/994/489
f 491/994/489 492/993/490 494/995/492 493/996/491
f 493/996/491 494/995/492 496/997/494 495/998/493
f 495/998/493 496/997/494 498/999/496 497/1000/495
f 497/1000/495 498/999/496 500/1001/498 499/1002/497
f 499/1002/497 500/1001/498 502/1003/500 501/1004/499
f 492/1005/490 490/1006/488 504/1007/502 502/1008/500 500/1009/498 498/1010/496 496/1011/494 494/1012/492
f 501/1004/499 502/1003/500 504/1013/502 503/1014/501
f 503/1014/501 504/1013/502 490/1015/488 489/1016/487
f 489/1017/487 491/1018/489 493/1019/491 495/1020/493 497/1021/495 499/1022/497 501/1023/499 503/1024/501
o Peg_Hole.028
v 0.075000 0.079000 0.000000
v 0.075000 0.079000 0.030000
v 0.077828 0.077828 0.000000
v 0.077828 0.077828 0.030000
v 0.079000 0.075000 0.000000
v 0.079000 0.075000 0.030000
v 0.077828 0.072172 0.000000
v 0.077828 0.072172 0.030000
v 0.075000 0.071000 0.000000
v 0.075000 0.071000 0.030000
v 0.072172 0.072172 0.000000
v 0.072172 0.072172 0.030000
v 0.071000 0.075000 0.000000
v 0.071000 0.075000 0.030000
v 0.072172 0.077828 0.000000
v 0.072172 0.077828 0.030000
vn -0.0000 0.7764 -0.6303
vn -0.0000 0.7764 0.6303
vn 0.5490 0.5490 -0.6303
vn 0.5490 0.5490 0.6303
vn 0.7764 -0.0000 -0.6303
vn 0.7764 -0.0000 0.6303
vn 0.5490 -0.5490 -0.6303
vn 0.5490 -0.5490 0.6303
vn -0.0000 -0.7764 -0.6303
vn -0.0000 -0.7764 0.6303
vn -0.5490 -0.5490 -0.6303
vn -0.5490 -0.5490 0.6303
vn -0.7764 -0.0000 -0.6303
vn -0.7764 -0.0000 0.6303
vn -0.5490 0.5490 -0.6303
vn -0.5490 0.5490 0.6303
vt 1.000000 0.500000
vt 1.000000 1.000000
vt 0.875000 1.000000
vt 0.875000 0.500000
vt 0.750000 1.000000
vt 0.750000 0.500000
vt 0.625000 1.000000
vt 0.625000 0.500000
vt 0.500000 1.000000
vt 0.500000 0.500000
vt 0.375000 1.000000
vt 0.375000 0.500000
vt 0.250000 1.000000
vt 0.250000 0.500000
vt 0.419706 0.419706
vt 0.250000 0.490000
vt 0.080294 0.419706
vt 0.010000 0.250000
vt 0.080294 0.080294
vt 0.250000 0.010000
vt 0.419706 0.080294
vt 0.490000 0.250000
vt 0.125000 1.000000
vt 0.125000 0.500000
vt 0.000000 1.000000
vt 0.000000 0.500000
vt 0.750000 0.490000
vt 0.919706 0.419706
vt 0.990000 0.250000
vt 0.919706 0.080294
vt 0.750000 0.010000
vt 0.580294 0.080294
vt 0.510000 0.250000
vt 0.580294 0.419706
s 1
usemtl M_Black_Rubber
f 505/1025/503 506/1026/504 508/1027/506 507/1028/505
f 507/1028/505 508/1027/506 510/1029/508 509/1030/507
f 509/1030/507 510/1029/508 512/1031/510 511/1032/509
f 511/1032/509 512/1031/510 514/1033/512 513/1034/511
f 513/1034/511 514/1033/512 516/1035/514 515/1036/513
f 515/1036/513 516/1035/514 518/1037/516 517/1038/515
f 508/1039/506 506/1040/504 520/1041/518 518/1042/516 516/1043/514 514/1044/512 512/1045/510 510/1046/508
f 517/1038/515 518/1037/516 520/1047/518 519/1048/517
f 519/1048/517 520/1047/518 506/1049/504 505/1050/503
f 505/1051/503 507/1052/505 509/1053/507 511/1054/509 513/1055/511 515/1056/513 517/1057/515 519/1058/517
o Peg_Hole.029
v 0.125000 0.079000 0.000000
v 0.125000 0.079000 0.030000
v 0.127828 0.077828 0.000000
v 0.127828 0.077828 0.030000
v 0.129000 0.075000 0.000000
v 0.129000 0.075000 0.030000
v 0.127828 0.072172 0.000000
v 0.127828 0.072172 0.030000
v 0.125000 0.071000 0.000000
v 0.125000 0.071000 0.030000
v 0.122172 0.072172 0.000000
v 0.122172 0.072172 0.030000
v 0.121000 0.075000 0.000000
v 0.121000 0.075000 0.030000
v 0.122172 0.077828 0.000000
v 0.122172 0.077828 0.030000
vn -0.0000 0.7764 -0.6303
vn -0.0000 0.7764 0.6303
vn 0.5490 0.5490 -0.6303
vn 0.5490 0.5490 0.6303
vn 0.7764 -0.0000 -0.6303
vn 0.7764 -0.0000 0.6303
vn 0.5490 -0.5490 -0.6303
vn 0.5490 -0.5490 0.6303
vn -0.0000 -0.7764 -0.6303
vn -0.0000 -0.7764 0.6303
vn -0.5490 -0.5490 -0.6303
vn -0.5490 -0.5490 0.6303
vn -0.7764 -0.0000 -0.6303
vn -0.7764 -0.0000 0.6303
vn -0.5490 0.5490 -0.6303
vn -0.5490 0.5490 0.6303
vt 1.000000 0.500000
vt 1.000000 1.000000
vt 0.875000 1.000000
vt 0.875000 0.500000
vt 0.750000 1.000000
vt 0.750000 0.500000
vt 0.625000 1.000000
vt 0.625000 0.500000
vt 0.500000 1.000000
vt 0.500000 0.500000
vt 0.375000 1.000000
vt 0.375000 0.500000
vt 0.250000 1.000000
vt 0.250000 0.500000
vt 0.419706 0.419706
vt 0.250000 0.490000
vt 0.080294 0.419706
vt 0.010000 0.250000
vt 0.080294 0.080294
vt 0.250000 0.010000
vt 0.419706 0.080294
vt 0.490000 0.250000
vt 0.125000 1.000000
vt 0.125000 0.500000
vt 0.000000 1.000000
vt 0.000000 0.500000
vt 0.750000 0.490000
vt 0.919706 0.419706
vt 0.990000 0.250000
vt 0.919706 0.080294
vt 0.750000 0.010000
vt 0.580294 0.080294
vt 0.510000 0.250000
vt 0.580294 0.419706
s 1
usemtl M_Black_Rubber
f 521/1059/519 522/1060/520 524/1061/522 523/1062/521
f 523/1062/521 524/1061/522 526/1063/524 525/1064/523
f 525/1064/523 526/1063/524 528/1065/526 527/1066/525
f 527/1066/525 528/1065/526 530/1067/528 529/1068/527
f 529/1068/527 530/1067/528 532/1069/530 531/1070/529
f 531/1070/529 532/1069/530 534/1071/532 533/1072/531
f 524/1073/522 522/1074/520 536/1075/534 534/1076/532 532/1077/530 530/1078/528 528/1079/526 526/1080/524
f 533/1072/531 534/1071/532 536/1081/534 535/1082/533
f 535/1082/533 536/1081/534 522/1083/520 521/1084/519
f 521/1085/519 523/1086/521 525/1087/523 527/1088/525 529/1089/527 531/1090/529 533/1091/531 535/1092/533
o Peg_Hole.030
v 0.175000 0.079000 0.000000
v 0.175000 0.079000 0.030000
v 0.177828 0.077828 0.000000
v 0.177828 0.077828 0.030000
v 0.179000 0.075000 0.000000
v 0.179000 0.075000 0.030000
v 0.177828 0.072172 0.000000
v 0.177828 0.072172 0.030000
v 0.175000 0.071000 0.000000
v 0.175000 0.071000 0.030000
v 0.172172 0.072172 0.000000
v 0.172172 0.072172 0.030000
v 0.171000 0.075000 0.000000
v 0.171000 0.075000 0.030000
v 0.172172 0.077828 0.000000
v 0.172172 0.077828 0.030000
vn -0.0000 0.7764 -0.6303
vn -0.0000 0.7764 0.6303
vn 0.5490 0.5490 -0.6303
vn 0.5490 0.5490 0.6303
vn 0.7764 -0.0000 -0.6303
vn 0.7764 -0.0000 0.6303
vn 0.5490 -0.5490 -0.6303
vn 0.5490 -0.5490 0.6303
vn -0.0000 -0.7764 -0.6303
vn -0.0000 -0.7764 0.6303
vn -0.5490 -0.5490 -0.6303
vn -0.5490 -0.5490 0.6303
vn -0.7764 -0.0000 -0.6303
vn -0.7764 -0.0000 0.6303
vn -0.5490 0.5490 -0.6303
vn -0.5490 0.5490 0.6303
vt 1.000000 0.500000
vt 1.000000 1.000000
vt 0.875000 1.000000
vt 0.875000 0.500000
vt 0.750000 1.000000
vt 0.750000 0.500000
vt 0.625000 1.000000
vt 0.625000 0.500000
vt 0.500000 1.000000
vt 0.500000 0.500000
vt 0.375000 1.000000
vt 0.375000 0.500000
vt 0.250000 1.000000
vt 0.250000 0.500000
vt 0.419706 0.419706
vt 0.250000 0.490000
vt 0.080294 0.419706
vt 0.010000 0.250000
vt 0.080294 0.080294
vt 0.250000 0.010000
vt 0.419706 0.080294
vt 0.490000 0.250000
vt 0.125000 1.000000
vt 0.125000 0.500000
vt 0.000000 1.000000
vt 0.000000 0.500000
vt 0.750000 0.490000
vt 0.919706 0.419706
vt 0.990000 0.250000
vt 0.919706 0.080294
vt 0.750000 0.010000
vt 0.580294 0.080294
vt 0.510000 0.250000
vt 0.580294 0.419706
s 1
usemtl M_Black_Rubber
f 537/1093/535 538/1094/536 540/1095/538 539/1096/537
f 539/1096/537 540/1095/538 542/1097/540 541/1098/539
f 541/1098/539 542/1097/540 544/1099/542 543/1100/541
f 543/1100/541 544/1099/542 546/1101/544 545/1102/543
f 545/1102/543 546/1101/544 548/1103/546 547/1104/545
f 547/1104/545 548/1103/546 550/1105/548 549/1106/547
f 540/1107/538 538/1108/536 552/1109/550 550/1110/548 548/1111/546 546/1112/544 544/1113/542 542/1114/540
f 549/1106/547 550/1105/548 552/1115/550 551/1116/549
f 551/1116/549 552/1115/550 538/1117/536 537/1118/535
f 537/1119/535 539/1120/537 541/1121/539 543/1122/541 545/1123/543 547/1124/545 549/1125/547 551/1126/549
o Peg_Hole.031
v 0.225000 0.079000 0.000000
v 0.225000 0.079000 0.030000
v 0.227828 0.077828 0.000000
v 0.227828 0.077828 0.030000
v 0.229000 0.075000 0.000000
v 0.229000 0.075000 0.030000
v 0.227828 0.072172 0.000000
v 0.227828 0.072172 0.030000
v 0.225000 0.071000 0.000000
v 0.225000 0.071000 0.030000
v 0.222172 0.072172 0.000000
v 0.222172 0.072172 0.030000
v 0.221000 0.075000 0.000000
v 0.221000 0.075000 0.030000
v 0.222172 0.077828 0.000000
v 0.222172 0.077828 0.030000
vn -0.0000 0.7764 -0.6303
vn -0.0000 0.7764 0.6303
vn 0.5490 0.5490 -0.6303
vn 0.5490 0.5490 0.6303
vn 0.7764 -0.0000 -0.6303
vn 0.7764 -0.0000 0.6303
vn 0.5490 -0.5490 -0.6303
vn 0.5490 -0.5490 0.6303
vn -0.0000 -0.7764 -0.6303
vn -0.0000 -0.7764 0.6303
vn -0.5490 -0.5490 -0.6303
vn -0.5490 -0.5490 0.6303
vn -0.7764 -0.0000 -0.6303
vn -0.7764 -0.0000 0.6303
vn -0.5490 0.5490 -0.6303
vn -0.5490 0.5490 0.6303
vt 1.000000 0.500000
vt 1.000000 1.000000
vt 0.875000 1.000000
vt 0.875000 0.500000
vt 0.750000 1.000000
vt 0.750000 0.500000
vt 0.625000 1.000000
vt 0.625000 0.500000
vt 0.500000 1.000000
vt 0.500000 0.500000
vt 0.375000 1.000000
vt 0.375000 0.500000
vt 0.250000 1.000000
vt 0.250000 0.500000
vt 0.419706 0.419706
vt 0.250000 0.490000
vt 0.080294 0.419706
vt 0.010000 0.250000
vt 0.080294 0.080294
vt 0.250000 0.010000
vt 0.419706 0.080294
vt 0.490000 0.250000
vt 0.125000 1.000000
vt 0.125000 0.500000
vt 0.000000 1.000000
vt 0.000000 0.500000
vt 0.750000 0.490000
vt 0.919706 0.419706
vt 0.990000 0.250000
vt 0.919706 0.080294
vt 0.750000 0.010000
vt 0.580294 0.080294
vt 0.510000 0.250000
vt 0.580294 0.419706
s 1
usemtl M_Black_Rubber
f 553/1127/551 554/1128/552 556/1129/554 555/1130/553
f 555/1130/553 556/1129/554 558/1131/556 557/1132/555
f 557/1132/555 558/1131/556 560/1133/558 559/1134/557
f 559/1134/557 560/1133/558 562/1135/560 561/1136/559
f 561/1136/559 562/1135/560 564/1137/562 563/1138/561
f 563/1138/561 564/1137/562 566/1139/564 565/1140/563
f 556/1141/554 554/1142/552 568/1143/566 566/1144/564 564/1145/562 562/1146/560 560/1147/558 558/1148/556
f 565/1140/563 566/1139/564 568/1149/566 567/1150/565
f 567/1150/565 568/1149/566 554/1151/552 553/1152/551
f 553/1153/551 555/1154/553 557/1155/555 559/1156/557 561/1157/559 563/1158/561 565/1159/563 567/1160/565
o Peg_Hole.032
v 0.275000 0.079000 0.000000
v 0.275000 0.079000 0.030000
v 0.277828 0.077828 0.000000
v 0.277828 0.077828 0.030000
v 0.279000 0.075000 0.000000
v 0.279000 0.075000 0.030000
v 0.277828 0.072172 0.000000
v 0.277828 0.072172 0.030000
v 0.275000 0.071000 0.000000
v 0.275000 0.071000 0.030000
v 0.272172 0.072172 0.000000
v 0.272172 0.072172 0.030000
v 0.271000 0.075000 0.000000
v 0.271000 0.075000 0.030000
v 0.272172 0.077828 0.000000
v 0.272172 0.077828 0.030000
vn -0.0000 0.7764 -0.6303
vn -0.0000 0.7764 0.6303
vn 0.5490 0.5490 -0.6303
vn 0.5490 0.5490 0.6303
vn 0.7764 -0.0000 -0.6303
vn 0.7764 -0.0000 0.6303
vn 0.5490 -0.5490 -0.6303
vn 0.5490 -0.5490 0.6303
vn -0.0000 -0.7764 -0.6303
vn -0.0000 -0.7764 0.6303
vn -0.5490 -0.5490 -0.6303
vn -0.5490 -0.5490 0.6303
vn -0.7764 -0.0000 -0.6303
vn -0.7764 -0.0000 0.6303
vn -0.5490 0.5490 -0.6303
vn -0.5490 0.5490 0.6303
vt 1.000000 0.500000
vt 1.000000 1.000000
vt 0.875000 1.000000
vt 0.875000 0.500000
vt 0.750000 1.000000
vt 0.750000 0.500000
vt 0.625000 1.000000
vt 0.625000 0.500000
vt 0.500000 1.000000
vt 0.500000 0.500000
vt 0.375000 1.000000
vt 0.375000 0.500000
vt 0.250000 1.000000
vt 0.250000 0.500000
vt 0.419706 0.419706
vt 0.250000 0.490000
vt 0.080294 0.419706
vt 0.010000 0.250000
vt 0.080294 0.080294
vt 0.250000 0.010000
vt 0.419706 0.080294
vt 0.490000 0.250000
vt 0.125000 1.000000
vt 0.125000 0.500000
vt 0.000000 1.000000
vt 0.000000 0.500000
vt 0.750000 0.490000
vt 0.919706 0.419706
vt 0.990000 0.250000
vt 0.919706 0.080294
vt 0.750000 0.010000
vt 0.580294 0.080294
vt 0.510000 0.250000
vt 0.580294 0.419706
s 1
usemtl M_Black_Rubber
f 569/1161/567 570/1162/568 572/1163/570 571/1164/569
f 571/1164/569 572/1163/570 574/1165/572 573/1166/571
f 573/1166/571 574/1165/572 576/1167/574 575/1168/573
f 575/1168/573 576/1167/574 578/1169/576 577/1170/575
f 577/1170/575 578/1169/576 580/1171/578 579/1172/577
f 579/1172/577 580/1171/578 582/1173/580 581/1174/579
f 572/1175/570 570/1176/568 584/1177/582 582/1178/580 580/1179/578 578/1180/576 576/1181/574 574/1182/572
f 581/1174/579 582/1173/580 584/1183/582 583/1184/581
f 583/1184/581 584/1183/582 570/1185/568 569/1186/567
f 569/1187/567 571/1188/569 573/1189/571 575/1190/573 577/1191/575 579/1192/577 581/1193/579 583/1194/581
o Peg_Hole.033
v 0.325000 0.079000 0.000000
v 0.325000 0.079000 0.030000
v 0.327828 0.077828 0.000000
v 0.327828 0.077828 0.030000
v 0.329000 0.075000 0.000000
v 0.329000 0.075000 0.030000
v 0.327828 0.072172 0.000000
v 0.327828 0.072172 0.030000
v 0.325000 0.071000 0.000000
v 0.325000 0.071000 0.030000
v 0.322172 0.072172 0.000000
v 0.322172 0.072172 0.030000
v 0.321000 0.075000 0.000000
v 0.321000 0.075000 0.030000
v 0.322172 0.077828 0.000000
v 0.322172 0.077828 0.030000
vn -0.0000 0.7764 -0.6303
vn -0.0000 0.7764 0.6303
vn 0.5490 0.5490 -0.6303
vn 0.5490 0.5490 0.6303
vn 0.7764 -0.0000 -0.6303
vn 0.7764 -0.0000 0.6303
vn 0.5490 -0.5490 -0.6303
vn 0.5490 -0.5490 0.6303
vn -0.0000 -0.7764 -0.6303
vn -0.0000 -0.7764 0.6303
vn -0.5490 -0.5490 -0.6303
vn -0.5490 -0.5490 0.6303
vn -0.7764 -0.0000 -0.6303
vn -0.7764 -0.0000 0.6303
vn -0.5490 0.5490 -0.6303
vn -0.5490 0.5490 0.6303
vt 1.000000 0.500000
vt 1.000000 1.000000
vt 0.875000 1.000000
vt 0.875000 0.500000
vt 0.750000 1.000000
vt 0.750000 0.500000
vt 0.625000 1.000000
vt 0.625000 0.500000
vt 0.500000 1.000000
vt 0.500000 0.500000
vt 0.375000 1.000000
vt 0.375000 0.500000
vt 0.250000 1.000000
vt 0.250000 0.500000
vt 0.419706 0.419706
vt 0.250000 0.490000
vt 0.080294 0.419706
vt 0.010000 0.250000
vt 0.080294 0.080294
vt 0.250000 0.010000
vt 0.419706 0.080294
vt 0.490000 0.250000
vt 0.125000 1.000000
vt 0.125000 0.500000
vt 0.000000 1.000000
vt 0.000000 0.500000
vt 0.750000 0.490000
vt 0.919706 0.419706
vt 0.990000 0.250000
vt 0.919706 0.080294
vt 0.750000 0.010000
vt 0.580294 0.080294
vt 0.510000 0.250000
vt 0.580294 0.419706
s 1
usemtl M_Black_Rubber
f 585/1195/583 586/1196/584 588/1197/586 587/1198/585
f 587/1198/585 588/1197/586 590/1199/588 589/1200/587
f 589/1200/587 590/1199/588 592/1201/590 591/1202/589
f 591/1202/589 592/1201/590 594/1203/592 593/1204/591
f 593/1204/591 594/1203/592 596/1205/594 595/1206/593
f 595/1206/593 596/1205/594 598/1207/596 597/1208/595
f 588/1209/586 586/1210/584 600/1211/598 598/1212/596 596/1213/594 594/1214/592 592/1215/590 590/1216/588
f 597/1208/595 598/1207/596 600/1217/598 599/1218/597
f 599/1218/597 600/1217/598 586/1219/584 585/1220/583
f 585/1221/583 587/1222/585 589/1223/587 591/1224/589 593/1225/591 595/1226/593 597/1227/595 599/1228/597
o Peg_Hole.034
v 0.375000 0.079000 0.000000
v 0.375000 0.079000 0.030000
v 0.377828 0.077828 0.000000
v 0.377828 0.077828 0.030000
v 0.379000 0.075000 0.000000
v 0.379000 0.075000 0.030000
v 0.377828 0.072172 0.000000
v 0.377828 0.072172 0.030000
v 0.375000 0.071000 0.000000
v 0.375000 0.071000 0.030000
v 0.372172 0.072172 0.000000
v 0.372172 0.072172 0.030000
v 0.371000 0.075000 0.000000
v 0.371000 0.075000 0.030000
v 0.372172 0.077828 0.000000
v 0.372172 0.077828 0.030000
vn -0.0000 0.7764 -0.6303
vn -0.0000 0.7764 0.6303
vn 0.5490 0.5490 -0.6303
vn 0.5490 0.5490 0.6303
vn 0.7764 -0.0000 -0.6303
vn 0.7764 -0.0000 0.6303
vn 0.5490 -0.5490 -0.6303
vn 0.5490 -0.5490 0.6303
vn -0.0000 -0.7764 -0.6303
vn -0.0000 -0.7764 0.6303
vn -0.5490 -0.5490 -0.6303
vn -0.5490 -0.5490 0.6303
vn -0.7764 -0.0000 -0.6303
vn -0.7764 -0.0000 0.6303
vn -0.5490 0.5490 -0.6303
vn -0.5490 0.5490 0.6303
vt 1.000000 0.500000
vt 1.000000 1.000000
vt 0.875000 1.000000
vt 0.875000 0.500000
vt 0.750000 1.000000
vt 0.750000 0.500000
vt 0.625000 1.000000
vt 0.625000 0.500000
vt 0.500000 1.000000
vt 0.500000 0.500000
vt 0.375000 1.000000
vt 0.375000 0.500000
vt 0.250000 1.000000
vt 0.250000 0.500000
vt 0.419706 0.419706
vt 0.250000 0.490000
vt 0.080294 0.419706
vt 0.010000 0.250000
vt 0.080294 0.080294
vt 0.250000 0.010000
vt 0.419706 0.080294
vt 0.490000 0.250000
vt 0.125000 1.000000
vt 0.125000 0.500000
vt 0.000000 1.000000
vt 0.000000 0.500000
vt 0.750000 0.490000
vt 0.919706 0.419706
vt 0.990000 0.250000
vt 0.919706 0.080294
vt 0.750000 0.010000
vt 0.580294 0.080294
vt 0.510000 0.250000
vt 0.580294 0.419706
s 1
usemtl M_Black_Rubber
f 601/1229/599 602/1230/600 604/1231/602 603/1232/601
f 603/1232/601 604/1231/602 606/1233/604 605/1234/603
f 605/1234/603 606/1233/604 608/1235/606 607/1236/605
f 607/1236/605 608/1235/606 610/1237/608 609/1238/607
f 609/1238/607 610/1237/608 612/1239/610 611/1240/609
f 611/1240/609 612/1239/610 614/1241/612 613/1242/611
f 604/1243/602 602/1244/600 616/1245/614 614/1246/612 612/1247/610 610/1248/608 608/1249/606 606/1250/604
f 613/1242/611 614/1241/612 616/1251/614 615/1252/613
f 615/1252/613 616/1251/614 602/1253/600 601/1254/599
f 601/1255/599 603/1256/601 605/1257/603 607/1258/605 609/1259/607 611/1260/609 613/1261/611 615/1262/613
o Peg_Hole.035
v 0.425000 0.079000 0.000000
v 0.425000 0.079000 0.030000
v 0.427828 0.077828 0.000000
v 0.427828 0.077828 0.030000
v 0.429000 0.075000 0.000000
v 0.429000 0.075000 0.030000
v 0.427828 0.072172 0.000000
v 0.427828 0.072172 0.030000
v 0.425000 0.071000 0.000000
v 0.425000 0.071000 0.030000
v 0.422172 0.072172 0.000000
v 0.422172 0.072172 0.030000
v 0.421000 0.075000 0.000000
v 0.421000 0.075000 0.030000
v 0.422172 0.077828 0.000000
v 0.422172 0.077828 0.030000
vn -0.0000 0.7764 -0.6303
vn -0.0000 0.7764 0.6303
vn 0.5490 0.5490 -0.6303
vn 0.5490 0.5490 0.6303
vn 0.7764 -0.0000 -0.6303
vn 0.7764 -0.0000 0.6303
vn 0.5490 -0.5490 -0.6303
vn 0.5490 -0.5490 0.6303
vn -0.0000 -0.7764 -0.6303
vn -0.0000 -0.7764 0.6303
vn -0.5490 -0.5490 -0.6303
vn -0.5490 -0.5490 0.6303
vn -0.7764 -0.0000 -0.6303
vn -0.7764 -0.0000 0.6303
vn -0.5490 0.5490 -0.6303
vn -0.5490 0.5490 0.6303
vt 1.000000 0.500000
vt 1.000000 1.000000
vt 0.875000 1.000000
vt 0.875000 0.500000
vt 0.750000 1.000000
vt 0.750000 0.500000
vt 0.625000 1.000000
vt 0.625000 0.500000
vt 0.500000 1.000000
vt 0.500000 0.500000
vt 0.375000 1.000000
vt 0.375000 0.500000
vt 0.250000 1.000000
vt 0.250000 0.500000
vt 0.419706 0.419706
vt 0.250000 0.490000
vt 0.080294 0.419706
vt 0.010000 0.250000
vt 0.080294 0.080294
vt 0.250000 0.010000
vt 0.419706 0.080294
vt 0.490000 0.250000
vt 0.125000 1.000000
vt 0.125000 0.500000
vt 0.000000 1.000000
vt 0.000000 0.500000
vt 0.750000 0.490000
vt 0.919706 0.419706
vt 0.990000 0.250000
vt 0.919706 0.080294
vt 0.750000 0.010000
vt 0.580294 0.080294
vt 0.510000 0.250000
vt 0.580294 0.419706
s 1
usemtl M_Black_Rubber
f 617/1263/615 618/1264/616 620/1265/618 619/1266/617
f 619/1266/617 620/1265/618 622/1267/620 621/1268/619
f 621/1268/619 622/1267/620 624/1269/622 623/1270/621
f 623/1270/621 624/1269/622 626/1271/624 625/1272/623
f 625/1272/623 626/1271/624 628/1273/626 627/1274/625
f 627/1274/625 628/1273/626 630/1275/628 629/1276/627
f 620/1277/618 618/1278/616 632/1279/630 630/1280/628 628/1281/626 626/1282/624 624/1283/622 622/1284/620
f 629/1276/627 630/1275/628 632/1285/630 631/1286/629
f 631/1286/629 632/1285/630 618/1287/616 617/1288/615
f 617/1289/615 619/1290/617 621/1291/619 623/1292/621 625/1293/623 627/1294/625 629/1295/627 631/1296/629
o Peg_Hole.036
v -0.425000 0.129000 0.000000
v -0.425000 0.129000 0.030000
v -0.422172 0.127828 0.000000
v -0.422172 0.127828 0.030000
v -0.421000 0.125000 0.000000
v -0.421000 0.125000 0.030000
v -0.422172 0.122172 0.000000
v -0.422172 0.122172 0.030000
v -0.425000 0.121000 0.000000
v -0.425000 0.121000 0.030000
v -0.427828 0.122172 0.000000
v -0.427828 0.122172 0.030000
v -0.429000 0.125000 0.000000
v -0.429000 0.125000 0.030000
v -0.427828 0.127828 0.000000
v -0.427828 0.127828 0.030000
vn -0.0000 0.7764 -0.6303
vn -0.0000 0.7764 0.6303
vn 0.5490 0.5490 -0.6303
vn 0.5490 0.5490 0.6303
vn 0.7764 -0.0000 -0.6303
vn 0.7764 -0.0000 0.6303
vn 0.5490 -0.5490 -0.6303
vn 0.5490 -0.5490 0.6303
vn -0.0000 -0.7764 -0.6303
vn -0.0000 -0.7764 0.6303
vn -0.5490 -0.5490 -0.6303
vn -0.5490 -0.5490 0.6303
vn -0.7764 -0.0000 -0.6303
vn -0.7764 -0.0000 0.6303
vn -0.5490 0.5490 -0.6303
vn -0.5490 0.5490 0.6303
vt 1.000000 0.500000
vt 1.000000 1.000000
vt 0.875000 1.000000
vt 0.875000 0.500000
vt 0.750000 1.000000
vt 0.750000 0.500000
vt 0.625000 1.000000
vt 0.625000 0.500000
vt 0.500000 1.000000
vt 0.500000 0.500000
vt 0.375000 1.000000
vt 0.375000 0.500000
vt 0.250000 1.000000
vt 0.250000 0.500000
vt 0.419706 0.419706
vt 0.250000 0.490000
vt 0.080294 0.419706
vt 0.010000 0.250000
vt 0.080294 0.080294
vt 0.250000 0.010000
vt 0.419706 0.080294
vt 0.490000 0.250000
vt 0.125000 1.000000
vt 0.125000 0.500000
vt 0.000000 1.000000
vt 0.000000 0.500000
vt 0.750000 0.490000
vt 0.919706 0.419706
vt 0.990000 0.250000
vt 0.919706 0.080294
vt 0.750000 0.010000
vt 0.580294 0.080294
vt 0.510000 0.250000
vt 0.580294 0.419706
s 1
usemtl M_Black_Rubber
f 633/1297/631 634/1298/632 636/1299/634 635/1300/633
f 635/1300/633 636/1299/634 638/1301/636 637/1302/635
f 637/1302/635 638/1301/636 640/1303/638 639/1304/637
f 639/1304/637 640/1303/638 642/1305/640 641/1306/639
f 641/1306/639 642/1305/640 644/1307/642 643/1308/641
f 643/1308/641 644/1307/642 646/1309/644 645/1310/643
f 636/1311/634 634/1312/632 648/1313/646 646/1314/644 644/1315/642 642/1316/640 640/1317/638 638/1318/636
f 645/1310/643 646/1309/644 648/1319/646 647/1320/645
f 647/1320/645 648/1319/646 634/1321/632 633/1322/631
f 633/1323/631 635/1324/633 637/1325/635 639/1326/637 641/1327/639 643/1328/641 645/1329/643 647/1330/645
o Peg_Hole.037
v -0.375000 0.129000 0.000000
v -0.375000 0.129000 0.030000
v -0.372172 0.127828 0.000000
v -0.372172 0.127828 0.030000
v -0.371000 0.125000 0.000000
v -0.371000 0.125000 0.030000
v -0.372172 0.122172 0.000000
v -0.372172 0.122172 0.030000
v -0.375000 0.121000 0.000000
v -0.375000 0.121000 0.030000
v -0.377828 0.122172 0.000000
v -0.377828 0.122172 0.030000
v -0.379000 0.125000 0.000000
v -0.379000 0.125000 0.030000
v -0.377828 0.127828 0.000000
v -0.377828 0.127828 0.030000
vn -0.0000 0.7764 -0.6303
vn -0.0000 0.7764 0.6303
vn 0.5490 0.5490 -0.6303
vn 0.5490 0.5490 0.6303
vn 0.7764 -0.0000 -0.6303
vn 0.7764 -0.0000 0.6303
vn 0.5490 -0.5490 -0.6303
vn 0.5490 -0.5490 0.6303
vn -0.0000 -0.7764 -0.6303
vn -0.0000 -0.7764 0.6303
vn -0.5490 -0.5490 -0.6303
vn -0.5490 -0.5490 0.6303
vn -0.7764 -0.0000 -0.6303
vn -0.7764 -0.0000 0.6303
vn -0.5490 0.5490 -0.6303
vn -0.5490 0.5490 0.6303
vt 1.000000 0.500000
vt 1.000000 1.000000
vt 0.875000 1.000000
vt 0.875000 0.500000
vt 0.750000 1.000000
vt 0.750000 0.500000
vt 0.625000 1.000000
vt 0.625000 0.500000
vt 0.500000 1.000000
vt 0.500000 0.500000
vt 0.375000 1.000000
vt 0.375000 0.500000
vt 0.250000 1.000000
vt 0.250000 0.500000
vt 0.419706 0.419706
vt 0.250000 0.490000
vt 0.080294 0.419706
vt 0.010000 0.250000
vt 0.080294 0.080294
vt 0.250000 0.010000
vt 0.419706 0.080294
vt 0.490000 0.250000
vt 0.125000 1.000000
vt 0.125000 0.500000
vt 0.000000 1.000000
vt 0.000000 0.500000
vt 0.750000 0.490000
vt 0.919706 0.419706
vt 0.990000 0.250000
vt 0.919706 0.080294
vt 0.750000 0.010000
vt 0.580294 0.080294
vt 0.510000 0.250000
vt 0.580294 0.419706
s 1
usemtl M_Black_Rubber
f 649/1331/647 650/1332/648 652/1333/650 651/1334/649
f 651/1334/649 652/1333/650 654/1335/652 653/1336/651
f 653/1336/651 654/1335/652 656/1337/654 655/1338/653
f 655/1338/653 656/1337/654 658/1339/656 657/1340/655
f 657/1340/655 658/1339/656 660/1341/658 659/1342/657
f 659/1342/657 660/1341/658 662/1343/660 661/1344/659
f 652/1345/650 650/1346/648 664/1347/662 662/1348/660 660/1349/658 658/1350/656 656/1351/654 654/1352/652
f 661/1344/659 662/1343/660 664/1353/662 663/1354/661
f 663/1354/661 664/1353/662 650/1355/648 649/1356/647
f 649/1357/647 651/1358/649 653/1359/651 655/1360/653 657/1361/655 659/1362/657 661/1363/659 663/1364/661
o Peg_Hole.038
v -0.325000 0.129000 0.000000
v -0.325000 0.129000 0.030000
v -0.322172 0.127828 0.000000
v -0.322172 0.127828 0.030000
v -0.321000 0.125000 0.000000
v -0.321000 0.125000 0.030000
v -0.322172 0.122172 0.000000
v -0.322172 0.122172 0.030000
v -0.325000 0.121000 0.000000
v -0.325000 0.121000 0.030000
v -0.327828 0.122172 0.000000
v -0.327828 0.122172 0.030000
v -0.329000 0.125000 0.000000
v -0.329000 0.125000 0.030000
v -0.327828 0.127828 0.000000
v -0.327828 0.127828 0.030000
vn -0.0000 0.7764 -0.6303
vn -0.0000 0.7764 0.6303
vn 0.5490 0.5490 -0.6303
vn 0.5490 0.5490 0.6303
vn 0.7764 -0.0000 -0.6303
vn 0.7764 -0.0000 0.6303
vn 0.5490 -0.5490 -0.6303
vn 0.5490 -0.5490 0.6303
vn -0.0000 -0.7764 -0.6303
vn -0.0000 -0.7764 0.6303
vn -0.5490 -0.5490 -0.6303
vn -0.5490 -0.5490 0.6303
vn -0.7764 -0.0000 -0.6303
vn -0.7764 -0.0000 0.6303
vn -0.5490 0.5490 -0.6303
vn -0.5490 0.5490 0.6303
vt 1.000000 0.500000
vt 1.000000 1.000000
vt 0.875000 1.000000
vt 0.875000 0.500000
vt 0.750000 1.000000
vt 0.750000 0.500000
vt 0.625000 1.000000
vt 0.625000 0.500000
vt 0.500000 1.000000
vt 0.500000 0.500000
vt 0.375000 1.000000
vt 0.375000 0.500000
vt 0.250000 1.000000
vt 0.250000 0.500000
vt 0.419706 0.419706
vt 0.250000 0.490000
vt 0.080294 0.419706
vt 0.010000 0.250000
vt 0.080294 0.080294
vt 0.250000 0.010000
vt 0.419706 0.080294
vt 0.490000 0.250000
vt 0.125000 1.000000
vt 0.125000 0.500000
vt 0.000000 1.000000
vt 0.000000 0.500000
vt 0.750000 0.490000
vt 0.919706 0.419706
vt 0.990000 0.250000
vt 0.919706 0.080294
vt 0.750000 0.010000
vt 0.580294 0.080294
vt 0.510000 0.250000
vt 0.580294 0.419706
s 1
usemtl M_Black_Rubber
f 665/1365/663 666/1366/664 668/1367/666 667/1368/665
f 667/1368/665 668/1367/666 670/1369/668 669/1370/667
f 669/1370/667 670/1369/668 672/1371/670 671/1372/669
f 671/1372/669 672/1371/670 674/1373/672 673/1374/671
f 673/1374/671 674/1373/672 676/1375/674 675/1376/673
f 675/1376/673 676/1375/674 678/1377/676 677/1378/675
f 668/1379/666 666/1380/664 680/1381/678 678/1382/676 676/1383/674 674/1384/672 672/1385/670 670/1386/668
f 677/1378/675 678/1377/676 680/1387/678 679/1388/677
f 679/1388/677 680/1387/678 666/1389/664 665/1390/663
f 665/1391/663 667/1392/665 669/1393/667 671/1394/669 673/1395/671 675/1396/673 677/1397/675 679/1398/677
o Peg_Hole.039
v -0.275000 0.129000 0.000000
v -0.275000 0.129000 0.030000
v -0.272172 0.127828 0.000000
v -0.272172 0.127828 0.030000
v -0.271000 0.125000 0.000000
v -0.271000 0.125000 0.030000
v -0.272172 0.122172 0.000000
v -0.272172 0.122172 0.030000
v -0.275000 0.121000 0.000000
v -0.275000 0.121000 0.030000
v -0.277828 0.122172 0.000000
v -0.277828 0.122172 0.030000
v -0.279000 0.125000 0.000000
v -0.279000 0.125000 0.030000
v -0.277828 0.127828 0.000000
v -0.277828 0.127828 0.030000
vn -0.0000 0.7764 -0.6303
vn -0.0000 0.7764 0.6303
vn 0.5490 0.5490 -0.6303
vn 0.5490 0.5490 0.6303
vn 0.7764 -0.0000 -0.6303
vn 0.7764 -0.0000 0.6303
vn 0.5490 -0.5490 -0.6303
vn 0.5490 -0.5490 0.6303
vn -0.0000 -0.7764 -0.6303
vn -0.0000 -0.7764 0.6303
vn -0.5490 -0.5490 -0.6303
vn -0.5490 -0.5490 0.6303
vn -0.7764 -0.0000 -0.6303
vn -0.7764 -0.0000 0.6303
vn -0.5490 0.5490 -0.6303
vn -0.5490 0.5490 0.6303
vt 1.000000 0.500000
vt 1.000000 1.000000
vt 0.875000 1.000000
vt 0.875000 0.500000
vt 0.750000 1.000000
vt 0.750000 0.500000
vt 0.625000 1.000000
vt 0.625000 0.500000
vt 0.500000 1.000000
vt 0.500000 0.500000
vt 0.375000 1.000000
vt 0.375000 0.500000
vt 0.250000 1.000000
vt 0.250000 0.500000
vt 0.419706 0.419706
vt 0.250000 0.490000
vt 0.080294 0.419706
vt 0.010000 0.250000
vt 0.080294 0.080294
vt 0.250000 0.010000
vt 0.419706 0.080294
vt 0.490000 0.250000
vt 0.125000 1.000000
vt 0.125000 0.500000
vt 0.000000 1.000000
vt 0.000000 0.500000
vt 0.750000 0.490000
vt 0.919706 0.419706
vt 0.990000 0.250000
vt 0.919706 0.080294
vt 0.750000 0.010000
vt 0.580294 0.080294
vt 0.510000 0.250000
vt 0.580294 0.419706
s 1
usemtl M_Black_Rubber
f 681/1399/679 682/1400/680 684/1401/682 683/1402/681
f 683/1402/681 684/1401/682 686/1403/684 685/1404/683
f 685/1404/683 686/1403/684 688/1405/686 687/1406/685
f 687/1406/685 688/1405/686 690/1407/688 689/1408/687
f 689/1408/687 690/1407/688 692/1409/690 691/1410/689
f 691/1410/689 692/1409/690 694/1411/692 693/1412/691
f 684/1413/682 682/1414/680 696/1415/694 694/1416/692 692/1417/690 690/1418/688 688/1419/686 686/1420/684
f 693/1412/691 694/1411/692 696/1421/694 695/1422/693
f 695/1422/693 696/1421/694 682/1423/680 681/1424/679
f 681/1425/679 683/1426/681 685/1427/683 687/1428/685 689/1429/687 691/1430/689 693/1431/691 695/1432/693
o Peg_Hole.040
v -0.225000 0.129000 0.000000
v -0.225000 0.129000 0.030000
v -0.222172 0.127828 0.000000
v -0.222172 0.127828 0.030000
v -0.221000 0.125000 0.000000
v -0.221000 0.125000 0.030000
v -0.222172 0.122172 0.000000
v -0.222172 0.122172 0.030000
v -0.225000 0.121000 0.000000
v -0.225000 0.121000 0.030000
v -0.227828 0.122172 0.000000
v -0.227828 0.122172 0.030000
v -0.229000 0.125000 0.000000
v -0.229000 0.125000 0.030000
v -0.227828 0.127828 0.000000
v -0.227828 0.127828 0.030000
vn -0.0000 0.7764 -0.6303
vn -0.0000 0.7764 0.6303
vn 0.5490 0.5490 -0.6303
vn 0.5490 0.5490 0.6303
vn 0.7764 -0.0000 -0.6303
vn 0.7764 -0.0000 0.6303
vn 0.5490 -0.5490 -0.6303
vn 0.5490 -0.5490 0.6303
vn -0.0000 -0.7764 -0.6303
vn -0.0000 -0.7764 0.6303
vn -0.5490 -0.5490 -0.6303
vn -0.5490 -0.5490 0.6303
vn -0.7764 -0.0000 -0.6303
vn -0.7764 -0.0000 0.6303
vn -0.5490 0.5490 -0.6303
vn -0.5490 0.5490 0.6303
vt 1.000000 0.500000
vt 1.000000 1.000000
vt 0.875000 1.000000
vt 0.875000 0.500000
vt 0.750000 1.000000
vt 0.750000 0.500000
vt 0.625000 1.000000
vt 0.625000 0.500000
vt 0.500000 1.000000
vt 0.500000 0.500000
vt 0.375000 1.000000
vt 0.375000 0.500000
vt 0.250000 1.000000
vt 0.250000 0.500000
vt 0.419706 0.419706
vt 0.250000 0.490000
vt 0.080294 0.419706
vt 0.010000 0.250000
vt 0.080294 0.080294
vt 0.250000 0.010000
vt 0.419706 0.080294
vt 0.490000 0.250000
vt 0.125000 1.000000
vt 0.125000 0.500000
vt 0.000000 1.000000
vt 0.000000 0.500000
vt 0.750000 0.490000
vt 0.919706 0.419706
vt 0.990000 0.250000
vt 0.919706 0.080294
vt 0.750000 0.010000
vt 0.580294 0.080294
vt 0.510000 0.250000
vt 0.580294 0.419706
s 1
usemtl M_Black_Rubber
f 697/1433/695 698/1434/696 700/1435/698 699/1436/697
f 699/1436/697 700/1435/698 702/1437/700 701/1438/699
f 701/1438/699 702/1437/700 704/1439/702 703/1440/701
f 703/1440/701 704/1439/702 706/1441/704 705/1442/703
f 705/1442/703 706/1441/704 708/1443/706 707/1444/705
f 707/1444/705 708/1443/706 710/1445/708 709/1446/707
f 700/1447/698 698/1448/696 712/1449/710 710/1450/708 708/1451/706 706/1452/704 704/1453/702 702/1454/700
f 709/1446/707 710/1445/708 712/1455/710 711/1456/709
f 711/1456/709 712/1455/710 698/1457/696 697/1458/695
f 697/1459/695 699/1460/697 701/1461/699 703/1462/701 705/1463/703 707/1464/705 709/1465/707 711/1466/709
o Peg_Hole.041
v -0.175000 0.129000 0.000000
v -0.175000 0.129000 0.030000
v -0.172172 0.127828 0.000000
v -0.172172 0.127828 0.030000
v -0.171000 0.125000 0.000000
v -0.171000 0.125000 0.030000
v -0.172172 0.122172 0.000000
v -0.172172 0.122172 0.030000
v -0.175000 0.121000 0.000000
v -0.175000 0.121000 0.030000
v -0.177828 0.122172 0.000000
v -0.177828 0.122172 0.030000
v -0.179000 0.125000 0.000000
v -0.179000 0.125000 0.030000
v -0.177828 0.127828 0.000000
v -0.177828 0.127828 0.030000
vn -0.0000 0.7764 -0.6303
vn -0.0000 0.7764 0.6303
vn 0.5490 0.5490 -0.6303
vn 0.5490 0.5490 0.6303
vn 0.7764 -0.0000 -0.6303
vn 0.7764 -0.0000 0.6303
vn 0.5490 -0.5490 -0.6303
vn 0.5490 -0.5490 0.6303
vn -0.0000 -0.7764 -0.6303
vn -0.0000 -0.7764 0.6303
vn -0.5490 -0.5490 -0.6303
vn -0.5490 -0.5490 0.6303
vn -0.7764 -0.0000 -0.6303
vn -0.7764 -0.0000 0.6303
vn -0.5490 0.5490 -0.6303
vn -0.5490 0.5490 0.6303
vt 1.000000 0.500000
vt 1.000000 1.000000
vt 0.875000 1.000000
vt 0.875000 0.500000
vt 0.750000 1.000000
vt 0.750000 0.500000
vt 0.625000 1.000000
vt 0.625000 0.500000
vt 0.500000 1.000000
vt 0.500000 0.500000
vt 0.375000 1.000000
vt 0.375000 0.500000
vt 0.250000 1.000000
vt 0.250000 0.500000
vt 0.419706 0.419706
vt 0.250000 0.490000
vt 0.080294 0.419706
vt 0.010000 0.250000
vt 0.080294 0.080294
vt 0.250000 0.010000
vt 0.419706 0.080294
vt 0.490000 0.250000
vt 0.125000 1.000000
vt 0.125000 0.500000
vt 0.000000 1.000000
vt 0.000000 0.500000
vt 0.750000 0.490000
vt 0.919706 0.419706
vt 0.990000 0.250000
vt 0.919706 0.080294
vt 0.750000 0.010000
vt 0.580294 0.080294
vt 0.510000 0.250000
vt 0.580294 0.419706
s 1
usemtl M_Black_Rubber
f 713/1467/711 714/1468/712 716/1469/714 715/1470/713
f 715/1470/713 716/1469/714 718/1471/716 717/1472/715
f 717/1472/715 718/1471/716 720/1473/718 719/1474/717
f 719/1474/717 720/1473/718 722/1475/720 721/1476/719
f 721/1476/719 722/1475/720 724/1477/722 723/1478/721
f 723/1478/721 724/1477/722 726/1479/724 725/1480/723
f 716/1481/714 714/1482/712 728/1483/726 726/1484/724 724/1485/722 722/1486/720 720/1487/718 718/1488/716
f 725/1480/723 726/1479/724 728/1489/726 727/1490/725
f 727/1490/725 728/1489/726 714/1491/712 713/1492/711
f 713/1493/711 715/1494/713 717/1495/715 719/1496/717 721/1497/719 723/1498/721 725/1499/723 727/1500/725
o Peg_Hole.042
v -0.125000 0.129000 0.000000
v -0.125000 0.129000 0.030000
v -0.122172 0.127828 0.000000
v -0.122172 0.127828 0.030000
v -0.121000 0.125000 0.000000
v -0.121000 0.125000 0.030000
v -0.122172 0.122172 0.000000
v -0.122172 0.122172 0.030000
v -0.125000 0.121000 0.000000
v -0.125000 0.121000 0.030000
v -0.127828 0.122172 0.000000
v -0.127828 0.122172 0.030000
v -0.129000 0.125000 0.000000
v -0.129000 0.125000 0.030000
v -0.127828 0.127828 0.000000
v -0.127828 0.127828 0.030000
vn -0.0000 0.7764 -0.6303
vn -0.0000 0.7764 0.6303
vn 0.5490 0.5490 -0.6303
vn 0.5490 0.5490 0.6303
vn 0.7764 -0.0000 -0.6303
vn 0.7764 -0.0000 0.6303
vn 0.5490 -0.5490 -0.6303
vn 0.5490 -0.5490 0.6303
vn -0.0000 -0.7764 -0.6303
vn -0.0000 -0.7764 0.6303
vn -0.5490 -0.5490 -0.6303
vn -0.5490 -0.5490 0.6303
vn -0.7764 -0.0000 -0.6303
vn -0.7764 -0.0000 0.6303
vn -0.5490 0.5490 -0.6303
vn -0.5490 0.5490 0.6303
vt 1.000000 0.500000
vt 1.000000 1.000000
vt 0.875000 1.000000
vt 0.875000 0.500000
vt 0.750000 1.000000
vt 0.750000 0.500000
vt 0.625000 1.000000
vt 0.625000 0.500000
vt 0.500000 1.000000
vt 0.500000 0.500000
vt 0.375000 1.000000
vt 0.375000 0.500000
vt 0.250000 1.000000
vt 0.250000 0.500000
vt 0.419706 0.419706
vt 0.250000 0.490000
vt 0.080294 0.419706
vt 0.010000 0.250000
vt 0.080294 0.080294
vt 0.250000 0.010000
vt 0.419706 0.080294
vt 0.490000 0.250000
vt 0.125000 1.000000
vt 0.125000 0.500000
vt 0.000000 1.000000
vt 0.000000 0.500000
vt 0.750000 0.490000
vt 0.919706 0.419706
vt 0.990000 0.250000
vt 0.919706 0.080294
vt 0.750000 0.010000
vt 0.580294 0.080294
vt 0.510000 0.250000
vt 0.580294 0.419706
s 1
usemtl M_Black_Rubber
f 729/1501/727 730/1502/728 732/1503/730 731/1504/729
f 731/1504/729 732/1503/730 734/1505/732 733/1506/731
f 733/1506/731 734/1505/732 736/1507/734 735/1508/733
f 735/1508/733 736/1507/734 738/1509/736 737/1510/735
f 737/1510/735 738/1509/736 740/1511/738 739/1512/737
f 739/1512/737 740/1511/738 742/1513/740 741/1514/739
f 732/1515/730 730/1516/728 744/1517/742 742/1518/740 740/1519/738 738/1520/736 736/1521/734 734/1522/732
f 741/1514/739 742/1513/740 744/1523/742 743/1524/741
f 743/1524/741 744/1523/742 730/1525/728 729/1526/727
f 729/1527/727 731/1528/729 733/1529/731 735/1530/733 737/1531/735 739/1532/737 741/1533/739 743/1534/741
o Peg_Hole.043
v -0.075000 0.129000 0.000000
v -0.075000 0.129000 0.030000
v -0.072172 0.127828 0.000000
v -0.072172 0.127828 0.030000
v -0.071000 0.125000 0.000000
v -0.071000 0.125000 0.030000
v -0.072172 0.122172 0.000000
v -0.072172 0.122172 0.030000
v -0.075000 0.121000 0.000000
v -0.075000 0.121000 0.030000
v -0.077828 0.122172 0.000000
v -0.077828 0.122172 0.030000
v -0.079000 0.125000 0.000000
v -0.079000 0.125000 0.030000
v -0.077828 0.127828 0.000000
v -0.077828 0.127828 0.030000
vn -0.0000 0.7764 -0.6303
vn -0.0000 0.7764 0.6303
vn 0.5490 0.5490 -0.6303
vn 0.5490 0.5490 0.6303
vn 0.7764 -0.0000 -0.6303
vn 0.7764 -0.0000 0.6303
vn 0.5490 -0.5490 -0.6303
vn 0.5490 -0.5490 0.6303
vn -0.0000 -0.7764 -0.6303
vn -0.0000 -0.7764 0.6303
vn -0.5490 -0.5490 -0.6303
vn -0.5490 -0.5490 0.6303
vn -0.7764 -0.0000 -0.6303
vn -0.7764 -0.0000 0.6303
vn -0.5490 0.5490 -0.6303
vn -0.5490 0.5490 0.6303
vt 1.000000 0.500000
vt 1.000000 1.000000
vt 0.875000 1.000000
vt 0.875000 0.500000
vt 0.750000 1.000000
vt 0.750000 0.500000
vt 0.625000 1.000000
vt 0.625000 0.500000
vt 0.500000 1.000000
vt 0.500000 0.500000
vt 0.375000 1.000000
vt 0.375000 0.500000
vt 0.250000 1.000000
vt 0.250000 0.500000
vt 0.419706 0.419706
vt 0.250000 0.490000
vt 0.080294 0.419706
vt 0.010000 0.250000
vt 0.080294 0.080294
vt 0.250000 0.010000
vt 0.419706 0.080294
vt 0.490000 0.250000
vt 0.125000 1.000000
vt 0.125000 0.500000
vt 0.000000 1.000000
vt 0.000000 0.500000
vt 0.750000 0.490000
vt 0.919706 0.419706
vt 0.990000 0.250000
vt 0.919706 0.080294
vt 0.750000 0.010000
vt 0.580294 0.080294
vt 0.510000 0.250000
vt 0.580294 0.419706
s 1
usemtl M_Black_Rubber
f 745/1535/743 746/1536/744 748/1537/746 747/1538/745
f 747/1538/745 748/1537/746 750/1539/748 749/1540/747
f 749/1540/747 750/1539/748 752/1541/750 751/1542/749
f 751/1542/749 752/1541/750 754/1543/752 753/1544/751
f 753/1544/751 754/1543/752 756/1545/754 755/1546/753
f 755/1546/753 756/1545/754 758/1547/756 757/1548/755
f 748/1549/746 746/1550/744 760/1551/758 758/1552/756 756/1553/754 754/1554/752 752/1555/750 750/1556/748
f 757/1548/755 758/1547/756 760/1557/758 759/1558/757
f 759/1558/757 760/1557/758 746/1559/744 745/1560/743
f 745/1561/743 747/1562/745 749/1563/747 751/1564/749 753/1565/751 755/1566/753 757/1567/755 759/1568/757
o Peg_Hole.044
v -0.025000 0.129000 0.000000
v -0.025000 0.129000 0.030000
v -0.022172 0.127828 0.000000
v -0.022172 0.127828 0.030000
v -0.021000 0.125000 0.000000
v -0.021000 0.125000 0.030000
v -0.022172 0.122172 0.000000
v -0.022172 0.122172 0.030000
v -0.025000 0.121000 0.000000
v -0.025000 0.121000 0.030000
v -0.027828 0.122172 0.000000
v -0.027828 0.122172 0.030000
v -0.029000 0.125000 0.000000
v -0.029000 0.125000 0.030000
v -0.027828 0.127828 0.000000
v -0.027828 0.127828 0.030000
vn -0.0000 0.7764 -0.6303
vn -0.0000 0.7764 0.6303
vn 0.5490 0.5490 -0.6303
vn 0.5490 0.5490 0.6303
vn 0.7764 -0.0000 -0.6303
vn 0.7764 -0.0000 0.6303
vn 0.5490 -0.5490 -0.6303
vn 0.5490 -0.5490 0.6303
vn -0.0000 -0.7764 -0.6303
vn -0.0000 -0.7764 0.6303
vn -0.5490 -0.5490 -0.6303
vn -0.5490 -0.5490 0.6303
vn -0.7764 -0.0000 -0.6303
vn -0.7764 -0.0000 0.6303
vn -0.5490 0.5490 -0.6303
vn -0.5490 0.5490 0.6303
vt 1.000000 0.500000
vt 1.000000 1.000000
vt 0.875000 1.000000
vt 0.875000 0.500000
vt 0.750000 1.000000
vt 0.750000 0.500000
vt 0.625000 1.000000
vt 0.625000 0.500000
vt 0.500000 1.000000
vt 0.500000 0.500000
vt 0.375000 1.000000
vt 0.375000 0.500000
vt 0.250000 1.000000
vt 0.250000 0.500000
vt 0.419706 0.419706
vt 0.250000 0.490000
vt 0.080294 0.419706
vt 0.010000 0.250000
vt 0.080294 0.080294
vt 0.250000 0.010000
vt 0.419706 0.080294
vt 0.490000 0.250000
vt 0.125000 1.000000
vt 0.125000 0.500000
vt 0.000000 1.000000
vt 0.000000 0.500000
vt 0.750000 0.490000
vt 0.919706 0.419706
vt 0.990000 0.250000
vt 0.919706 0.080294
vt 0.750000 0.010000
vt 0.580294 0.080294
vt 0.510000 0.250000
vt 0.580294 0.419706
s 1
usemtl M_Black_Rubber
f 761/1569/759 762/1570/760 764/1571/762 763/1572/761
f 763/1572/761 764/1571/762 766/1573/764 765/1574/763
f 765/1574/763 766/1573/764 768/1575/766 767/1576/765
f 767/1576/765 768/1575/766 770/1577/768 769/1578/767
f 769/1578/767 770/1577/768 772/1579/770 771/1580/769
f 771/1580/769 772/1579/770 774/1581/772 773/1582/771
f 764/1583/762 762/1584/760 776/1585/774 774/1586/772 772/1587/770 770/1588/768 768/1589/766 766/1590/764
f 773/1582/771 774/1581/772 776/1591/774 775/1592/773
f 775/1592/773 776/1591/774 762/1593/760 761/1594/759
f 761/1595/759 763/1596/761 765/1597/763 767/1598/765 769/1599/767 771/1600/769 773/1601/771 775/1602/773
o Peg_Hole.045
v 0.025000 0.129000 0.000000
v 0.025000 0.129000 0.030000
v 0.027828 0.127828 0.000000
v 0.027828 0.127828 0.030000
v 0.029000 0.125000 0.000000
v 0.029000 0.125000 0.030000
v 0.027828 0.122172 0.000000
v 0.027828 0.122172 0.030000
v 0.025000 0.121000 0.000000
v 0.025000 0.121000 0.030000
v 0.022172 0.122172 0.000000
v 0.022172 0.122172 0.030000
v 0.021000 0.125000 0.000000
v 0.021000 0.125000 0.030000
v 0.022172 0.127828 0.000000
v 0.022172 0.127828 0.030000
vn -0.0000 0.7764 -0.6303
vn -0.0000 0.7764 0.6303
vn 0.5490 0.5490 -0.6303
vn 0.5490 0.5490 0.6303
vn 0.7764 -0.0000 -0.6303
vn 0.7764 -0.0000 0.6303
vn 0.5490 -0.5490 -0.6303
vn 0.5490 -0.5490 0.6303
vn -0.0000 -0.7764 -0.6303
vn -0.0000 -0.7764 0.6303
vn -0.5490 -0.5490 -0.6303
vn -0.5490 -0.5490 0.6303
vn -0.7764 -0.0000 -0.6303
vn -0.7764 -0.0000 0.6303
vn -0.5490 0.5490 -0.6303
vn -0.5490 0.5490 0.6303
vt 1.000000 0.500000
vt 1.000000 1.000000
vt 0.875000 1.000000
vt 0.875000 0.500000
vt 0.750000 1.000000
vt 0.750000 0.500000
vt 0.625000 1.000000
vt 0.625000 0.500000
vt 0.500000 1.000000
vt 0.500000 0.500000
vt 0.375000 1.000000
vt 0.375000 0.500000
vt 0.250000 1.000000
vt 0.250000 0.500000
vt 0.419706 0.419706
vt 0.250000 0.490000
vt 0.080294 0.419706
vt 0.010000 0.250000
vt 0.080294 0.080294
vt 0.250000 0.010000
vt 0.419706 0.080294
vt 0.490000 0.250000
vt 0.125000 1.000000
vt 0.125000 0.500000
vt 0.000000 1.000000
vt 0.000000 0.500000
vt 0.750000 0.490000
vt 0.919706 0.419706
vt 0.990000 0.250000
vt 0.919706 0.080294
vt 0.750000 0.010000
vt 0.580294 0.080294
vt 0.510000 0.250000
vt 0.580294 0.419706
s 1
usemtl M_Black_Rubber
f 777/1603/775 778/1604/776 780/1605/778 779/1606/777
f 779/1606/777 780/1605/778 782/1607/780 781/1608/779
f 781/1608/779 782/1607/780 784/1609/782 783/1610/781
f 783/1610/781 784/1609/782 786/1611/784 785/1612/783
f 785/1612/783 786/1611/784 788/1613/786 787/1614/785
f 787/1614/785 788/1613/786 790/1615/788 789/1616/787
f 780/1617/778 778/1618/776 792/1619/790 790/1620/788 788/1621/786 786/1622/784 784/1623/782 782/1624/780
f 789/1616/787 790/1615/788 792/1625/790 791/1626/789
f 791/1626/789 792/1625/790 778/1627/776 777/1628/775
f 777/1629/775 779/1630/777 781/1631/779 783/1632/781 785/1633/783 787/1634/785 789/1635/787 791/1636/789
o Peg_Hole.046
v 0.075000 0.129000 0.000000
v 0.075000 0.129000 0.030000
v 0.077828 0.127828 0.000000
v 0.077828 0.127828 0.030000
v 0.079000 0.125000 0.000000
v 0.079000 0.125000 0.030000
v 0.077828 0.122172 0.000000
v 0.077828 0.122172 0.030000
v 0.075000 0.121000 0.000000
v 0.075000 0.121000 0.030000
v 0.072172 0.122172 0.000000
v 0.072172 0.122172 0.030000
v 0.071000 0.125000 0.000000
v 0.071000 0.125000 0.030000
v 0.072172 0.127828 0.000000
v 0.072172 0.127828 0.030000
vn -0.0000 0.7764 -0.6303
vn -0.0000 0.7764 0.6303
vn 0.5490 0.5490 -0.6303
vn 0.5490 0.5490 0.6303
vn 0.7764 -0.0000 -0.6303
vn 0.7764 -0.0000 0.6303
vn 0.5490 -0.5490 -0.6303
vn 0.5490 -0.5490 0.6303
vn -0.0000 -0.7764 -0.6303
vn -0.0000 -0.7764 0.6303
vn -0.5490 -0.5490 -0.6303
vn -0.5490 -0.5490 0.6303
vn -0.7764 -0.0000 -0.6303
vn -0.7764 -0.0000 0.6303
vn -0.5490 0.5490 -0.6303
vn -0.5490 0.5490 0.6303
vt 1.000000 0.500000
vt 1.000000 1.000000
vt 0.875000 1.000000
vt 0.875000 0.500000
vt 0.750000 1.000000
vt 0.750000 0.500000
vt 0.625000 1.000000
vt 0.625000 0.500000
vt 0.500000 1.000000
vt 0.500000 0.500000
vt 0.375000 1.000000
vt 0.375000 0.500000
vt 0.250000 1.000000
vt 0.250000 0.500000
vt 0.419706 0.419706
vt 0.250000 0.490000
vt 0.080294 0.419706
vt 0.010000 0.250000
vt 0.080294 0.080294
vt 0.250000 0.010000
vt 0.419706 0.080294
vt 0.490000 0.250000
vt 0.125000 1.000000
vt 0.125000 0.500000
vt 0.000000 1.000000
vt 0.000000 0.500000
vt 0.750000 0.490000
vt 0.919706 0.419706
vt 0.990000 0.250000
vt 0.919706 0.080294
vt 0.750000 0.010000
vt 0.580294 0.080294
vt 0.510000 0.250000
vt 0.580294 0.419706
s 1
usemtl M_Black_Rubber
f 793/1637/791 794/1638/792 796/1639/794 795/1640/793
f 795/1640/793 796/1639/794 798/1641/796 797/1642/795
f 797/1642/795 798/1641/796 800/1643/798 799/1644/797
f 799/1644/797 800/1643/798 802/1645/800 801/1646/799
f 801/1646/799 802/1645/800 804/1647/802 803/1648/801
f 803/1648/801 804/1647/802 806/1649/804 805/1650/803
f 796/1651/794 794/1652/792 808/1653/806 806/1654/804 804/1655/802 802/1656/800 800/1657/798 798/1658/796
f 805/1650/803 806/1649/804 808/1659/806 807/1660/805
f 807/1660/805 808/1659/806 794/1661/792 793/1662/791
f 793/1663/791 795/1664/793 797/1665/795 799/1666/797 801/1667/799 803/1668/801 805/1669/803 807/1670/805
o Peg_Hole.047
v 0.125000 0.129000 0.000000
v 0.125000 0.129000 0.030000
v 0.127828 0.127828 0.000000
v 0.127828 0.127828 0.030000
v 0.129000 0.125000 0.000000
v 0.129000 0.125000 0.030000
v 0.127828 0.122172 0.000000
v 0.127828 0.122172 0.030000
v 0.125000 0.121000 0.000000
v 0.125000 0.121000 0.030000
v 0.122172 0.122172 0.000000
v 0.122172 0.122172 0.030000
v 0.121000 0.125000 0.000000
v 0.121000 0.125000 0.030000
v 0.122172 0.127828 0.000000
v 0.122172 0.127828 0.030000
vn -0.0000 0.7764 -0.6303
vn -0.0000 0.7764 0.6303
vn 0.5490 0.5490 -0.6303
vn 0.5490 0.5490 0.6303
vn 0.7764 -0.0000 -0.6303
vn 0.7764 -0.0000 0.6303
vn 0.5490 -0.5490 -0.6303
vn 0.5490 -0.5490 0.6303
vn -0.0000 -0.7764 -0.6303
vn -0.0000 -0.7764 0.6303
vn -0.5490 -0.5490 -0.6303
vn -0.5490 -0.5490 0.6303
vn -0.7764 -0.0000 -0.6303
vn -0.7764 -0.0000 0.6303
vn -0.5490 0.5490 -0.6303
vn -0.5490 0.5490 0.6303
vt 1.000000 0.500000
vt 1.000000 1.000000
vt 0.875000 1.000000
vt 0.875000 0.500000
vt 0.750000 1.000000
vt 0.750000 0.500000
vt 0.625000 1.000000
vt 0.625000 0.500000
vt 0.500000 1.000000
vt 0.500000 0.500000
vt 0.375000 1.000000
vt 0.375000 0.500000
vt 0.250000 1.000000
vt 0.250000 0.500000
vt 0.419706 0.419706
vt 0.250000 0.490000
vt 0.080294 0.419706
vt 0.010000 0.250000
vt 0.080294 0.080294
vt 0.250000 0.010000
vt 0.419706 0.080294
vt 0.490000 0.250000
vt 0.125000 1.000000
vt 0.125000 0.500000
vt 0.000000 1.000000
vt 0.000000 0.500000
vt 0.750000 0.490000
vt 0.919706 0.419706
vt 0.990000 0.250000
vt 0.919706 0.080294
vt 0.750000 0.010000
vt 0.580294 0.080294
vt 0.510000 0.250000
vt 0.580294 0.419706
s 1
usemtl M_Black_Rubber
f 809/1671/807 810/1672/808 812/1673/810 811/1674/809
f 811/1674/809 812/1673/810 814/1675/812 813/1676/811
f 813/1676/811 814/1675/812 816/1677/814 815/1678/813
f 815/1678/813 816/1677/814 818/1679/816 817/1680/815
f 817/1680/815 818/1679/816 820/1681/818 819/1682/817
f 819/1682/817 820/1681/818 822/1683/820 821/1684/819
f 812/1685/810 810/1686/808 824/1687/822 822/1688/820 820/1689/818 818/1690/816 816/1691/814 814/1692/812
f 821/1684/819 822/1683/820 824/1693/822 823/1694/821
f 823/1694/821 824/1693/822 810/1695/808 809/1696/807
f 809/1697/807 811/1698/809 813/1699/811 815/1700/813 817/1701/815 819/1702/817 821/1703/819 823/1704/821
o Peg_Hole.048
v 0.175000 0.129000 0.000000
v 0.175000 0.129000 0.030000
v 0.177828 0.127828 0.000000
v 0.177828 0.127828 0.030000
v 0.179000 0.125000 0.000000
v 0.179000 0.125000 0.030000
v 0.177828 0.122172 0.000000
v 0.177828 0.122172 0.030000
v 0.175000 0.121000 0.000000
v 0.175000 0.121000 0.030000
v 0.172172 0.122172 0.000000
v 0.172172 0.122172 0.030000
v 0.171000 0.125000 0.000000
v 0.171000 0.125000 0.030000
v 0.172172 0.127828 0.000000
v 0.172172 0.127828 0.030000
vn -0.0000 0.7764 -0.6303
vn -0.0000 0.7764 0.6303
vn 0.5490 0.5490 -0.6303
vn 0.5490 0.5490 0.6303
vn 0.7764 -0.0000 -0.6303
vn 0.7764 -0.0000 0.6303
vn 0.5490 -0.5490 -0.6303
vn 0.5490 -0.5490 0.6303
vn -0.0000 -0.7764 -0.6303
vn -0.0000 -0.7764 0.6303
vn -0.5490 -0.5490 -0.6303
vn -0.5490 -0.5490 0.6303
vn -0.7764 -0.0000 -0.6303
vn -0.7764 -0.0000 0.6303
vn -0.5490 0.5490 -0.6303
vn -0.5490 0.5490 0.6303
vt 1.000000 0.500000
vt 1.000000 1.000000
vt 0.875000 1.000000
vt 0.875000 0.500000
vt 0.750000 1.000000
vt 0.750000 0.500000
vt 0.625000 1.000000
vt 0.625000 0.500000
vt 0.500000 1.000000
vt 0.500000 0.500000
vt 0.375000 1.000000
vt 0.375000 0.500000
vt 0.250000 1.000000
vt 0.250000 0.500000
vt 0.419706 0.419706
vt 0.250000 0.490000
vt 0.080294 0.419706
vt 0.010000 0.250000
vt 0.080294 0.080294
vt 0.250000 0.010000
vt 0.419706 0.080294
vt 0.490000 0.250000
vt 0.125000 1.000000
vt 0.125000 0.500000
vt 0.000000 1.000000
vt 0.000000 0.500000
vt 0.750000 0.490000
vt 0.919706 0.419706
vt 0.990000 0.250000
vt 0.919706 0.080294
vt 0.750000 0.010000
vt 0.580294 0.080294
vt 0.510000 0.250000
vt 0.580294 0.419706
s 1
usemtl M_Black_Rubber
f 825/1705/823 826/1706/824 828/1707/826 827/1708/825
f 827/1708/825 828/1707/826 830/1709/828 829/1710/827
f 829/1710/827 830/1709/828 832/1711/830 831/1712/829
f 831/1712/829 832/1711/830 834/1713/832 833/1714/831
f 833/1714/831 834/1713/832 836/1715/834 835/1716/833
f 835/1716/833 836/1715/834 838/1717/836 837/1718/835
f 828/1719/826 826/1720/824 840/1721/838 838/1722/836 836/1723/834 834/1724/832 832/1725/830 830/1726/828
f 837/1718/835 838/1717/836 840/1727/838 839/1728/837
f 839/1728/837 840/1727/838 826/1729/824 825/1730/823
f 825/1731/823 827/1732/825 829/1733/827 831/1734/829 833/1735/831 835/1736/833 837/1737/835 839/1738/837
o Peg_Hole.049
v 0.225000 0.129000 0.000000
v 0.225000 0.129000 0.030000
v 0.227828 0.127828 0.000000
v 0.227828 0.127828 0.030000
v 0.229000 0.125000 0.000000
v 0.229000 0.125000 0.030000
v 0.227828 0.122172 0.000000
v 0.227828 0.122172 0.030000
v 0.225000 0.121000 0.000000
v 0.225000 0.121000 0.030000
v 0.222172 0.122172 0.000000
v 0.222172 0.122172 0.030000
v 0.221000 0.125000 0.000000
v 0.221000 0.125000 0.030000
v 0.222172 0.127828 0.000000
v 0.222172 0.127828 0.030000
vn -0.0000 0.7764 -0.6303
vn -0.0000 0.7764 0.6303
vn 0.5490 0.5490 -0.6303
vn 0.5490 0.5490 0.6303
vn 0.7764 -0.0000 -0.6303
vn 0.7764 -0.0000 0.6303
vn 0.5490 -0.5490 -0.6303
vn 0.5490 -0.5490 0.6303
vn -0.0000 -0.7764 -0.6303
vn -0.0000 -0.7764 0.6303
vn -0.5490 -0.5490 -0.6303
vn -0.5490 -0.5490 0.6303
vn -0.7764 -0.0000 -0.6303
vn -0.7764 -0.0000 0.6303
vn -0.5490 0.5490 -0.6303
vn -0.5490 0.5490 0.6303
vt 1.000000 0.500000
vt 1.000000 1.000000
vt 0.875000 1.000000
vt 0.875000 0.500000
vt 0.750000 1.000000
vt 0.750000 0.500000
vt 0.625000 1.000000
vt 0.625000 0.500000
vt 0.500000 1.000000
vt 0.500000 0.500000
vt 0.375000 1.000000
vt 0.375000 0.500000
vt 0.250000 1.000000
vt 0.250000 0.500000
vt 0.419706 0.419706
vt 0.250000 0.490000
vt 0.080294 0.419706
vt 0.010000 0.250000
vt 0.080294 0.080294
vt 0.250000 0.010000
vt 0.419706 0.080294
vt 0.490000 0.250000
vt 0.125000 1.000000
vt 0.125000 0.500000
vt 0.000000 1.000000
vt 0.000000 0.500000
vt 0.750000 0.490000
vt 0.919706 0.419706
vt 0.990000 0.250000
vt 0.919706 0.080294
vt 0.750000 0.010000
vt 0.580294 0.080294
vt 0.510000 0.250000
vt 0.580294 0.419706
s 1
usemtl M_Black_Rubber
f 841/1739/839 842/1740/840 844/1741/842 843/1742/841
f 843/1742/841 844/1741/842 846/1743/844 845/1744/843
f 845/1744/843 846/1743/844 848/1745/846 847/1746/845
f 847/1746/845 848/1745/846 850/1747/848 849/1748/847
f 849/1748/847 850/1747/848 852/1749/850 851/1750/849
f 851/1750/849 852/1749/850 854/1751/852 853/1752/851
f 844/1753/842 842/1754/840 856/1755/854 854/1756/852 852/1757/850 850/1758/848 848/1759/846 846/1760/844
f 853/1752/851 854/1751/852 856/1761/854 855/1762/853
f 855/1762/853 856/1761/854 842/1763/840 841/1764/839
f 841/1765/839 843/1766/841 845/1767/843 847/1768/845 849/1769/847 851/1770/849 853/1771/851 855/1772/853
o Peg_Hole.050
v 0.275000 0.129000 0.000000
v 0.275000 0.129000 0.030000
v 0.277828 0.127828 0.000000
v 0.277828 0.127828 0.030000
v 0.279000 0.125000 0.000000
v 0.279000 0.125000 0.030000
v 0.277828 0.122172 0.000000
v 0.277828 0.122172 0.030000
v 0.275000 0.121000 0.000000
v 0.275000 0.121000 0.030000
v 0.272172 0.122172 0.000000
v 0.272172 0.122172 0.030000
v 0.271000 0.125000 0.000000
v 0.271000 0.125000 0.030000
v 0.272172 0.127828 0.000000
v 0.272172 0.127828 0.030000
vn -0.0000 0.7764 -0.6303
vn -0.0000 0.7764 0.6303
vn 0.5490 0.5490 -0.6303
vn 0.5490 0.5490 0.6303
vn 0.7764 -0.0000 -0.6303
vn 0.7764 -0.0000 0.6303
vn 0.5490 -0.5490 -0.6303
vn 0.5490 -0.5490 0.6303
vn -0.0000 -0.7764 -0.6303
vn -0.0000 -0.7764 0.6303
vn -0.5490 -0.5490 -0.6303
vn -0.5490 -0.5490 0.6303
vn -0.7764 -0.0000 -0.6303
vn -0.7764 -0.0000 0.6303
vn -0.5490 0.5490 -0.6303
vn -0.5490 0.5490 0.6303
vt 1.000000 0.500000
vt 1.000000 1.000000
vt 0.875000 1.000000
vt 0.875000 0.500000
vt 0.750000 1.000000
vt 0.750000 0.500000
vt 0.625000 1.000000
vt 0.625000 0.500000
vt 0.500000 1.000000
vt 0.500000 0.500000
vt 0.375000 1.000000
vt 0.375000 0.500000
vt 0.250000 1.000000
vt 0.250000 0.500000
vt 0.419706 0.419706
vt 0.250000 0.490000
vt 0.080294 0.419706
vt 0.010000 0.250000
vt 0.080294 0.080294
vt 0.250000 0.010000
vt 0.419706 0.080294
vt 0.490000 0.250000
vt 0.125000 1.000000
vt 0.125000 0.500000
vt 0.000000 1.000000
vt 0.000000 0.500000
vt 0.750000 0.490000
vt 0.919706 0.419706
vt 0.990000 0.250000
vt 0.919706 0.080294
vt 0.750000 0.010000
vt 0.580294 0.080294
vt 0.510000 0.250000
vt 0.580294 0.419706
s 1
usemtl M_Black_Rubber
f 857/1773/855 858/1774/856 860/1775/858 859/1776/857
f 859/1776/857 860/1775/858 862/1777/860 861/1778/859
f 861/1778/859 862/1777/860 864/1779/862 863/1780/861
f 863/1780/861 864/1779/862 866/1781/864 865/1782/863
f 865/1782/863 866/1781/864 868/1783/866 867/1784/865
f 867/1784/865 868/1783/866 870/1785/868 869/1786/867
f 860/1787/858 858/1788/856 872/1789/870 870/1790/868 868/1791/866 866/1792/864 864/1793/862 862/1794/860
f 869/1786/867 870/1785/868 872/1795/870 871/1796/869
f 871/1796/869 872/1795/870 858/1797/856 857/1798/855
f 857/1799/855 859/1800/857 861/1801/859 863/1802/861 865/1803/863 867/1804/865 869/1805/867 871/1806/869
o Peg_Hole.051
v 0.325000 0.129000 0.000000
v 0.325000 0.129000 0.030000
v 0.327828 0.127828 0.000000
v 0.327828 0.127828 0.030000
v 0.329000 0.125000 0.000000
v 0.329000 0.125000 0.030000
v 0.327828 0.122172 0.000000
v 0.327828 0.122172 0.030000
v 0.325000 0.121000 0.000000
v 0.325000 0.121000 0.030000
v 0.322172 0.122172 0.000000
v 0.322172 0.122172 0.030000
v 0.321000 0.125000 0.000000
v 0.321000 0.125000 0.030000
v 0.322172 0.127828 0.000000
v 0.322172 0.127828 0.030000
vn -0.0000 0.7764 -0.6303
vn -0.0000 0.7764 0.6303
vn 0.5490 0.5490 -0.6303
vn 0.5490 0.5490 0.6303
vn 0.7764 -0.0000 -0.6303
vn 0.7764 -0.0000 0.6303
vn 0.5490 -0.5490 -0.6303
vn 0.5490 -0.5490 0.6303
vn -0.0000 -0.7764 -0.6303
vn -0.0000 -0.7764 0.6303
vn -0.5490 -0.5490 -0.6303
vn -0.5490 -0.5490 0.6303
vn -0.7764 -0.0000 -0.6303
vn -0.7764 -0.0000 0.6303
vn -0.5490 0.5490 -0.6303
vn -0.5490 0.5490 0.6303
vt 1.000000 0.500000
vt 1.000000 1.000000
vt 0.875000 1.000000
vt 0.875000 0.500000
vt 0.750000 1.000000
vt 0.750000 0.500000
vt 0.625000 1.000000
vt 0.625000 0.500000
vt 0.500000 1.000000
vt 0.500000 0.500000
vt 0.375000 1.000000
vt 0.375000 0.500000
vt 0.250000 1.000000
vt 0.250000 0.500000
vt 0.419706 0.419706
vt 0.250000 0.490000
vt 0.080294 0.419706
vt 0.010000 0.250000
vt 0.080294 0.080294
vt 0.250000 0.010000
vt 0.419706 0.080294
vt 0.490000 0.250000
vt 0.125000 1.000000
vt 0.125000 0.500000
vt 0.000000 1.000000
vt 0.000000 0.500000
vt 0.750000 0.490000
vt 0.919706 0.419706
vt 0.990000 0.250000
vt 0.919706 0.080294
vt 0.750000 0.010000
vt 0.580294 0.080294
vt 0.510000 0.250000
vt 0.580294 0.419706
s 1
usemtl M_Black_Rubber
f 873/1807/871 874/1808/872 876/1809/874 875/1810/873
f 875/1810/873 876/1809/874 878/1811/876 877/1812/875
f 877/1812/875 878/1811/876 880/1813/878 879/1814/877
f 879/1814/877 880/1813/878 882/1815/880 881/1816/879
f 881/1816/879 882/1815/880 884/1817/882 883/1818/881
f 883/1818/881 884/1817/882 886/1819/884 885/1820/883
f 876/1821/874 874/1822/872 888/1823/886 886/1824/884 884/1825/882 882/1826/880 880/1827/878 878/1828/876
f 885/1820/883 886/1819/884 888/1829/886 887/1830/885
f 887/1830/885 888/1829/886 874/1831/872 873/1832/871
f 873/1833/871 875/1834/873 877/1835/875 879/1836/877 881/1837/879 883/1838/881 885/1839/883 887/1840/885
o Peg_Hole.052
v 0.375000 0.129000 0.000000
v 0.375000 0.129000 0.030000
v 0.377828 0.127828 0.000000
v 0.377828 0.127828 0.030000
v 0.379000 0.125000 0.000000
v 0.379000 0.125000 0.030000
v 0.377828 0.122172 0.000000
v 0.377828 0.122172 0.030000
v 0.375000 0.121000 0.000000
v 0.375000 0.121000 0.030000
v 0.372172 0.122172 0.000000
v 0.372172 0.122172 0.030000
v 0.371000 0.125000 0.000000
v 0.371000 0.125000 0.030000
v 0.372172 0.127828 0.000000
v 0.372172 0.127828 0.030000
vn -0.0000 0.7764 -0.6303
vn -0.0000 0.7764 0.6303
vn 0.5490 0.5490 -0.6303
vn 0.5490 0.5490 0.6303
vn 0.7764 -0.0000 -0.6303
vn 0.7764 -0.0000 0.6303
vn 0.5490 -0.5490 -0.6303
vn 0.5490 -0.5490 0.6303
vn -0.0000 -0.7764 -0.6303
vn -0.0000 -0.7764 0.6303
vn -0.5490 -0.5490 -0.6303
vn -0.5490 -0.5490 0.6303
vn -0.7764 -0.0000 -0.6303
vn -0.7764 -0.0000 0.6303
vn -0.5490 0.5490 -0.6303
vn -0.5490 0.5490 0.6303
vt 1.000000 0.500000
vt 1.000000 1.000000
vt 0.875000 1.000000
vt 0.875000 0.500000
vt 0.750000 1.000000
vt 0.750000 0.500000
vt 0.625000 1.000000
vt 0.625000 0.500000
vt 0.500000 1.000000
vt 0.500000 0.500000
vt 0.375000 1.000000
vt 0.375000 0.500000
vt 0.250000 1.000000
vt 0.250000 0.500000
vt 0.419706 0.419706
vt 0.250000 0.490000
vt 0.080294 0.419706
vt 0.010000 0.250000
vt 0.080294 0.080294
vt 0.250000 0.010000
vt 0.419706 0.080294
vt 0.490000 0.250000
vt 0.125000 1.000000
vt 0.125000 0.500000
vt 0.000000 1.000000
vt 0.000000 0.500000
vt 0.750000 0.490000
vt 0.919706 0.419706
vt 0.990000 0.250000
vt 0.919706 0.080294
vt 0.750000 0.010000
vt 0.580294 0.080294
vt 0.510000 0.250000
vt 0.580294 0.419706
s 1
usemtl M_Black_Rubber
f 889/1841/887 890/1842/888 892/1843/890 891/1844/889
f 891/1844/889 892/1843/890 894/1845/892 893/1846/891
f 893/1846/891 894/1845/892 896/1847/894 895/1848/893
f 895/1848/893 896/1847/894 898/1849/896 897/1850/895
f 897/1850/895 898/1849/896 900/1851/898 899/1852/897
f 899/1852/897 900/1851/898 902/1853/900 901/1854/899
f 892/1855/890 890/1856/888 904/1857/902 902/1858/900 900/1859/898 898/1860/896 896/1861/894 894/1862/892
f 901/1854/899 902/1853/900 904/1863/902 903/1864/901
f 903/1864/901 904/1863/902 890/1865/888 889/1866/887
f 889/1867/887 891/1868/889 893/1869/891 895/1870/893 897/1871/895 899/1872/897 901/1873/899 903/1874/901
o Peg_Hole.053
v 0.425000 0.129000 0.000000
v 0.425000 0.129000 0.030000
v 0.427828 0.127828 0.000000
v 0.427828 0.127828 0.030000
v 0.429000 0.125000 0.000000
v 0.429000 0.125000 0.030000
v 0.427828 0.122172 0.000000
v 0.427828 0.122172 0.030000
v 0.425000 0.121000 0.000000
v 0.425000 0.121000 0.030000
v 0.422172 0.122172 0.000000
v 0.422172 0.122172 0.030000
v 0.421000 0.125000 0.000000
v 0.421000 0.125000 0.030000
v 0.422172 0.127828 0.000000
v 0.422172 0.127828 0.030000
vn -0.0000 0.7764 -0.6303
vn -0.0000 0.7764 0.6303
vn 0.5490 0.5490 -0.6303
vn 0.5490 0.5490 0.6303
vn 0.7764 -0.0000 -0.6303
vn 0.7764 -0.0000 0.6303
vn 0.5490 -0.5490 -0.6303
vn 0.5490 -0.5490 0.6303
vn -0.0000 -0.7764 -0.6303
vn -0.0000 -0.7764 0.6303
vn -0.5490 -0.5490 -0.6303
vn -0.5490 -0.5490 0.6303
vn -0.7764 -0.0000 -0.6303
vn -0.7764 -0.0000 0.6303
vn -0.5490 0.5490 -0.6303
vn -0.5490 0.5490 0.6303
vt 1.000000 0.500000
vt 1.000000 1.000000
vt 0.875000 1.000000
vt 0.875000 0.500000
vt 0.750000 1.000000
vt 0.750000 0.500000
vt 0.625000 1.000000
vt 0.625000 0.500000
vt 0.500000 1.000000
vt 0.500000 0.500000
vt 0.375000 1.000000
vt 0.375000 0.500000
vt 0.250000 1.000000
vt 0.250000 0.500000
vt 0.419706 0.419706
vt 0.250000 0.490000
vt 0.080294 0.419706
vt 0.010000 0.250000
vt 0.080294 0.080294
vt 0.250000 0.010000
vt 0.419706 0.080294
vt 0.490000 0.250000
vt 0.125000 1.000000
vt 0.125000 0.500000
vt 0.000000 1.000000
vt 0.000000 0.500000
vt 0.750000 0.490000
vt 0.919706 0.419706
vt 0.990000 0.250000
vt 0.919706 0.080294
vt 0.750000 0.010000
vt 0.580294 0.080294
vt 0.510000 0.250000
vt 0.580294 0.419706
s 1
usemtl M_Black_Rubber
f 905/1875/903 906/1876/904 908/1877/906 907/1878/905
f 907/1878/905 908/1877/906 910/1879/908 909/1880/907
f 909/1880/907 910/1879/908 912/1881/910 911/1882/909
f 911/1882/909 912/1881/910 914/1883/912 913/1884/911
f 913/1884/911 914/1883/912 916/1885/914 915/1886/913
f 915/1886/913 916/1885/914 918/1887/916 917/1888/915
f 908/1889/906 906/1890/904 920/1891/918 918/1892/916 916/1893/914 914/1894/912 912/1895/910 910/1896/908
f 917/1888/915 918/1887/916 920/1897/918 919/1898/917
f 919/1898/917 920/1897/918 906/1899/904 905/1900/903
f 905/1901/903 907/1902/905 909/1903/907 911/1904/909 913/1905/911 915/1906/913 917/1907/915 919/1908/917
o Peg_Hole.054
v -0.425000 0.179000 0.000000
v -0.425000 0.179000 0.030000
v -0.422172 0.177828 0.000000
v -0.422172 0.177828 0.030000
v -0.421000 0.175000 0.000000
v -0.421000 0.175000 0.030000
v -0.422172 0.172172 0.000000
v -0.422172 0.172172 0.030000
v -0.425000 0.171000 0.000000
v -0.425000 0.171000 0.030000
v -0.427828 0.172172 0.000000
v -0.427828 0.172172 0.030000
v -0.429000 0.175000 0.000000
v -0.429000 0.175000 0.030000
v -0.427828 0.177828 0.000000
v -0.427828 0.177828 0.030000
vn -0.0000 0.7764 -0.6303
vn -0.0000 0.7764 0.6303
vn 0.5490 0.5490 -0.6303
vn 0.5490 0.5490 0.6303
vn 0.7764 -0.0000 -0.6303
vn 0.7764 -0.0000 0.6303
vn 0.5490 -0.5490 -0.6303
vn 0.5490 -0.5490 0.6303
vn -0.0000 -0.7764 -0.6303
vn -0.0000 -0.7764 0.6303
vn -0.5490 -0.5490 -0.6303
vn -0.5490 -0.5490 0.6303
vn -0.7764 -0.0000 -0.6303
vn -0.7764 -0.0000 0.6303
vn -0.5490 0.5490 -0.6303
vn -0.5490 0.5490 0.6303
vt 1.000000 0.500000
vt 1.000000 1.000000
vt 0.875000 1.000000
vt 0.875000 0.500000
vt 0.750000 1.000000
vt 0.750000 0.500000
vt 0.625000 1.000000
vt 0.625000 0.500000
vt 0.500000 1.000000
vt 0.500000 0.500000
vt 0.375000 1.000000
vt 0.375000 0.500000
vt 0.250000 1.000000
vt 0.250000 0.500000
vt 0.419706 0.419706
vt 0.250000 0.490000
vt 0.080294 0.419706
vt 0.010000 0.250000
vt 0.080294 0.080294
vt 0.250000 0.010000
vt 0.419706 0.080294
vt 0.490000 0.250000
vt 0.125000 1.000000
vt 0.125000 0.500000
vt 0.000000 1.000000
vt 0.000000 0.500000
vt 0.750000 0.490000
vt 0.919706 0.419706
vt 0.990000 0.250000
vt 0.919706 0.080294
vt 0.750000 0.010000
vt 0.580294 0.080294
vt 0.510000 0.250000
vt 0.580294 0.419706
s 1
usemtl M_Black_Rubber
f 921/1909/919 922/1910/920 924/1911/922 923/1912/921
f 923/1912/921 924/1911/922 926/1913/924 925/1914/923
f 925/1914/923 926/1913/924 928/1915/926 927/1916/925
f 927/1916/925 928/1915/926 930/1917/928 929/1918/927
f 929/1918/927 930/1917/928 932/1919/930 931/1920/929
f 931/1920/929 932/1919/930 934/1921/932 933/1922/931
f 924/1923/922 922/1924/920 936/1925/934 934/1926/932 932/1927/930 930/1928/928 928/1929/926 926/1930/924
f 933/1922/931 934/1921/932 936/1931/934 935/1932/933
f 935/1932/933 936/1931/934 922/1933/920 921/1934/919
f 921/1935/919 923/1936/921 925/1937/923 927/1938/925 929/1939/927 931/1940/929 933/1941/931 935/1942/933
o Peg_Hole.055
v -0.375000 0.179000 0.000000
v -0.375000 0.179000 0.030000
v -0.372172 0.177828 0.000000
v -0.372172 0.177828 0.030000
v -0.371000 0.175000 0.000000
v -0.371000 0.175000 0.030000
v -0.372172 0.172172 0.000000
v -0.372172 0.172172 0.030000
v -0.375000 0.171000 0.000000
v -0.375000 0.171000 0.030000
v -0.377828 0.172172 0.000000
v -0.377828 0.172172 0.030000
v -0.379000 0.175000 0.000000
v -0.379000 0.175000 0.030000
v -0.377828 0.177828 0.000000
v -0.377828 0.177828 0.030000
vn -0.0000 0.7764 -0.6303
vn -0.0000 0.7764 0.6303
vn 0.5490 0.5490 -0.6303
vn 0.5490 0.5490 0.6303
vn 0.7764 -0.0000 -0.6303
vn 0.7764 -0.0000 0.6303
vn 0.5490 -0.5490 -0.6303
vn 0.5490 -0.5490 0.6303
vn -0.0000 -0.7764 -0.6303
vn -0.0000 -0.7764 0.6303
vn -0.5490 -0.5490 -0.6303
vn -0.5490 -0.5490 0.6303
vn -0.7764 -0.0000 -0.6303
vn -0.7764 -0.0000 0.6303
vn -0.5490 0.5490 -0.6303
vn -0.5490 0.5490 0.6303
vt 1.000000 0.500000
vt 1.000000 1.000000
vt 0.875000 1.000000
vt 0.875000 0.500000
vt 0.750000 1.000000
vt 0.750000 0.500000
vt 0.625000 1.000000
vt 0.625000 0.500000
vt 0.500000 1.000000
vt 0.500000 0.500000
vt 0.375000 1.000000
vt 0.375000 0.500000
vt 0.250000 1.000000
vt 0.250000 0.500000
vt 0.419706 0.419706
vt 0.250000 0.490000
vt 0.080294 0.419706
vt 0.010000 0.250000
vt 0.080294 0.080294
vt 0.250000 0.010000
vt 0.419706 0.080294
vt 0.490000 0.250000
vt 0.125000 1.000000
vt 0.125000 0.500000
vt 0.000000 1.000000
vt 0.000000 0.500000
vt 0.750000 0.490000
vt 0.919706 0.419706
vt 0.990000 0.250000
vt 0.919706 0.080294
vt 0.750000 0.010000
vt 0.580294 0.080294
vt 0.510000 0.250000
vt 0.580294 0.419706
s 1
usemtl M_Black_Rubber
f 937/1943/935 938/1944/936 940/1945/938 939/1946/937
f 939/1946/937 940/1945/938 942/1947/940 941/1948/939
f 941/1948/939 942/1947/940 944/1949/942 943/1950/941
f 943/1950/941 944/1949/942 946/1951/944 945/1952/943
f 945/1952/943 946/1951/944 948/1953/946 947/1954/945
f 947/1954/945 948/1953/946 950/1955/948 949/1956/947
f 940/1957/938 938/1958/936 952/1959/950 950/1960/948 948/1961/946 946/1962/944 944/1963/942 942/1964/940
f 949/1956/947 950/1955/948 952/1965/950 951/1966/949
f 951/1966/949 952/1965/950 938/1967/936 937/1968/935
f 937/1969/935 939/1970/937 941/1971/939 943/1972/941 945/1973/943 947/1974/945 949/1975/947 951/1976/949
o Peg_Hole.056
v -0.325000 0.179000 0.000000
v -0.325000 0.179000 0.030000
v -0.322172 0.177828 0.000000
v -0.322172 0.177828 0.030000
v -0.321000 0.175000 0.000000
v -0.321000 0.175000 0.030000
v -0.322172 0.172172 0.000000
v -0.322172 0.172172 0.030000
v -0.325000 0.171000 0.000000
v -0.325000 0.171000 0.030000
v -0.327828 0.172172 0.000000
v -0.327828 0.172172 0.030000
v -0.329000 0.175000 0.000000
v -0.329000 0.175000 0.030000
v -0.327828 0.177828 0.000000
v -0.327828 0.177828 0.030000
vn -0.0000 0.7764 -0.6303
vn -0.0000 0.7764 0.6303
vn 0.5490 0.5490 -0.6303
vn 0.5490 0.5490 0.6303
vn 0.7764 -0.0000 -0.6303
vn 0.7764 -0.0000 0.6303
vn 0.5490 -0.5490 -0.6303
vn 0.5490 -0.5490 0.6303
vn -0.0000 -0.7764 -0.6303
vn -0.0000 -0.7764 0.6303
vn -0.5490 -0.5490 -0.6303
vn -0.5490 -0.5490 0.6303
vn -0.7764 -0.0000 -0.6303
vn -0.7764 -0.0000 0.6303
vn -0.5490 0.5490 -0.6303
vn -0.5490 0.5490 0.6303
vt 1.000000 0.500000
vt 1.000000 1.000000
vt 0.875000 1.000000
vt 0.875000 0.500000
vt 0.750000 1.000000
vt 0.750000 0.500000
vt 0.625000 1.000000
vt 0.625000 0.500000
vt 0.500000 1.000000
vt 0.500000 0.500000
vt 0.375000 1.000000
vt 0.375000 0.500000
vt 0.250000 1.000000
vt 0.250000 0.500000
vt 0.419706 0.419706
vt 0.250000 0.490000
vt 0.080294 0.419706
vt 0.010000 0.250000
vt 0.080294 0.080294
vt 0.250000 0.010000
vt 0.419706 0.080294
vt 0.490000 0.250000
vt 0.125000 1.000000
vt 0.125000 0.500000
vt 0.000000 1.000000
vt 0.000000 0.500000
vt 0.750000 0.490000
vt 0.919706 0.419706
vt 0.990000 0.250000
vt 0.919706 0.080294
vt 0.750000 0.010000
vt 0.580294 0.080294
vt 0.510000 0.250000
vt 0.580294 0.419706
s 1
usemtl M_Black_Rubber
f 953/1977/951 954/1978/952 956/1979/954 955/1980/953
f 955/1980/953 956/1979/954 958/1981/956 957/1982/955
f 957/1982/955 958/1981/956 960/1983/958 959/1984/957
f 959/1984/957 960/1983/958 962/1985/960 961/1986/959
f 961/1986/959 962/1985/960 964/1987/962 963/1988/961
f 963/1988/961 964/1987/962 966/1989/964 965/1990/963
f 956/1991/954 954/1992/952 968/1993/966 966/1994/964 964/1995/962 962/1996/960 960/1997/958 958/1998/956
f 965/1990/963 966/1989/964 968/1999/966 967/2000/965
f 967/2000/965 968/1999/966 954/2001/952 953/2002/951
f 953/2003/951 955/2004/953 957/2005/955 959/2006/957 961/2007/959 963/2008/961 965/2009/963 967/2010/965
o Peg_Hole.057
v -0.275000 0.179000 0.000000
v -0.275000 0.179000 0.030000
v -0.272172 0.177828 0.000000
v -0.272172 0.177828 0.030000
v -0.271000 0.175000 0.000000
v -0.271000 0.175000 0.030000
v -0.272172 0.172172 0.000000
v -0.272172 0.172172 0.030000
v -0.275000 0.171000 0.000000
v -0.275000 0.171000 0.030000
v -0.277828 0.172172 0.000000
v -0.277828 0.172172 0.030000
v -0.279000 0.175000 0.000000
v -0.279000 0.175000 0.030000
v -0.277828 0.177828 0.000000
v -0.277828 0.177828 0.030000
vn -0.0000 0.7764 -0.6303
vn -0.0000 0.7764 0.6303
vn 0.5490 0.5490 -0.6303
vn 0.5490 0.5490 0.6303
vn 0.7764 -0.0000 -0.6303
vn 0.7764 -0.0000 0.6303
vn 0.5490 -0.5490 -0.6303
vn 0.5490 -0.5490 0.6303
vn -0.0000 -0.7764 -0.6303
vn -0.0000 -0.7764 0.6303
vn -0.5490 -0.5490 -0.6303
vn -0.5490 -0.5490 0.6303
vn -0.7764 -0.0000 -0.6303
vn -0.7764 -0.0000 0.6303
vn -0.5490 0.5490 -0.6303
vn -0.5490 0.5490 0.6303
vt 1.000000 0.500000
vt 1.000000 1.000000
vt 0.875000 1.000000
vt 0.875000 0.500000
vt 0.750000 1.000000
vt 0.750000 0.500000
vt 0.625000 1.000000
vt 0.625000 0.500000
vt 0.500000 1.000000
vt 0.500000 0.500000
vt 0.375000 1.000000
vt 0.375000 0.500000
vt 0.250000 1.000000
vt 0.250000 0.500000
vt 0.419706 0.419706
vt 0.250000 0.490000
vt 0.080294 0.419706
vt 0.010000 0.250000
vt 0.080294 0.080294
vt 0.250000 0.010000
vt 0.419706 0.080294
vt 0.490000 0.250000
vt 0.125000 1.000000
vt 0.125000 0.500000
vt 0.000000 1.000000
vt 0.000000 0.500000
vt 0.750000 0.490000
vt 0.919706 0.419706
vt 0.990000 0.250000
vt 0.919706 0.080294
vt 0.750000 0.010000
vt 0.580294 0.080294
vt 0.510000 0.250000
vt 0.580294 0.419706
s 1
usemtl M_Black_Rubber
f 969/2011/967 970/2012/968 972/2013/970 971/2014/969
f 971/2014/969 972/2013/970 974/2015/972 973/2016/971
f 973/2016/971 974/2015/972 976/2017/974 975/2018/973
f 975/2018/973 976/2017/974 978/2019/976 977/2020/975
f 977/2020/975 978/2019/976 980/2021/978 979/2022/977
f 979/2022/977 980/2021/978 982/2023/980 981/2024/979
f 972/2025/970 970/2026/968 984/2027/982 982/2028/980 980/2029/978 978/2030/976 976/2031/974 974/2032/972
f 981/2024/979 982/2023/980 984/2033/982 983/2034/981
f 983/2034/981 984/2033/982 970/2035/968 969/2036/967
f 969/2037/967 971/2038/969 973/2039/971 975/2040/973 977/2041/975 979/2042/977 981/2043/979 983/2044/981
o Peg_Hole.058
v -0.225000 0.179000 0.000000
v -0.225000 0.179000 0.030000
v -0.222172 0.177828 0.000000
v -0.222172 0.177828 0.030000
v -0.221000 0.175000 0.000000
v -0.221000 0.175000 0.030000
v -0.222172 0.172172 0.000000
v -0.222172 0.172172 0.030000
v -0.225000 0.171000 0.000000
v -0.225000 0.171000 0.030000
v -0.227828 0.172172 0.000000
v -0.227828 0.172172 0.030000
v -0.229000 0.175000 0.000000
v -0.229000 0.175000 0.030000
v -0.227828 0.177828 0.000000
v -0.227828 0.177828 0.030000
vn -0.0000 0.7764 -0.6303
vn -0.0000 0.7764 0.6303
vn 0.5490 0.5490 -0.6303
vn 0.5490 0.5490 0.6303
vn 0.7764 -0.0000 -0.6303
vn 0.7764 -0.0000 0.6303
vn 0.5490 -0.5490 -0.6303
vn 0.5490 -0.5490 0.6303
vn -0.0000 -0.7764 -0.6303
vn -0.0000 -0.7764 0.6303
vn -0.5490 -0.5490 -0.6303
vn -0.5490 -0.5490 0.6303
vn -0.7764 -0.0000 -0.6303
vn -0.7764 -0.0000 0.6303
vn -0.5490 0.5490 -0.6303
vn -0.5490 0.5490 0.6303
vt 1.000000 0.500000
vt 1.000000 1.000000
vt 0.875000 1.000000
vt 0.875000 0.500000
vt 0.750000 1.000000
vt 0.750000 0.500000
vt 0.625000 1.000000
vt 0.625000 0.500000
vt 0.500000 1.000000
vt 0.500000 0.500000
vt 0.375000 1.000000
vt 0.375000 0.500000
vt 0.250000 1.000000
vt 0.250000 0.500000
vt 0.419706 0.419706
vt 0.250000 0.490000
vt 0.080294 0.419706
vt 0.010000 0.250000
vt 0.080294 0.080294
vt 0.250000 0.010000
vt 0.419706 0.080294
vt 0.490000 0.250000
vt 0.125000 1.000000
vt 0.125000 0.500000
vt 0.000000 1.000000
vt 0.000000 0.500000
vt 0.750000 0.490000
vt 0.919706 0.419706
vt 0.990000 0.250000
vt 0.919706 0.080294
vt 0.750000 0.010000
vt 0.580294 0.080294
vt 0.510000 0.250000
vt 0.580294 0.419706
s 1
usemtl M_Black_Rubber
f 985/2045/983 986/2046/984 988/2047/986 987/2048/985
f 987/2048/985 988/2047/986 990/2049/988 989/2050/987
f 989/2050/987 990/2049/988 992/2051/990 991/2052/989
f 991/2052/989 992/2051/990 994/2053/992 993/2054/991
f 993/2054/991 994/2053/992 996/2055/994 995/2056/993
f 995/2056/993 996/2055/994 998/2057/996 997/2058/995
f 988/2059/986 986/2060/984 1000/2061/998 998/2062/996 996/2063/994 994/2064/992 992/2065/990 990/2066/988
f 997/2058/995 998/2057/996 1000/2067/998 999/2068/997
f 999/2068/997 1000/2067/998 986/2069/984 985/2070/983
f 985/2071/983 987/2072/985 989/2073/987 991/2074/989 993/2075/991 995/2076/993 997/2077/995 999/2078/997
o Peg_Hole.059
v -0.175000 0.179000 0.000000
v -0.175000 0.179000 0.030000
v -0.172172 0.177828 0.000000
v -0.172172 0.177828 0.030000
v -0.171000 0.175000 0.000000
v -0.171000 0.175000 0.030000
v -0.172172 0.172172 0.000000
v -0.172172 0.172172 0.030000
v -0.175000 0.171000 0.000000
v -0.175000 0.171000 0.030000
v -0.177828 0.172172 0.000000
v -0.177828 0.172172 0.030000
v -0.179000 0.175000 0.000000
v -0.179000 0.175000 0.030000
v -0.177828 0.177828 0.000000
v -0.177828 0.177828 0.030000
vn -0.0000 0.7764 -0.6303
vn -0.0000 0.7764 0.6303
vn 0.5490 0.5490 -0.6303
vn 0.5490 0.5490 0.6303
vn 0.7764 -0.0000 -0.6303
vn 0.7764 -0.0000 0.6303
vn 0.5490 -0.5490 -0.6303
vn 0.5490 -0.5490 0.6303
vn -0.0000 -0.7764 -0.6303
vn -0.0000 -0.7764 0.6303
vn -0.5490 -0.5490 -0.6303
vn -0.5490 -0.5490 0.6303
vn -0.7764 -0.0000 -0.6303
vn -0.7764 -0.0000 0.6303
vn -0.5490 0.5490 -0.6303
vn -0.5490 0.5490 0.6303
vt 1.000000 0.500000
vt 1.000000 1.000000
vt 0.875000 1.000000
vt 0.875000 0.500000
vt 0.750000 1.000000
vt 0.750000 0.500000
vt 0.625000 1.000000
vt 0.625000 0.500000
vt 0.500000 1.000000
vt 0.500000 0.500000
vt 0.375000 1.000000
vt 0.375000 0.500000
vt 0.250000 1.000000
vt 0.250000 0.500000
vt 0.419706 0.419706
vt 0.250000 0.490000
vt 0.080294 0.419706
vt 0.010000 0.250000
vt 0.080294 0.080294
vt 0.250000 0.010000
vt 0.419706 0.080294
vt 0.490000 0.250000
vt 0.125000 1.000000
vt 0.125000 0.500000
vt 0.000000 1.000000
vt 0.000000 0.500000
vt 0.750000 0.490000
vt 0.919706 0.419706
vt 0.990000 0.250000
vt 0.919706 0.080294
vt 0.750000 0.010000
vt 0.580294 0.080294
vt 0.510000 0.250000
vt 0.580294 0.419706
s 1
usemtl M_Black_Rubber
f 1001/2079/999 1002/2080/1000 1004/2081/1002 1003/2082/1001
f 1003/2082/1001 1004/2081/1002 1006/2083/1004 1005/2084/1003
f 1005/2084/1003 1006/2083/1004 1008/2085/1006 1007/2086/1005
f 1007/2086/1005 1008/2085/1006 1010/2087/1008 1009/2088/1007
f 1009/2088/1007 1010/2087/1008 1012/2089/1010 1011/2090/1009
f 1011/2090/1009 1012/2089/1010 1014/2091/1012 1013/2092/1011
f 1004/2093/1002 1002/2094/1000 1016/2095/1014 1014/2096/1012 1012/2097/1010 1010/2098/1008 1008/2099/1006 1006/2100/1004
f 1013/2092/1011 1014/2091/1012 1016/2101/1014 1015/2102/1013
f 1015/2102/1013 1016/2101/1014 1002/2103/1000 1001/2104/999
f 1001/2105/999 1003/2106/1001 1005/2107/1003 1007/2108/1005 1009/2109/1007 1011/2110/1009 1013/2111/1011 1015/2112/1013
o Peg_Hole.060
v -0.125000 0.179000 0.000000
v -0.125000 0.179000 0.030000
v -0.122172 0.177828 0.000000
v -0.122172 0.177828 0.030000
v -0.121000 0.175000 0.000000
v -0.121000 0.175000 0.030000
v -0.122172 0.172172 0.000000
v -0.122172 0.172172 0.030000
v -0.125000 0.171000 0.000000
v -0.125000 0.171000 0.030000
v -0.127828 0.172172 0.000000
v -0.127828 0.172172 0.030000
v -0.129000 0.175000 0.000000
v -0.129000 0.175000 0.030000
v -0.127828 0.177828 0.000000
v -0.127828 0.177828 0.030000
vn -0.0000 0.7764 -0.6303
vn -0.0000 0.7764 0.6303
vn 0.5490 0.5490 -0.6303
vn 0.5490 0.5490 0.6303
vn 0.7764 -0.0000 -0.6303
vn 0.7764 -0.0000 0.6303
vn 0.5490 -0.5490 -0.6303
vn 0.5490 -0.5490 0.6303
vn -0.0000 -0.7764 -0.6303
vn -0.0000 -0.7764 0.6303
vn -0.5490 -0.5490 -0.6303
vn -0.5490 -0.5490 0.6303
vn -0.7764 -0.0000 -0.6303
vn -0.7764 -0.0000 0.6303
vn -0.5490 0.5490 -0.6303
vn -0.5490 0.5490 0.6303
vt 1.000000 0.500000
vt 1.000000 1.000000
vt 0.875000 1.000000
vt 0.875000 0.500000
vt 0.750000 1.000000
vt 0.750000 0.500000
vt 0.625000 1.000000
vt 0.625000 0.500000
vt 0.500000 1.000000
vt 0.500000 0.500000
vt 0.375000 1.000000
vt 0.375000 0.500000
vt 0.250000 1.000000
vt 0.250000 0.500000
vt 0.419706 0.419706
vt 0.250000 0.490000
vt 0.080294 0.419706
vt 0.010000 0.250000
vt 0.080294 0.080294
vt 0.250000 0.010000
vt 0.419706 0.080294
vt 0.490000 0.250000
vt 0.125000 1.000000
vt 0.125000 0.500000
vt 0.000000 1.000000
vt 0.000000 0.500000
vt 0.750000 0.490000
vt 0.919706 0.419706
vt 0.990000 0.250000
vt 0.919706 0.080294
vt 0.750000 0.010000
vt 0.580294 0.080294
vt 0.510000 0.250000
vt 0.580294 0.419706
s 1
usemtl M_Black_Rubber
f 1017/2113/1015 1018/2114/1016 1020/2115/1018 1019/2116/1017
f 1019/2116/1017 1020/2115/1018 1022/2117/1020 1021/2118/1019
f 1021/2118/1019 1022/2117/1020 1024/2119/1022 1023/2120/1021
f 1023/2120/1021 1024/2119/1022 1026/2121/1024 1025/2122/1023
f 1025/2122/1023 1026/2121/1024 1028/2123/1026 1027/2124/1025
f 1027/2124/1025 1028/2123/1026 1030/2125/1028 1029/2126/1027
f 1020/2127/1018 1018/2128/1016 1032/2129/1030 1030/2130/1028 1028/2131/1026 1026/2132/1024 1024/2133/1022 1022/2134/1020
f 1029/2126/1027 1030/2125/1028 1032/2135/1030 1031/2136/1029
f 1031/2136/1029 1032/2135/1030 1018/2137/1016 1017/2138/1015
f 1017/2139/1015 1019/2140/1017 1021/2141/1019 1023/2142/1021 1025/2143/1023 1027/2144/1025 1029/2145/1027 1031/2146/1029
o Peg_Hole.061
v -0.075000 0.179000 0.000000
v -0.075000 0.179000 0.030000
v -0.072172 0.177828 0.000000
v -0.072172 0.177828 0.030000
v -0.071000 0.175000 0.000000
v -0.071000 0.175000 0.030000
v -0.072172 0.172172 0.000000
v -0.072172 0.172172 0.030000
v -0.075000 0.171000 0.000000
v -0.075000 0.171000 0.030000
v -0.077828 0.172172 0.000000
v -0.077828 0.172172 0.030000
v -0.079000 0.175000 0.000000
v -0.079000 0.175000 0.030000
v -0.077828 0.177828 0.000000
v -0.077828 0.177828 0.030000
vn -0.0000 0.7764 -0.6303
vn -0.0000 0.7764 0.6303
vn 0.5490 0.5490 -0.6303
vn 0.5490 0.5490 0.6303
vn 0.7764 -0.0000 -0.6303
vn 0.7764 -0.0000 0.6303
vn 0.5490 -0.5490 -0.6303
vn 0.5490 -0.5490 0.6303
vn -0.0000 -0.7764 -0.6303
vn -0.0000 -0.7764 0.6303
vn -0.5490 -0.5490 -0.6303
vn -0.5490 -0.5490 0.6303
vn -0.7764 -0.0000 -0.6303
vn -0.7764 -0.0000 0.6303
vn -0.5490 0.5490 -0.6303
vn -0.5490 0.5490 0.6303
vt 1.000000 0.500000
vt 1.000000 1.000000
vt 0.875000 1.000000
vt 0.875000 0.500000
vt 0.750000 1.000000
vt 0.750000 0.500000
vt 0.625000 1.000000
vt 0.625000 0.500000
vt 0.500000 1.000000
vt 0.500000 0.500000
vt 0.375000 1.000000
vt 0.375000 0.500000
vt 0.250000 1.000000
vt 0.250000 0.500000
vt 0.419706 0.419706
vt 0.250000 0.490000
vt 0.080294 0.419706
vt 0.010000 0.250000
vt 0.080294 0.080294
vt 0.250000 0.010000
vt 0.419706 0.080294
vt 0.490000 0.250000
vt 0.125000 1.000000
vt 0.125000 0.500000
vt 0.000000 1.000000
vt 0.000000 0.500000
vt 0.750000 0.490000
vt 0.919706 0.419706
vt 0.990000 0.250000
vt 0.919706 0.080294
vt 0.750000 0.010000
vt 0.580294 0.080294
vt 0.510000 0.250000
vt 0.580294 0.419706
s 1
usemtl M_Black_Rubber
f 1033/2147/1031 1034/2148/1032 1036/2149/1034 1035/2150/1033
f 1035/2150/1033 1036/2149/1034 1038/2151/1036 1037/2152/1035
f 1037/2152/1035 1038/2151/1036 1040/2153/1038 1039/2154/1037
f 1039/2154/1037 1040/2153/1038 1042/2155/1040 1041/2156/1039
f 1041/2156/1039 1042/2155/1040 1044/2157/1042 1043/2158/1041
f 1043/2158/1041 1044/2157/1042 1046/2159/1044 1045/2160/1043
f 1036/2161/1034 1034/2162/1032 1048/2163/1046 1046/2164/1044 1044/2165/1042 1042/2166/1040 1040/2167/1038 1038/2168/1036
f 1045/2160/1043 1046/2159/1044 1048/2169/1046 1047/2170/1045
f 1047/2170/1045 1048/2169/1046 1034/2171/1032 1033/2172/1031
f 1033/2173/1031 1035/2174/1033 1037/2175/1035 1039/2176/1037 1041/2177/1039 1043/2178/1041 1045/2179/1043 1047/2180/1045
o Peg_Hole.062
v -0.025000 0.179000 0.000000
v -0.025000 0.179000 0.030000
v -0.022172 0.177828 0.000000
v -0.022172 0.177828 0.030000
v -0.021000 0.175000 0.000000
v -0.021000 0.175000 0.030000
v -0.022172 0.172172 0.000000
v -0.022172 0.172172 0.030000
v -0.025000 0.171000 0.000000
v -0.025000 0.171000 0.030000
v -0.027828 0.172172 0.000000
v -0.027828 0.172172 0.030000
v -0.029000 0.175000 0.000000
v -0.029000 0.175000 0.030000
v -0.027828 0.177828 0.000000
v -0.027828 0.177828 0.030000
vn -0.0000 0.7764 -0.6303
vn -0.0000 0.7764 0.6303
vn 0.5490 0.5490 -0.6303
vn 0.5490 0.5490 0.6303
vn 0.7764 -0.0000 -0.6303
vn 0.7764 -0.0000 0.6303
vn 0.5490 -0.5490 -0.6303
vn 0.5490 -0.5490 0.6303
vn -0.0000 -0.7764 -0.6303
vn -0.0000 -0.7764 0.6303
vn -0.5490 -0.5490 -0.6303
vn -0.5490 -0.5490 0.6303
vn -0.7764 -0.0000 -0.6303
vn -0.7764 -0.0000 0.6303
vn -0.5490 0.5490 -0.6303
vn -0.5490 0.5490 0.6303
vt 1.000000 0.500000
vt 1.000000 1.000000
vt 0.875000 1.000000
vt 0.875000 0.500000
vt 0.750000 1.000000
vt 0.750000 0.500000
vt 0.625000 1.000000
vt 0.625000 0.500000
vt 0.500000 1.000000
vt 0.500000 0.500000
vt 0.375000 1.000000
vt 0.375000 0.500000
vt 0.250000 1.000000
vt 0.250000 0.500000
vt 0.419706 0.419706
vt 0.250000 0.490000
vt 0.080294 0.419706
vt 0.010000 0.250000
vt 0.080294 0.080294
vt 0.250000 0.010000
vt 0.419706 0.080294
vt 0.490000 0.250000
vt 0.125000 1.000000
vt 0.125000 0.500000
vt 0.000000 1.000000
vt 0.000000 0.500000
vt 0.750000 0.490000
vt 0.919706 0.419706
vt 0.990000 0.250000
vt 0.919706 0.080294
vt 0.750000 0.010000
vt 0.580294 0.080294
vt 0.510000 0.250000
vt 0.580294 0.419706
s 1
usemtl M_Black_Rubber
f 1049/2181/1047 1050/2182/1048 1052/2183/1050 1051/2184/1049
f 1051/2184/1049 1052/2183/1050 1054/2185/1052 1053/2186/1051
f 1053/2186/1051 1054/2185/1052 1056/2187/1054 1055/2188/1053
f 1055/2188/1053 1056/2187/1054 1058/2189/1056 1057/2190/1055
f 1057/2190/1055 1058/2189/1056 1060/2191/1058 1059/2192/1057
f 1059/2192/1057 1060/2191/1058 1062/2193/1060 1061/2194/1059
f 1052/2195/1050 1050/2196/1048 1064/2197/1062 1062/2198/1060 1060/2199/1058 1058/2200/1056 1056/2201/1054 1054/2202/1052
f 1061/2194/1059 1062/2193/1060 1064/2203/1062 1063/2204/1061
f 1063/2204/1061 1064/2203/1062 1050/2205/1048 1049/2206/1047
f 1049/2207/1047 1051/2208/1049 1053/2209/1051 1055/2210/1053 1057/2211/1055 1059/2212/1057 1061/2213/1059 1063/2214/1061
o Peg_Hole.063
v 0.025000 0.179000 0.000000
v 0.025000 0.179000 0.030000
v 0.027828 0.177828 0.000000
v 0.027828 0.177828 0.030000
v 0.029000 0.175000 0.000000
v 0.029000 0.175000 0.030000
v 0.027828 0.172172 0.000000
v 0.027828 0.172172 0.030000
v 0.025000 0.171000 0.000000
v 0.025000 0.171000 0.030000
v 0.022172 0.172172 0.000000
v 0.022172 0.172172 0.030000
v 0.021000 0.175000 0.000000
v 0.021000 0.175000 0.030000
v 0.022172 0.177828 0.000000
v 0.022172 0.177828 0.030000
vn -0.0000 0.7764 -0.6303
vn -0.0000 0.7764 0.6303
vn 0.5490 0.5490 -0.6303
vn 0.5490 0.5490 0.6303
vn 0.7764 -0.0000 -0.6303
vn 0.7764 -0.0000 0.6303
vn 0.5490 -0.5490 -0.6303
vn 0.5490 -0.5490 0.6303
vn -0.0000 -0.7764 -0.6303
vn -0.0000 -0.7764 0.6303
vn -0.5490 -0.5490 -0.6303
vn -0.5490 -0.5490 0.6303
vn -0.7764 -0.0000 -0.6303
vn -0.7764 -0.0000 0.6303
vn -0.5490 0.5490 -0.6303
vn -0.5490 0.5490 0.6303
vt 1.000000 0.500000
vt 1.000000 1.000000
vt 0.875000 1.000000
vt 0.875000 0.500000
vt 0.750000 1.000000
vt 0.750000 0.500000
vt 0.625000 1.000000
vt 0.625000 0.500000
vt 0.500000 1.000000
vt 0.500000 0.500000
vt 0.375000 1.000000
vt 0.375000 0.500000
vt 0.250000 1.000000
vt 0.250000 0.500000
vt 0.419706 0.419706
vt 0.250000 0.490000
vt 0.080294 0.419706
vt 0.010000 0.250000
vt 0.080294 0.080294
vt 0.250000 0.010000
vt 0.419706 0.080294
vt 0.490000 0.250000
vt 0.125000 1.000000
vt 0.125000 0.500000
vt 0.000000 1.000000
vt 0.000000 0.500000
vt 0.750000 0.490000
vt 0.919706 0.419706
vt 0.990000 0.250000
vt 0.919706 0.080294
vt 0.750000 0.010000
vt 0.580294 0.080294
vt 0.510000 0.250000
vt 0.580294 0.419706
s 1
usemtl M_Black_Rubber
f 1065/2215/1063 1066/2216/1064 1068/2217/1066 1067/2218/1065
f 1067/2218/1065 1068/2217/1066 1070/2219/1068 1069/2220/1067
f 1069/2220/1067 1070/2219/1068 1072/2221/1070 1071/2222/1069
f 1071/2222/1069 1072/2221/1070 1074/2223/1072 1073/2224/1071
f 1073/2224/1071 1074/2223/1072 1076/2225/1074 1075/2226/1073
f 1075/2226/1073 1076/2225/1074 1078/2227/1076 1077/2228/1075
f 1068/2229/1066 1066/2230/1064 1080/2231/1078 1078/2232/1076 1076/2233/1074 1074/2234/1072 1072/2235/1070 1070/2236/1068
f 1077/2228/1075 1078/2227/1076 1080/2237/1078 1079/2238/1077
f 1079/2238/1077 1080/2237/1078 1066/2239/1064 1065/2240/1063
f 1065/2241/1063 1067/2242/1065 1069/2243/1067 1071/2244/1069 1073/2245/1071 1075/2246/1073 1077/2247/1075 1079/2248/1077
o Peg_Hole.064
v 0.075000 0.179000 0.000000
v 0.075000 0.179000 0.030000
v 0.077828 0.177828 0.000000
v 0.077828 0.177828 0.030000
v 0.079000 0.175000 0.000000
v 0.079000 0.175000 0.030000
v 0.077828 0.172172 0.000000
v 0.077828 0.172172 0.030000
v 0.075000 0.171000 0.000000
v 0.075000 0.171000 0.030000
v 0.072172 0.172172 0.000000
v 0.072172 0.172172 0.030000
v 0.071000 0.175000 0.000000
v 0.071000 0.175000 0.030000
v 0.072172 0.177828 0.000000
v 0.072172 0.177828 0.030000
vn -0.0000 0.7764 -0.6303
vn -0.0000 0.7764 0.6303
vn 0.5490 0.5490 -0.6303
vn 0.5490 0.5490 0.6303
vn 0.7764 -0.0000 -0.6303
vn 0.7764 -0.0000 0.6303
vn 0.5490 -0.5490 -0.6303
vn 0.5490 -0.5490 0.6303
vn -0.0000 -0.7764 -0.6303
vn -0.0000 -0.7764 0.6303
vn -0.5490 -0.5490 -0.6303
vn -0.5490 -0.5490 0.6303
vn -0.7764 -0.0000 -0.6303
vn -0.7764 -0.0000 0.6303
vn -0.5490 0.5490 -0.6303
vn -0.5490 0.5490 0.6303
vt 1.000000 0.500000
vt 1.000000 1.000000
vt 0.875000 1.000000
vt 0.875000 0.500000
vt 0.750000 1.000000
vt 0.750000 0.500000
vt 0.625000 1.000000
vt 0.625000 0.500000
vt 0.500000 1.000000
vt 0.500000 0.500000
vt 0.375000 1.000000
vt 0.375000 0.500000
vt 0.250000 1.000000
vt 0.250000 0.500000
vt 0.419706 0.419706
vt 0.250000 0.490000
vt 0.080294 0.419706
vt 0.010000 0.250000
vt 0.080294 0.080294
vt 0.250000 0.010000
vt 0.419706 0.080294
vt 0.490000 0.250000
vt 0.125000 1.000000
vt 0.125000 0.500000
vt 0.000000 1.000000
vt 0.000000 0.500000
vt 0.750000 0.490000
vt 0.919706 0.419706
vt 0.990000 0.250000
vt 0.919706 0.080294
vt 0.750000 0.010000
vt 0.580294 0.080294
vt 0.510000 0.250000
vt 0.580294 0.419706
s 1
usemtl M_Black_Rubber
f 1081/2249/1079 1082/2250/1080 1084/2251/1082 1083/2252/1081
f 1083/2252/1081 1084/2251/1082 1086/2253/1084 1085/2254/1083
f 1085/2254/1083 1086/2253/1084 1088/2255/1086 1087/2256/1085
f 1087/2256/1085 1088/2255/1086 1090/2257/1088 1089/2258/1087
f 1089/2258/1087 1090/2257/1088 1092/2259/1090 1091/2260/1089
f 1091/2260/1089 1092/2259/1090 1094/2261/1092 1093/2262/1091
f 1084/2263/1082 1082/2264/1080 1096/2265/1094 1094/2266/1092 1092/2267/1090 1090/2268/1088 1088/2269/1086 1086/2270/1084
f 1093/2262/1091 1094/2261/1092 1096/2271/1094 1095/2272/1093
f 1095/2272/1093 1096/2271/1094 1082/2273/1080 1081/2274/1079
f 1081/2275/1079 1083/2276/1081 1085/2277/1083 1087/2278/1085 1089/2279/1087 1091/2280/1089 1093/2281/1091 1095/2282/1093
o Peg_Hole.065
v 0.125000 0.179000 0.000000
v 0.125000 0.179000 0.030000
v 0.127828 0.177828 0.000000
v 0.127828 0.177828 0.030000
v 0.129000 0.175000 0.000000
v 0.129000 0.175000 0.030000
v 0.127828 0.172172 0.000000
v 0.127828 0.172172 0.030000
v 0.125000 0.171000 0.000000
v 0.125000 0.171000 0.030000
v 0.122172 0.172172 0.000000
v 0.122172 0.172172 0.030000
v 0.121000 0.175000 0.000000
v 0.121000 0.175000 0.030000
v 0.122172 0.177828 0.000000
v 0.122172 0.177828 0.030000
vn -0.0000 0.7764 -0.6303
vn -0.0000 0.7764 0.6303
vn 0.5490 0.5490 -0.6303
vn 0.5490 0.5490 0.6303
vn 0.7764 -0.0000 -0.6303
vn 0.7764 -0.0000 0.6303
vn 0.5490 -0.5490 -0.6303
vn 0.5490 -0.5490 0.6303
vn -0.0000 -0.7764 -0.6303
vn -0.0000 -0.7764 0.6303
vn -0.5490 -0.5490 -0.6303
vn -0.5490 -0.5490 0.6303
vn -0.7764 -0.0000 -0.6303
vn -0.7764 -0.0000 0.6303
vn -0.5490 0.5490 -0.6303
vn -0.5490 0.5490 0.6303
vt 1.000000 0.500000
vt 1.000000 1.000000
vt 0.875000 1.000000
vt 0.875000 0.500000
vt 0.750000 1.000000
vt 0.750000 0.500000
vt 0.625000 1.000000
vt 0.625000 0.500000
vt 0.500000 1.000000
vt 0.500000 0.500000
vt 0.375000 1.000000
vt 0.375000 0.500000
vt 0.250000 1.000000
vt 0.250000 0.500000
vt 0.419706 0.419706
vt 0.250000 0.490000
vt 0.080294 0.419706
vt 0.010000 0.250000
vt 0.080294 0.080294
vt 0.250000 0.010000
vt 0.419706 0.080294
vt 0.490000 0.250000
vt 0.125000 1.000000
vt 0.125000 0.500000
vt 0.000000 1.000000
vt 0.000000 0.500000
vt 0.750000 0.490000
vt 0.919706 0.419706
vt 0.990000 0.250000
vt 0.919706 0.080294
vt 0.750000 0.010000
vt 0.580294 0.080294
vt 0.510000 0.250000
vt 0.580294 0.419706
s 1
usemtl M_Black_Rubber
f 1097/2283/1095 1098/2284/1096 1100/2285/1098 1099/2286/1097
f 1099/2286/1097 1100/2285/1098 1102/2287/1100 1101/2288/1099
f 1101/2288/1099 1102/2287/1100 1104/2289/1102 1103/2290/1101
f 1103/2290/1101 1104/2289/1102 1106/2291/1104 1105/2292/1103
f 1105/2292/1103 1106/2291/1104 1108/2293/1106 1107/2294/1105
f 1107/2294/1105 1108/2293/1106 1110/2295/1108 1109/2296/1107
f 1100/2297/1098 1098/2298/1096 1112/2299/1110 1110/2300/1108 1108/2301/1106 1106/2302/1104 1104/2303/1102 1102/2304/1100
f 1109/2296/1107 1110/2295/1108 1112/2305/1110 1111/2306/1109
f 1111/2306/1109 1112/2305/1110 1098/2307/1096 1097/2308/1095
f 1097/2309/1095 1099/2310/1097 1101/2311/1099 1103/2312/1101 1105/2313/1103 1107/2314/1105 1109/2315/1107 1111/2316/1109
o Peg_Hole.066
v 0.175000 0.179000 0.000000
v 0.175000 0.179000 0.030000
v 0.177828 0.177828 0.000000
v 0.177828 0.177828 0.030000
v 0.179000 0.175000 0.000000
v 0.179000 0.175000 0.030000
v 0.177828 0.172172 0.000000
v 0.177828 0.172172 0.030000
v 0.175000 0.171000 0.000000
v 0.175000 0.171000 0.030000
v 0.172172 0.172172 0.000000
v 0.172172 0.172172 0.030000
v 0.171000 0.175000 0.000000
v 0.171000 0.175000 0.030000
v 0.172172 0.177828 0.000000
v 0.172172 0.177828 0.030000
vn -0.0000 0.7764 -0.6303
vn -0.0000 0.7764 0.6303
vn 0.5490 0.5490 -0.6303
vn 0.5490 0.5490 0.6303
vn 0.7764 -0.0000 -0.6303
vn 0.7764 -0.0000 0.6303
vn 0.5490 -0.5490 -0.6303
vn 0.5490 -0.5490 0.6303
vn -0.0000 -0.7764 -0.6303
vn -0.0000 -0.7764 0.6303
vn -0.5490 -0.5490 -0.6303
vn -0.5490 -0.5490 0.6303
vn -0.7764 -0.0000 -0.6303
vn -0.7764 -0.0000 0.6303
vn -0.5490 0.5490 -0.6303
vn -0.5490 0.5490 0.6303
vt 1.000000 0.500000
vt 1.000000 1.000000
vt 0.875000 1.000000
vt 0.875000 0.500000
vt 0.750000 1.000000
vt 0.750000 0.500000
vt 0.625000 1.000000
vt 0.625000 0.500000
vt 0.500000 1.000000
vt 0.500000 0.500000
vt 0.375000 1.000000
vt 0.375000 0.500000
vt 0.250000 1.000000
vt 0.250000 0.500000
vt 0.419706 0.419706
vt 0.250000 0.490000
vt 0.080294 0.419706
vt 0.010000 0.250000
vt 0.080294 0.080294
vt 0.250000 0.010000
vt 0.419706 0.080294
vt 0.490000 0.250000
vt 0.125000 1.000000
vt 0.125000 0.500000
vt 0.000000 1.000000
vt 0.000000 0.500000
vt 0.750000 0.490000
vt 0.919706 0.419706
vt 0.990000 0.250000
vt 0.919706 0.080294
vt 0.750000 0.010000
vt 0.580294 0.080294
vt 0.510000 0.250000
vt 0.580294 0.419706
s 1
usemtl M_Black_Rubber
f 1113/2317/1111 1114/2318/1112 1116/2319/1114 1115/2320/1113
f 1115/2320/1113 1116/2319/1114 1118/2321/1116 1117/2322/1115
f 1117/2322/1115 1118/2321/1116 1120/2323/1118 1119/2324/1117
f 1119/2324/1117 1120/2323/1118 1122/2325/1120 1121/2326/1119
f 1121/2326/1119 1122/2325/1120 1124/2327/1122 1123/2328/1121
f 1123/2328/1121 1124/2327/1122 1126/2329/1124 1125/2330/1123
f 1116/2331/1114 1114/2332/1112 1128/2333/1126 1126/2334/1124 1124/2335/1122 1122/2336/1120 1120/2337/1118 1118/2338/1116
f 1125/2330/1123 1126/2329/1124 1128/2339/1126 1127/2340/1125
f 1127/2340/1125 1128/2339/1126 1114/2341/1112 1113/2342/1111
f 1113/2343/1111 1115/2344/1113 1117/2345/1115 1119/2346/1117 1121/2347/1119 1123/2348/1121 1125/2349/1123 1127/2350/1125
o Peg_Hole.067
v 0.225000 0.179000 0.000000
v 0.225000 0.179000 0.030000
v 0.227828 0.177828 0.000000
v 0.227828 0.177828 0.030000
v 0.229000 0.175000 0.000000
v 0.229000 0.175000 0.030000
v 0.227828 0.172172 0.000000
v 0.227828 0.172172 0.030000
v 0.225000 0.171000 0.000000
v 0.225000 0.171000 0.030000
v 0.222172 0.172172 0.000000
v 0.222172 0.172172 0.030000
v 0.221000 0.175000 0.000000
v 0.221000 0.175000 0.030000
v 0.222172 0.177828 0.000000
v 0.222172 0.177828 0.030000
vn -0.0000 0.7764 -0.6303
vn -0.0000 0.7764 0.6303
vn 0.5490 0.5490 -0.6303
vn 0.5490 0.5490 0.6303
vn 0.7764 -0.0000 -0.6303
vn 0.7764 -0.0000 0.6303
vn 0.5490 -0.5490 -0.6303
vn 0.5490 -0.5490 0.6303
vn -0.0000 -0.7764 -0.6303
vn -0.0000 -0.7764 0.6303
vn -0.5490 -0.5490 -0.6303
vn -0.5490 -0.5490 0.6303
vn -0.7764 -0.0000 -0.6303
vn -0.7764 -0.0000 0.6303
vn -0.5490 0.5490 -0.6303
vn -0.5490 0.5490 0.6303
vt 1.000000 0.500000
vt 1.000000 1.000000
vt 0.875000 1.000000
vt 0.875000 0.500000
vt 0.750000 1.000000
vt 0.750000 0.500000
vt 0.625000 1.000000
vt 0.625000 0.500000
vt 0.500000 1.000000
vt 0.500000 0.500000
vt 0.375000 1.000000
vt 0.375000 0.500000
vt 0.250000 1.000000
vt 0.250000 0.500000
vt 0.419706 0.419706
vt 0.250000 0.490000
vt 0.080294 0.419706
vt 0.010000 0.250000
vt 0.080294 0.080294
vt 0.250000 0.010000
vt 0.419706 0.080294
vt 0.490000 0.250000
vt 0.125000 1.000000
vt 0.125000 0.500000
vt 0.000000 1.000000
vt 0.000000 0.500000
vt 0.750000 0.490000
vt 0.919706 0.419706
vt 0.990000 0.250000
vt 0.919706 0.080294
vt 0.750000 0.010000
vt 0.580294 0.080294
vt 0.510000 0.250000
vt 0.580294 0.419706
s 1
usemtl M_Black_Rubber
f 1129/2351/1127 1130/2352/1128 1132/2353/1130 1131/2354/1129
f 1131/2354/1129 1132/2353/1130 1134/2355/1132 1133/2356/1131
f 1133/2356/1131 1134/2355/1132 1136/2357/1134 1135/2358/1133
f 1135/2358/1133 1136/2357/1134 1138/2359/1136 1137/2360/1135
f 1137/2360/1135 1138/2359/1136 1140/2361/1138 1139/2362/1137
f 1139/2362/1137 1140/2361/1138 1142/2363/1140 1141/2364/1139
f 1132/2365/1130 1130/2366/1128 1144/2367/1142 1142/2368/1140 1140/2369/1138 1138/2370/1136 1136/2371/1134 1134/2372/1132
f 1141/2364/1139 1142/2363/1140 1144/2373/1142 1143/2374/1141
f 1143/2374/1141 1144/2373/1142 1130/2375/1128 1129/2376/1127
f 1129/2377/1127 1131/2378/1129 1133/2379/1131 1135/2380/1133 1137/2381/1135 1139/2382/1137 1141/2383/1139 1143/2384/1141
o Peg_Hole.068
v 0.275000 0.179000 0.000000
v 0.275000 0.179000 0.030000
v 0.277828 0.177828 0.000000
v 0.277828 0.177828 0.030000
v 0.279000 0.175000 0.000000
v 0.279000 0.175000 0.030000
v 0.277828 0.172172 0.000000
v 0.277828 0.172172 0.030000
v 0.275000 0.171000 0.000000
v 0.275000 0.171000 0.030000
v 0.272172 0.172172 0.000000
v 0.272172 0.172172 0.030000
v 0.271000 0.175000 0.000000
v 0.271000 0.175000 0.030000
v 0.272172 0.177828 0.000000
v 0.272172 0.177828 0.030000
vn -0.0000 0.7764 -0.6303
vn -0.0000 0.7764 0.6303
vn 0.5490 0.5490 -0.6303
vn 0.5490 0.5490 0.6303
vn 0.7764 -0.0000 -0.6303
vn 0.7764 -0.0000 0.6303
vn 0.5490 -0.5490 -0.6303
vn 0.5490 -0.5490 0.6303
vn -0.0000 -0.7764 -0.6303
vn -0.0000 -0.7764 0.6303
vn -0.5490 -0.5490 -0.6303
vn -0.5490 -0.5490 0.6303
vn -0.7764 -0.0000 -0.6303
vn -0.7764 -0.0000 0.6303
vn -0.5490 0.5490 -0.6303
vn -0.5490 0.5490 0.6303
vt 1.000000 0.500000
vt 1.000000 1.000000
vt 0.875000 1.000000
vt 0.875000 0.500000
vt 0.750000 1.000000
vt 0.750000 0.500000
vt 0.625000 1.000000
vt 0.625000 0.500000
vt 0.500000 1.000000
vt 0.500000 0.500000
vt 0.375000 1.000000
vt 0.375000 0.500000
vt 0.250000 1.000000
vt 0.250000 0.500000
vt 0.419706 0.419706
vt 0.250000 0.490000
vt 0.080294 0.419706
vt 0.010000 0.250000
vt 0.080294 0.080294
vt 0.250000 0.010000
vt 0.419706 0.080294
vt 0.490000 0.250000
vt 0.125000 1.000000
vt 0.125000 0.500000
vt 0.000000 1.000000
vt 0.000000 0.500000
vt 0.750000 0.490000
vt 0.919706 0.419706
vt 0.990000 0.250000
vt 0.919706 0.080294
vt 0.750000 0.010000
vt 0.580294 0.080294
vt 0.510000 0.250000
vt 0.580294 0.419706
s 1
usemtl M_Black_Rubber
f 1145/2385/1143 1146/2386/1144 1148/2387/1146 1147/2388/1145
f 1147/2388/1145 1148/2387/1146 1150/2389/1148 1149/2390/1147
f 1149/2390/1147 1150/2389/1148 1152/2391/1150 1151/2392/1149
f 1151/2392/1149 1152/2391/1150 1154/2393/1152 1153/2394/1151
f 1153/2394/1151 1154/2393/1152 1156/2395/1154 1155/2396/1153
f 1155/2396/1153 1156/2395/1154 1158/2397/1156 1157/2398/1155
f 1148/2399/1146 1146/2400/1144 1160/2401/1158 1158/2402/1156 1156/2403/1154 1154/2404/1152 1152/2405/1150 1150/2406/1148
f 1157/2398/1155 1158/2397/1156 1160/2407/1158 1159/2408/1157
f 1159/2408/1157 1160/2407/1158 1146/2409/1144 1145/2410/1143
f 1145/2411/1143 1147/2412/1145 1149/2413/1147 1151/2414/1149 1153/2415/1151 1155/2416/1153 1157/2417/1155 1159/2418/1157
o Peg_Hole.069
v 0.325000 0.179000 0.000000
v 0.325000 0.179000 0.030000
v 0.327828 0.177828 0.000000
v 0.327828 0.177828 0.030000
v 0.329000 0.175000 0.000000
v 0.329000 0.175000 0.030000
v 0.327828 0.172172 0.000000
v 0.327828 0.172172 0.030000
v 0.325000 0.171000 0.000000
v 0.325000 0.171000 0.030000
v 0.322172 0.172172 0.000000
v 0.322172 0.172172 0.030000
v 0.321000 0.175000 0.000000
v 0.321000 0.175000 0.030000
v 0.322172 0.177828 0.000000
v 0.322172 0.177828 0.030000
vn -0.0000 0.7764 -0.6303
vn -0.0000 0.7764 0.6303
vn 0.5490 0.5490 -0.6303
vn 0.5490 0.5490 0.6303
vn 0.7764 -0.0000 -0.6303
vn 0.7764 -0.0000 0.6303
vn 0.5490 -0.5490 -0.6303
vn 0.5490 -0.5490 0.6303
vn -0.0000 -0.7764 -0.6303
vn -0.0000 -0.7764 0.6303
vn -0.5490 -0.5490 -0.6303
vn -0.5490 -0.5490 0.6303
vn -0.7764 -0.0000 -0.6303
vn -0.7764 -0.0000 0.6303
vn -0.5490 0.5490 -0.6303
vn -0.5490 0.5490 0.6303
vt 1.000000 0.500000
vt 1.000000 1.000000
vt 0.875000 1.000000
vt 0.875000 0.500000
vt 0.750000 1.000000
vt 0.750000 0.500000
vt 0.625000 1.000000
vt 0.625000 0.500000
vt 0.500000 1.000000
vt 0.500000 0.500000
vt 0.375000 1.000000
vt 0.375000 0.500000
vt 0.250000 1.000000
vt 0.250000 0.500000
vt 0.419706 0.419706
vt 0.250000 0.490000
vt 0.080294 0.419706
vt 0.010000 0.250000
vt 0.080294 0.080294
vt 0.250000 0.010000
vt 0.419706 0.080294
vt 0.490000 0.250000
vt 0.125000 1.000000
vt 0.125000 0.500000
vt 0.000000 1.000000
vt 0.000000 0.500000
vt 0.750000 0.490000
vt 0.919706 0.419706
vt 0.990000 0.250000
vt 0.919706 0.080294
vt 0.750000 0.010000
vt 0.580294 0.080294
vt 0.510000 0.250000
vt 0.580294 0.419706
s 1
usemtl M_Black_Rubber
f 1161/2419/1159 1162/2420/1160 1164/2421/1162 1163/2422/1161
f 1163/2422/1161 1164/2421/1162 1166/2423/1164 1165/2424/1163
f 1165/2424/1163 1166/2423/1164 1168/2425/1166 1167/2426/1165
f 1167/2426/1165 1168/2425/1166 1170/2427/1168 1169/2428/1167
f 1169/2428/1167 1170/2427/1168 1172/2429/1170 1171/2430/1169
f 1171/2430/1169 1172/2429/1170 1174/2431/1172 1173/2432/1171
f 1164/2433/1162 1162/2434/1160 1176/2435/1174 1174/2436/1172 1172/2437/1170 1170/2438/1168 1168/2439/1166 1166/2440/1164
f 1173/2432/1171 1174/2431/1172 1176/2441/1174 1175/2442/1173
f 1175/2442/1173 1176/2441/1174 1162/2443/1160 1161/2444/1159
f 1161/2445/1159 1163/2446/1161 1165/2447/1163 1167/2448/1165 1169/2449/1167 1171/2450/1169 1173/2451/1171 1175/2452/1173
o Peg_Hole.070
v 0.375000 0.179000 0.000000
v 0.375000 0.179000 0.030000
v 0.377828 0.177828 0.000000
v 0.377828 0.177828 0.030000
v 0.379000 0.175000 0.000000
v 0.379000 0.175000 0.030000
v 0.377828 0.172172 0.000000
v 0.377828 0.172172 0.030000
v 0.375000 0.171000 0.000000
v 0.375000 0.171000 0.030000
v 0.372172 0.172172 0.000000
v 0.372172 0.172172 0.030000
v 0.371000 0.175000 0.000000
v 0.371000 0.175000 0.030000
v 0.372172 0.177828 0.000000
v 0.372172 0.177828 0.030000
vn -0.0000 0.7764 -0.6303
vn -0.0000 0.7764 0.6303
vn 0.5490 0.5490 -0.6303
vn 0.5490 0.5490 0.6303
vn 0.7764 -0.0000 -0.6303
vn 0.7764 -0.0000 0.6303
vn 0.5490 -0.5490 -0.6303
vn 0.5490 -0.5490 0.6303
vn -0.0000 -0.7764 -0.6303
vn -0.0000 -0.7764 0.6303
vn -0.5490 -0.5490 -0.6303
vn -0.5490 -0.5490 0.6303
vn -0.7764 -0.0000 -0.6303
vn -0.7764 -0.0000 0.6303
vn -0.5490 0.5490 -0.6303
vn -0.5490 0.5490 0.6303
vt 1.000000 0.500000
vt 1.000000 1.000000
vt 0.875000 1.000000
vt 0.875000 0.500000
vt 0.750000 1.000000
vt 0.750000 0.500000
vt 0.625000 1.000000
vt 0.625000 0.500000
vt 0.500000 1.000000
vt 0.500000 0.500000
vt 0.375000 1.000000
vt 0.375000 0.500000
vt 0.250000 1.000000
vt 0.250000 0.500000
vt 0.419706 0.419706
vt 0.250000 0.490000
vt 0.080294 0.419706
vt 0.010000 0.250000
vt 0.080294 0.080294
vt 0.250000 0.010000
vt 0.419706 0.080294
vt 0.490000 0.250000
vt 0.125000 1.000000
vt 0.125000 0.500000
vt 0.000000 1.000000
vt 0.000000 0.500000
vt 0.750000 0.490000
vt 0.919706 0.419706
vt 0.990000 0.250000
vt 0.919706 0.080294
vt 0.750000 0.010000
vt 0.580294 0.080294
vt 0.510000 0.250000
vt 0.580294 0.419706
s 1
usemtl M_Black_Rubber
f 1177/2453/1175 1178/2454/1176 1180/2455/1178 1179/2456/1177
f 1179/2456/1177 1180/2455/1178 1182/2457/1180 1181/2458/1179
f 1181/2458/1179 1182/2457/1180 1184/2459/1182 1183/2460/1181
f 1183/2460/1181 1184/2459/1182 1186/2461/1184 1185/2462/1183
f 1185/2462/1183 1186/2461/1184 1188/2463/1186 1187/2464/1185
f 1187/2464/1185 1188/2463/1186 1190/2465/1188 1189/2466/1187
f 1180/2467/1178 1178/2468/1176 1192/2469/1190 1190/2470/1188 1188/2471/1186 1186/2472/1184 1184/2473/1182 1182/2474/1180
f 1189/2466/1187 1190/2465/1188 1192/2475/1190 1191/2476/1189
f 1191/2476/1189 1192/2475/1190 1178/2477/1176 1177/2478/1175
f 1177/2479/1175 1179/2480/1177 1181/2481/1179 1183/2482/1181 1185/2483/1183 1187/2484/1185 1189/2485/1187 1191/2486/1189
o Peg_Hole.071
v 0.425000 0.179000 0.000000
v 0.425000 0.179000 0.030000
v 0.427828 0.177828 0.000000
v 0.427828 0.177828 0.030000
v 0.429000 0.175000 0.000000
v 0.429000 0.175000 0.030000
v 0.427828 0.172172 0.000000
v 0.427828 0.172172 0.030000
v 0.425000 0.171000 0.000000
v 0.425000 0.171000 0.030000
v 0.422172 0.172172 0.000000
v 0.422172 0.172172 0.030000
v 0.421000 0.175000 0.000000
v 0.421000 0.175000 0.030000
v 0.422172 0.177828 0.000000
v 0.422172 0.177828 0.030000
vn -0.0000 0.7764 -0.6303
vn -0.0000 0.7764 0.6303
vn 0.5490 0.5490 -0.6303
vn 0.5490 0.5490 0.6303
vn 0.7764 -0.0000 -0.6303
vn 0.7764 -0.0000 0.6303
vn 0.5490 -0.5490 -0.6303
vn 0.5490 -0.5490 0.6303
vn -0.0000 -0.7764 -0.6303
vn -0.0000 -0.7764 0.6303
vn -0.5490 -0.5490 -0.6303
vn -0.5490 -0.5490 0.6303
vn -0.7764 -0.0000 -0.6303
vn -0.7764 -0.0000 0.6303
vn -0.5490 0.5490 -0.6303
vn -0.5490 0.5490 0.6303
vt 1.000000 0.500000
vt 1.000000 1.000000
vt 0.875000 1.000000
vt 0.875000 0.500000
vt 0.750000 1.000000
vt 0.750000 0.500000
vt 0.625000 1.000000
vt 0.625000 0.500000
vt 0.500000 1.000000
vt 0.500000 0.500000
vt 0.375000 1.000000
vt 0.375000 0.500000
vt 0.250000 1.000000
vt 0.250000 0.500000
vt 0.419706 0.419706
vt 0.250000 0.490000
vt 0.080294 0.419706
vt 0.010000 0.250000
vt 0.080294 0.080294
vt 0.250000 0.010000
vt 0.419706 0.080294
vt 0.490000 0.250000
vt 0.125000 1.000000
vt 0.125000 0.500000
vt 0.000000 1.000000
vt 0.000000 0.500000
vt 0.750000 0.490000
vt 0.919706 0.419706
vt 0.990000 0.250000
vt 0.919706 0.080294
vt 0.750000 0.010000
vt 0.580294 0.080294
vt 0.510000 0.250000
vt 0.580294 0.419706
s 1
usemtl M_Black_Rubber
f 1193/2487/1191 1194/2488/1192 1196/2489/1194 1195/2490/1193
f 1195/2490/1193 1196/2489/1194 1198/2491/1196 1197/2492/1195
f 1197/2492/1195 1198/2491/1196 1200/2493/1198 1199/2494/1197
f 1199/2494/1197 1200/2493/1198 1202/2495/1200 1201/2496/1199
f 1201/2496/1199 1202/2495/1200 1204/2497/1202 1203/2498/1201
f 1203/2498/1201 1204/2497/1202 1206/2499/1204 1205/2500/1203
f 1196/2501/1194 1194/2502/1192 1208/2503/1206 1206/2504/1204 1204/2505/1202 1202/2506/1200 1200/2507/1198 1198/2508/1196
f 1205/2500/1203 1206/2499/1204 1208/2509/1206 1207/2510/1205
f 1207/2510/1205 1208/2509/1206 1194/2511/1192 1193/2512/1191
f 1193/2513/1191 1195/2514/1193 1197/2515/1195 1199/2516/1197 1201/2517/1199 1203/2518/1201 1205/2519/1203 1207/2520/1205
o Peg_Hole.072
v -0.425000 0.229000 0.000000
v -0.425000 0.229000 0.030000
v -0.422172 0.227828 0.000000
v -0.422172 0.227828 0.030000
v -0.421000 0.225000 0.000000
v -0.421000 0.225000 0.030000
v -0.422172 0.222172 0.000000
v -0.422172 0.222172 0.030000
v -0.425000 0.221000 0.000000
v -0.425000 0.221000 0.030000
v -0.427828 0.222172 0.000000
v -0.427828 0.222172 0.030000
v -0.429000 0.225000 0.000000
v -0.429000 0.225000 0.030000
v -0.427828 0.227828 0.000000
v -0.427828 0.227828 0.030000
vn -0.0000 0.7764 -0.6303
vn -0.0000 0.7764 0.6303
vn 0.5490 0.5490 -0.6303
vn 0.5490 0.5490 0.6303
vn 0.7764 -0.0000 -0.6303
vn 0.7764 -0.0000 0.6303
vn 0.5490 -0.5490 -0.6303
vn 0.5490 -0.5490 0.6303
vn -0.0000 -0.7764 -0.6303
vn -0.0000 -0.7764 0.6303
vn -0.5490 -0.5490 -0.6303
vn -0.5490 -0.5490 0.6303
vn -0.7764 -0.0000 -0.6303
vn -0.7764 -0.0000 0.6303
vn -0.5490 0.5490 -0.6303
vn -0.5490 0.5490 0.6303
vt 1.000000 0.500000
vt 1.000000 1.000000
vt 0.875000 1.000000
vt 0.875000 0.500000
vt 0.750000 1.000000
vt 0.750000 0.500000
vt 0.625000 1.000000
vt 0.625000 0.500000
vt 0.500000 1.000000
vt 0.500000 0.500000
vt 0.375000 1.000000
vt 0.375000 0.500000
vt 0.250000 1.000000
vt 0.250000 0.500000
vt 0.419706 0.419706
vt 0.250000 0.490000
vt 0.080294 0.419706
vt 0.010000 0.250000
vt 0.080294 0.080294
vt 0.250000 0.010000
vt 0.419706 0.080294
vt 0.490000 0.250000
vt 0.125000 1.000000
vt 0.125000 0.500000
vt 0.000000 1.000000
vt 0.000000 0.500000
vt 0.750000 0.490000
vt 0.919706 0.419706
vt 0.990000 0.250000
vt 0.919706 0.080294
vt 0.750000 0.010000
vt 0.580294 0.080294
vt 0.510000 0.250000
vt 0.580294 0.419706
s 1
usemtl M_Black_Rubber
f 1209/2521/1207 1210/2522/1208 1212/2523/1210 1211/2524/1209
f 1211/2524/1209 1212/2523/1210 1214/2525/1212 1213/2526/1211
f 1213/2526/1211 1214/2525/1212 1216/2527/1214 1215/2528/1213
f 1215/2528/1213 1216/2527/1214 1218/2529/1216 1217/2530/1215
f 1217/2530/1215 1218/2529/1216 1220/2531/1218 1219/2532/1217
f 1219/2532/1217 1220/2531/1218 1222/2533/1220 1221/2534/1219
f 1212/2535/1210 1210/2536/1208 1224/2537/1222 1222/2538/1220 1220/2539/1218 1218/2540/1216 1216/2541/1214 1214/2542/1212
f 1221/2534/1219 1222/2533/1220 1224/2543/1222 1223/2544/1221
f 1223/2544/1221 1224/2543/1222 1210/2545/1208 1209/2546/1207
f 1209/2547/1207 1211/2548/1209 1213/2549/1211 1215/2550/1213 1217/2551/1215 1219/2552/1217 1221/2553/1219 1223/2554/1221
o Peg_Hole.073
v -0.375000 0.229000 0.000000
v -0.375000 0.229000 0.030000
v -0.372172 0.227828 0.000000
v -0.372172 0.227828 0.030000
v -0.371000 0.225000 0.000000
v -0.371000 0.225000 0.030000
v -0.372172 0.222172 0.000000
v -0.372172 0.222172 0.030000
v -0.375000 0.221000 0.000000
v -0.375000 0.221000 0.030000
v -0.377828 0.222172 0.000000
v -0.377828 0.222172 0.030000
v -0.379000 0.225000 0.000000
v -0.379000 0.225000 0.030000
v -0.377828 0.227828 0.000000
v -0.377828 0.227828 0.030000
vn -0.0000 0.7764 -0.6303
vn -0.0000 0.7764 0.6303
vn 0.5490 0.5490 -0.6303
vn 0.5490 0.5490 0.6303
vn 0.7764 -0.0000 -0.6303
vn 0.7764 -0.0000 0.6303
vn 0.5490 -0.5490 -0.6303
vn 0.5490 -0.5490 0.6303
vn -0.0000 -0.7764 -0.6303
vn -0.0000 -0.7764 0.6303
vn -0.5490 -0.5490 -0.6303
vn -0.5490 -0.5490 0.6303
vn -0.7764 -0.0000 -0.6303
vn -0.7764 -0.0000 0.6303
vn -0.5490 0.5490 -0.6303
vn -0.5490 0.5490 0.6303
vt 1.000000 0.500000
vt 1.000000 1.000000
vt 0.875000 1.000000
vt 0.875000 0.500000
vt 0.750000 1.000000
vt 0.750000 0.500000
vt 0.625000 1.000000
vt 0.625000 0.500000
vt 0.500000 1.000000
vt 0.500000 0.500000
vt 0.375000 1.000000
vt 0.375000 0.500000
vt 0.250000 1.000000
vt 0.250000 0.500000
vt 0.419706 0.419706
vt 0.250000 0.490000
vt 0.080294 0.419706
vt 0.010000 0.250000
vt 0.080294 0.080294
vt 0.250000 0.010000
vt 0.419706 0.080294
vt 0.490000 0.250000
vt 0.125000 1.000000
vt 0.125000 0.500000
vt 0.000000 1.000000
vt 0.000000 0.500000
vt 0.750000 0.490000
vt 0.919706 0.419706
vt 0.990000 0.250000
vt 0.919706 0.080294
vt 0.750000 0.010000
vt 0.580294 0.080294
vt 0.510000 0.250000
vt 0.580294 0.419706
s 1
usemtl M_Black_Rubber
f 1225/2555/1223 1226/2556/1224 1228/2557/1226 1227/2558/1225
f 1227/2558/1225 1228/2557/1226 1230/2559/1228 1229/2560/1227
f 1229/2560/1227 1230/2559/1228 1232/2561/1230 1231/2562/1229
f 1231/2562/1229 1232/2561/1230 1234/2563/1232 1233/2564/1231
f 1233/2564/1231 1234/2563/1232 1236/2565/1234 1235/2566/1233
f 1235/2566/1233 1236/2565/1234 1238/2567/1236 1237/2568/1235
f 1228/2569/1226 1226/2570/1224 1240/2571/1238 1238/2572/1236 1236/2573/1234 1234/2574/1232 1232/2575/1230 1230/2576/1228
f 1237/2568/1235 1238/2567/1236 1240/2577/1238 1239/2578/1237
f 1239/2578/1237 1240/2577/1238 1226/2579/1224 1225/2580/1223
f 1225/2581/1223 1227/2582/1225 1229/2583/1227 1231/2584/1229 1233/2585/1231 1235/2586/1233 1237/2587/1235 1239/2588/1237
o Peg_Hole.074
v -0.325000 0.229000 0.000000
v -0.325000 0.229000 0.030000
v -0.322172 0.227828 0.000000
v -0.322172 0.227828 0.030000
v -0.321000 0.225000 0.000000
v -0.321000 0.225000 0.030000
v -0.322172 0.222172 0.000000
v -0.322172 0.222172 0.030000
v -0.325000 0.221000 0.000000
v -0.325000 0.221000 0.030000
v -0.327828 0.222172 0.000000
v -0.327828 0.222172 0.030000
v -0.329000 0.225000 0.000000
v -0.329000 0.225000 0.030000
v -0.327828 0.227828 0.000000
v -0.327828 0.227828 0.030000
vn -0.0000 0.7764 -0.6303
vn -0.0000 0.7764 0.6303
vn 0.5490 0.5490 -0.6303
vn 0.5490 0.5490 0.6303
vn 0.7764 -0.0000 -0.6303
vn 0.7764 -0.0000 0.6303
vn 0.5490 -0.5490 -0.6303
vn 0.5490 -0.5490 0.6303
vn -0.0000 -0.7764 -0.6303
vn -0.0000 -0.7764 0.6303
vn -0.5490 -0.5490 -0.6303
vn -0.5490 -0.5490 0.6303
vn -0.7764 -0.0000 -0.6303
vn -0.7764 -0.0000 0.6303
vn -0.5490 0.5490 -0.6303
vn -0.5490 0.5490 0.6303
vt 1.000000 0.500000
vt 1.000000 1.000000
vt 0.875000 1.000000
vt 0.875000 0.500000
vt 0.750000 1.000000
vt 0.750000 0.500000
vt 0.625000 1.000000
vt 0.625000 0.500000
vt 0.500000 1.000000
vt 0.500000 0.500000
vt 0.375000 1.000000
vt 0.375000 0.500000
vt 0.250000 1.000000
vt 0.250000 0.500000
vt 0.419706 0.419706
vt 0.250000 0.490000
vt 0.080294 0.419706
vt 0.010000 0.250000
vt 0.080294 0.080294
vt 0.250000 0.010000
vt 0.419706 0.080294
vt 0.490000 0.250000
vt 0.125000 1.000000
vt 0.125000 0.500000
vt 0.000000 1.000000
vt 0.000000 0.500000
vt 0.750000 0.490000
vt 0.919706 0.419706
vt 0.990000 0.250000
vt 0.919706 0.080294
vt 0.750000 0.010000
vt 0.580294 0.080294
vt 0.510000 0.250000
vt 0.580294 0.419706
s 1
usemtl M_Black_Rubber
f 1241/2589/1239 1242/2590/1240 1244/2591/1242 1243/2592/1241
f 1243/2592/1241 1244/2591/1242 1246/2593/1244 1245/2594/1243
f 1245/2594/1243 1246/2593/1244 1248/2595/1246 1247/2596/1245
f 1247/2596/1245 1248/2595/1246 1250/2597/1248 1249/2598/1247
f 1249/2598/1247 1250/2597/1248 1252/2599/1250 1251/2600/1249
f 1251/2600/1249 1252/2599/1250 1254/2601/1252 1253/2602/1251
f 1244/2603/1242 1242/2604/1240 1256/2605/1254 1254/2606/1252 1252/2607/1250 1250/2608/1248 1248/2609/1246 1246/2610/1244
f 1253/2602/1251 1254/2601/1252 1256/2611/1254 1255/2612/1253
f 1255/2612/1253 1256/2611/1254 1242/2613/1240 1241/2614/1239
f 1241/2615/1239 1243/2616/1241 1245/2617/1243 1247/2618/1245 1249/2619/1247 1251/2620/1249 1253/2621/1251 1255/2622/1253
o Peg_Hole.075
v -0.275000 0.229000 0.000000
v -0.275000 0.229000 0.030000
v -0.272172 0.227828 0.000000
v -0.272172 0.227828 0.030000
v -0.271000 0.225000 0.000000
v -0.271000 0.225000 0.030000
v -0.272172 0.222172 0.000000
v -0.272172 0.222172 0.030000
v -0.275000 0.221000 0.000000
v -0.275000 0.221000 0.030000
v -0.277828 0.222172 0.000000
v -0.277828 0.222172 0.030000
v -0.279000 0.225000 0.000000
v -0.279000 0.225000 0.030000
v -0.277828 0.227828 0.000000
v -0.277828 0.227828 0.030000
vn -0.0000 0.7764 -0.6303
vn -0.0000 0.7764 0.6303
vn 0.5490 0.5490 -0.6303
vn 0.5490 0.5490 0.6303
vn 0.7764 -0.0000 -0.6303
vn 0.7764 -0.0000 0.6303
vn 0.5490 -0.5490 -0.6303
vn 0.5490 -0.5490 0.6303
vn -0.0000 -0.7764 -0.6303
vn -0.0000 -0.7764 0.6303
vn -0.5490 -0.5490 -0.6303
vn -0.5490 -0.5490 0.6303
vn -0.7764 -0.0000 -0.6303
vn -0.7764 -0.0000 0.6303
vn -0.5490 0.5490 -0.6303
vn -0.5490 0.5490 0.6303
vt 1.000000 0.500000
vt 1.000000 1.000000
vt 0.875000 1.000000
vt 0.875000 0.500000
vt 0.750000 1.000000
vt 0.750000 0.500000
vt 0.625000 1.000000
vt 0.625000 0.500000
vt 0.500000 1.000000
vt 0.500000 0.500000
vt 0.375000 1.000000
vt 0.375000 0.500000
vt 0.250000 1.000000
vt 0.250000 0.500000
vt 0.419706 0.419706
vt 0.250000 0.490000
vt 0.080294 0.419706
vt 0.010000 0.250000
vt 0.080294 0.080294
vt 0.250000 0.010000
vt 0.419706 0.080294
vt 0.490000 0.250000
vt 0.125000 1.000000
vt 0.125000 0.500000
vt 0.000000 1.000000
vt 0.000000 0.500000
vt 0.750000 0.490000
vt 0.919706 0.419706
vt 0.990000 0.250000
vt 0.919706 0.080294
vt 0.750000 0.010000
vt 0.580294 0.080294
vt 0.510000 0.250000
vt 0.580294 0.419706
s 1
usemtl M_Black_Rubber
f 1257/2623/1255 1258/2624/1256 1260/2625/1258 1259/2626/1257
f 1259/2626/1257 1260/2625/1258 1262/2627/1260 1261/2628/1259
f 1261/2628/1259 1262/2627/1260 1264/2629/1262 1263/2630/1261
f 1263/2630/1261 1264/2629/1262 1266/2631/1264 1265/2632/1263
f 1265/2632/1263 1266/2631/1264 1268/2633/1266 1267/2634/1265
f 1267/2634/1265 1268/2633/1266 1270/2635/1268 1269/2636/1267
f 1260/2637/1258 1258/2638/1256 1272/2639/1270 1270/2640/1268 1268/2641/1266 1266/2642/1264 1264/2643/1262 1262/2644/1260
f 1269/2636/1267 1270/2635/1268 1272/2645/1270 1271/2646/1269
f 1271/2646/1269 1272/2645/1270 1258/2647/1256 1257/2648/1255
f 1257/2649/1255 1259/2650/1257 1261/2651/1259 1263/2652/1261 1265/2653/1263 1267/2654/1265 1269/2655/1267 1271/2656/1269
o Peg_Hole.076
v -0.225000 0.229000 0.000000
v -0.225000 0.229000 0.030000
v -0.222172 0.227828 0.000000
v -0.222172 0.227828 0.030000
v -0.221000 0.225000 0.000000
v -0.221000 0.225000 0.030000
v -0.222172 0.222172 0.000000
v -0.222172 0.222172 0.030000
v -0.225000 0.221000 0.000000
v -0.225000 0.221000 0.030000
v -0.227828 0.222172 0.000000
v -0.227828 0.222172 0.030000
v -0.229000 0.225000 0.000000
v -0.229000 0.225000 0.030000
v -0.227828 0.227828 0.000000
v -0.227828 0.227828 0.030000
vn -0.0000 0.7764 -0.6303
vn -0.0000 0.7764 0.6303
vn 0.5490 0.5490 -0.6303
vn 0.5490 0.5490 0.6303
vn 0.7764 -0.0000 -0.6303
vn 0.7764 -0.0000 0.6303
vn 0.5490 -0.5490 -0.6303
vn 0.5490 -0.5490 0.6303
vn -0.0000 -0.7764 -0.6303
vn -0.0000 -0.7764 0.6303
vn -0.5490 -0.5490 -0.6303
vn -0.5490 -0.5490 0.6303
vn -0.7764 -0.0000 -0.6303
vn -0.7764 -0.0000 0.6303
vn -0.5490 0.5490 -0.6303
vn -0.5490 0.5490 0.6303
vt 1.000000 0.500000
vt 1.000000 1.000000
vt 0.875000 1.000000
vt 0.875000 0.500000
vt 0.750000 1.000000
vt 0.750000 0.500000
vt 0.625000 1.000000
vt 0.625000 0.500000
vt 0.500000 1.000000
vt 0.500000 0.500000
vt 0.375000 1.000000
vt 0.375000 0.500000
vt 0.250000 1.000000
vt 0.250000 0.500000
vt 0.419706 0.419706
vt 0.250000 0.490000
vt 0.080294 0.419706
vt 0.010000 0.250000
vt 0.080294 0.080294
vt 0.250000 0.010000
vt 0.419706 0.080294
vt 0.490000 0.250000
vt 0.125000 1.000000
vt 0.125000 0.500000
vt 0.000000 1.000000
vt 0.000000 0.500000
vt 0.750000 0.490000
vt 0.919706 0.419706
vt 0.990000 0.250000
vt 0.919706 0.080294
vt 0.750000 0.010000
vt 0.580294 0.080294
vt 0.510000 0.250000
vt 0.580294 0.419706
s 1
usemtl M_Black_Rubber
f 1273/2657/1271 1274/2658/1272 1276/2659/1274 1275/2660/1273
f 1275/2660/1273 1276/2659/1274 1278/2661/1276 1277/2662/1275
f 1277/2662/1275 1278/2661/1276 1280/2663/1278 1279/2664/1277
f 1279/2664/1277 1280/2663/1278 1282/2665/1280 1281/2666/1279
f 1281/2666/1279 1282/2665/1280 1284/2667/1282 1283/2668/1281
f 1283/2668/1281 1284/2667/1282 1286/2669/1284 1285/2670/1283
f 1276/2671/1274 1274/2672/1272 1288/2673/1286 1286/2674/1284 1284/2675/1282 1282/2676/1280 1280/2677/1278 1278/2678/1276
f 1285/2670/1283 1286/2669/1284 1288/2679/1286 1287/2680/1285
f 1287/2680/1285 1288/2679/1286 1274/2681/1272 1273/2682/1271
f 1273/2683/1271 1275/2684/1273 1277/2685/1275 1279/2686/1277 1281/2687/1279 1283/2688/1281 1285/2689/1283 1287/2690/1285
o Peg_Hole.077
v -0.175000 0.229000 0.000000
v -0.175000 0.229000 0.030000
v -0.172172 0.227828 0.000000
v -0.172172 0.227828 0.030000
v -0.171000 0.225000 0.000000
v -0.171000 0.225000 0.030000
v -0.172172 0.222172 0.000000
v -0.172172 0.222172 0.030000
v -0.175000 0.221000 0.000000
v -0.175000 0.221000 0.030000
v -0.177828 0.222172 0.000000
v -0.177828 0.222172 0.030000
v -0.179000 0.225000 0.000000
v -0.179000 0.225000 0.030000
v -0.177828 0.227828 0.000000
v -0.177828 0.227828 0.030000
vn -0.0000 0.7764 -0.6303
vn -0.0000 0.7764 0.6303
vn 0.5490 0.5490 -0.6303
vn 0.5490 0.5490 0.6303
vn 0.7764 -0.0000 -0.6303
vn 0.7764 -0.0000 0.6303
vn 0.5490 -0.5490 -0.6303
vn 0.5490 -0.5490 0.6303
vn -0.0000 -0.7764 -0.6303
vn -0.0000 -0.7764 0.6303
vn -0.5490 -0.5490 -0.6303
vn -0.5490 -0.5490 0.6303
vn -0.7764 -0.0000 -0.6303
vn -0.7764 -0.0000 0.6303
vn -0.5490 0.5490 -0.6303
vn -0.5490 0.5490 0.6303
vt 1.000000 0.500000
vt 1.000000 1.000000
vt 0.875000 1.000000
vt 0.875000 0.500000
vt 0.750000 1.000000
vt 0.750000 0.500000
vt 0.625000 1.000000
vt 0.625000 0.500000
vt 0.500000 1.000000
vt 0.500000 0.500000
vt 0.375000 1.000000
vt 0.375000 0.500000
vt 0.250000 1.000000
vt 0.250000 0.500000
vt 0.419706 0.419706
vt 0.250000 0.490000
vt 0.080294 0.419706
vt 0.010000 0.250000
vt 0.080294 0.080294
vt 0.250000 0.010000
vt 0.419706 0.080294
vt 0.490000 0.250000
vt 0.125000 1.000000
vt 0.125000 0.500000
vt 0.000000 1.000000
vt 0.000000 0.500000
vt 0.750000 0.490000
vt 0.919706 0.419706
vt 0.990000 0.250000
vt 0.919706 0.080294
vt 0.750000 0.010000
vt 0.580294 0.080294
vt 0.510000 0.250000
vt 0.580294 0.419706
s 1
usemtl M_Black_Rubber
f 1289/2691/1287 1290/2692/1288 1292/2693/1290 1291/2694/1289
f 1291/2694/1289 1292/2693/1290 1294/2695/1292 1293/2696/1291
f 1293/2696/1291 1294/2695/1292 1296/2697/1294 1295/2698/1293
f 1295/2698/1293 1296/2697/1294 1298/2699/1296 1297/2700/1295
f 1297/2700/1295 1298/2699/1296 1300/2701/1298 1299/2702/1297
f 1299/2702/1297 1300/2701/1298 1302/2703/1300 1301/2704/1299
f 1292/2705/1290 1290/2706/1288 1304/2707/1302 1302/2708/1300 1300/2709/1298 1298/2710/1296 1296/2711/1294 1294/2712/1292
f 1301/2704/1299 1302/2703/1300 1304/2713/1302 1303/2714/1301
f 1303/2714/1301 1304/2713/1302 1290/2715/1288 1289/2716/1287
f 1289/2717/1287 1291/2718/1289 1293/2719/1291 1295/2720/1293 1297/2721/1295 1299/2722/1297 1301/2723/1299 1303/2724/1301
o Peg_Hole.078
v -0.125000 0.229000 0.000000
v -0.125000 0.229000 0.030000
v -0.122172 0.227828 0.000000
v -0.122172 0.227828 0.030000
v -0.121000 0.225000 0.000000
v -0.121000 0.225000 0.030000
v -0.122172 0.222172 0.000000
v -0.122172 0.222172 0.030000
v -0.125000 0.221000 0.000000
v -0.125000 0.221000 0.030000
v -0.127828 0.222172 0.000000
v -0.127828 0.222172 0.030000
v -0.129000 0.225000 0.000000
v -0.129000 0.225000 0.030000
v -0.127828 0.227828 0.000000
v -0.127828 0.227828 0.030000
vn -0.0000 0.7764 -0.6303
vn -0.0000 0.7764 0.6303
vn 0.5490 0.5490 -0.6303
vn 0.5490 0.5490 0.6303
vn 0.7764 -0.0000 -0.6303
vn 0.7764 -0.0000 0.6303
vn 0.5490 -0.5490 -0.6303
vn 0.5490 -0.5490 0.6303
vn -0.0000 -0.7764 -0.6303
vn -0.0000 -0.7764 0.6303
vn -0.5490 -0.5490 -0.6303
vn -0.5490 -0.5490 0.6303
vn -0.7764 -0.0000 -0.6303
vn -0.7764 -0.0000 0.6303
vn -0.5490 0.5490 -0.6303
vn -0.5490 0.5490 0.6303
vt 1.000000 0.500000
vt 1.000000 1.000000
vt 0.875000 1.000000
vt 0.875000 0.500000
vt 0.750000 1.000000
vt 0.750000 0.500000
vt 0.625000 1.000000
vt 0.625000 0.500000
vt 0.500000 1.000000
vt 0.500000 0.500000
vt 0.375000 1.000000
vt 0.375000 0.500000
vt 0.250000 1.000000
vt 0.250000 0.500000
vt 0.419706 0.419706
vt 0.250000 0.490000
vt 0.080294 0.419706
vt 0.010000 0.250000
vt 0.080294 0.080294
vt 0.250000 0.010000
vt 0.419706 0.080294
vt 0.490000 0.250000
vt 0.125000 1.000000
vt 0.125000 0.500000
vt 0.000000 1.000000
vt 0.000000 0.500000
vt 0.750000 0.490000
vt 0.919706 0.419706
vt 0.990000 0.250000
vt 0.919706 0.080294
vt 0.750000 0.010000
vt 0.580294 0.080294
vt 0.510000 0.250000
vt 0.580294 0.419706
s 1
usemtl M_Black_Rubber
f 1305/2725/1303 1306/2726/1304 1308/2727/1306 1307/2728/1305
f 1307/2728/1305 1308/2727/1306 1310/2729/1308 1309/2730/1307
f 1309/2730/1307 1310/2729/1308 1312/2731/1310 1311/2732/1309
f 1311/2732/1309 1312/2731/1310 1314/2733/1312 1313/2734/1311
f 1313/2734/1311 1314/2733/1312 1316/2735/1314 1315/2736/1313
f 1315/2736/1313 1316/2735/1314 1318/2737/1316 1317/2738/1315
f 1308/2739/1306 1306/2740/1304 1320/2741/1318 1318/2742/1316 1316/2743/1314 1314/2744/1312 1312/2745/1310 1310/2746/1308
f 1317/2738/1315 1318/2737/1316 1320/2747/1318 1319/2748/1317
f 1319/2748/1317 1320/2747/1318 1306/2749/1304 1305/2750/1303
f 1305/2751/1303 1307/2752/1305 1309/2753/1307 1311/2754/1309 1313/2755/1311 1315/2756/1313 1317/2757/1315 1319/2758/1317
o Peg_Hole.079
v -0.075000 0.229000 0.000000
v -0.075000 0.229000 0.030000
v -0.072172 0.227828 0.000000
v -0.072172 0.227828 0.030000
v -0.071000 0.225000 0.000000
v -0.071000 0.225000 0.030000
v -0.072172 0.222172 0.000000
v -0.072172 0.222172 0.030000
v -0.075000 0.221000 0.000000
v -0.075000 0.221000 0.030000
v -0.077828 0.222172 0.000000
v -0.077828 0.222172 0.030000
v -0.079000 0.225000 0.000000
v -0.079000 0.225000 0.030000
v -0.077828 0.227828 0.000000
v -0.077828 0.227828 0.030000
vn -0.0000 0.7764 -0.6303
vn -0.0000 0.7764 0.6303
vn 0.5490 0.5490 -0.6303
vn 0.5490 0.5490 0.6303
vn 0.7764 -0.0000 -0.6303
vn 0.7764 -0.0000 0.6303
vn 0.5490 -0.5490 -0.6303
vn 0.5490 -0.5490 0.6303
vn -0.0000 -0.7764 -0.6303
vn -0.0000 -0.7764 0.6303
vn -0.5490 -0.5490 -0.6303
vn -0.5490 -0.5490 0.6303
vn -0.7764 -0.0000 -0.6303
vn -0.7764 -0.0000 0.6303
vn -0.5490 0.5490 -0.6303
vn -0.5490 0.5490 0.6303
vt 1.000000 0.500000
vt 1.000000 1.000000
vt 0.875000 1.000000
vt 0.875000 0.500000
vt 0.750000 1.000000
vt 0.750000 0.500000
vt 0.625000 1.000000
vt 0.625000 0.500000
vt 0.500000 1.000000
vt 0.500000 0.500000
vt 0.375000 1.000000
vt 0.375000 0.500000
vt 0.250000 1.000000
vt 0.250000 0.500000
vt 0.419706 0.419706
vt 0.250000 0.490000
vt 0.080294 0.419706
vt 0.010000 0.250000
vt 0.080294 0.080294
vt 0.250000 0.010000
vt 0.419706 0.080294
vt 0.490000 0.250000
vt 0.125000 1.000000
vt 0.125000 0.500000
vt 0.000000 1.000000
vt 0.000000 0.500000
vt 0.750000 0.490000
vt 0.919706 0.419706
vt 0.990000 0.250000
vt 0.919706 0.080294
vt 0.750000 0.010000
vt 0.580294 0.080294
vt 0.510000 0.250000
vt 0.580294 0.419706
s 1
usemtl M_Black_Rubber
f 1321/2759/1319 1322/2760/1320 1324/2761/1322 1323/2762/1321
f 1323/2762/1321 1324/2761/1322 1326/2763/1324 1325/2764/1323
f 1325/2764/1323 1326/2763/1324 1328/2765/1326 1327/2766/1325
f 1327/2766/1325 1328/2765/1326 1330/2767/1328 1329/2768/1327
f 1329/2768/1327 1330/2767/1328 1332/2769/1330 1331/2770/1329
f 1331/2770/1329 1332/2769/1330 1334/2771/1332 1333/2772/1331
f 1324/2773/1322 1322/2774/1320 1336/2775/1334 1334/2776/1332 1332/2777/1330 1330/2778/1328 1328/2779/1326 1326/2780/1324
f 1333/2772/1331 1334/2771/1332 1336/2781/1334 1335/2782/1333
f 1335/2782/1333 1336/2781/1334 1322/2783/1320 1321/2784/1319
f 1321/2785/1319 1323/2786/1321 1325/2787/1323 1327/2788/1325 1329/2789/1327 1331/2790/1329 1333/2791/1331 1335/2792/1333
o Peg_Hole.080
v -0.025000 0.229000 0.000000
v -0.025000 0.229000 0.030000
v -0.022172 0.227828 0.000000
v -0.022172 0.227828 0.030000
v -0.021000 0.225000 0.000000
v -0.021000 0.225000 0.030000
v -0.022172 0.222172 0.000000
v -0.022172 0.222172 0.030000
v -0.025000 0.221000 0.000000
v -0.025000 0.221000 0.030000
v -0.027828 0.222172 0.000000
v -0.027828 0.222172 0.030000
v -0.029000 0.225000 0.000000
v -0.029000 0.225000 0.030000
v -0.027828 0.227828 0.000000
v -0.027828 0.227828 0.030000
vn -0.0000 0.7764 -0.6303
vn -0.0000 0.7764 0.6303
vn 0.5490 0.5490 -0.6303
vn 0.5490 0.5490 0.6303
vn 0.7764 -0.0000 -0.6303
vn 0.7764 -0.0000 0.6303
vn 0.5490 -0.5490 -0.6303
vn 0.5490 -0.5490 0.6303
vn -0.0000 -0.7764 -0.6303
vn -0.0000 -0.7764 0.6303
vn -0.5490 -0.5490 -0.6303
vn -0.5490 -0.5490 0.6303
vn -0.7764 -0.0000 -0.6303
vn -0.7764 -0.0000 0.6303
vn -0.5490 0.5490 -0.6303
vn -0.5490 0.5490 0.6303
vt 1.000000 0.500000
vt 1.000000 1.000000
vt 0.875000 1.000000
vt 0.875000 0.500000
vt 0.750000 1.000000
vt 0.750000 0.500000
vt 0.625000 1.000000
vt 0.625000 0.500000
vt 0.500000 1.000000
vt 0.500000 0.500000
vt 0.375000 1.000000
vt 0.375000 0.500000
vt 0.250000 1.000000
vt 0.250000 0.500000
vt 0.419706 0.419706
vt 0.250000 0.490000
vt 0.080294 0.419706
vt 0.010000 0.250000
vt 0.080294 0.080294
vt 0.250000 0.010000
vt 0.419706 0.080294
vt 0.490000 0.250000
vt 0.125000 1.000000
vt 0.125000 0.500000
vt 0.000000 1.000000
vt 0.000000 0.500000
vt 0.750000 0.490000
vt 0.919706 0.419706
vt 0.990000 0.250000
vt 0.919706 0.080294
vt 0.750000 0.010000
vt 0.580294 0.080294
vt 0.510000 0.250000
vt 0.580294 0.419706
s 1
usemtl M_Black_Rubber
f 1337/2793/1335 1338/2794/1336 1340/2795/1338 1339/2796/1337
f 1339/2796/1337 1340/2795/1338 1342/2797/1340 1341/2798/1339
f 1341/2798/1339 1342/2797/1340 1344/2799/1342 1343/2800/1341
f 1343/2800/1341 1344/2799/1342 1346/2801/1344 1345/2802/1343
f 1345/2802/1343 1346/2801/1344 1348/2803/1346 1347/2804/1345
f 1347/2804/1345 1348/2803/1346 1350/2805/1348 1349/2806/1347
f 1340/2807/1338 1338/2808/1336 1352/2809/1350 1350/2810/1348 1348/2811/1346 1346/2812/1344 1344/2813/1342 1342/2814/1340
f 1349/2806/1347 1350/2805/1348 1352/2815/1350 1351/2816/1349
f 1351/2816/1349 1352/2815/1350 1338/2817/1336 1337/2818/1335
f 1337/2819/1335 1339/2820/1337 1341/2821/1339 1343/2822/1341 1345/2823/1343 1347/2824/1345 1349/2825/1347 1351/2826/1349
o Peg_Hole.081
v 0.025000 0.229000 0.000000
v 0.025000 0.229000 0.030000
v 0.027828 0.227828 0.000000
v 0.027828 0.227828 0.030000
v 0.029000 0.225000 0.000000
v 0.029000 0.225000 0.030000
v 0.027828 0.222172 0.000000
v 0.027828 0.222172 0.030000
v 0.025000 0.221000 0.000000
v 0.025000 0.221000 0.030000
v 0.022172 0.222172 0.000000
v 0.022172 0.222172 0.030000
v 0.021000 0.225000 0.000000
v 0.021000 0.225000 0.030000
v 0.022172 0.227828 0.000000
v 0.022172 0.227828 0.030000
vn -0.0000 0.7764 -0.6303
vn -0.0000 0.7764 0.6303
vn 0.5490 0.5490 -0.6303
vn 0.5490 0.5490 0.6303
vn 0.7764 -0.0000 -0.6303
vn 0.7764 -0.0000 0.6303
vn 0.5490 -0.5490 -0.6303
vn 0.5490 -0.5490 0.6303
vn -0.0000 -0.7764 -0.6303
vn -0.0000 -0.7764 0.6303
vn -0.5490 -0.5490 -0.6303
vn -0.5490 -0.5490 0.6303
vn -0.7764 -0.0000 -0.6303
vn -0.7764 -0.0000 0.6303
vn -0.5490 0.5490 -0.6303
vn -0.5490 0.5490 0.6303
vt 1.000000 0.500000
vt 1.000000 1.000000
vt 0.875000 1.000000
vt 0.875000 0.500000
vt 0.750000 1.000000
vt 0.750000 0.500000
vt 0.625000 1.000000
vt 0.625000 0.500000
vt 0.500000 1.000000
vt 0.500000 0.500000
vt 0.375000 1.000000
vt 0.375000 0.500000
vt 0.250000 1.000000
vt 0.250000 0.500000
vt 0.419706 0.419706
vt 0.250000 0.490000
vt 0.080294 0.419706
vt 0.010000 0.250000
vt 0.080294 0.080294
vt 0.250000 0.010000
vt 0.419706 0.080294
vt 0.490000 0.250000
vt 0.125000 1.000000
vt 0.125000 0.500000
vt 0.000000 1.000000
vt 0.000000 0.500000
vt 0.750000 0.490000
vt 0.919706 0.419706
vt 0.990000 0.250000
vt 0.919706 0.080294
vt 0.750000 0.010000
vt 0.580294 0.080294
vt 0.510000 0.250000
vt 0.580294 0.419706
s 1
usemtl M_Black_Rubber
f 1353/2827/1351 1354/2828/1352 1356/2829/1354 1355/2830/1353
f 1355/2830/1353 1356/2829/1354 1358/2831/1356 1357/2832/1355
f 1357/2832/1355 1358/2831/1356 1360/2833/1358 1359/2834/1357
f 1359/2834/1357 1360/2833/1358 1362/2835/1360 1361/2836/1359
f 1361/2836/1359 1362/2835/1360 1364/2837/1362 1363/2838/1361
f 1363/2838/1361 1364/2837/1362 1366/2839/1364 1365/2840/1363
f 1356/2841/1354 1354/2842/1352 1368/2843/1366 1366/2844/1364 1364/2845/1362 1362/2846/1360 1360/2847/1358 1358/2848/1356
f 1365/2840/1363 1366/2839/1364 1368/2849/1366 1367/2850/1365
f 1367/2850/1365 1368/2849/1366 1354/2851/1352 1353/2852/1351
f 1353/2853/1351 1355/2854/1353 1357/2855/1355 1359/2856/1357 1361/2857/1359 1363/2858/1361 1365/2859/1363 1367/2860/1365
o Peg_Hole.082
v 0.075000 0.229000 0.000000
v 0.075000 0.229000 0.030000
v 0.077828 0.227828 0.000000
v 0.077828 0.227828 0.030000
v 0.079000 0.225000 0.000000
v 0.079000 0.225000 0.030000
v 0.077828 0.222172 0.000000
v 0.077828 0.222172 0.030000
v 0.075000 0.221000 0.000000
v 0.075000 0.221000 0.030000
v 0.072172 0.222172 0.000000
v 0.072172 0.222172 0.030000
v 0.071000 0.225000 0.000000
v 0.071000 0.225000 0.030000
v 0.072172 0.227828 0.000000
v 0.072172 0.227828 0.030000
vn -0.0000 0.7764 -0.6303
vn -0.0000 0.7764 0.6303
vn 0.5490 0.5490 -0.6303
vn 0.5490 0.5490 0.6303
vn 0.7764 -0.0000 -0.6303
vn 0.7764 -0.0000 0.6303
vn 0.5490 -0.5490 -0.6303
vn 0.5490 -0.5490 0.6303
vn -0.0000 -0.7764 -0.6303
vn -0.0000 -0.7764 0.6303
vn -0.5490 -0.5490 -0.6303
vn -0.5490 -0.5490 0.6303
vn -0.7764 -0.0000 -0.6303
vn -0.7764 -0.0000 0.6303
vn -0.5490 0.5490 -0.6303
vn -0.5490 0.5490 0.6303
vt 1.000000 0.500000
vt 1.000000 1.000000
vt 0.875000 1.000000
vt 0.875000 0.500000
vt 0.750000 1.000000
vt 0.750000 0.500000
vt 0.625000 1.000000
vt 0.625000 0.500000
vt 0.500000 1.000000
vt 0.500000 0.500000
vt 0.375000 1.000000
vt 0.375000 0.500000
vt 0.250000 1.000000
vt 0.250000 0.500000
vt 0.419706 0.419706
vt 0.250000 0.490000
vt 0.080294 0.419706
vt 0.010000 0.250000
vt 0.080294 0.080294
vt 0.250000 0.010000
vt 0.419706 0.080294
vt 0.490000 0.250000
vt 0.125000 1.000000
vt 0.125000 0.500000
vt 0.000000 1.000000
vt 0.000000 0.500000
vt 0.750000 0.490000
vt 0.919706 0.419706
vt 0.990000 0.250000
vt 0.919706 0.080294
vt 0.750000 0.010000
vt 0.580294 0.080294
vt 0.510000 0.250000
vt 0.580294 0.419706
s 1
usemtl M_Black_Rubber
f 1369/2861/1367 1370/2862/1368 1372/2863/1370 1371/2864/1369
f 1371/2864/1369 1372/2863/1370 1374/2865/1372 1373/2866/1371
f 1373/2866/1371 1374/2865/1372 1376/2867/1374 1375/2868/1373
f 1375/2868/1373 1376/2867/1374 1378/2869/1376 1377/2870/1375
f 1377/2870/1375 1378/2869/1376 1380/2871/1378 1379/2872/1377
f 1379/2872/1377 1380/2871/1378 1382/2873/1380 1381/2874/1379
f 1372/2875/1370 1370/2876/1368 1384/2877/1382 1382/2878/1380 1380/2879/1378 1378/2880/1376 1376/2881/1374 1374/2882/1372
f 1381/2874/1379 1382/2873/1380 1384/2883/1382 1383/2884/1381
f 1383/2884/1381 1384/2883/1382 1370/2885/1368 1369/2886/1367
f 1369/2887/1367 1371/2888/1369 1373/2889/1371 1375/2890/1373 1377/2891/1375 1379/2892/1377 1381/2893/1379 1383/2894/1381
o Peg_Hole.083
v 0.125000 0.229000 0.000000
v 0.125000 0.229000 0.030000
v 0.127828 0.227828 0.000000
v 0.127828 0.227828 0.030000
v 0.129000 0.225000 0.000000
v 0.129000 0.225000 0.030000
v 0.127828 0.222172 0.000000
v 0.127828 0.222172 0.030000
v 0.125000 0.221000 0.000000
v 0.125000 0.221000 0.030000
v 0.122172 0.222172 0.000000
v 0.122172 0.222172 0.030000
v 0.121000 0.225000 0.000000
v 0.121000 0.225000 0.030000
v 0.122172 0.227828 0.000000
v 0.122172 0.227828 0.030000
vn -0.0000 0.7764 -0.6303
vn -0.0000 0.7764 0.6303
vn 0.5490 0.5490 -0.6303
vn 0.5490 0.5490 0.6303
vn 0.7764 -0.0000 -0.6303
vn 0.7764 -0.0000 0.6303
vn 0.5490 -0.5490 -0.6303
vn 0.5490 -0.5490 0.6303
vn -0.0000 -0.7764 -0.6303
vn -0.0000 -0.7764 0.6303
vn -0.5490 -0.5490 -0.6303
vn -0.5490 -0.5490 0.6303
vn -0.7764 -0.0000 -0.6303
vn -0.7764 -0.0000 0.6303
vn -0.5490 0.5490 -0.6303
vn -0.5490 0.5490 0.6303
vt 1.000000 0.500000
vt 1.000000 1.000000
vt 0.875000 1.000000
vt 0.875000 0.500000
vt 0.750000 1.000000
vt 0.750000 0.500000
vt 0.625000 1.000000
vt 0.625000 0.500000
vt 0.500000 1.000000
vt 0.500000 0.500000
vt 0.375000 1.000000
vt 0.375000 0.500000
vt 0.250000 1.000000
vt 0.250000 0.500000
vt 0.419706 0.419706
vt 0.250000 0.490000
vt 0.080294 0.419706
vt 0.010000 0.250000
vt 0.080294 0.080294
vt 0.250000 0.010000
vt 0.419706 0.080294
vt 0.490000 0.250000
vt 0.125000 1.000000
vt 0.125000 0.500000
vt 0.000000 1.000000
vt 0.000000 0.500000
vt 0.750000 0.490000
vt 0.919706 0.419706
vt 0.990000 0.250000
vt 0.919706 0.080294
vt 0.750000 0.010000
vt 0.580294 0.080294
vt 0.510000 0.250000
vt 0.580294 0.419706
s 1
usemtl M_Black_Rubber
f 1385/2895/1383 1386/2896/1384 1388/2897/1386 1387/2898/1385
f 1387/2898/1385 1388/2897/1386 1390/2899/1388 1389/2900/1387
f 1389/2900/1387 1390/2899/1388 1392/2901/1390 1391/2902/1389
f 1391/2902/1389 1392/2901/1390 1394/2903/1392 1393/2904/1391
f 1393/2904/1391 1394/2903/1392 1396/2905/1394 1395/2906/1393
f 1395/2906/1393 1396/2905/1394 1398/2907/1396 1397/2908/1395
f 1388/2909/1386 1386/2910/1384 1400/2911/1398 1398/2912/1396 1396/2913/1394 1394/2914/1392 1392/2915/1390 1390/2916/1388
f 1397/2908/1395 1398/2907/1396 1400/2917/1398 1399/2918/1397
f 1399/2918/1397 1400/2917/1398 1386/2919/1384 1385/2920/1383
f 1385/2921/1383 1387/2922/1385 1389/2923/1387 1391/2924/1389 1393/2925/1391 1395/2926/1393 1397/2927/1395 1399/2928/1397
o Peg_Hole.084
v 0.175000 0.229000 0.000000
v 0.175000 0.229000 0.030000
v 0.177828 0.227828 0.000000
v 0.177828 0.227828 0.030000
v 0.179000 0.225000 0.000000
v 0.179000 0.225000 0.030000
v 0.177828 0.222172 0.000000
v 0.177828 0.222172 0.030000
v 0.175000 0.221000 0.000000
v 0.175000 0.221000 0.030000
v 0.172172 0.222172 0.000000
v 0.172172 0.222172 0.030000
v 0.171000 0.225000 0.000000
v 0.171000 0.225000 0.030000
v 0.172172 0.227828 0.000000
v 0.172172 0.227828 0.030000
vn -0.0000 0.7764 -0.6303
vn -0.0000 0.7764 0.6303
vn 0.5490 0.5490 -0.6303
vn 0.5490 0.5490 0.6303
vn 0.7764 -0.0000 -0.6303
vn 0.7764 -0.0000 0.6303
vn 0.5490 -0.5490 -0.6303
vn 0.5490 -0.5490 0.6303
vn -0.0000 -0.7764 -0.6303
vn -0.0000 -0.7764 0.6303
vn -0.5490 -0.5490 -0.6303
vn -0.5490 -0.5490 0.6303
vn -0.7764 -0.0000 -0.6303
vn -0.7764 -0.0000 0.6303
vn -0.5490 0.5490 -0.6303
vn -0.5490 0.5490 0.6303
vt 1.000000 0.500000
vt 1.000000 1.000000
vt 0.875000 1.000000
vt 0.875000 0.500000
vt 0.750000 1.000000
vt 0.750000 0.500000
vt 0.625000 1.000000
vt 0.625000 0.500000
vt 0.500000 1.000000
vt 0.500000 0.500000
vt 0.375000 1.000000
vt 0.375000 0.500000
vt 0.250000 1.000000
vt 0.250000 0.500000
vt 0.419706 0.419706
vt 0.250000 0.490000
vt 0.080294 0.419706
vt 0.010000 0.250000
vt 0.080294 0.080294
vt 0.250000 0.010000
vt 0.419706 0.080294
vt 0.490000 0.250000
vt 0.125000 1.000000
vt 0.125000 0.500000
vt 0.000000 1.000000
vt 0.000000 0.500000
vt 0.750000 0.490000
vt 0.919706 0.419706
vt 0.990000 0.250000
vt 0.919706 0.080294
vt 0.750000 0.010000
vt 0.580294 0.080294
vt 0.510000 0.250000
vt 0.580294 0.419706
s 1
usemtl M_Black_Rubber
f 1401/2929/1399 1402/2930/1400 1404/2931/1402 1403/2932/1401
f 1403/2932/1401 1404/2931/1402 1406/2933/1404 1405/2934/1403
f 1405/2934/1403 1406/2933/1404 1408/2935/1406 1407/2936/1405
f 1407/2936/1405 1408/2935/1406 1410/2937/1408 1409/2938/1407
f 1409/2938/1407 1410/2937/1408 1412/2939/1410 1411/2940/1409
f 1411/2940/1409 1412/2939/1410 1414/2941/1412 1413/2942/1411
f 1404/2943/1402 1402/2944/1400 1416/2945/1414 1414/2946/1412 1412/2947/1410 1410/2948/1408 1408/2949/1406 1406/2950/1404
f 1413/2942/1411 1414/2941/1412 1416/2951/1414 1415/2952/1413
f 1415/2952/1413 1416/2951/1414 1402/2953/1400 1401/2954/1399
f 1401/2955/1399 1403/2956/1401 1405/2957/1403 1407/2958/1405 1409/2959/1407 1411/2960/1409 1413/2961/1411 1415/2962/1413
o Peg_Hole.085
v 0.225000 0.229000 0.000000
v 0.225000 0.229000 0.030000
v 0.227828 0.227828 0.000000
v 0.227828 0.227828 0.030000
v 0.229000 0.225000 0.000000
v 0.229000 0.225000 0.030000
v 0.227828 0.222172 0.000000
v 0.227828 0.222172 0.030000
v 0.225000 0.221000 0.000000
v 0.225000 0.221000 0.030000
v 0.222172 0.222172 0.000000
v 0.222172 0.222172 0.030000
v 0.221000 0.225000 0.000000
v 0.221000 0.225000 0.030000
v 0.222172 0.227828 0.000000
v 0.222172 0.227828 0.030000
vn -0.0000 0.7764 -0.6303
vn -0.0000 0.7764 0.6303
vn 0.5490 0.5490 -0.6303
vn 0.5490 0.5490 0.6303
vn 0.7764 -0.0000 -0.6303
vn 0.7764 -0.0000 0.6303
vn 0.5490 -0.5490 -0.6303
vn 0.5490 -0.5490 0.6303
vn -0.0000 -0.7764 -0.6303
vn -0.0000 -0.7764 0.6303
vn -0.5490 -0.5490 -0.6303
vn -0.5490 -0.5490 0.6303
vn -0.7764 -0.0000 -0.6303
vn -0.7764 -0.0000 0.6303
vn -0.5490 0.5490 -0.6303
vn -0.5490 0.5490 0.6303
vt 1.000000 0.500000
vt 1.000000 1.000000
vt 0.875000 1.000000
vt 0.875000 0.500000
vt 0.750000 1.000000
vt 0.750000 0.500000
vt 0.625000 1.000000
vt 0.625000 0.500000
vt 0.500000 1.000000
vt 0.500000 0.500000
vt 0.375000 1.000000
vt 0.375000 0.500000
vt 0.250000 1.000000
vt 0.250000 0.500000
vt 0.419706 0.419706
vt 0.250000 0.490000
vt 0.080294 0.419706
vt 0.010000 0.250000
vt 0.080294 0.080294
vt 0.250000 0.010000
vt 0.419706 0.080294
vt 0.490000 0.250000
vt 0.125000 1.000000
vt 0.125000 0.500000
vt 0.000000 1.000000
vt 0.000000 0.500000
vt 0.750000 0.490000
vt 0.919706 0.419706
vt 0.990000 0.250000
vt 0.919706 0.080294
vt 0.750000 0.010000
vt 0.580294 0.080294
vt 0.510000 0.250000
vt 0.580294 0.419706
s 1
usemtl M_Black_Rubber
f 1417/2963/1415 1418/2964/1416 1420/2965/1418 1419/2966/1417
f 1419/2966/1417 1420/2965/1418 1422/2967/1420 1421/2968/1419
f 1421/2968/1419 1422/2967/1420 1424/2969/1422 1423/2970/1421
f 1423/2970/1421 1424/2969/1422 1426/2971/1424 1425/2972/1423
f 1425/2972/1423 1426/2971/1424 1428/2973/1426 1427/2974/1425
f 1427/2974/1425 1428/2973/1426 1430/2975/1428 1429/2976/1427
f 1420/2977/1418 1418/2978/1416 1432/2979/1430 1430/2980/1428 1428/2981/1426 1426/2982/1424 1424/2983/1422 1422/2984/1420
f 1429/2976/1427 1430/2975/1428 1432/2985/1430 1431/2986/1429
f 1431/2986/1429 1432/2985/1430 1418/2987/1416 1417/2988/1415
f 1417/2989/1415 1419/2990/1417 1421/2991/1419 1423/2992/1421 1425/2993/1423 1427/2994/1425 1429/2995/1427 1431/2996/1429
o Peg_Hole.086
v 0.275000 0.229000 0.000000
v 0.275000 0.229000 0.030000
v 0.277828 0.227828 0.000000
v 0.277828 0.227828 0.030000
v 0.279000 0.225000 0.000000
v 0.279000 0.225000 0.030000
v 0.277828 0.222172 0.000000
v 0.277828 0.222172 0.030000
v 0.275000 0.221000 0.000000
v 0.275000 0.221000 0.030000
v 0.272172 0.222172 0.000000
v 0.272172 0.222172 0.030000
v 0.271000 0.225000 0.000000
v 0.271000 0.225000 0.030000
v 0.272172 0.227828 0.000000
v 0.272172 0.227828 0.030000
vn -0.0000 0.7764 -0.6303
vn -0.0000 0.7764 0.6303
vn 0.5490 0.5490 -0.6303
vn 0.5490 0.5490 0.6303
vn 0.7764 -0.0000 -0.6303
vn 0.7764 -0.0000 0.6303
vn 0.5490 -0.5490 -0.6303
vn 0.5490 -0.5490 0.6303
vn -0.0000 -0.7764 -0.6303
vn -0.0000 -0.7764 0.6303
vn -0.5490 -0.5490 -0.6303
vn -0.5490 -0.5490 0.6303
vn -0.7764 -0.0000 -0.6303
vn -0.7764 -0.0000 0.6303
vn -0.5490 0.5490 -0.6303
vn -0.5490 0.5490 0.6303
vt 1.000000 0.500000
vt 1.000000 1.000000
vt 0.875000 1.000000
vt 0.875000 0.500000
vt 0.750000 1.000000
vt 0.750000 0.500000
vt 0.625000 1.000000
vt 0.625000 0.500000
vt 0.500000 1.000000
vt 0.500000 0.500000
vt 0.375000 1.000000
vt 0.375000 0.500000
vt 0.250000 1.000000
vt 0.250000 0.500000
vt 0.419706 0.419706
vt 0.250000 0.490000
vt 0.080294 0.419706
vt 0.010000 0.250000
vt 0.080294 0.080294
vt 0.250000 0.010000
vt 0.419706 0.080294
vt 0.490000 0.250000
vt 0.125000 1.000000
vt 0.125000 0.500000
vt 0.000000 1.000000
vt 0.000000 0.500000
vt 0.750000 0.490000
vt 0.919706 0.419706
vt 0.990000 0.250000
vt 0.919706 0.080294
vt 0.750000 0.010000
vt 0.580294 0.080294
vt 0.510000 0.250000
vt 0.580294 0.419706
s 1
usemtl M_Black_Rubber
f 1433/2997/1431 1434/2998/1432 1436/2999/1434 1435/3000/1433
f 1435/3000/1433 1436/2999/1434 1438/3001/1436 1437/3002/1435
f 1437/3002/1435 1438/3001/1436 1440/3003/1438 1439/3004/1437
f 1439/3004/1437 1440/3003/1438 1442/3005/1440 1441/3006/1439
f 1441/3006/1439 1442/3005/1440 1444/3007/1442 1443/3008/1441
f 1443/3008/1441 1444/3007/1442 1446/3009/1444 1445/3010/1443
f 1436/3011/1434 1434/3012/1432 1448/3013/1446 1446/3014/1444 1444/3015/1442 1442/3016/1440 1440/3017/1438 1438/3018/1436
f 1445/3010/1443 1446/3009/1444 1448/3019/1446 1447/3020/1445
f 1447/3020/1445 1448/3019/1446 1434/3021/1432 1433/3022/1431
f 1433/3023/1431 1435/3024/1433 1437/3025/1435 1439/3026/1437 1441/3027/1439 1443/3028/1441 1445/3029/1443 1447/3030/1445
o Peg_Hole.087
v 0.325000 0.229000 0.000000
v 0.325000 0.229000 0.030000
v 0.327828 0.227828 0.000000
v 0.327828 0.227828 0.030000
v 0.329000 0.225000 0.000000
v 0.329000 0.225000 0.030000
v 0.327828 0.222172 0.000000
v 0.327828 0.222172 0.030000
v 0.325000 0.221000 0.000000
v 0.325000 0.221000 0.030000
v 0.322172 0.222172 0.000000
v 0.322172 0.222172 0.030000
v 0.321000 0.225000 0.000000
v 0.321000 0.225000 0.030000
v 0.322172 0.227828 0.000000
v 0.322172 0.227828 0.030000
vn -0.0000 0.7764 -0.6303
vn -0.0000 0.7764 0.6303
vn 0.5490 0.5490 -0.6303
vn 0.5490 0.5490 0.6303
vn 0.7764 -0.0000 -0.6303
vn 0.7764 -0.0000 0.6303
vn 0.5490 -0.5490 -0.6303
vn 0.5490 -0.5490 0.6303
vn -0.0000 -0.7764 -0.6303
vn -0.0000 -0.7764 0.6303
vn -0.5490 -0.5490 -0.6303
vn -0.5490 -0.5490 0.6303
vn -0.7764 -0.0000 -0.6303
vn -0.7764 -0.0000 0.6303
vn -0.5490 0.5490 -0.6303
vn -0.5490 0.5490 0.6303
vt 1.000000 0.500000
vt 1.000000 1.000000
vt 0.875000 1.000000
vt 0.875000 0.500000
vt 0.750000 1.000000
vt 0.750000 0.500000
vt 0.625000 1.000000
vt 0.625000 0.500000
vt 0.500000 1.000000
vt 0.500000 0.500000
vt 0.375000 1.000000
vt 0.375000 0.500000
vt 0.250000 1.000000
vt 0.250000 0.500000
vt 0.419706 0.419706
vt 0.250000 0.490000
vt 0.080294 0.419706
vt 0.010000 0.250000
vt 0.080294 0.080294
vt 0.250000 0.010000
vt 0.419706 0.080294
vt 0.490000 0.250000
vt 0.125000 1.000000
vt 0.125000 0.500000
vt 0.000000 1.000000
vt 0.000000 0.500000
vt 0.750000 0.490000
vt 0.919706 0.419706
vt 0.990000 0.250000
vt 0.919706 0.080294
vt 0.750000 0.010000
vt 0.580294 0.080294
vt 0.510000 0.250000
vt 0.580294 0.419706
s 1
usemtl M_Black_Rubber
f 1449/3031/1447 1450/3032/1448 1452/3033/1450 1451/3034/1449
f 1451/3034/1449 1452/3033/1450 1454/3035/1452 1453/3036/1451
f 1453/3036/1451 1454/3035/1452 1456/3037/1454 1455/3038/1453
f 1455/3038/1453 1456/3037/1454 1458/3039/1456 1457/3040/1455
f 1457/3040/1455 1458/3039/1456 1460/3041/1458 1459/3042/1457
f 1459/3042/1457 1460/3041/1458 1462/3043/1460 1461/3044/1459
f 1452/3045/1450 1450/3046/1448 1464/3047/1462 1462/3048/1460 1460/3049/1458 1458/3050/1456 1456/3051/1454 1454/3052/1452
f 1461/3044/1459 1462/3043/1460 1464/3053/1462 1463/3054/1461
f 1463/3054/1461 1464/3053/1462 1450/3055/1448 1449/3056/1447
f 1449/3057/1447 1451/3058/1449 1453/3059/1451 1455/3060/1453 1457/3061/1455 1459/3062/1457 1461/3063/1459 1463/3064/1461
o Peg_Hole.088
v 0.375000 0.229000 0.000000
v 0.375000 0.229000 0.030000
v 0.377828 0.227828 0.000000
v 0.377828 0.227828 0.030000
v 0.379000 0.225000 0.000000
v 0.379000 0.225000 0.030000
v 0.377828 0.222172 0.000000
v 0.377828 0.222172 0.030000
v 0.375000 0.221000 0.000000
v 0.375000 0.221000 0.030000
v 0.372172 0.222172 0.000000
v 0.372172 0.222172 0.030000
v 0.371000 0.225000 0.000000
v 0.371000 0.225000 0.030000
v 0.372172 0.227828 0.000000
v 0.372172 0.227828 0.030000
vn -0.0000 0.7764 -0.6303
vn -0.0000 0.7764 0.6303
vn 0.5490 0.5490 -0.6303
vn 0.5490 0.5490 0.6303
vn 0.7764 -0.0000 -0.6303
vn 0.7764 -0.0000 0.6303
vn 0.5490 -0.5490 -0.6303
vn 0.5490 -0.5490 0.6303
vn -0.0000 -0.7764 -0.6303
vn -0.0000 -0.7764 0.6303
vn -0.5490 -0.5490 -0.6303
vn -0.5490 -0.5490 0.6303
vn -0.7764 -0.0000 -0.6303
vn -0.7764 -0.0000 0.6303
vn -0.5490 0.5490 -0.6303
vn -0.5490 0.5490 0.6303
vt 1.000000 0.500000
vt 1.000000 1.000000
vt 0.875000 1.000000
vt 0.875000 0.500000
vt 0.750000 1.000000
vt 0.750000 0.500000
vt 0.625000 1.000000
vt 0.625000 0.500000
vt 0.500000 1.000000
vt 0.500000 0.500000
vt 0.375000 1.000000
vt 0.375000 0.500000
vt 0.250000 1.000000
vt 0.250000 0.500000
vt 0.419706 0.419706
vt 0.250000 0.490000
vt 0.080294 0.419706
vt 0.010000 0.250000
vt 0.080294 0.080294
vt 0.250000 0.010000
vt 0.419706 0.080294
vt 0.490000 0.250000
vt 0.125000 1.000000
vt 0.125000 0.500000
vt 0.000000 1.000000
vt 0.000000 0.500000
vt 0.750000 0.490000
vt 0.919706 0.419706
vt 0.990000 0.250000
vt 0.919706 0.080294
vt 0.750000 0.010000
vt 0.580294 0.080294
vt 0.510000 0.250000
vt 0.580294 0.419706
s 1
usemtl M_Black_Rubber
f 1465/3065/1463 1466/3066/1464 1468/3067/1466 1467/3068/1465
f 1467/3068/1465 1468/3067/1466 1470/3069/1468 1469/3070/1467
f 1469/3070/1467 1470/3069/1468 1472/3071/1470 1471/3072/1469
f 1471/3072/1469 1472/3071/1470 1474/3073/1472 1473/3074/1471
f 1473/3074/1471 1474/3073/1472 1476/3075/1474 1475/3076/1473
f 1475/3076/1473 1476/3075/1474 1478/3077/1476 1477/3078/1475
f 1468/3079/1466 1466/3080/1464 1480/3081/1478 1478/3082/1476 1476/3083/1474 1474/3084/1472 1472/3085/1470 1470/3086/1468
f 1477/3078/1475 1478/3077/1476 1480/3087/1478 1479/3088/1477
f 1479/3088/1477 1480/3087/1478 1466/3089/1464 1465/3090/1463
f 1465/3091/1463 1467/3092/1465 1469/3093/1467 1471/3094/1469 1473/3095/1471 1475/3096/1473 1477/3097/1475 1479/3098/1477
o Peg_Hole.089
v 0.425000 0.229000 0.000000
v 0.425000 0.229000 0.030000
v 0.427828 0.227828 0.000000
v 0.427828 0.227828 0.030000
v 0.429000 0.225000 0.000000
v 0.429000 0.225000 0.030000
v 0.427828 0.222172 0.000000
v 0.427828 0.222172 0.030000
v 0.425000 0.221000 0.000000
v 0.425000 0.221000 0.030000
v 0.422172 0.222172 0.000000
v 0.422172 0.222172 0.030000
v 0.421000 0.225000 0.000000
v 0.421000 0.225000 0.030000
v 0.422172 0.227828 0.000000
v 0.422172 0.227828 0.030000
vn -0.0000 0.7764 -0.6303
vn -0.0000 0.7764 0.6303
vn 0.5490 0.5490 -0.6303
vn 0.5490 0.5490 0.6303
vn 0.7764 -0.0000 -0.6303
vn 0.7764 -0.0000 0.6303
vn 0.5490 -0.5490 -0.6303
vn 0.5490 -0.5490 0.6303
vn -0.0000 -0.7764 -0.6303
vn -0.0000 -0.7764 0.6303
vn -0.5490 -0.5490 -0.6303
vn -0.5490 -0.5490 0.6303
vn -0.7764 -0.0000 -0.6303
vn -0.7764 -0.0000 0.6303
vn -0.5490 0.5490 -0.6303
vn -0.5490 0.5490 0.6303
vt 1.000000 0.500000
vt 1.000000 1.000000
vt 0.875000 1.000000
vt 0.875000 0.500000
vt 0.750000 1.000000
vt 0.750000 0.500000
vt 0.625000 1.000000
vt 0.625000 0.500000
vt 0.500000 1.000000
vt 0.500000 0.500000
vt 0.375000 1.000000
vt 0.375000 0.500000
vt 0.250000 1.000000
vt 0.250000 0.500000
vt 0.419706 0.419706
vt 0.250000 0.490000
vt 0.080294 0.419706
vt 0.010000 0.250000
vt 0.080294 0.080294
vt 0.250000 0.010000
vt 0.419706 0.080294
vt 0.490000 0.250000
vt 0.125000 1.000000
vt 0.125000 0.500000
vt 0.000000 1.000000
vt 0.000000 0.500000
vt 0.750000 0.490000
vt 0.919706 0.419706
vt 0.990000 0.250000
vt 0.919706 0.080294
vt 0.750000 0.010000
vt 0.580294 0.080294
vt 0.510000 0.250000
vt 0.580294 0.419706
s 1
usemtl M_Black_Rubber
f 1481/3099/1479 1482/3100/1480 1484/3101/1482 1483/3102/1481
f 1483/3102/1481 1484/3101/1482 1486/3103/1484 1485/3104/1483
f 1485/3104/1483 1486/3103/1484 1488/3105/1486 1487/3106/1485
f 1487/3106/1485 1488/3105/1486 1490/3107/1488 1489/3108/1487
f 1489/3108/1487 1490/3107/1488 1492/3109/1490 1491/3110/1489
f 1491/3110/1489 1492/3109/1490 1494/3111/1492 1493/3112/1491
f 1484/3113/1482 1482/3114/1480 1496/3115/1494 1494/3116/1492 1492/3117/1490 1490/3118/1488 1488/3119/1486 1486/3120/1484
f 1493/3112/1491 1494/3111/1492 1496/3121/1494 1495/3122/1493
f 1495/3122/1493 1496/3121/1494 1482/3123/1480 1481/3124/1479
f 1481/3125/1479 1483/3126/1481 1485/3127/1483 1487/3128/1485 1489/3129/1487 1491/3130/1489 1493/3131/1491 1495/3132/1493
o Peg_Hole.090
v -0.425000 0.279000 0.000000
v -0.425000 0.279000 0.030000
v -0.422172 0.277828 0.000000
v -0.422172 0.277828 0.030000
v -0.421000 0.275000 0.000000
v -0.421000 0.275000 0.030000
v -0.422172 0.272172 0.000000
v -0.422172 0.272172 0.030000
v -0.425000 0.271000 0.000000
v -0.425000 0.271000 0.030000
v -0.427828 0.272172 0.000000
v -0.427828 0.272172 0.030000
v -0.429000 0.275000 0.000000
v -0.429000 0.275000 0.030000
v -0.427828 0.277828 0.000000
v -0.427828 0.277828 0.030000
vn -0.0000 0.7764 -0.6303
vn -0.0000 0.7764 0.6303
vn 0.5490 0.5490 -0.6303
vn 0.5490 0.5490 0.6303
vn 0.7764 -0.0000 -0.6303
vn 0.7764 -0.0000 0.6303
vn 0.5490 -0.5490 -0.6303
vn 0.5490 -0.5490 0.6303
vn -0.0000 -0.7764 -0.6303
vn -0.0000 -0.7764 0.6303
vn -0.5490 -0.5490 -0.6303
vn -0.5490 -0.5490 0.6303
vn -0.7764 -0.0000 -0.6303
vn -0.7764 -0.0000 0.6303
vn -0.5490 0.5490 -0.6303
vn -0.5490 0.5490 0.6303
vt 1.000000 0.500000
vt 1.000000 1.000000
vt 0.875000 1.000000
vt 0.875000 0.500000
vt 0.750000 1.000000
vt 0.750000 0.500000
vt 0.625000 1.000000
vt 0.625000 0.500000
vt 0.500000 1.000000
vt 0.500000 0.500000
vt 0.375000 1.000000
vt 0.375000 0.500000
vt 0.250000 1.000000
vt 0.250000 0.500000
vt 0.419706 0.419706
vt 0.250000 0.490000
vt 0.080294 0.419706
vt 0.010000 0.250000
vt 0.080294 0.080294
vt 0.250000 0.010000
vt 0.419706 0.080294
vt 0.490000 0.250000
vt 0.125000 1.000000
vt 0.125000 0.500000
vt 0.000000 1.000000
vt 0.000000 0.500000
vt 0.750000 0.490000
vt 0.919706 0.419706
vt 0.990000 0.250000
vt 0.919706 0.080294
vt 0.750000 0.010000
vt 0.580294 0.080294
vt 0.510000 0.250000
vt 0.580294 0.419706
s 1
usemtl M_Black_Rubber
f 1497/3133/1495 1498/3134/1496 1500/3135/1498 1499/3136/1497
f 1499/3136/1497 1500/3135/1498 1502/3137/1500 1501/3138/1499
f 1501/3138/1499 1502/3137/1500 1504/3139/1502 1503/3140/1501
f 1503/3140/1501 1504/3139/1502 1506/3141/1504 1505/3142/1503
f 1505/3142/1503 1506/3141/1504 1508/3143/1506 1507/3144/1505
f 1507/3144/1505 1508/3143/1506 1510/3145/1508 1509/3146/1507
f 1500/3147/1498 1498/3148/1496 1512/3149/1510 1510/3150/1508 1508/3151/1506 1506/3152/1504 1504/3153/1502 1502/3154/1500
f 1509/3146/1507 1510/3145/1508 1512/3155/1510 1511/3156/1509
f 1511/3156/1509 1512/3155/1510 1498/3157/1496 1497/3158/1495
f 1497/3159/1495 1499/3160/1497 1501/3161/1499 1503/3162/1501 1505/3163/1503 1507/3164/1505 1509/3165/1507 1511/3166/1509
o Peg_Hole.091
v -0.375000 0.279000 0.000000
v -0.375000 0.279000 0.030000
v -0.372172 0.277828 0.000000
v -0.372172 0.277828 0.030000
v -0.371000 0.275000 0.000000
v -0.371000 0.275000 0.030000
v -0.372172 0.272172 0.000000
v -0.372172 0.272172 0.030000
v -0.375000 0.271000 0.000000
v -0.375000 0.271000 0.030000
v -0.377828 0.272172 0.000000
v -0.377828 0.272172 0.030000
v -0.379000 0.275000 0.000000
v -0.379000 0.275000 0.030000
v -0.377828 0.277828 0.000000
v -0.377828 0.277828 0.030000
vn -0.0000 0.7764 -0.6303
vn -0.0000 0.7764 0.6303
vn 0.5490 0.5490 -0.6303
vn 0.5490 0.5490 0.6303
vn 0.7764 -0.0000 -0.6303
vn 0.7764 -0.0000 0.6303
vn 0.5490 -0.5490 -0.6303
vn 0.5490 -0.5490 0.6303
vn -0.0000 -0.7764 -0.6303
vn -0.0000 -0.7764 0.6303
vn -0.5490 -0.5490 -0.6303
vn -0.5490 -0.5490 0.6303
vn -0.7764 -0.0000 -0.6303
vn -0.7764 -0.0000 0.6303
vn -0.5490 0.5490 -0.6303
vn -0.5490 0.5490 0.6303
vt 1.000000 0.500000
vt 1.000000 1.000000
vt 0.875000 1.000000
vt 0.875000 0.500000
vt 0.750000 1.000000
vt 0.750000 0.500000
vt 0.625000 1.000000
vt 0.625000 0.500000
vt 0.500000 1.000000
vt 0.500000 0.500000
vt 0.375000 1.000000
vt 0.375000 0.500000
vt 0.250000 1.000000
vt 0.250000 0.500000
vt 0.419706 0.419706
vt 0.250000 0.490000
vt 0.080294 0.419706
vt 0.010000 0.250000
vt 0.080294 0.080294
vt 0.250000 0.010000
vt 0.419706 0.080294
vt 0.490000 0.250000
vt 0.125000 1.000000
vt 0.125000 0.500000
vt 0.000000 1.000000
vt 0.000000 0.500000
vt 0.750000 0.490000
vt 0.919706 0.419706
vt 0.990000 0.250000
vt 0.919706 0.080294
vt 0.750000 0.010000
vt 0.580294 0.080294
vt 0.510000 0.250000
vt 0.580294 0.419706
s 1
usemtl M_Black_Rubber
f 1513/3167/1511 1514/3168/1512 1516/3169/1514 1515/3170/1513
f 1515/3170/1513 1516/3169/1514 1518/3171/1516 1517/3172/1515
f 1517/3172/1515 1518/3171/1516 1520/3173/1518 1519/3174/1517
f 1519/3174/1517 1520/3173/1518 1522/3175/1520 1521/3176/1519
f 1521/3176/1519 1522/3175/1520 1524/3177/1522 1523/3178/1521
f 1523/3178/1521 1524/3177/1522 1526/3179/1524 1525/3180/1523
f 1516/3181/1514 1514/3182/1512 1528/3183/1526 1526/3184/1524 1524/3185/1522 1522/3186/1520 1520/3187/1518 1518/3188/1516
f 1525/3180/1523 1526/3179/1524 1528/3189/1526 1527/3190/1525
f 1527/3190/1525 1528/3189/1526 1514/3191/1512 1513/3192/1511
f 1513/3193/1511 1515/3194/1513 1517/3195/1515 1519/3196/1517 1521/3197/1519 1523/3198/1521 1525/3199/1523 1527/3200/1525
o Peg_Hole.092
v -0.325000 0.279000 0.000000
v -0.325000 0.279000 0.030000
v -0.322172 0.277828 0.000000
v -0.322172 0.277828 0.030000
v -0.321000 0.275000 0.000000
v -0.321000 0.275000 0.030000
v -0.322172 0.272172 0.000000
v -0.322172 0.272172 0.030000
v -0.325000 0.271000 0.000000
v -0.325000 0.271000 0.030000
v -0.327828 0.272172 0.000000
v -0.327828 0.272172 0.030000
v -0.329000 0.275000 0.000000
v -0.329000 0.275000 0.030000
v -0.327828 0.277828 0.000000
v -0.327828 0.277828 0.030000
vn -0.0000 0.7764 -0.6303
vn -0.0000 0.7764 0.6303
vn 0.5490 0.5490 -0.6303
vn 0.5490 0.5490 0.6303
vn 0.7764 -0.0000 -0.6303
vn 0.7764 -0.0000 0.6303
vn 0.5490 -0.5490 -0.6303
vn 0.5490 -0.5490 0.6303
vn -0.0000 -0.7764 -0.6303
vn -0.0000 -0.7764 0.6303
vn -0.5490 -0.5490 -0.6303
vn -0.5490 -0.5490 0.6303
vn -0.7764 -0.0000 -0.6303
vn -0.7764 -0.0000 0.6303
vn -0.5490 0.5490 -0.6303
vn -0.5490 0.5490 0.6303
vt 1.000000 0.500000
vt 1.000000 1.000000
vt 0.875000 1.000000
vt 0.875000 0.500000
vt 0.750000 1.000000
vt 0.750000 0.500000
vt 0.625000 1.000000
vt 0.625000 0.500000
vt 0.500000 1.000000
vt 0.500000 0.500000
vt 0.375000 1.000000
vt 0.375000 0.500000
vt 0.250000 1.000000
vt 0.250000 0.500000
vt 0.419706 0.419706
vt 0.250000 0.490000
vt 0.080294 0.419706
vt 0.010000 0.250000
vt 0.080294 0.080294
vt 0.250000 0.010000
vt 0.419706 0.080294
vt 0.490000 0.250000
vt 0.125000 1.000000
vt 0.125000 0.500000
vt 0.000000 1.000000
vt 0.000000 0.500000
vt 0.750000 0.490000
vt 0.919706 0.419706
vt 0.990000 0.250000
vt 0.919706 0.080294
vt 0.750000 0.010000
vt 0.580294 0.080294
vt 0.510000 0.250000
vt 0.580294 0.419706
s 1
usemtl M_Black_Rubber
f 1529/3201/1527 1530/3202/1528 1532/3203/1530 1531/3204/1529
f 1531/3204/1529 1532/3203/1530 1534/3205/1532 1533/3206/1531
f 1533/3206/1531 1534/3205/1532 1536/3207/1534 1535/3208/1533
f 1535/3208/1533 1536/3207/1534 1538/3209/1536 1537/3210/1535
f 1537/3210/1535 1538/3209/1536 1540/3211/1538 1539/3212/1537
f 1539/3212/1537 1540/3211/1538 1542/3213/1540 1541/3214/1539
f 1532/3215/1530 1530/3216/1528 1544/3217/1542 1542/3218/1540 1540/3219/1538 1538/3220/1536 1536/3221/1534 1534/3222/1532
f 1541/3214/1539 1542/3213/1540 1544/3223/1542 1543/3224/1541
f 1543/3224/1541 1544/3223/1542 1530/3225/1528 1529/3226/1527
f 1529/3227/1527 1531/3228/1529 1533/3229/1531 1535/3230/1533 1537/3231/1535 1539/3232/1537 1541/3233/1539 1543/3234/1541
o Peg_Hole.093
v -0.275000 0.279000 0.000000
v -0.275000 0.279000 0.030000
v -0.272172 0.277828 0.000000
v -0.272172 0.277828 0.030000
v -0.271000 0.275000 0.000000
v -0.271000 0.275000 0.030000
v -0.272172 0.272172 0.000000
v -0.272172 0.272172 0.030000
v -0.275000 0.271000 0.000000
v -0.275000 0.271000 0.030000
v -0.277828 0.272172 0.000000
v -0.277828 0.272172 0.030000
v -0.279000 0.275000 0.000000
v -0.279000 0.275000 0.030000
v -0.277828 0.277828 0.000000
v -0.277828 0.277828 0.030000
vn -0.0000 0.7764 -0.6303
vn -0.0000 0.7764 0.6303
vn 0.5490 0.5490 -0.6303
vn 0.5490 0.5490 0.6303
vn 0.7764 -0.0000 -0.6303
vn 0.7764 -0.0000 0.6303
vn 0.5490 -0.5490 -0.6303
vn 0.5490 -0.5490 0.6303
vn -0.0000 -0.7764 -0.6303
vn -0.0000 -0.7764 0.6303
vn -0.5490 -0.5490 -0.6303
vn -0.5490 -0.5490 0.6303
vn -0.7764 -0.0000 -0.6303
vn -0.7764 -0.0000 0.6303
vn -0.5490 0.5490 -0.6303
vn -0.5490 0.5490 0.6303
vt 1.000000 0.500000
vt 1.000000 1.000000
vt 0.875000 1.000000
vt 0.875000 0.500000
vt 0.750000 1.000000
vt 0.750000 0.500000
vt 0.625000 1.000000
vt 0.625000 0.500000
vt 0.500000 1.000000
vt 0.500000 0.500000
vt 0.375000 1.000000
vt 0.375000 0.500000
vt 0.250000 1.000000
vt 0.250000 0.500000
vt 0.419706 0.419706
vt 0.250000 0.490000
vt 0.080294 0.419706
vt 0.010000 0.250000
vt 0.080294 0.080294
vt 0.250000 0.010000
vt 0.419706 0.080294
vt 0.490000 0.250000
vt 0.125000 1.000000
vt 0.125000 0.500000
vt 0.000000 1.000000
vt 0.000000 0.500000
vt 0.750000 0.490000
vt 0.919706 0.419706
vt 0.990000 0.250000
vt 0.919706 0.080294
vt 0.750000 0.010000
vt 0.580294 0.080294
vt 0.510000 0.250000
vt 0.580294 0.419706
s 1
usemtl M_Black_Rubber
f 1545/3235/1543 1546/3236/1544 1548/3237/1546 1547/3238/1545
f 1547/3238/1545 1548/3237/1546 1550/3239/1548 1549/3240/1547
f 1549/3240/1547 1550/3239/1548 1552/3241/1550 1551/3242/1549
f 1551/3242/1549 1552/3241/1550 1554/3243/1552 1553/3244/1551
f 1553/3244/1551 1554/3243/1552 1556/3245/1554 1555/3246/1553
f 1555/3246/1553 1556/3245/1554 1558/3247/1556 1557/3248/1555
f 1548/3249/1546 1546/3250/1544 1560/3251/1558 1558/3252/1556 1556/3253/1554 1554/3254/1552 1552/3255/1550 1550/3256/1548
f 1557/3248/1555 1558/3247/1556 1560/3257/1558 1559/3258/1557
f 1559/3258/1557 1560/3257/1558 1546/3259/1544 1545/3260/1543
f 1545/3261/1543 1547/3262/1545 1549/3263/1547 1551/3264/1549 1553/3265/1551 1555/3266/1553 1557/3267/1555 1559/3268/1557
o Peg_Hole.094
v -0.225000 0.279000 0.000000
v -0.225000 0.279000 0.030000
v -0.222172 0.277828 0.000000
v -0.222172 0.277828 0.030000
v -0.221000 0.275000 0.000000
v -0.221000 0.275000 0.030000
v -0.222172 0.272172 0.000000
v -0.222172 0.272172 0.030000
v -0.225000 0.271000 0.000000
v -0.225000 0.271000 0.030000
v -0.227828 0.272172 0.000000
v -0.227828 0.272172 0.030000
v -0.229000 0.275000 0.000000
v -0.229000 0.275000 0.030000
v -0.227828 0.277828 0.000000
v -0.227828 0.277828 0.030000
vn -0.0000 0.7764 -0.6303
vn -0.0000 0.7764 0.6303
vn 0.5490 0.5490 -0.6303
vn 0.5490 0.5490 0.6303
vn 0.7764 -0.0000 -0.6303
vn 0.7764 -0.0000 0.6303
vn 0.5490 -0.5490 -0.6303
vn 0.5490 -0.5490 0.6303
vn -0.0000 -0.7764 -0.6303
vn -0.0000 -0.7764 0.6303
vn -0.5490 -0.5490 -0.6303
vn -0.5490 -0.5490 0.6303
vn -0.7764 -0.0000 -0.6303
vn -0.7764 -0.0000 0.6303
vn -0.5490 0.5490 -0.6303
vn -0.5490 0.5490 0.6303
vt 1.000000 0.500000
vt 1.000000 1.000000
vt 0.875000 1.000000
vt 0.875000 0.500000
vt 0.750000 1.000000
vt 0.750000 0.500000
vt 0.625000 1.000000
vt 0.625000 0.500000
vt 0.500000 1.000000
vt 0.500000 0.500000
vt 0.375000 1.000000
vt 0.375000 0.500000
vt 0.250000 1.000000
vt 0.250000 0.500000
vt 0.419706 0.419706
vt 0.250000 0.490000
vt 0.080294 0.419706
vt 0.010000 0.250000
vt 0.080294 0.080294
vt 0.250000 0.010000
vt 0.419706 0.080294
vt 0.490000 0.250000
vt 0.125000 1.000000
vt 0.125000 0.500000
vt 0.000000 1.000000
vt 0.000000 0.500000
vt 0.750000 0.490000
vt 0.919706 0.419706
vt 0.990000 0.250000
vt 0.919706 0.080294
vt 0.750000 0.010000
vt 0.580294 0.080294
vt 0.510000 0.250000
vt 0.580294 0.419706
s 1
usemtl M_Black_Rubber
f 1561/3269/1559 1562/3270/1560 1564/3271/1562 1563/3272/1561
f 1563/3272/1561 1564/3271/1562 1566/3273/1564 1565/3274/1563
f 1565/3274/1563 1566/3273/1564 1568/3275/1566 1567/3276/1565
f 1567/3276/1565 1568/3275/1566 1570/3277/1568 1569/3278/1567
f 1569/3278/1567 1570/3277/1568 1572/3279/1570 1571/3280/1569
f 1571/3280/1569 1572/3279/1570 1574/3281/1572 1573/3282/1571
f 1564/3283/1562 1562/3284/1560 1576/3285/1574 1574/3286/1572 1572/3287/1570 1570/3288/1568 1568/3289/1566 1566/3290/1564
f 1573/3282/1571 1574/3281/1572 1576/3291/1574 1575/3292/1573
f 1575/3292/1573 1576/3291/1574 1562/3293/1560 1561/3294/1559
f 1561/3295/1559 1563/3296/1561 1565/3297/1563 1567/3298/1565 1569/3299/1567 1571/3300/1569 1573/3301/1571 1575/3302/1573
o Peg_Hole.095
v -0.175000 0.279000 0.000000
v -0.175000 0.279000 0.030000
v -0.172172 0.277828 0.000000
v -0.172172 0.277828 0.030000
v -0.171000 0.275000 0.000000
v -0.171000 0.275000 0.030000
v -0.172172 0.272172 0.000000
v -0.172172 0.272172 0.030000
v -0.175000 0.271000 0.000000
v -0.175000 0.271000 0.030000
v -0.177828 0.272172 0.000000
v -0.177828 0.272172 0.030000
v -0.179000 0.275000 0.000000
v -0.179000 0.275000 0.030000
v -0.177828 0.277828 0.000000
v -0.177828 0.277828 0.030000
vn -0.0000 0.7764 -0.6303
vn -0.0000 0.7764 0.6303
vn 0.5490 0.5490 -0.6303
vn 0.5490 0.5490 0.6303
vn 0.7764 -0.0000 -0.6303
vn 0.7764 -0.0000 0.6303
vn 0.5490 -0.5490 -0.6303
vn 0.5490 -0.5490 0.6303
vn -0.0000 -0.7764 -0.6303
vn -0.0000 -0.7764 0.6303
vn -0.5490 -0.5490 -0.6303
vn -0.5490 -0.5490 0.6303
vn -0.7764 -0.0000 -0.6303
vn -0.7764 -0.0000 0.6303
vn -0.5490 0.5490 -0.6303
vn -0.5490 0.5490 0.6303
vt 1.000000 0.500000
vt 1.000000 1.000000
vt 0.875000 1.000000
vt 0.875000 0.500000
vt 0.750000 1.000000
vt 0.750000 0.500000
vt 0.625000 1.000000
vt 0.625000 0.500000
vt 0.500000 1.000000
vt 0.500000 0.500000
vt 0.375000 1.000000
vt 0.375000 0.500000
vt 0.250000 1.000000
vt 0.250000 0.500000
vt 0.419706 0.419706
vt 0.250000 0.490000
vt 0.080294 0.419706
vt 0.010000 0.250000
vt 0.080294 0.080294
vt 0.250000 0.010000
vt 0.419706 0.080294
vt 0.490000 0.250000
vt 0.125000 1.000000
vt 0.125000 0.500000
vt 0.000000 1.000000
vt 0.000000 0.500000
vt 0.750000 0.490000
vt 0.919706 0.419706
vt 0.990000 0.250000
vt 0.919706 0.080294
vt 0.750000 0.010000
vt 0.580294 0.080294
vt 0.510000 0.250000
vt 0.580294 0.419706
s 1
usemtl M_Black_Rubber
f 1577/3303/1575 1578/3304/1576 1580/3305/1578 1579/3306/1577
f 1579/3306/1577 1580/3305/1578 1582/3307/1580 1581/3308/1579
f 1581/3308/1579 1582/3307/1580 1584/3309/1582 1583/3310/1581
f 1583/3310/1581 1584/3309/1582 1586/3311/1584 1585/3312/1583
f 1585/3312/1583 1586/3311/1584 1588/3313/1586 1587/3314/1585
f 1587/3314/1585 1588/3313/1586 1590/3315/1588 1589/3316/1587
f 1580/3317/1578 1578/3318/1576 1592/3319/1590 1590/3320/1588 1588/3321/1586 1586/3322/1584 1584/3323/1582 1582/3324/1580
f 1589/3316/1587 1590/3315/1588 1592/3325/1590 1591/3326/1589
f 1591/3326/1589 1592/3325/1590 1578/3327/1576 1577/3328/1575
f 1577/3329/1575 1579/3330/1577 1581/3331/1579 1583/3332/1581 1585/3333/1583 1587/3334/1585 1589/3335/1587 1591/3336/1589
o Peg_Hole.096
v -0.125000 0.279000 0.000000
v -0.125000 0.279000 0.030000
v -0.122172 0.277828 0.000000
v -0.122172 0.277828 0.030000
v -0.121000 0.275000 0.000000
v -0.121000 0.275000 0.030000
v -0.122172 0.272172 0.000000
v -0.122172 0.272172 0.030000
v -0.125000 0.271000 0.000000
v -0.125000 0.271000 0.030000
v -0.127828 0.272172 0.000000
v -0.127828 0.272172 0.030000
v -0.129000 0.275000 0.000000
v -0.129000 0.275000 0.030000
v -0.127828 0.277828 0.000000
v -0.127828 0.277828 0.030000
vn -0.0000 0.7764 -0.6303
vn -0.0000 0.7764 0.6303
vn 0.5490 0.5490 -0.6303
vn 0.5490 0.5490 0.6303
vn 0.7764 -0.0000 -0.6303
vn 0.7764 -0.0000 0.6303
vn 0.5490 -0.5490 -0.6303
vn 0.5490 -0.5490 0.6303
vn -0.0000 -0.7764 -0.6303
vn -0.0000 -0.7764 0.6303
vn -0.5490 -0.5490 -0.6303
vn -0.5490 -0.5490 0.6303
vn -0.7764 -0.0000 -0.6303
vn -0.7764 -0.0000 0.6303
vn -0.5490 0.5490 -0.6303
vn -0.5490 0.5490 0.6303
vt 1.000000 0.500000
vt 1.000000 1.000000
vt 0.875000 1.000000
vt 0.875000 0.500000
vt 0.750000 1.000000
vt 0.750000 0.500000
vt 0.625000 1.000000
vt 0.625000 0.500000
vt 0.500000 1.000000
vt 0.500000 0.500000
vt 0.375000 1.000000
vt 0.375000 0.500000
vt 0.250000 1.000000
vt 0.250000 0.500000
vt 0.419706 0.419706
vt 0.250000 0.490000
vt 0.080294 0.419706
vt 0.010000 0.250000
vt 0.080294 0.080294
vt 0.250000 0.010000
vt 0.419706 0.080294
vt 0.490000 0.250000
vt 0.125000 1.000000
vt 0.125000 0.500000
vt 0.000000 1.000000
vt 0.000000 0.500000
vt 0.750000 0.490000
vt 0.919706 0.419706
vt 0.990000 0.250000
vt 0.919706 0.080294
vt 0.750000 0.010000
vt 0.580294 0.080294
vt 0.510000 0.250000
vt 0.580294 0.419706
s 1
usemtl M_Black_Rubber
f 1593/3337/1591 1594/3338/1592 1596/3339/1594 1595/3340/1593
f 1595/3340/1593 1596/3339/1594 1598/3341/1596 1597/3342/1595
f 1597/3342/1595 1598/3341/1596 1600/3343/1598 1599/3344/1597
f 1599/3344/1597 1600/3343/1598 1602/3345/1600 1601/3346/1599
f 1601/3346/1599 1602/3345/1600 1604/3347/1602 1603/3348/1601
f 1603/3348/1601 1604/3347/1602 1606/3349/1604 1605/3350/1603
f 1596/3351/1594 1594/3352/1592 1608/3353/1606 1606/3354/1604 1604/3355/1602 1602/3356/1600 1600/3357/1598 1598/3358/1596
f 1605/3350/1603 1606/3349/1604 1608/3359/1606 1607/3360/1605
f 1607/3360/1605 1608/3359/1606 1594/3361/1592 1593/3362/1591
f 1593/3363/1591 1595/3364/1593 1597/3365/1595 1599/3366/1597 1601/3367/1599 1603/3368/1601 1605/3369/1603 1607/3370/1605
o Peg_Hole.097
v -0.075000 0.279000 0.000000
v -0.075000 0.279000 0.030000
v -0.072172 0.277828 0.000000
v -0.072172 0.277828 0.030000
v -0.071000 0.275000 0.000000
v -0.071000 0.275000 0.030000
v -0.072172 0.272172 0.000000
v -0.072172 0.272172 0.030000
v -0.075000 0.271000 0.000000
v -0.075000 0.271000 0.030000
v -0.077828 0.272172 0.000000
v -0.077828 0.272172 0.030000
v -0.079000 0.275000 0.000000
v -0.079000 0.275000 0.030000
v -0.077828 0.277828 0.000000
v -0.077828 0.277828 0.030000
vn -0.0000 0.7764 -0.6303
vn -0.0000 0.7764 0.6303
vn 0.5490 0.5490 -0.6303
vn 0.5490 0.5490 0.6303
vn 0.7764 -0.0000 -0.6303
vn 0.7764 -0.0000 0.6303
vn 0.5490 -0.5490 -0.6303
vn 0.5490 -0.5490 0.6303
vn -0.0000 -0.7764 -0.6303
vn -0.0000 -0.7764 0.6303
vn -0.5490 -0.5490 -0.6303
vn -0.5490 -0.5490 0.6303
vn -0.7764 -0.0000 -0.6303
vn -0.7764 -0.0000 0.6303
vn -0.5490 0.5490 -0.6303
vn -0.5490 0.5490 0.6303
vt 1.000000 0.500000
vt 1.000000 1.000000
vt 0.875000 1.000000
vt 0.875000 0.500000
vt 0.750000 1.000000
vt 0.750000 0.500000
vt 0.625000 1.000000
vt 0.625000 0.500000
vt 0.500000 1.000000
vt 0.500000 0.500000
vt 0.375000 1.000000
vt 0.375000 0.500000
vt 0.250000 1.000000
vt 0.250000 0.500000
vt 0.419706 0.419706
vt 0.250000 0.490000
vt 0.080294 0.419706
vt 0.010000 0.250000
vt 0.080294 0.080294
vt 0.250000 0.010000
vt 0.419706 0.080294
vt 0.490000 0.250000
vt 0.125000 1.000000
vt 0.125000 0.500000
vt 0.000000 1.000000
vt 0.000000 0.500000
vt 0.750000 0.490000
vt 0.919706 0.419706
vt 0.990000 0.250000
vt 0.919706 0.080294
vt 0.750000 0.010000
vt 0.580294 0.080294
vt 0.510000 0.250000
vt 0.580294 0.419706
s 1
usemtl M_Black_Rubber
f 1609/3371/1607 1610/3372/1608 1612/3373/1610 1611/3374/1609
f 1611/3374/1609 1612/3373/1610 1614/3375/1612 1613/3376/1611
f 1613/3376/1611 1614/3375/1612 1616/3377/1614 1615/3378/1613
f 1615/3378/1613 1616/3377/1614 1618/3379/1616 1617/3380/1615
f 1617/3380/1615 1618/3379/1616 1620/3381/1618 1619/3382/1617
f 1619/3382/1617 1620/3381/1618 1622/3383/1620 1621/3384/1619
f 1612/3385/1610 1610/3386/1608 1624/3387/1622 1622/3388/1620 1620/3389/1618 1618/3390/1616 1616/3391/1614 1614/3392/1612
f 1621/3384/1619 1622/3383/1620 1624/3393/1622 1623/3394/1621
f 1623/3394/1621 1624/3393/1622 1610/3395/1608 1609/3396/1607
f 1609/3397/1607 1611/3398/1609 1613/3399/1611 1615/3400/1613 1617/3401/1615 1619/3402/1617 1621/3403/1619 1623/3404/1621
o Peg_Hole.098
v -0.025000 0.279000 0.000000
v -0.025000 0.279000 0.030000
v -0.022172 0.277828 0.000000
v -0.022172 0.277828 0.030000
v -0.021000 0.275000 0.000000
v -0.021000 0.275000 0.030000
v -0.022172 0.272172 0.000000
v -0.022172 0.272172 0.030000
v -0.025000 0.271000 0.000000
v -0.025000 0.271000 0.030000
v -0.027828 0.272172 0.000000
v -0.027828 0.272172 0.030000
v -0.029000 0.275000 0.000000
v -0.029000 0.275000 0.030000
v -0.027828 0.277828 0.000000
v -0.027828 0.277828 0.030000
vn -0.0000 0.7764 -0.6303
vn -0.0000 0.7764 0.6303
vn 0.5490 0.5490 -0.6303
vn 0.5490 0.5490 0.6303
vn 0.7764 -0.0000 -0.6303
vn 0.7764 -0.0000 0.6303
vn 0.5490 -0.5490 -0.6303
vn 0.5490 -0.5490 0.6303
vn -0.0000 -0.7764 -0.6303
vn -0.0000 -0.7764 0.6303
vn -0.5490 -0.5490 -0.6303
vn -0.5490 -0.5490 0.6303
vn -0.7764 -0.0000 -0.6303
vn -0.7764 -0.0000 0.6303
vn -0.5490 0.5490 -0.6303
vn -0.5490 0.5490 0.6303
vt 1.000000 0.500000
vt 1.000000 1.000000
vt 0.875000 1.000000
vt 0.875000 0.500000
vt 0.750000 1.000000
vt 0.750000 0.500000
vt 0.625000 1.000000
vt 0.625000 0.500000
vt 0.500000 1.000000
vt 0.500000 0.500000
vt 0.375000 1.000000
vt 0.375000 0.500000
vt 0.250000 1.000000
vt 0.250000 0.500000
vt 0.419706 0.419706
vt 0.250000 0.490000
vt 0.080294 0.419706
vt 0.010000 0.250000
vt 0.080294 0.080294
vt 0.250000 0.010000
vt 0.419706 0.080294
vt 0.490000 0.250000
vt 0.125000 1.000000
vt 0.125000 0.500000
vt 0.000000 1.000000
vt 0.000000 0.500000
vt 0.750000 0.490000
vt 0.919706 0.419706
vt 0.990000 0.250000
vt 0.919706 0.080294
vt 0.750000 0.010000
vt 0.580294 0.080294
vt 0.510000 0.250000
vt 0.580294 0.419706
s 1
usemtl M_Black_Rubber
f 1625/3405/1623 1626/3406/1624 1628/3407/1626 1627/3408/1625
f 1627/3408/1625 1628/3407/1626 1630/3409/1628 1629/3410/1627
f 1629/3410/1627 1630/3409/1628 1632/3411/1630 1631/3412/1629
f 1631/3412/1629 1632/3411/1630 1634/3413/1632 1633/3414/1631
f 1633/3414/1631 1634/3413/1632 1636/3415/1634 1635/3416/1633
f 1635/3416/1633 1636/3415/1634 1638/3417/1636 1637/3418/1635
f 1628/3419/1626 1626/3420/1624 1640/3421/1638 1638/3422/1636 1636/3423/1634 1634/3424/1632 1632/3425/1630 1630/3426/1628
f 1637/3418/1635 1638/3417/1636 1640/3427/1638 1639/3428/1637
f 1639/3428/1637 1640/3427/1638 1626/3429/1624 1625/3430/1623
f 1625/3431/1623 1627/3432/1625 1629/3433/1627 1631/3434/1629 1633/3435/1631 1635/3436/1633 1637/3437/1635 1639/3438/1637
o Peg_Hole.099
v 0.025000 0.279000 0.000000
v 0.025000 0.279000 0.030000
v 0.027828 0.277828 0.000000
v 0.027828 0.277828 0.030000
v 0.029000 0.275000 0.000000
v 0.029000 0.275000 0.030000
v 0.027828 0.272172 0.000000
v 0.027828 0.272172 0.030000
v 0.025000 0.271000 0.000000
v 0.025000 0.271000 0.030000
v 0.022172 0.272172 0.000000
v 0.022172 0.272172 0.030000
v 0.021000 0.275000 0.000000
v 0.021000 0.275000 0.030000
v 0.022172 0.277828 0.000000
v 0.022172 0.277828 0.030000
vn -0.0000 0.7764 -0.6303
vn -0.0000 0.7764 0.6303
vn 0.5490 0.5490 -0.6303
vn 0.5490 0.5490 0.6303
vn 0.7764 -0.0000 -0.6303
vn 0.7764 -0.0000 0.6303
vn 0.5490 -0.5490 -0.6303
vn 0.5490 -0.5490 0.6303
vn -0.0000 -0.7764 -0.6303
vn -0.0000 -0.7764 0.6303
vn -0.5490 -0.5490 -0.6303
vn -0.5490 -0.5490 0.6303
vn -0.7764 -0.0000 -0.6303
vn -0.7764 -0.0000 0.6303
vn -0.5490 0.5490 -0.6303
vn -0.5490 0.5490 0.6303
vt 1.000000 0.500000
vt 1.000000 1.000000
vt 0.875000 1.000000
vt 0.875000 0.500000
vt 0.750000 1.000000
vt 0.750000 0.500000
vt 0.625000 1.000000
vt 0.625000 0.500000
vt 0.500000 1.000000
vt 0.500000 0.500000
vt 0.375000 1.000000
vt 0.375000 0.500000
vt 0.250000 1.000000
vt 0.250000 0.500000
vt 0.419706 0.419706
vt 0.250000 0.490000
vt 0.080294 0.419706
vt 0.010000 0.250000
vt 0.080294 0.080294
vt 0.250000 0.010000
vt 0.419706 0.080294
vt 0.490000 0.250000
vt 0.125000 1.000000
vt 0.125000 0.500000
vt 0.000000 1.000000
vt 0.000000 0.500000
vt 0.750000 0.490000
vt 0.919706 0.419706
vt 0.990000 0.250000
vt 0.919706 0.080294
vt 0.750000 0.010000
vt 0.580294 0.080294
vt 0.510000 0.250000
vt 0.580294 0.419706
s 1
usemtl M_Black_Rubber
f 1641/3439/1639 1642/3440/1640 1644/3441/1642 1643/3442/1641
f 1643/3442/1641 1644/3441/1642 1646/3443/1644 1645/3444/1643
f 1645/3444/1643 1646/3443/1644 1648/3445/1646 1647/3446/1645
f 1647/3446/1645 1648/3445/1646 1650/3447/1648 1649/3448/1647
f 1649/3448/1647 1650/3447/1648 1652/3449/1650 1651/3450/1649
f 1651/3450/1649 1652/3449/1650 1654/3451/1652 1653/3452/1651
f 1644/3453/1642 1642/3454/1640 1656/3455/1654 1654/3456/1652 1652/3457/1650 1650/3458/1648 1648/3459/1646 1646/3460/1644
f 1653/3452/1651 1654/3451/1652 1656/3461/1654 1655/3462/1653
f 1655/3462/1653 1656/3461/1654 1642/3463/1640 1641/3464/1639
f 1641/3465/1639 1643/3466/1641 1645/3467/1643 1647/3468/1645 1649/3469/1647 1651/3470/1649 1653/3471/1651 1655/3472/1653
o Peg_Hole.100
v 0.075000 0.279000 0.000000
v 0.075000 0.279000 0.030000
v 0.077828 0.277828 0.000000
v 0.077828 0.277828 0.030000
v 0.079000 0.275000 0.000000
v 0.079000 0.275000 0.030000
v 0.077828 0.272172 0.000000
v 0.077828 0.272172 0.030000
v 0.075000 0.271000 0.000000
v 0.075000 0.271000 0.030000
v 0.072172 0.272172 0.000000
v 0.072172 0.272172 0.030000
v 0.071000 0.275000 0.000000
v 0.071000 0.275000 0.030000
v 0.072172 0.277828 0.000000
v 0.072172 0.277828 0.030000
vn -0.0000 0.7764 -0.6303
vn -0.0000 0.7764 0.6303
vn 0.5490 0.5490 -0.6303
vn 0.5490 0.5490 0.6303
vn 0.7764 -0.0000 -0.6303
vn 0.7764 -0.0000 0.6303
vn 0.5490 -0.5490 -0.6303
vn 0.5490 -0.5490 0.6303
vn -0.0000 -0.7764 -0.6303
vn -0.0000 -0.7764 0.6303
vn -0.5490 -0.5490 -0.6303
vn -0.5490 -0.5490 0.6303
vn -0.7764 -0.0000 -0.6303
vn -0.7764 -0.0000 0.6303
vn -0.5490 0.5490 -0.6303
vn -0.5490 0.5490 0.6303
vt 1.000000 0.500000
vt 1.000000 1.000000
vt 0.875000 1.000000
vt 0.875000 0.500000
vt 0.750000 1.000000
vt 0.750000 0.500000
vt 0.625000 1.000000
vt 0.625000 0.500000
vt 0.500000 1.000000
vt 0.500000 0.500000
vt 0.375000 1.000000
vt 0.375000 0.500000
vt 0.250000 1.000000
vt 0.250000 0.500000
vt 0.419706 0.419706
vt 0.250000 0.490000
vt 0.080294 0.419706
vt 0.010000 0.250000
vt 0.080294 0.080294
vt 0.250000 0.010000
vt 0.419706 0.080294
vt 0.490000 0.250000
vt 0.125000 1.000000
vt 0.125000 0.500000
vt 0.000000 1.000000
vt 0.000000 0.500000
vt 0.750000 0.490000
vt 0.919706 0.419706
vt 0.990000 0.250000
vt 0.919706 0.080294
vt 0.750000 0.010000
vt 0.580294 0.080294
vt 0.510000 0.250000
vt 0.580294 0.419706
s 1
usemtl M_Black_Rubber
f 1657/3473/1655 1658/3474/1656 1660/3475/1658 1659/3476/1657
f 1659/3476/1657 1660/3475/1658 1662/3477/1660 1661/3478/1659
f 1661/3478/1659 1662/3477/1660 1664/3479/1662 1663/3480/1661
f 1663/3480/1661 1664/3479/1662 1666/3481/1664 1665/3482/1663
f 1665/3482/1663 1666/3481/1664 1668/3483/1666 1667/3484/1665
f 1667/3484/1665 1668/3483/1666 1670/3485/1668 1669/3486/1667
f 1660/3487/1658 1658/3488/1656 1672/3489/1670 1670/3490/1668 1668/3491/1666 1666/3492/1664 1664/3493/1662 1662/3494/1660
f 1669/3486/1667 1670/3485/1668 1672/3495/1670 1671/3496/1669
f 1671/3496/1669 1672/3495/1670 1658/3497/1656 1657/3498/1655
f 1657/3499/1655 1659/3500/1657 1661/3501/1659 1663/3502/1661 1665/3503/1663 1667/3504/1665 1669/3505/1667 1671/3506/1669
o Peg_Hole.101
v 0.125000 0.279000 0.000000
v 0.125000 0.279000 0.030000
v 0.127828 0.277828 0.000000
v 0.127828 0.277828 0.030000
v 0.129000 0.275000 0.000000
v 0.129000 0.275000 0.030000
v 0.127828 0.272172 0.000000
v 0.127828 0.272172 0.030000
v 0.125000 0.271000 0.000000
v 0.125000 0.271000 0.030000
v 0.122172 0.272172 0.000000
v 0.122172 0.272172 0.030000
v 0.121000 0.275000 0.000000
v 0.121000 0.275000 0.030000
v 0.122172 0.277828 0.000000
v 0.122172 0.277828 0.030000
vn -0.0000 0.7764 -0.6303
vn -0.0000 0.7764 0.6303
vn 0.5490 0.5490 -0.6303
vn 0.5490 0.5490 0.6303
vn 0.7764 -0.0000 -0.6303
vn 0.7764 -0.0000 0.6303
vn 0.5490 -0.5490 -0.6303
vn 0.5490 -0.5490 0.6303
vn -0.0000 -0.7764 -0.6303
vn -0.0000 -0.7764 0.6303
vn -0.5490 -0.5490 -0.6303
vn -0.5490 -0.5490 0.6303
vn -0.7764 -0.0000 -0.6303
vn -0.7764 -0.0000 0.6303
vn -0.5490 0.5490 -0.6303
vn -0.5490 0.5490 0.6303
vt 1.000000 0.500000
vt 1.000000 1.000000
vt 0.875000 1.000000
vt 0.875000 0.500000
vt 0.750000 1.000000
vt 0.750000 0.500000
vt 0.625000 1.000000
vt 0.625000 0.500000
vt 0.500000 1.000000
vt 0.500000 0.500000
vt 0.375000 1.000000
vt 0.375000 0.500000
vt 0.250000 1.000000
vt 0.250000 0.500000
vt 0.419706 0.419706
vt 0.250000 0.490000
vt 0.080294 0.419706
vt 0.010000 0.250000
vt 0.080294 0.080294
vt 0.250000 0.010000
vt 0.419706 0.080294
vt 0.490000 0.250000
vt 0.125000 1.000000
vt 0.125000 0.500000
vt 0.000000 1.000000
vt 0.000000 0.500000
vt 0.750000 0.490000
vt 0.919706 0.419706
vt 0.990000 0.250000
vt 0.919706 0.080294
vt 0.750000 0.010000
vt 0.580294 0.080294
vt 0.510000 0.250000
vt 0.580294 0.419706
s 1
usemtl M_Black_Rubber
f 1673/3507/1671 1674/3508/1672 1676/3509/1674 1675/3510/1673
f 1675/3510/1673 1676/3509/1674 1678/3511/1676 1677/3512/1675
f 1677/3512/1675 1678/3511/1676 1680/3513/1678 1679/3514/1677
f 1679/3514/1677 1680/3513/1678 1682/3515/1680 1681/3516/1679
f 1681/3516/1679 1682/3515/1680 1684/3517/1682 1683/3518/1681
f 1683/3518/1681 1684/3517/1682 1686/3519/1684 1685/3520/1683
f 1676/3521/1674 1674/3522/1672 1688/3523/1686 1686/3524/1684 1684/3525/1682 1682/3526/1680 1680/3527/1678 1678/3528/1676
f 1685/3520/1683 1686/3519/1684 1688/3529/1686 1687/3530/1685
f 1687/3530/1685 1688/3529/1686 1674/3531/1672 1673/3532/1671
f 1673/3533/1671 1675/3534/1673 1677/3535/1675 1679/3536/1677 1681/3537/1679 1683/3538/1681 1685/3539/1683 1687/3540/1685
o Peg_Hole.102
v 0.175000 0.279000 0.000000
v 0.175000 0.279000 0.030000
v 0.177828 0.277828 0.000000
v 0.177828 0.277828 0.030000
v 0.179000 0.275000 0.000000
v 0.179000 0.275000 0.030000
v 0.177828 0.272172 0.000000
v 0.177828 0.272172 0.030000
v 0.175000 0.271000 0.000000
v 0.175000 0.271000 0.030000
v 0.172172 0.272172 0.000000
v 0.172172 0.272172 0.030000
v 0.171000 0.275000 0.000000
v 0.171000 0.275000 0.030000
v 0.172172 0.277828 0.000000
v 0.172172 0.277828 0.030000
vn -0.0000 0.7764 -0.6303
vn -0.0000 0.7764 0.6303
vn 0.5490 0.5490 -0.6303
vn 0.5490 0.5490 0.6303
vn 0.7764 -0.0000 -0.6303
vn 0.7764 -0.0000 0.6303
vn 0.5490 -0.5490 -0.6303
vn 0.5490 -0.5490 0.6303
vn -0.0000 -0.7764 -0.6303
vn -0.0000 -0.7764 0.6303
vn -0.5490 -0.5490 -0.6303
vn -0.5490 -0.5490 0.6303
vn -0.7764 -0.0000 -0.6303
vn -0.7764 -0.0000 0.6303
vn -0.5490 0.5490 -0.6303
vn -0.5490 0.5490 0.6303
vt 1.000000 0.500000
vt 1.000000 1.000000
vt 0.875000 1.000000
vt 0.875000 0.500000
vt 0.750000 1.000000
vt 0.750000 0.500000
vt 0.625000 1.000000
vt 0.625000 0.500000
vt 0.500000 1.000000
vt 0.500000 0.500000
vt 0.375000 1.000000
vt 0.375000 0.500000
vt 0.250000 1.000000
vt 0.250000 0.500000
vt 0.419706 0.419706
vt 0.250000 0.490000
vt 0.080294 0.419706
vt 0.010000 0.250000
vt 0.080294 0.080294
vt 0.250000 0.010000
vt 0.419706 0.080294
vt 0.490000 0.250000
vt 0.125000 1.000000
vt 0.125000 0.500000
vt 0.000000 1.000000
vt 0.000000 0.500000
vt 0.750000 0.490000
vt 0.919706 0.419706
vt 0.990000 0.250000
vt 0.919706 0.080294
vt 0.750000 0.010000
vt 0.580294 0.080294
vt 0.510000 0.250000
vt 0.580294 0.419706
s 1
usemtl M_Black_Rubber
f 1689/3541/1687 1690/3542/1688 1692/3543/1690 1691/3544/1689
f 1691/3544/1689 1692/3543/1690 1694/3545/1692 1693/3546/1691
f 1693/3546/1691 1694/3545/1692 1696/3547/1694 1695/3548/1693
f 1695/3548/1693 1696/3547/1694 1698/3549/1696 1697/3550/1695
f 1697/3550/1695 1698/3549/1696 1700/3551/1698 1699/3552/1697
f 1699/3552/1697 1700/3551/1698 1702/3553/1700 1701/3554/1699
f 1692/3555/1690 1690/3556/1688 1704/3557/1702 1702/3558/1700 1700/3559/1698 1698/3560/1696 1696/3561/1694 1694/3562/1692
f 1701/3554/1699 1702/3553/1700 1704/3563/1702 1703/3564/1701
f 1703/3564/1701 1704/3563/1702 1690/3565/1688 1689/3566/1687
f 1689/3567/1687 1691/3568/1689 1693/3569/1691 1695/3570/1693 1697/3571/1695 1699/3572/1697 1701/3573/1699 1703/3574/1701
o Peg_Hole.103
v 0.225000 0.279000 0.000000
v 0.225000 0.279000 0.030000
v 0.227828 0.277828 0.000000
v 0.227828 0.277828 0.030000
v 0.229000 0.275000 0.000000
v 0.229000 0.275000 0.030000
v 0.227828 0.272172 0.000000
v 0.227828 0.272172 0.030000
v 0.225000 0.271000 0.000000
v 0.225000 0.271000 0.030000
v 0.222172 0.272172 0.000000
v 0.222172 0.272172 0.030000
v 0.221000 0.275000 0.000000
v 0.221000 0.275000 0.030000
v 0.222172 0.277828 0.000000
v 0.222172 0.277828 0.030000
vn -0.0000 0.7764 -0.6303
vn -0.0000 0.7764 0.6303
vn 0.5490 0.5490 -0.6303
vn 0.5490 0.5490 0.6303
vn 0.7764 -0.0000 -0.6303
vn 0.7764 -0.0000 0.6303
vn 0.5490 -0.5490 -0.6303
vn 0.5490 -0.5490 0.6303
vn -0.0000 -0.7764 -0.6303
vn -0.0000 -0.7764 0.6303
vn -0.5490 -0.5490 -0.6303
vn -0.5490 -0.5490 0.6303
vn -0.7764 -0.0000 -0.6303
vn -0.7764 -0.0000 0.6303
vn -0.5490 0.5490 -0.6303
vn -0.5490 0.5490 0.6303
vt 1.000000 0.500000
vt 1.000000 1.000000
vt 0.875000 1.000000
vt 0.875000 0.500000
vt 0.750000 1.000000
vt 0.750000 0.500000
vt 0.625000 1.000000
vt 0.625000 0.500000
vt 0.500000 1.000000
vt 0.500000 0.500000
vt 0.375000 1.000000
vt 0.375000 0.500000
vt 0.250000 1.000000
vt 0.250000 0.500000
vt 0.419706 0.419706
vt 0.250000 0.490000
vt 0.080294 0.419706
vt 0.010000 0.250000
vt 0.080294 0.080294
vt 0.250000 0.010000
vt 0.419706 0.080294
vt 0.490000 0.250000
vt 0.125000 1.000000
vt 0.125000 0.500000
vt 0.000000 1.000000
vt 0.000000 0.500000
vt 0.750000 0.490000
vt 0.919706 0.419706
vt 0.990000 0.250000
vt 0.919706 0.080294
vt 0.750000 0.010000
vt 0.580294 0.080294
vt 0.510000 0.250000
vt 0.580294 0.419706
s 1
usemtl M_Black_Rubber
f 1705/3575/1703 1706/3576/1704 1708/3577/1706 1707/3578/1705
f 1707/3578/1705 1708/3577/1706 1710/3579/1708 1709/3580/1707
f 1709/3580/1707 1710/3579/1708 1712/3581/1710 1711/3582/1709
f 1711/3582/1709 1712/3581/1710 1714/3583/1712 1713/3584/1711
f 1713/3584/1711 1714/3583/1712 1716/3585/1714 1715/3586/1713
f 1715/3586/1713 1716/3585/1714 1718/3587/1716 1717/3588/1715
f 1708/3589/1706 1706/3590/1704 1720/3591/1718 1718/3592/1716 1716/3593/1714 1714/3594/1712 1712/3595/1710 1710/3596/1708
f 1717/3588/1715 1718/3587/1716 1720/3597/1718 1719/3598/1717
f 1719/3598/1717 1720/3597/1718 1706/3599/1704 1705/3600/1703
f 1705/3601/1703 1707/3602/1705 1709/3603/1707 1711/3604/1709 1713/3605/1711 1715/3606/1713 1717/3607/1715 1719/3608/1717
o Peg_Hole.104
v 0.275000 0.279000 0.000000
v 0.275000 0.279000 0.030000
v 0.277828 0.277828 0.000000
v 0.277828 0.277828 0.030000
v 0.279000 0.275000 0.000000
v 0.279000 0.275000 0.030000
v 0.277828 0.272172 0.000000
v 0.277828 0.272172 0.030000
v 0.275000 0.271000 0.000000
v 0.275000 0.271000 0.030000
v 0.272172 0.272172 0.000000
v 0.272172 0.272172 0.030000
v 0.271000 0.275000 0.000000
v 0.271000 0.275000 0.030000
v 0.272172 0.277828 0.000000
v 0.272172 0.277828 0.030000
vn -0.0000 0.7764 -0.6303
vn -0.0000 0.7764 0.6303
vn 0.5490 0.5490 -0.6303
vn 0.5490 0.5490 0.6303
vn 0.7764 -0.0000 -0.6303
vn 0.7764 -0.0000 0.6303
vn 0.5490 -0.5490 -0.6303
vn 0.5490 -0.5490 0.6303
vn -0.0000 -0.7764 -0.6303
vn -0.0000 -0.7764 0.6303
vn -0.5490 -0.5490 -0.6303
vn -0.5490 -0.5490 0.6303
vn -0.7764 -0.0000 -0.6303
vn -0.7764 -0.0000 0.6303
vn -0.5490 0.5490 -0.6303
vn -0.5490 0.5490 0.6303
vt 1.000000 0.500000
vt 1.000000 1.000000
vt 0.875000 1.000000
vt 0.875000 0.500000
vt 0.750000 1.000000
vt 0.750000 0.500000
vt 0.625000 1.000000
vt 0.625000 0.500000
vt 0.500000 1.000000
vt 0.500000 0.500000
vt 0.375000 1.000000
vt 0.375000 0.500000
vt 0.250000 1.000000
vt 0.250000 0.500000
vt 0.419706 0.419706
vt 0.250000 0.490000
vt 0.080294 0.419706
vt 0.010000 0.250000
vt 0.080294 0.080294
vt 0.250000 0.010000
vt 0.419706 0.080294
vt 0.490000 0.250000
vt 0.125000 1.000000
vt 0.125000 0.500000
vt 0.000000 1.000000
vt 0.000000 0.500000
vt 0.750000 0.490000
vt 0.919706 0.419706
vt 0.990000 0.250000
vt 0.919706 0.080294
vt 0.750000 0.010000
vt 0.580294 0.080294
vt 0.510000 0.250000
vt 0.580294 0.419706
s 1
usemtl M_Black_Rubber
f 1721/3609/1719 1722/3610/1720 1724/3611/1722 1723/3612/1721
f 1723/3612/1721 1724/3611/1722 1726/3613/1724 1725/3614/1723
f 1725/3614/1723 1726/3613/1724 1728/3615/1726 1727/3616/1725
f 1727/3616/1725 1728/3615/1726 1730/3617/1728 1729/3618/1727
f 1729/3618/1727 1730/3617/1728 1732/3619/1730 1731/3620/1729
f 1731/3620/1729 1732/3619/1730 1734/3621/1732 1733/3622/1731
f 1724/3623/1722 1722/3624/1720 1736/3625/1734 1734/3626/1732 1732/3627/1730 1730/3628/1728 1728/3629/1726 1726/3630/1724
f 1733/3622/1731 1734/3621/1732 1736/3631/1734 1735/3632/1733
f 1735/3632/1733 1736/3631/1734 1722/3633/1720 1721/3634/1719
f 1721/3635/1719 1723/3636/1721 1725/3637/1723 1727/3638/1725 1729/3639/1727 1731/3640/1729 1733/3641/1731 1735/3642/1733
o Peg_Hole.105
v 0.325000 0.279000 0.000000
v 0.325000 0.279000 0.030000
v 0.327828 0.277828 0.000000
v 0.327828 0.277828 0.030000
v 0.329000 0.275000 0.000000
v 0.329000 0.275000 0.030000
v 0.327828 0.272172 0.000000
v 0.327828 0.272172 0.030000
v 0.325000 0.271000 0.000000
v 0.325000 0.271000 0.030000
v 0.322172 0.272172 0.000000
v 0.322172 0.272172 0.030000
v 0.321000 0.275000 0.000000
v 0.321000 0.275000 0.030000
v 0.322172 0.277828 0.000000
v 0.322172 0.277828 0.030000
vn -0.0000 0.7764 -0.6303
vn -0.0000 0.7764 0.6303
vn 0.5490 0.5490 -0.6303
vn 0.5490 0.5490 0.6303
vn 0.7764 -0.0000 -0.6303
vn 0.7764 -0.0000 0.6303
vn 0.5490 -0.5490 -0.6303
vn 0.5490 -0.5490 0.6303
vn -0.0000 -0.7764 -0.6303
vn -0.0000 -0.7764 0.6303
vn -0.5490 -0.5490 -0.6303
vn -0.5490 -0.5490 0.6303
vn -0.7764 -0.0000 -0.6303
vn -0.7764 -0.0000 0.6303
vn -0.5490 0.5490 -0.6303
vn -0.5490 0.5490 0.6303
vt 1.000000 0.500000
vt 1.000000 1.000000
vt 0.875000 1.000000
vt 0.875000 0.500000
vt 0.750000 1.000000
vt 0.750000 0.500000
vt 0.625000 1.000000
vt 0.625000 0.500000
vt 0.500000 1.000000
vt 0.500000 0.500000
vt 0.375000 1.000000
vt 0.375000 0.500000
vt 0.250000 1.000000
vt 0.250000 0.500000
vt 0.419706 0.419706
vt 0.250000 0.490000
vt 0.080294 0.419706
vt 0.010000 0.250000
vt 0.080294 0.080294
vt 0.250000 0.010000
vt 0.419706 0.080294
vt 0.490000 0.250000
vt 0.125000 1.000000
vt 0.125000 0.500000
vt 0.000000 1.000000
vt 0.000000 0.500000
vt 0.750000 0.490000
vt 0.919706 0.419706
vt 0.990000 0.250000
vt 0.919706 0.080294
vt 0.750000 0.010000
vt 0.580294 0.080294
vt 0.510000 0.250000
vt 0.580294 0.419706
s 1
usemtl M_Black_Rubber
f 1737/3643/1735 1738/3644/1736 1740/3645/1738 1739/3646/1737
f 1739/3646/1737 1740/3645/1738 1742/3647/1740 1741/3648/1739
f 1741/3648/1739 1742/3647/1740 1744/3649/1742 1743/3650/1741
f 1743/3650/1741 1744/3649/1742 1746/3651/1744 1745/3652/1743
f 1745/3652/1743 1746/3651/1744 1748/3653/1746 1747/3654/1745
f 1747/3654/1745 1748/3653/1746 1750/3655/1748 1749/3656/1747
f 1740/3657/1738 1738/3658/1736 1752/3659/1750 1750/3660/1748 1748/3661/1746 1746/3662/1744 1744/3663/1742 1742/3664/1740
f 1749/3656/1747 1750/3655/1748 1752/3665/1750 1751/3666/1749
f 1751/3666/1749 1752/3665/1750 1738/3667/1736 1737/3668/1735
f 1737/3669/1735 1739/3670/1737 1741/3671/1739 1743/3672/1741 1745/3673/1743 1747/3674/1745 1749/3675/1747 1751/3676/1749
o Peg_Hole.106
v 0.375000 0.279000 0.000000
v 0.375000 0.279000 0.030000
v 0.377828 0.277828 0.000000
v 0.377828 0.277828 0.030000
v 0.379000 0.275000 0.000000
v 0.379000 0.275000 0.030000
v 0.377828 0.272172 0.000000
v 0.377828 0.272172 0.030000
v 0.375000 0.271000 0.000000
v 0.375000 0.271000 0.030000
v 0.372172 0.272172 0.000000
v 0.372172 0.272172 0.030000
v 0.371000 0.275000 0.000000
v 0.371000 0.275000 0.030000
v 0.372172 0.277828 0.000000
v 0.372172 0.277828 0.030000
vn -0.0000 0.7764 -0.6303
vn -0.0000 0.7764 0.6303
vn 0.5490 0.5490 -0.6303
vn 0.5490 0.5490 0.6303
vn 0.7764 -0.0000 -0.6303
vn 0.7764 -0.0000 0.6303
vn 0.5490 -0.5490 -0.6303
vn 0.5490 -0.5490 0.6303
vn -0.0000 -0.7764 -0.6303
vn -0.0000 -0.7764 0.6303
vn -0.5490 -0.5490 -0.6303
vn -0.5490 -0.5490 0.6303
vn -0.7764 -0.0000 -0.6303
vn -0.7764 -0.0000 0.6303
vn -0.5490 0.5490 -0.6303
vn -0.5490 0.5490 0.6303
vt 1.000000 0.500000
vt 1.000000 1.000000
vt 0.875000 1.000000
vt 0.875000 0.500000
vt 0.750000 1.000000
vt 0.750000 0.500000
vt 0.625000 1.000000
vt 0.625000 0.500000
vt 0.500000 1.000000
vt 0.500000 0.500000
vt 0.375000 1.000000
vt 0.375000 0.500000
vt 0.250000 1.000000
vt 0.250000 0.500000
vt 0.419706 0.419706
vt 0.250000 0.490000
vt 0.080294 0.419706
vt 0.010000 0.250000
vt 0.080294 0.080294
vt 0.250000 0.010000
vt 0.419706 0.080294
vt 0.490000 0.250000
vt 0.125000 1.000000
vt 0.125000 0.500000
vt 0.000000 1.000000
vt 0.000000 0.500000
vt 0.750000 0.490000
vt 0.919706 0.419706
vt 0.990000 0.250000
vt 0.919706 0.080294
vt 0.750000 0.010000
vt 0.580294 0.080294
vt 0.510000 0.250000
vt 0.580294 0.419706
s 1
usemtl M_Black_Rubber
f 1753/3677/1751 1754/3678/1752 1756/3679/1754 1755/3680/1753
f 1755/3680/1753 1756/3679/1754 1758/3681/1756 1757/3682/1755
f 1757/3682/1755 1758/3681/1756 1760/3683/1758 1759/3684/1757
f 1759/3684/1757 1760/3683/1758 1762/3685/1760 1761/3686/1759
f 1761/3686/1759 1762/3685/1760 1764/3687/1762 1763/3688/1761
f 1763/3688/1761 1764/3687/1762 1766/3689/1764 1765/3690/1763
f 1756/3691/1754 1754/3692/1752 1768/3693/1766 1766/3694/1764 1764/3695/1762 1762/3696/1760 1760/3697/1758 1758/3698/1756
f 1765/3690/1763 1766/3689/1764 1768/3699/1766 1767/3700/1765
f 1767/3700/1765 1768/3699/1766 1754/3701/1752 1753/3702/1751
f 1753/3703/1751 1755/3704/1753 1757/3705/1755 1759/3706/1757 1761/3707/1759 1763/3708/1761 1765/3709/1763 1767/3710/1765
o Peg_Hole.107
v 0.425000 0.279000 0.000000
v 0.425000 0.279000 0.030000
v 0.427828 0.277828 0.000000
v 0.427828 0.277828 0.030000
v 0.429000 0.275000 0.000000
v 0.429000 0.275000 0.030000
v 0.427828 0.272172 0.000000
v 0.427828 0.272172 0.030000
v 0.425000 0.271000 0.000000
v 0.425000 0.271000 0.030000
v 0.422172 0.272172 0.000000
v 0.422172 0.272172 0.030000
v 0.421000 0.275000 0.000000
v 0.421000 0.275000 0.030000
v 0.422172 0.277828 0.000000
v 0.422172 0.277828 0.030000
vn -0.0000 0.7764 -0.6303
vn -0.0000 0.7764 0.6303
vn 0.5490 0.5490 -0.6303
vn 0.5490 0.5490 0.6303
vn 0.7764 -0.0000 -0.6303
vn 0.7764 -0.0000 0.6303
vn 0.5490 -0.5490 -0.6303
vn 0.5490 -0.5490 0.6303
vn -0.0000 -0.7764 -0.6303
vn -0.0000 -0.7764 0.6303
vn -0.5490 -0.5490 -0.6303
vn -0.5490 -0.5490 0.6303
vn -0.7764 -0.0000 -0.6303
vn -0.7764 -0.0000 0.6303
vn -0.5490 0.5490 -0.6303
vn -0.5490 0.5490 0.6303
vt 1.000000 0.500000
vt 1.000000 1.000000
vt 0.875000 1.000000
vt 0.875000 0.500000
vt 0.750000 1.000000
vt 0.750000 0.500000
vt 0.625000 1.000000
vt 0.625000 0.500000
vt 0.500000 1.000000
vt 0.500000 0.500000
vt 0.375000 1.000000
vt 0.375000 0.500000
vt 0.250000 1.000000
vt 0.250000 0.500000
vt 0.419706 0.419706
vt 0.250000 0.490000
vt 0.080294 0.419706
vt 0.010000 0.250000
vt 0.080294 0.080294
vt 0.250000 0.010000
vt 0.419706 0.080294
vt 0.490000 0.250000
vt 0.125000 1.000000
vt 0.125000 0.500000
vt 0.000000 1.000000
vt 0.000000 0.500000
vt 0.750000 0.490000
vt 0.919706 0.419706
vt 0.990000 0.250000
vt 0.919706 0.080294
vt 0.750000 0.010000
vt 0.580294 0.080294
vt 0.510000 0.250000
vt 0.580294 0.419706
s 1
usemtl M_Black_Rubber
f 1769/3711/1767 1770/3712/1768 1772/3713/1770 1771/3714/1769
f 1771/3714/1769 1772/3713/1770 1774/3715/1772 1773/3716/1771
f 1773/3716/1771 1774/3715/1772 1776/3717/1774 1775/3718/1773
f 1775/3718/1773 1776/3717/1774 1778/3719/1776 1777/3720/1775
f 1777/3720/1775 1778/3719/1776 1780/3721/1778 1779/3722/1777
f 1779/3722/1777 1780/3721/1778 1782/3723/1780 1781/3724/1779
f 1772/3725/1770 1770/3726/1768 1784/3727/1782 1782/3728/1780 1780/3729/1778 1778/3730/1776 1776/3731/1774 1774/3732/1772
f 1781/3724/1779 1782/3723/1780 1784/3733/1782 1783/3734/1781
f 1783/3734/1781 1784/3733/1782 1770/3735/1768 1769/3736/1767
f 1769/3737/1767 1771/3738/1769 1773/3739/1771 1775/3740/1773 1777/3741/1775 1779/3742/1777 1781/3743/1779 1783/3744/1781
o Peg_Hole.108
v -0.425000 0.329000 0.000000
v -0.425000 0.329000 0.030000
v -0.422172 0.327828 0.000000
v -0.422172 0.327828 0.030000
v -0.421000 0.325000 0.000000
v -0.421000 0.325000 0.030000
v -0.422172 0.322172 0.000000
v -0.422172 0.322172 0.030000
v -0.425000 0.321000 0.000000
v -0.425000 0.321000 0.030000
v -0.427828 0.322172 0.000000
v -0.427828 0.322172 0.030000
v -0.429000 0.325000 0.000000
v -0.429000 0.325000 0.030000
v -0.427828 0.327828 0.000000
v -0.427828 0.327828 0.030000
vn -0.0000 0.7764 -0.6303
vn -0.0000 0.7764 0.6303
vn 0.5490 0.5490 -0.6303
vn 0.5490 0.5490 0.6303
vn 0.7764 -0.0000 -0.6303
vn 0.7764 -0.0000 0.6303
vn 0.5490 -0.5490 -0.6303
vn 0.5490 -0.5490 0.6303
vn -0.0000 -0.7764 -0.6303
vn -0.0000 -0.7764 0.6303
vn -0.5490 -0.5490 -0.6303
vn -0.5490 -0.5490 0.6303
vn -0.7764 -0.0000 -0.6303
vn -0.7764 -0.0000 0.6303
vn -0.5490 0.5490 -0.6303
vn -0.5490 0.5490 0.6303
vt 1.000000 0.500000
vt 1.000000 1.000000
vt 0.875000 1.000000
vt 0.875000 0.500000
vt 0.750000 1.000000
vt 0.750000 0.500000
vt 0.625000 1.000000
vt 0.625000 0.500000
vt 0.500000 1.000000
vt 0.500000 0.500000
vt 0.375000 1.000000
vt 0.375000 0.500000
vt 0.250000 1.000000
vt 0.250000 0.500000
vt 0.419706 0.419706
vt 0.250000 0.490000
vt 0.080294 0.419706
vt 0.010000 0.250000
vt 0.080294 0.080294
vt 0.250000 0.010000
vt 0.419706 0.080294
vt 0.490000 0.250000
vt 0.125000 1.000000
vt 0.125000 0.500000
vt 0.000000 1.000000
vt 0.000000 0.500000
vt 0.750000 0.490000
vt 0.919706 0.419706
vt 0.990000 0.250000
vt 0.919706 0.080294
vt 0.750000 0.010000
vt 0.580294 0.080294
vt 0.510000 0.250000
vt 0.580294 0.419706
s 1
usemtl M_Black_Rubber
f 1785/3745/1783 1786/3746/1784 1788/3747/1786 1787/3748/1785
f 1787/3748/1785 1788/3747/1786 1790/3749/1788 1789/3750/1787
f 1789/3750/1787 1790/3749/1788 1792/3751/1790 1791/3752/1789
f 1791/3752/1789 1792/3751/1790 1794/3753/1792 1793/3754/1791
f 1793/3754/1791 1794/3753/1792 1796/3755/1794 1795/3756/1793
f 1795/3756/1793 1796/3755/1794 1798/3757/1796 1797/3758/1795
f 1788/3759/1786 1786/3760/1784 1800/3761/1798 1798/3762/1796 1796/3763/1794 1794/3764/1792 1792/3765/1790 1790/3766/1788
f 1797/3758/1795 1798/3757/1796 1800/3767/1798 1799/3768/1797
f 1799/3768/1797 1800/3767/1798 1786/3769/1784 1785/3770/1783
f 1785/3771/1783 1787/3772/1785 1789/3773/1787 1791/3774/1789 1793/3775/1791 1795/3776/1793 1797/3777/1795 1799/3778/1797
o Peg_Hole.109
v -0.375000 0.329000 0.000000
v -0.375000 0.329000 0.030000
v -0.372172 0.327828 0.000000
v -0.372172 0.327828 0.030000
v -0.371000 0.325000 0.000000
v -0.371000 0.325000 0.030000
v -0.372172 0.322172 0.000000
v -0.372172 0.322172 0.030000
v -0.375000 0.321000 0.000000
v -0.375000 0.321000 0.030000
v -0.377828 0.322172 0.000000
v -0.377828 0.322172 0.030000
v -0.379000 0.325000 0.000000
v -0.379000 0.325000 0.030000
v -0.377828 0.327828 0.000000
v -0.377828 0.327828 0.030000
vn -0.0000 0.7764 -0.6303
vn -0.0000 0.7764 0.6303
vn 0.5490 0.5490 -0.6303
vn 0.5490 0.5490 0.6303
vn 0.7764 -0.0000 -0.6303
vn 0.7764 -0.0000 0.6303
vn 0.5490 -0.5490 -0.6303
vn 0.5490 -0.5490 0.6303
vn -0.0000 -0.7764 -0.6303
vn -0.0000 -0.7764 0.6303
vn -0.5490 -0.5490 -0.6303
vn -0.5490 -0.5490 0.6303
vn -0.7764 -0.0000 -0.6303
vn -0.7764 -0.0000 0.6303
vn -0.5490 0.5490 -0.6303
vn -0.5490 0.5490 0.6303
vt 1.000000 0.500000
vt 1.000000 1.000000
vt 0.875000 1.000000
vt 0.875000 0.500000
vt 0.750000 1.000000
vt 0.750000 0.500000
vt 0.625000 1.000000
vt 0.625000 0.500000
vt 0.500000 1.000000
vt 0.500000 0.500000
vt 0.375000 1.000000
vt 0.375000 0.500000
vt 0.250000 1.000000
vt 0.250000 0.500000
vt 0.419706 0.419706
vt 0.250000 0.490000
vt 0.080294 0.419706
vt 0.010000 0.250000
vt 0.080294 0.080294
vt 0.250000 0.010000
vt 0.419706 0.080294
vt 0.490000 0.250000
vt 0.125000 1.000000
vt 0.125000 0.500000
vt 0.000000 1.000000
vt 0.000000 0.500000
vt 0.750000 0.490000
vt 0.919706 0.419706
vt 0.990000 0.250000
vt 0.919706 0.080294
vt 0.750000 0.010000
vt 0.580294 0.080294
vt 0.510000 0.250000
vt 0.580294 0.419706
s 1
usemtl M_Black_Rubber
f 1801/3779/1799 1802/3780/1800 1804/3781/1802 1803/3782/1801
f 1803/3782/1801 1804/3781/1802 1806/3783/1804 1805/3784/1803
f 1805/3784/1803 1806/3783/1804 1808/3785/1806 1807/3786/1805
f 1807/3786/1805 1808/3785/1806 1810/3787/1808 1809/3788/1807
f 1809/3788/1807 1810/3787/1808 1812/3789/1810 1811/3790/1809
f 1811/3790/1809 1812/3789/1810 1814/3791/1812 1813/3792/1811
f 1804/3793/1802 1802/3794/1800 1816/3795/1814 1814/3796/1812 1812/3797/1810 1810/3798/1808 1808/3799/1806 1806/3800/1804
f 1813/3792/1811 1814/3791/1812 1816/3801/1814 1815/3802/1813
f 1815/3802/1813 1816/3801/1814 1802/3803/1800 1801/3804/1799
f 1801/3805/1799 1803/3806/1801 1805/3807/1803 1807/3808/1805 1809/3809/1807 1811/3810/1809 1813/3811/1811 1815/3812/1813
o Peg_Hole.110
v -0.325000 0.329000 0.000000
v -0.325000 0.329000 0.030000
v -0.322172 0.327828 0.000000
v -0.322172 0.327828 0.030000
v -0.321000 0.325000 0.000000
v -0.321000 0.325000 0.030000
v -0.322172 0.322172 0.000000
v -0.322172 0.322172 0.030000
v -0.325000 0.321000 0.000000
v -0.325000 0.321000 0.030000
v -0.327828 0.322172 0.000000
v -0.327828 0.322172 0.030000
v -0.329000 0.325000 0.000000
v -0.329000 0.325000 0.030000
v -0.327828 0.327828 0.000000
v -0.327828 0.327828 0.030000
vn -0.0000 0.7764 -0.6303
vn -0.0000 0.7764 0.6303
vn 0.5490 0.5490 -0.6303
vn 0.5490 0.5490 0.6303
vn 0.7764 -0.0000 -0.6303
vn 0.7764 -0.0000 0.6303
vn 0.5490 -0.5490 -0.6303
vn 0.5490 -0.5490 0.6303
vn -0.0000 -0.7764 -0.6303
vn -0.0000 -0.7764 0.6303
vn -0.5490 -0.5490 -0.6303
vn -0.5490 -0.5490 0.6303
vn -0.7764 -0.0000 -0.6303
vn -0.7764 -0.0000 0.6303
vn -0.5490 0.5490 -0.6303
vn -0.5490 0.5490 0.6303
vt 1.000000 0.500000
vt 1.000000 1.000000
vt 0.875000 1.000000
vt 0.875000 0.500000
vt 0.750000 1.000000
vt 0.750000 0.500000
vt 0.625000 1.000000
vt 0.625000 0.500000
vt 0.500000 1.000000
vt 0.500000 0.500000
vt 0.375000 1.000000
vt 0.375000 0.500000
vt 0.250000 1.000000
vt 0.250000 0.500000
vt 0.419706 0.419706
vt 0.250000 0.490000
vt 0.080294 0.419706
vt 0.010000 0.250000
vt 0.080294 0.080294
vt 0.250000 0.010000
vt 0.419706 0.080294
vt 0.490000 0.250000
vt 0.125000 1.000000
vt 0.125000 0.500000
vt 0.000000 1.000000
vt 0.000000 0.500000
vt 0.750000 0.490000
vt 0.919706 0.419706
vt 0.990000 0.250000
vt 0.919706 0.080294
vt 0.750000 0.010000
vt 0.580294 0.080294
vt 0.510000 0.250000
vt 0.580294 0.419706
s 1
usemtl M_Black_Rubber
f 1817/3813/1815 1818/3814/1816 1820/3815/1818 1819/3816/1817
f 1819/3816/1817 1820/3815/1818 1822/3817/1820 1821/3818/1819
f 1821/3818/1819 1822/3817/1820 1824/3819/1822 1823/3820/1821
f 1823/3820/1821 1824/3819/1822 1826/3821/1824 1825/3822/1823
f 1825/3822/1823 1826/3821/1824 1828/3823/1826 1827/3824/1825
f 1827/3824/1825 1828/3823/1826 1830/3825/1828 1829/3826/1827
f 1820/3827/1818 1818/3828/1816 1832/3829/1830 1830/3830/1828 1828/3831/1826 1826/3832/1824 1824/3833/1822 1822/3834/1820
f 1829/3826/1827 1830/3825/1828 1832/3835/1830 1831/3836/1829
f 1831/3836/1829 1832/3835/1830 1818/3837/1816 1817/3838/1815
f 1817/3839/1815 1819/3840/1817 1821/3841/1819 1823/3842/1821 1825/3843/1823 1827/3844/1825 1829/3845/1827 1831/3846/1829
o Peg_Hole.111
v -0.275000 0.329000 0.000000
v -0.275000 0.329000 0.030000
v -0.272172 0.327828 0.000000
v -0.272172 0.327828 0.030000
v -0.271000 0.325000 0.000000
v -0.271000 0.325000 0.030000
v -0.272172 0.322172 0.000000
v -0.272172 0.322172 0.030000
v -0.275000 0.321000 0.000000
v -0.275000 0.321000 0.030000
v -0.277828 0.322172 0.000000
v -0.277828 0.322172 0.030000
v -0.279000 0.325000 0.000000
v -0.279000 0.325000 0.030000
v -0.277828 0.327828 0.000000
v -0.277828 0.327828 0.030000
vn -0.0000 0.7764 -0.6303
vn -0.0000 0.7764 0.6303
vn 0.5490 0.5490 -0.6303
vn 0.5490 0.5490 0.6303
vn 0.7764 -0.0000 -0.6303
vn 0.7764 -0.0000 0.6303
vn 0.5490 -0.5490 -0.6303
vn 0.5490 -0.5490 0.6303
vn -0.0000 -0.7764 -0.6303
vn -0.0000 -0.7764 0.6303
vn -0.5490 -0.5490 -0.6303
vn -0.5490 -0.5490 0.6303
vn -0.7764 -0.0000 -0.6303
vn -0.7764 -0.0000 0.6303
vn -0.5490 0.5490 -0.6303
vn -0.5490 0.5490 0.6303
vt 1.000000 0.500000
vt 1.000000 1.000000
vt 0.875000 1.000000
vt 0.875000 0.500000
vt 0.750000 1.000000
vt 0.750000 0.500000
vt 0.625000 1.000000
vt 0.625000 0.500000
vt 0.500000 1.000000
vt 0.500000 0.500000
vt 0.375000 1.000000
vt 0.375000 0.500000
vt 0.250000 1.000000
vt 0.250000 0.500000
vt 0.419706 0.419706
vt 0.250000 0.490000
vt 0.080294 0.419706
vt 0.010000 0.250000
vt 0.080294 0.080294
vt 0.250000 0.010000
vt 0.419706 0.080294
vt 0.490000 0.250000
vt 0.125000 1.000000
vt 0.125000 0.500000
vt 0.000000 1.000000
vt 0.000000 0.500000
vt 0.750000 0.490000
vt 0.919706 0.419706
vt 0.990000 0.250000
vt 0.919706 0.080294
vt 0.750000 0.010000
vt 0.580294 0.080294
vt 0.510000 0.250000
vt 0.580294 0.419706
s 1
usemtl M_Black_Rubber
f 1833/3847/1831 1834/3848/1832 1836/3849/1834 1835/3850/1833
f 1835/3850/1833 1836/3849/1834 1838/3851/1836 1837/3852/1835
f 1837/3852/1835 1838/3851/1836 1840/3853/1838 1839/3854/1837
f 1839/3854/1837 1840/3853/1838 1842/3855/1840 1841/3856/1839
f 1841/3856/1839 1842/3855/1840 1844/3857/1842 1843/3858/1841
f 1843/3858/1841 1844/3857/1842 1846/3859/1844 1845/3860/1843
f 1836/3861/1834 1834/3862/1832 1848/3863/1846 1846/3864/1844 1844/3865/1842 1842/3866/1840 1840/3867/1838 1838/3868/1836
f 1845/3860/1843 1846/3859/1844 1848/3869/1846 1847/3870/1845
f 1847/3870/1845 1848/3869/1846 1834/3871/1832 1833/3872/1831
f 1833/3873/1831 1835/3874/1833 1837/3875/1835 1839/3876/1837 1841/3877/1839 1843/3878/1841 1845/3879/1843 1847/3880/1845
o Peg_Hole.112
v -0.225000 0.329000 0.000000
v -0.225000 0.329000 0.030000
v -0.222172 0.327828 0.000000
v -0.222172 0.327828 0.030000
v -0.221000 0.325000 0.000000
v -0.221000 0.325000 0.030000
v -0.222172 0.322172 0.000000
v -0.222172 0.322172 0.030000
v -0.225000 0.321000 0.000000
v -0.225000 0.321000 0.030000
v -0.227828 0.322172 0.000000
v -0.227828 0.322172 0.030000
v -0.229000 0.325000 0.000000
v -0.229000 0.325000 0.030000
v -0.227828 0.327828 0.000000
v -0.227828 0.327828 0.030000
vn -0.0000 0.7764 -0.6303
vn -0.0000 0.7764 0.6303
vn 0.5490 0.5490 -0.6303
vn 0.5490 0.5490 0.6303
vn 0.7764 -0.0000 -0.6303
vn 0.7764 -0.0000 0.6303
vn 0.5490 -0.5490 -0.6303
vn 0.5490 -0.5490 0.6303
vn -0.0000 -0.7764 -0.6303
vn -0.0000 -0.7764 0.6303
vn -0.5490 -0.5490 -0.6303
vn -0.5490 -0.5490 0.6303
vn -0.7764 -0.0000 -0.6303
vn -0.7764 -0.0000 0.6303
vn -0.5490 0.5490 -0.6303
vn -0.5490 0.5490 0.6303
vt 1.000000 0.500000
vt 1.000000 1.000000
vt 0.875000 1.000000
vt 0.875000 0.500000
vt 0.750000 1.000000
vt 0.750000 0.500000
vt 0.625000 1.000000
vt 0.625000 0.500000
vt 0.500000 1.000000
vt 0.500000 0.500000
vt 0.375000 1.000000
vt 0.375000 0.500000
vt 0.250000 1.000000
vt 0.250000 0.500000
vt 0.419706 0.419706
vt 0.250000 0.490000
vt 0.080294 0.419706
vt 0.010000 0.250000
vt 0.080294 0.080294
vt 0.250000 0.010000
vt 0.419706 0.080294
vt 0.490000 0.250000
vt 0.125000 1.000000
vt 0.125000 0.500000
vt 0.000000 1.000000
vt 0.000000 0.500000
vt 0.750000 0.490000
vt 0.919706 0.419706
vt 0.990000 0.250000
vt 0.919706 0.080294
vt 0.750000 0.010000
vt 0.580294 0.080294
vt 0.510000 0.250000
vt 0.580294 0.419706
s 1
usemtl M_Black_Rubber
f 1849/3881/1847 1850/3882/1848 1852/3883/1850 1851/3884/1849
f 1851/3884/1849 1852/3883/1850 1854/3885/1852 1853/3886/1851
f 1853/3886/1851 1854/3885/1852 1856/3887/1854 1855/3888/1853
f 1855/3888/1853 1856/3887/1854 1858/3889/1856 1857/3890/1855
f 1857/3890/1855 1858/3889/1856 1860/3891/1858 1859/3892/1857
f 1859/3892/1857 1860/3891/1858 1862/3893/1860 1861/3894/1859
f 1852/3895/1850 1850/3896/1848 1864/3897/1862 1862/3898/1860 1860/3899/1858 1858/3900/1856 1856/3901/1854 1854/3902/1852
f 1861/3894/1859 1862/3893/1860 1864/3903/1862 1863/3904/1861
f 1863/3904/1861 1864/3903/1862 1850/3905/1848 1849/3906/1847
f 1849/3907/1847 1851/3908/1849 1853/3909/1851 1855/3910/1853 1857/3911/1855 1859/3912/1857 1861/3913/1859 1863/3914/1861
o Peg_Hole.113
v -0.175000 0.329000 0.000000
v -0.175000 0.329000 0.030000
v -0.172172 0.327828 0.000000
v -0.172172 0.327828 0.030000
v -0.171000 0.325000 0.000000
v -0.171000 0.325000 0.030000
v -0.172172 0.322172 0.000000
v -0.172172 0.322172 0.030000
v -0.175000 0.321000 0.000000
v -0.175000 0.321000 0.030000
v -0.177828 0.322172 0.000000
v -0.177828 0.322172 0.030000
v -0.179000 0.325000 0.000000
v -0.179000 0.325000 0.030000
v -0.177828 0.327828 0.000000
v -0.177828 0.327828 0.030000
vn -0.0000 0.7764 -0.6303
vn -0.0000 0.7764 0.6303
vn 0.5490 0.5490 -0.6303
vn 0.5490 0.5490 0.6303
vn 0.7764 -0.0000 -0.6303
vn 0.7764 -0.0000 0.6303
vn 0.5490 -0.5490 -0.6303
vn 0.5490 -0.5490 0.6303
vn -0.0000 -0.7764 -0.6303
vn -0.0000 -0.7764 0.6303
vn -0.5490 -0.5490 -0.6303
vn -0.5490 -0.5490 0.6303
vn -0.7764 -0.0000 -0.6303
vn -0.7764 -0.0000 0.6303
vn -0.5490 0.5490 -0.6303
vn -0.5490 0.5490 0.6303
vt 1.000000 0.500000
vt 1.000000 1.000000
vt 0.875000 1.000000
vt 0.875000 0.500000
vt 0.750000 1.000000
vt 0.750000 0.500000
vt 0.625000 1.000000
vt 0.625000 0.500000
vt 0.500000 1.000000
vt 0.500000 0.500000
vt 0.375000 1.000000
vt 0.375000 0.500000
vt 0.250000 1.000000
vt 0.250000 0.500000
vt 0.419706 0.419706
vt 0.250000 0.490000
vt 0.080294 0.419706
vt 0.010000 0.250000
vt 0.080294 0.080294
vt 0.250000 0.010000
vt 0.419706 0.080294
vt 0.490000 0.250000
vt 0.125000 1.000000
vt 0.125000 0.500000
vt 0.000000 1.000000
vt 0.000000 0.500000
vt 0.750000 0.490000
vt 0.919706 0.419706
vt 0.990000 0.250000
vt 0.919706 0.080294
vt 0.750000 0.010000
vt 0.580294 0.080294
vt 0.510000 0.250000
vt 0.580294 0.419706
s 1
usemtl M_Black_Rubber
f 1865/3915/1863 1866/3916/1864 1868/3917/1866 1867/3918/1865
f 1867/3918/1865 1868/3917/1866 1870/3919/1868 1869/3920/1867
f 1869/3920/1867 1870/3919/1868 1872/3921/1870 1871/3922/1869
f 1871/3922/1869 1872/3921/1870 1874/3923/1872 1873/3924/1871
f 1873/3924/1871 1874/3923/1872 1876/3925/1874 1875/3926/1873
f 1875/3926/1873 1876/3925/1874 1878/3927/1876 1877/3928/1875
f 1868/3929/1866 1866/3930/1864 1880/3931/1878 1878/3932/1876 1876/3933/1874 1874/3934/1872 1872/3935/1870 1870/3936/1868
f 1877/3928/1875 1878/3927/1876 1880/3937/1878 1879/3938/1877
f 1879/3938/1877 1880/3937/1878 1866/3939/1864 1865/3940/1863
f 1865/3941/1863 1867/3942/1865 1869/3943/1867 1871/3944/1869 1873/3945/1871 1875/3946/1873 1877/3947/1875 1879/3948/1877
o Peg_Hole.114
v -0.125000 0.329000 0.000000
v -0.125000 0.329000 0.030000
v -0.122172 0.327828 0.000000
v -0.122172 0.327828 0.030000
v -0.121000 0.325000 0.000000
v -0.121000 0.325000 0.030000
v -0.122172 0.322172 0.000000
v -0.122172 0.322172 0.030000
v -0.125000 0.321000 0.000000
v -0.125000 0.321000 0.030000
v -0.127828 0.322172 0.000000
v -0.127828 0.322172 0.030000
v -0.129000 0.325000 0.000000
v -0.129000 0.325000 0.030000
v -0.127828 0.327828 0.000000
v -0.127828 0.327828 0.030000
vn -0.0000 0.7764 -0.6303
vn -0.0000 0.7764 0.6303
vn 0.5490 0.5490 -0.6303
vn 0.5490 0.5490 0.6303
vn 0.7764 -0.0000 -0.6303
vn 0.7764 -0.0000 0.6303
vn 0.5490 -0.5490 -0.6303
vn 0.5490 -0.5490 0.6303
vn -0.0000 -0.7764 -0.6303
vn -0.0000 -0.7764 0.6303
vn -0.5490 -0.5490 -0.6303
vn -0.5490 -0.5490 0.6303
vn -0.7764 -0.0000 -0.6303
vn -0.7764 -0.0000 0.6303
vn -0.5490 0.5490 -0.6303
vn -0.5490 0.5490 0.6303
vt 1.000000 0.500000
vt 1.000000 1.000000
vt 0.875000 1.000000
vt 0.875000 0.500000
vt 0.750000 1.000000
vt 0.750000 0.500000
vt 0.625000 1.000000
vt 0.625000 0.500000
vt 0.500000 1.000000
vt 0.500000 0.500000
vt 0.375000 1.000000
vt 0.375000 0.500000
vt 0.250000 1.000000
vt 0.250000 0.500000
vt 0.419706 0.419706
vt 0.250000 0.490000
vt 0.080294 0.419706
vt 0.010000 0.250000
vt 0.080294 0.080294
vt 0.250000 0.010000
vt 0.419706 0.080294
vt 0.490000 0.250000
vt 0.125000 1.000000
vt 0.125000 0.500000
vt 0.000000 1.000000
vt 0.000000 0.500000
vt 0.750000 0.490000
vt 0.919706 0.419706
vt 0.990000 0.250000
vt 0.919706 0.080294
vt 0.750000 0.010000
vt 0.580294 0.080294
vt 0.510000 0.250000
vt 0.580294 0.419706
s 1
usemtl M_Black_Rubber
f 1881/3949/1879 1882/3950/1880 1884/3951/1882 1883/3952/1881
f 1883/3952/1881 1884/3951/1882 1886/3953/1884 1885/3954/1883
f 1885/3954/1883 1886/3953/1884 1888/3955/1886 1887/3956/1885
f 1887/3956/1885 1888/3955/1886 1890/3957/1888 1889/3958/1887
f 1889/3958/1887 1890/3957/1888 1892/3959/1890 1891/3960/1889
f 1891/3960/1889 1892/3959/1890 1894/3961/1892 1893/3962/1891
f 1884/3963/1882 1882/3964/1880 1896/3965/1894 1894/3966/1892 1892/3967/1890 1890/3968/1888 1888/3969/1886 1886/3970/1884
f 1893/3962/1891 1894/3961/1892 1896/3971/1894 1895/3972/1893
f 1895/3972/1893 1896/3971/1894 1882/3973/1880 1881/3974/1879
f 1881/3975/1879 1883/3976/1881 1885/3977/1883 1887/3978/1885 1889/3979/1887 1891/3980/1889 1893/3981/1891 1895/3982/1893
o Peg_Hole.115
v -0.075000 0.329000 0.000000
v -0.075000 0.329000 0.030000
v -0.072172 0.327828 0.000000
v -0.072172 0.327828 0.030000
v -0.071000 0.325000 0.000000
v -0.071000 0.325000 0.030000
v -0.072172 0.322172 0.000000
v -0.072172 0.322172 0.030000
v -0.075000 0.321000 0.000000
v -0.075000 0.321000 0.030000
v -0.077828 0.322172 0.000000
v -0.077828 0.322172 0.030000
v -0.079000 0.325000 0.000000
v -0.079000 0.325000 0.030000
v -0.077828 0.327828 0.000000
v -0.077828 0.327828 0.030000
vn -0.0000 0.7764 -0.6303
vn -0.0000 0.7764 0.6303
vn 0.5490 0.5490 -0.6303
vn 0.5490 0.5490 0.6303
vn 0.7764 -0.0000 -0.6303
vn 0.7764 -0.0000 0.6303
vn 0.5490 -0.5490 -0.6303
vn 0.5490 -0.5490 0.6303
vn -0.0000 -0.7764 -0.6303
vn -0.0000 -0.7764 0.6303
vn -0.5490 -0.5490 -0.6303
vn -0.5490 -0.5490 0.6303
vn -0.7764 -0.0000 -0.6303
vn -0.7764 -0.0000 0.6303
vn -0.5490 0.5490 -0.6303
vn -0.5490 0.5490 0.6303
vt 1.000000 0.500000
vt 1.000000 1.000000
vt 0.875000 1.000000
vt 0.875000 0.500000
vt 0.750000 1.000000
vt 0.750000 0.500000
vt 0.625000 1.000000
vt 0.625000 0.500000
vt 0.500000 1.000000
vt 0.500000 0.500000
vt 0.375000 1.000000
vt 0.375000 0.500000
vt 0.250000 1.000000
vt 0.250000 0.500000
vt 0.419706 0.419706
vt 0.250000 0.490000
vt 0.080294 0.419706
vt 0.010000 0.250000
vt 0.080294 0.080294
vt 0.250000 0.010000
vt 0.419706 0.080294
vt 0.490000 0.250000
vt 0.125000 1.000000
vt 0.125000 0.500000
vt 0.000000 1.000000
vt 0.000000 0.500000
vt 0.750000 0.490000
vt 0.919706 0.419706
vt 0.990000 0.250000
vt 0.919706 0.080294
vt 0.750000 0.010000
vt 0.580294 0.080294
vt 0.510000 0.250000
vt 0.580294 0.419706
s 1
usemtl M_Black_Rubber
f 1897/3983/1895 1898/3984/1896 1900/3985/1898 1899/3986/1897
f 1899/3986/1897 1900/3985/1898 1902/3987/1900 1901/3988/1899
f 1901/3988/1899 1902/3987/1900 1904/3989/1902 1903/3990/1901
f 1903/3990/1901 1904/3989/1902 1906/3991/1904 1905/3992/1903
f 1905/3992/1903 1906/3991/1904 1908/3993/1906 1907/3994/1905
f 1907/3994/1905 1908/3993/1906 1910/3995/1908 1909/3996/1907
f 1900/3997/1898 1898/3998/1896 1912/3999/1910 1910/4000/1908 1908/4001/1906 1906/4002/1904 1904/4003/1902 1902/4004/1900
f 1909/3996/1907 1910/3995/1908 1912/4005/1910 1911/4006/1909
f 1911/4006/1909 1912/4005/1910 1898/4007/1896 1897/4008/1895
f 1897/4009/1895 1899/4010/1897 1901/4011/1899 1903/4012/1901 1905/4013/1903 1907/4014/1905 1909/4015/1907 1911/4016/1909
o Peg_Hole.116
v -0.025000 0.329000 0.000000
v -0.025000 0.329000 0.030000
v -0.022172 0.327828 0.000000
v -0.022172 0.327828 0.030000
v -0.021000 0.325000 0.000000
v -0.021000 0.325000 0.030000
v -0.022172 0.322172 0.000000
v -0.022172 0.322172 0.030000
v -0.025000 0.321000 0.000000
v -0.025000 0.321000 0.030000
v -0.027828 0.322172 0.000000
v -0.027828 0.322172 0.030000
v -0.029000 0.325000 0.000000
v -0.029000 0.325000 0.030000
v -0.027828 0.327828 0.000000
v -0.027828 0.327828 0.030000
vn -0.0000 0.7764 -0.6303
vn -0.0000 0.7764 0.6303
vn 0.5490 0.5490 -0.6303
vn 0.5490 0.5490 0.6303
vn 0.7764 -0.0000 -0.6303
vn 0.7764 -0.0000 0.6303
vn 0.5490 -0.5490 -0.6303
vn 0.5490 -0.5490 0.6303
vn -0.0000 -0.7764 -0.6303
vn -0.0000 -0.7764 0.6303
vn -0.5490 -0.5490 -0.6303
vn -0.5490 -0.5490 0.6303
vn -0.7764 -0.0000 -0.6303
vn -0.7764 -0.0000 0.6303
vn -0.5490 0.5490 -0.6303
vn -0.5490 0.5490 0.6303
vt 1.000000 0.500000
vt 1.000000 1.000000
vt 0.875000 1.000000
vt 0.875000 0.500000
vt 0.750000 1.000000
vt 0.750000 0.500000
vt 0.625000 1.000000
vt 0.625000 0.500000
vt 0.500000 1.000000
vt 0.500000 0.500000
vt 0.375000 1.000000
vt 0.375000 0.500000
vt 0.250000 1.000000
vt 0.250000 0.500000
vt 0.419706 0.419706
vt 0.250000 0.490000
vt 0.080294 0.419706
vt 0.010000 0.250000
vt 0.080294 0.080294
vt 0.250000 0.010000
vt 0.419706 0.080294
vt 0.490000 0.250000
vt 0.125000 1.000000
vt 0.125000 0.500000
vt 0.000000 1.000000
vt 0.000000 0.500000
vt 0.750000 0.490000
vt 0.919706 0.419706
vt 0.990000 0.250000
vt 0.919706 0.080294
vt 0.750000 0.010000
vt 0.580294 0.080294
vt 0.510000 0.250000
vt 0.580294 0.419706
s 1
usemtl M_Black_Rubber
f 1913/4017/1911 1914/4018/1912 1916/4019/1914 1915/4020/1913
f 1915/4020/1913 1916/4019/1914 1918/4021/1916 1917/4022/1915
f 1917/4022/1915 1918/4021/1916 1920/4023/1918 1919/4024/1917
f 1919/4024/1917 1920/4023/1918 1922/4025/1920 1921/4026/1919
f 1921/4026/1919 1922/4025/1920 1924/4027/1922 1923/4028/1921
f 1923/4028/1921 1924/4027/1922 1926/4029/1924 1925/4030/1923
f 1916/4031/1914 1914/4032/1912 1928/4033/1926 1926/4034/1924 1924/4035/1922 1922/4036/1920 1920/4037/1918 1918/4038/1916
f 1925/4030/1923 1926/4029/1924 1928/4039/1926 1927/4040/1925
f 1927/4040/1925 1928/4039/1926 1914/4041/1912 1913/4042/1911
f 1913/4043/1911 1915/4044/1913 1917/4045/1915 1919/4046/1917 1921/4047/1919 1923/4048/1921 1925/4049/1923 1927/4050/1925
o Peg_Hole.117
v 0.025000 0.329000 0.000000
v 0.025000 0.329000 0.030000
v 0.027828 0.327828 0.000000
v 0.027828 0.327828 0.030000
v 0.029000 0.325000 0.000000
v 0.029000 0.325000 0.030000
v 0.027828 0.322172 0.000000
v 0.027828 0.322172 0.030000
v 0.025000 0.321000 0.000000
v 0.025000 0.321000 0.030000
v 0.022172 0.322172 0.000000
v 0.022172 0.322172 0.030000
v 0.021000 0.325000 0.000000
v 0.021000 0.325000 0.030000
v 0.022172 0.327828 0.000000
v 0.022172 0.327828 0.030000
vn -0.0000 0.7764 -0.6303
vn -0.0000 0.7764 0.6303
vn 0.5490 0.5490 -0.6303
vn 0.5490 0.5490 0.6303
vn 0.7764 -0.0000 -0.6303
vn 0.7764 -0.0000 0.6303
vn 0.5490 -0.5490 -0.6303
vn 0.5490 -0.5490 0.6303
vn -0.0000 -0.7764 -0.6303
vn -0.0000 -0.7764 0.6303
vn -0.5490 -0.5490 -0.6303
vn -0.5490 -0.5490 0.6303
vn -0.7764 -0.0000 -0.6303
vn -0.7764 -0.0000 0.6303
vn -0.5490 0.5490 -0.6303
vn -0.5490 0.5490 0.6303
vt 1.000000 0.500000
vt 1.000000 1.000000
vt 0.875000 1.000000
vt 0.875000 0.500000
vt 0.750000 1.000000
vt 0.750000 0.500000
vt 0.625000 1.000000
vt 0.625000 0.500000
vt 0.500000 1.000000
vt 0.500000 0.500000
vt 0.375000 1.000000
vt 0.375000 0.500000
vt 0.250000 1.000000
vt 0.250000 0.500000
vt 0.419706 0.419706
vt 0.250000 0.490000
vt 0.080294 0.419706
vt 0.010000 0.250000
vt 0.080294 0.080294
vt 0.250000 0.010000
vt 0.419706 0.080294
vt 0.490000 0.250000
vt 0.125000 1.000000
vt 0.125000 0.500000
vt 0.000000 1.000000
vt 0.000000 0.500000
vt 0.750000 0.490000
vt 0.919706 0.419706
vt 0.990000 0.250000
vt 0.919706 0.080294
vt 0.750000 0.010000
vt 0.580294 0.080294
vt 0.510000 0.250000
vt 0.580294 0.419706
s 1
usemtl M_Black_Rubber
f 1929/4051/1927 1930/4052/1928 1932/4053/1930 1931/4054/1929
f 1931/4054/1929 1932/4053/1930 1934/4055/1932 1933/4056/1931
f 1933/4056/1931 1934/4055/1932 1936/4057/1934 1935/4058/1933
f 1935/4058/1933 1936/4057/1934 1938/4059/1936 1937/4060/1935
f 1937/4060/1935 1938/4059/1936 1940/4061/1938 1939/4062/1937
f 1939/4062/1937 1940/4061/1938 1942/4063/1940 1941/4064/1939
f 1932/4065/1930 1930/4066/1928 1944/4067/1942 1942/4068/1940 1940/4069/1938 1938/4070/1936 1936/4071/1934 1934/4072/1932
f 1941/4064/1939 1942/4063/1940 1944/4073/1942 1943/4074/1941
f 1943/4074/1941 1944/4073/1942 1930/4075/1928 1929/4076/1927
f 1929/4077/1927 1931/4078/1929 1933/4079/1931 1935/4080/1933 1937/4081/1935 1939/4082/1937 1941/4083/1939 1943/4084/1941
o Peg_Hole.118
v 0.075000 0.329000 0.000000
v 0.075000 0.329000 0.030000
v 0.077828 0.327828 0.000000
v 0.077828 0.327828 0.030000
v 0.079000 0.325000 0.000000
v 0.079000 0.325000 0.030000
v 0.077828 0.322172 0.000000
v 0.077828 0.322172 0.030000
v 0.075000 0.321000 0.000000
v 0.075000 0.321000 0.030000
v 0.072172 0.322172 0.000000
v 0.072172 0.322172 0.030000
v 0.071000 0.325000 0.000000
v 0.071000 0.325000 0.030000
v 0.072172 0.327828 0.000000
v 0.072172 0.327828 0.030000
vn -0.0000 0.7764 -0.6303
vn -0.0000 0.7764 0.6303
vn 0.5490 0.5490 -0.6303
vn 0.5490 0.5490 0.6303
vn 0.7764 -0.0000 -0.6303
vn 0.7764 -0.0000 0.6303
vn 0.5490 -0.5490 -0.6303
vn 0.5490 -0.5490 0.6303
vn -0.0000 -0.7764 -0.6303
vn -0.0000 -0.7764 0.6303
vn -0.5490 -0.5490 -0.6303
vn -0.5490 -0.5490 0.6303
vn -0.7764 -0.0000 -0.6303
vn -0.7764 -0.0000 0.6303
vn -0.5490 0.5490 -0.6303
vn -0.5490 0.5490 0.6303
vt 1.000000 0.500000
vt 1.000000 1.000000
vt 0.875000 1.000000
vt 0.875000 0.500000
vt 0.750000 1.000000
vt 0.750000 0.500000
vt 0.625000 1.000000
vt 0.625000 0.500000
vt 0.500000 1.000000
vt 0.500000 0.500000
vt 0.375000 1.000000
vt 0.375000 0.500000
vt 0.250000 1.000000
vt 0.250000 0.500000
vt 0.419706 0.419706
vt 0.250000 0.490000
vt 0.080294 0.419706
vt 0.010000 0.250000
vt 0.080294 0.080294
vt 0.250000 0.010000
vt 0.419706 0.080294
vt 0.490000 0.250000
vt 0.125000 1.000000
vt 0.125000 0.500000
vt 0.000000 1.000000
vt 0.000000 0.500000
vt 0.750000 0.490000
vt 0.919706 0.419706
vt 0.990000 0.250000
vt 0.919706 0.080294
vt 0.750000 0.010000
vt 0.580294 0.080294
vt 0.510000 0.250000
vt 0.580294 0.419706
s 1
usemtl M_Black_Rubber
f 1945/4085/1943 1946/4086/1944 1948/4087/1946 1947/4088/1945
f 1947/4088/1945 1948/4087/1946 1950/4089/1948 1949/4090/1947
f 1949/4090/1947 1950/4089/1948 1952/4091/1950 1951/4092/1949
f 1951/4092/1949 1952/4091/1950 1954/4093/1952 1953/4094/1951
f 1953/4094/1951 1954/4093/1952 1956/4095/1954 1955/4096/1953
f 1955/4096/1953 1956/4095/1954 1958/4097/1956 1957/4098/1955
f 1948/4099/1946 1946/4100/1944 1960/4101/1958 1958/4102/1956 1956/4103/1954 1954/4104/1952 1952/4105/1950 1950/4106/1948
f 1957/4098/1955 1958/4097/1956 1960/4107/1958 1959/4108/1957
f 1959/4108/1957 1960/4107/1958 1946/4109/1944 1945/4110/1943
f 1945/4111/1943 1947/4112/1945 1949/4113/1947 1951/4114/1949 1953/4115/1951 1955/4116/1953 1957/4117/1955 1959/4118/1957
o Peg_Hole.119
v 0.125000 0.329000 0.000000
v 0.125000 0.329000 0.030000
v 0.127828 0.327828 0.000000
v 0.127828 0.327828 0.030000
v 0.129000 0.325000 0.000000
v 0.129000 0.325000 0.030000
v 0.127828 0.322172 0.000000
v 0.127828 0.322172 0.030000
v 0.125000 0.321000 0.000000
v 0.125000 0.321000 0.030000
v 0.122172 0.322172 0.000000
v 0.122172 0.322172 0.030000
v 0.121000 0.325000 0.000000
v 0.121000 0.325000 0.030000
v 0.122172 0.327828 0.000000
v 0.122172 0.327828 0.030000
vn -0.0000 0.7764 -0.6303
vn -0.0000 0.7764 0.6303
vn 0.5490 0.5490 -0.6303
vn 0.5490 0.5490 0.6303
vn 0.7764 -0.0000 -0.6303
vn 0.7764 -0.0000 0.6303
vn 0.5490 -0.5490 -0.6303
vn 0.5490 -0.5490 0.6303
vn -0.0000 -0.7764 -0.6303
vn -0.0000 -0.7764 0.6303
vn -0.5490 -0.5490 -0.6303
vn -0.5490 -0.5490 0.6303
vn -0.7764 -0.0000 -0.6303
vn -0.7764 -0.0000 0.6303
vn -0.5490 0.5490 -0.6303
vn -0.5490 0.5490 0.6303
vt 1.000000 0.500000
vt 1.000000 1.000000
vt 0.875000 1.000000
vt 0.875000 0.500000
vt 0.750000 1.000000
vt 0.750000 0.500000
vt 0.625000 1.000000
vt 0.625000 0.500000
vt 0.500000 1.000000
vt 0.500000 0.500000
vt 0.375000 1.000000
vt 0.375000 0.500000
vt 0.250000 1.000000
vt 0.250000 0.500000
vt 0.419706 0.419706
vt 0.250000 0.490000
vt 0.080294 0.419706
vt 0.010000 0.250000
vt 0.080294 0.080294
vt 0.250000 0.010000
vt 0.419706 0.080294
vt 0.490000 0.250000
vt 0.125000 1.000000
vt 0.125000 0.500000
vt 0.000000 1.000000
vt 0.000000 0.500000
vt 0.750000 0.490000
vt 0.919706 0.419706
vt 0.990000 0.250000
vt 0.919706 0.080294
vt 0.750000 0.010000
vt 0.580294 0.080294
vt 0.510000 0.250000
vt 0.580294 0.419706
s 1
usemtl M_Black_Rubber
f 1961/4119/1959 1962/4120/1960 1964/4121/1962 1963/4122/1961
f 1963/4122/1961 1964/4121/1962 1966/4123/1964 1965/4124/1963
f 1965/4124/1963 1966/4123/1964 1968/4125/1966 1967/4126/1965
f 1967/4126/1965 1968/4125/1966 1970/4127/1968 1969/4128/1967
f 1969/4128/1967 1970/4127/1968 1972/4129/1970 1971/4130/1969
f 1971/4130/1969 1972/4129/1970 1974/4131/1972 1973/4132/1971
f 1964/4133/1962 1962/4134/1960 1976/4135/1974 1974/4136/1972 1972/4137/1970 1970/4138/1968 1968/4139/1966 1966/4140/1964
f 1973/4132/1971 1974/4131/1972 1976/4141/1974 1975/4142/1973
f 1975/4142/1973 1976/4141/1974 1962/4143/1960 1961/4144/1959
f 1961/4145/1959 1963/4146/1961 1965/4147/1963 1967/4148/1965 1969/4149/1967 1971/4150/1969 1973/4151/1971 1975/4152/1973
o Peg_Hole.120
v 0.175000 0.329000 0.000000
v 0.175000 0.329000 0.030000
v 0.177828 0.327828 0.000000
v 0.177828 0.327828 0.030000
v 0.179000 0.325000 0.000000
v 0.179000 0.325000 0.030000
v 0.177828 0.322172 0.000000
v 0.177828 0.322172 0.030000
v 0.175000 0.321000 0.000000
v 0.175000 0.321000 0.030000
v 0.172172 0.322172 0.000000
v 0.172172 0.322172 0.030000
v 0.171000 0.325000 0.000000
v 0.171000 0.325000 0.030000
v 0.172172 0.327828 0.000000
v 0.172172 0.327828 0.030000
vn -0.0000 0.7764 -0.6303
vn -0.0000 0.7764 0.6303
vn 0.5490 0.5490 -0.6303
vn 0.5490 0.5490 0.6303
vn 0.7764 -0.0000 -0.6303
vn 0.7764 -0.0000 0.6303
vn 0.5490 -0.5490 -0.6303
vn 0.5490 -0.5490 0.6303
vn -0.0000 -0.7764 -0.6303
vn -0.0000 -0.7764 0.6303
vn -0.5490 -0.5490 -0.6303
vn -0.5490 -0.5490 0.6303
vn -0.7764 -0.0000 -0.6303
vn -0.7764 -0.0000 0.6303
vn -0.5490 0.5490 -0.6303
vn -0.5490 0.5490 0.6303
vt 1.000000 0.500000
vt 1.000000 1.000000
vt 0.875000 1.000000
vt 0.875000 0.500000
vt 0.750000 1.000000
vt 0.750000 0.500000
vt 0.625000 1.000000
vt 0.625000 0.500000
vt 0.500000 1.000000
vt 0.500000 0.500000
vt 0.375000 1.000000
vt 0.375000 0.500000
vt 0.250000 1.000000
vt 0.250000 0.500000
vt 0.419706 0.419706
vt 0.250000 0.490000
vt 0.080294 0.419706
vt 0.010000 0.250000
vt 0.080294 0.080294
vt 0.250000 0.010000
vt 0.419706 0.080294
vt 0.490000 0.250000
vt 0.125000 1.000000
vt 0.125000 0.500000
vt 0.000000 1.000000
vt 0.000000 0.500000
vt 0.750000 0.490000
vt 0.919706 0.419706
vt 0.990000 0.250000
vt 0.919706 0.080294
vt 0.750000 0.010000
vt 0.580294 0.080294
vt 0.510000 0.250000
vt 0.580294 0.419706
s 1
usemtl M_Black_Rubber
f 1977/4153/1975 1978/4154/1976 1980/4155/1978 1979/4156/1977
f 1979/4156/1977 1980/4155/1978 1982/4157/1980 1981/4158/1979
f 1981/4158/1979 1982/4157/1980 1984/4159/1982 1983/4160/1981
f 1983/4160/1981 1984/4159/1982 1986/4161/1984 1985/4162/1983
f 1985/4162/1983 1986/4161/1984 1988/4163/1986 1987/4164/1985
f 1987/4164/1985 1988/4163/1986 1990/4165/1988 1989/4166/1987
f 1980/4167/1978 1978/4168/1976 1992/4169/1990 1990/4170/1988 1988/4171/1986 1986/4172/1984 1984/4173/1982 1982/4174/1980
f 1989/4166/1987 1990/4165/1988 1992/4175/1990 1991/4176/1989
f 1991/4176/1989 1992/4175/1990 1978/4177/1976 1977/4178/1975
f 1977/4179/1975 1979/4180/1977 1981/4181/1979 1983/4182/1981 1985/4183/1983 1987/4184/1985 1989/4185/1987 1991/4186/1989
o Peg_Hole.121
v 0.225000 0.329000 0.000000
v 0.225000 0.329000 0.030000
v 0.227828 0.327828 0.000000
v 0.227828 0.327828 0.030000
v 0.229000 0.325000 0.000000
v 0.229000 0.325000 0.030000
v 0.227828 0.322172 0.000000
v 0.227828 0.322172 0.030000
v 0.225000 0.321000 0.000000
v 0.225000 0.321000 0.030000
v 0.222172 0.322172 0.000000
v 0.222172 0.322172 0.030000
v 0.221000 0.325000 0.000000
v 0.221000 0.325000 0.030000
v 0.222172 0.327828 0.000000
v 0.222172 0.327828 0.030000
vn -0.0000 0.7764 -0.6303
vn -0.0000 0.7764 0.6303
vn 0.5490 0.5490 -0.6303
vn 0.5490 0.5490 0.6303
vn 0.7764 -0.0000 -0.6303
vn 0.7764 -0.0000 0.6303
vn 0.5490 -0.5490 -0.6303
vn 0.5490 -0.5490 0.6303
vn -0.0000 -0.7764 -0.6303
vn -0.0000 -0.7764 0.6303
vn -0.5490 -0.5490 -0.6303
vn -0.5490 -0.5490 0.6303
vn -0.7764 -0.0000 -0.6303
vn -0.7764 -0.0000 0.6303
vn -0.5490 0.5490 -0.6303
vn -0.5490 0.5490 0.6303
vt 1.000000 0.500000
vt 1.000000 1.000000
vt 0.875000 1.000000
vt 0.875000 0.500000
vt 0.750000 1.000000
vt 0.750000 0.500000
vt 0.625000 1.000000
vt 0.625000 0.500000
vt 0.500000 1.000000
vt 0.500000 0.500000
vt 0.375000 1.000000
vt 0.375000 0.500000
vt 0.250000 1.000000
vt 0.250000 0.500000
vt 0.419706 0.419706
vt 0.250000 0.490000
vt 0.080294 0.419706
vt 0.010000 0.250000
vt 0.080294 0.080294
vt 0.250000 0.010000
vt 0.419706 0.080294
vt 0.490000 0.250000
vt 0.125000 1.000000
vt 0.125000 0.500000
vt 0.000000 1.000000
vt 0.000000 0.500000
vt 0.750000 0.490000
vt 0.919706 0.419706
vt 0.990000 0.250000
vt 0.919706 0.080294
vt 0.750000 0.010000
vt 0.580294 0.080294
vt 0.510000 0.250000
vt 0.580294 0.419706
s 1
usemtl M_Black_Rubber
f 1993/4187/1991 1994/4188/1992 1996/4189/1994 1995/4190/1993
f 1995/4190/1993 1996/4189/1994 1998/4191/1996 1997/4192/1995
f 1997/4192/1995 1998/4191/1996 2000/4193/1998 1999/4194/1997
f 1999/4194/1997 2000/4193/1998 2002/4195/2000 2001/4196/1999
f 2001/4196/1999 2002/4195/2000 2004/4197/2002 2003/4198/2001
f 2003/4198/2001 2004/4197/2002 2006/4199/2004 2005/4200/2003
f 1996/4201/1994 1994/4202/1992 2008/4203/2006 2006/4204/2004 2004/4205/2002 2002/4206/2000 2000/4207/1998 1998/4208/1996
f 2005/4200/2003 2006/4199/2004 2008/4209/2006 2007/4210/2005
f 2007/4210/2005 2008/4209/2006 1994/4211/1992 1993/4212/1991
f 1993/4213/1991 1995/4214/1993 1997/4215/1995 1999/4216/1997 2001/4217/1999 2003/4218/2001 2005/4219/2003 2007/4220/2005
o Peg_Hole.122
v 0.275000 0.329000 0.000000
v 0.275000 0.329000 0.030000
v 0.277828 0.327828 0.000000
v 0.277828 0.327828 0.030000
v 0.279000 0.325000 0.000000
v 0.279000 0.325000 0.030000
v 0.277828 0.322172 0.000000
v 0.277828 0.322172 0.030000
v 0.275000 0.321000 0.000000
v 0.275000 0.321000 0.030000
v 0.272172 0.322172 0.000000
v 0.272172 0.322172 0.030000
v 0.271000 0.325000 0.000000
v 0.271000 0.325000 0.030000
v 0.272172 0.327828 0.000000
v 0.272172 0.327828 0.030000
vn -0.0000 0.7764 -0.6303
vn -0.0000 0.7764 0.6303
vn 0.5490 0.5490 -0.6303
vn 0.5490 0.5490 0.6303
vn 0.7764 -0.0000 -0.6303
vn 0.7764 -0.0000 0.6303
vn 0.5490 -0.5490 -0.6303
vn 0.5490 -0.5490 0.6303
vn -0.0000 -0.7764 -0.6303
vn -0.0000 -0.7764 0.6303
vn -0.5490 -0.5490 -0.6303
vn -0.5490 -0.5490 0.6303
vn -0.7764 -0.0000 -0.6303
vn -0.7764 -0.0000 0.6303
vn -0.5490 0.5490 -0.6303
vn -0.5490 0.5490 0.6303
vt 1.000000 0.500000
vt 1.000000 1.000000
vt 0.875000 1.000000
vt 0.875000 0.500000
vt 0.750000 1.000000
vt 0.750000 0.500000
vt 0.625000 1.000000
vt 0.625000 0.500000
vt 0.500000 1.000000
vt 0.500000 0.500000
vt 0.375000 1.000000
vt 0.375000 0.500000
vt 0.250000 1.000000
vt 0.250000 0.500000
vt 0.419706 0.419706
vt 0.250000 0.490000
vt 0.080294 0.419706
vt 0.010000 0.250000
vt 0.080294 0.080294
vt 0.250000 0.010000
vt 0.419706 0.080294
vt 0.490000 0.250000
vt 0.125000 1.000000
vt 0.125000 0.500000
vt 0.000000 1.000000
vt 0.000000 0.500000
vt 0.750000 0.490000
vt 0.919706 0.419706
vt 0.990000 0.250000
vt 0.919706 0.080294
vt 0.750000 0.010000
vt 0.580294 0.080294
vt 0.510000 0.250000
vt 0.580294 0.419706
s 1
usemtl M_Black_Rubber
f 2009/4221/2007 2010/4222/2008 2012/4223/2010 2011/4224/2009
f 2011/4224/2009 2012/4223/2010 2014/4225/2012 2013/4226/2011
f 2013/4226/2011 2014/4225/2012 2016/4227/2014 2015/4228/2013
f 2015/4228/2013 2016/4227/2014 2018/4229/2016 2017/4230/2015
f 2017/4230/2015 2018/4229/2016 2020/4231/2018 2019/4232/2017
f 2019/4232/2017 2020/4231/2018 2022/4233/2020 2021/4234/2019
f 2012/4235/2010 2010/4236/2008 2024/4237/2022 2022/4238/2020 2020/4239/2018 2018/4240/2016 2016/4241/2014 2014/4242/2012
f 2021/4234/2019 2022/4233/2020 2024/4243/2022 2023/4244/2021
f 2023/4244/2021 2024/4243/2022 2010/4245/2008 2009/4246/2007
f 2009/4247/2007 2011/4248/2009 2013/4249/2011 2015/4250/2013 2017/4251/2015 2019/4252/2017 2021/4253/2019 2023/4254/2021
o Peg_Hole.123
v 0.325000 0.329000 0.000000
v 0.325000 0.329000 0.030000
v 0.327828 0.327828 0.000000
v 0.327828 0.327828 0.030000
v 0.329000 0.325000 0.000000
v 0.329000 0.325000 0.030000
v 0.327828 0.322172 0.000000
v 0.327828 0.322172 0.030000
v 0.325000 0.321000 0.000000
v 0.325000 0.321000 0.030000
v 0.322172 0.322172 0.000000
v 0.322172 0.322172 0.030000
v 0.321000 0.325000 0.000000
v 0.321000 0.325000 0.030000
v 0.322172 0.327828 0.000000
v 0.322172 0.327828 0.030000
vn -0.0000 0.7764 -0.6303
vn -0.0000 0.7764 0.6303
vn 0.5490 0.5490 -0.6303
vn 0.5490 0.5490 0.6303
vn 0.7764 -0.0000 -0.6303
vn 0.7764 -0.0000 0.6303
vn 0.5490 -0.5490 -0.6303
vn 0.5490 -0.5490 0.6303
vn -0.0000 -0.7764 -0.6303
vn -0.0000 -0.7764 0.6303
vn -0.5490 -0.5490 -0.6303
vn -0.5490 -0.5490 0.6303
vn -0.7764 -0.0000 -0.6303
vn -0.7764 -0.0000 0.6303
vn -0.5490 0.5490 -0.6303
vn -0.5490 0.5490 0.6303
vt 1.000000 0.500000
vt 1.000000 1.000000
vt 0.875000 1.000000
vt 0.875000 0.500000
vt 0.750000 1.000000
vt 0.750000 0.500000
vt 0.625000 1.000000
vt 0.625000 0.500000
vt 0.500000 1.000000
vt 0.500000 0.500000
vt 0.375000 1.000000
vt 0.375000 0.500000
vt 0.250000 1.000000
vt 0.250000 0.500000
vt 0.419706 0.419706
vt 0.250000 0.490000
vt 0.080294 0.419706
vt 0.010000 0.250000
vt 0.080294 0.080294
vt 0.250000 0.010000
vt 0.419706 0.080294
vt 0.490000 0.250000
vt 0.125000 1.000000
vt 0.125000 0.500000
vt 0.000000 1.000000
vt 0.000000 0.500000
vt 0.750000 0.490000
vt 0.919706 0.419706
vt 0.990000 0.250000
vt 0.919706 0.080294
vt 0.750000 0.010000
vt 0.580294 0.080294
vt 0.510000 0.250000
vt 0.580294 0.419706
s 1
usemtl M_Black_Rubber
f 2025/4255/2023 2026/4256/2024 2028/4257/2026 2027/4258/2025
f 2027/4258/2025 2028/4257/2026 2030/4259/2028 2029/4260/2027
f 2029/4260/2027 2030/4259/2028 2032/4261/2030 2031/4262/2029
f 2031/4262/2029 2032/4261/2030 2034/4263/2032 2033/4264/2031
f 2033/4264/2031 2034/4263/2032 2036/4265/2034 2035/4266/2033
f 2035/4266/2033 2036/4265/2034 2038/4267/2036 2037/4268/2035
f 2028/4269/2026 2026/4270/2024 2040/4271/2038 2038/4272/2036 2036/4273/2034 2034/4274/2032 2032/4275/2030 2030/4276/2028
f 2037/4268/2035 2038/4267/2036 2040/4277/2038 2039/4278/2037
f 2039/4278/2037 2040/4277/2038 2026/4279/2024 2025/4280/2023
f 2025/4281/2023 2027/4282/2025 2029/4283/2027 2031/4284/2029 2033/4285/2031 2035/4286/2033 2037/4287/2035 2039/4288/2037
o Peg_Hole.124
v 0.375000 0.329000 0.000000
v 0.375000 0.329000 0.030000
v 0.377828 0.327828 0.000000
v 0.377828 0.327828 0.030000
v 0.379000 0.325000 0.000000
v 0.379000 0.325000 0.030000
v 0.377828 0.322172 0.000000
v 0.377828 0.322172 0.030000
v 0.375000 0.321000 0.000000
v 0.375000 0.321000 0.030000
v 0.372172 0.322172 0.000000
v 0.372172 0.322172 0.030000
v 0.371000 0.325000 0.000000
v 0.371000 0.325000 0.030000
v 0.372172 0.327828 0.000000
v 0.372172 0.327828 0.030000
vn -0.0000 0.7764 -0.6303
vn -0.0000 0.7764 0.6303
vn 0.5490 0.5490 -0.6303
vn 0.5490 0.5490 0.6303
vn 0.7764 -0.0000 -0.6303
vn 0.7764 -0.0000 0.6303
vn 0.5490 -0.5490 -0.6303
vn 0.5490 -0.5490 0.6303
vn -0.0000 -0.7764 -0.6303
vn -0.0000 -0.7764 0.6303
vn -0.5490 -0.5490 -0.6303
vn -0.5490 -0.5490 0.6303
vn -0.7764 -0.0000 -0.6303
vn -0.7764 -0.0000 0.6303
vn -0.5490 0.5490 -0.6303
vn -0.5490 0.5490 0.6303
vt 1.000000 0.500000
vt 1.000000 1.000000
vt 0.875000 1.000000
vt 0.875000 0.500000
vt 0.750000 1.000000
vt 0.750000 0.500000
vt 0.625000 1.000000
vt 0.625000 0.500000
vt 0.500000 1.000000
vt 0.500000 0.500000
vt 0.375000 1.000000
vt 0.375000 0.500000
vt 0.250000 1.000000
vt 0.250000 0.500000
vt 0.419706 0.419706
vt 0.250000 0.490000
vt 0.080294 0.419706
vt 0.010000 0.250000
vt 0.080294 0.080294
vt 0.250000 0.010000
vt 0.419706 0.080294
vt 0.490000 0.250000
vt 0.125000 1.000000
vt 0.125000 0.500000
vt 0.000000 1.000000
vt 0.000000 0.500000
vt 0.750000 0.490000
vt 0.919706 0.419706
vt 0.990000 0.250000
vt 0.919706 0.080294
vt 0.750000 0.010000
vt 0.580294 0.080294
vt 0.510000 0.250000
vt 0.580294 0.419706
s 1
usemtl M_Black_Rubber
f 2041/4289/2039 2042/4290/2040 2044/4291/2042 2043/4292/2041
f 2043/4292/2041 2044/4291/2042 2046/4293/2044 2045/4294/2043
f 2045/4294/2043 2046/4293/2044 2048/4295/2046 2047/4296/2045
f 2047/4296/2045 2048/4295/2046 2050/4297/2048 2049/4298/2047
f 2049/4298/2047 2050/4297/2048 2052/4299/2050 2051/4300/2049
f 2051/4300/2049 2052/4299/2050 2054/4301/2052 2053/4302/2051
f 2044/4303/2042 2042/4304/2040 2056/4305/2054 2054/4306/2052 2052/4307/2050 2050/4308/2048 2048/4309/2046 2046/4310/2044
f 2053/4302/2051 2054/4301/2052 2056/4311/2054 2055/4312/2053
f 2055/4312/2053 2056/4311/2054 2042/4313/2040 2041/4314/2039
f 2041/4315/2039 2043/4316/2041 2045/4317/2043 2047/4318/2045 2049/4319/2047 2051/4320/2049 2053/4321/2051 2055/4322/2053
o Peg_Hole.125
v 0.425000 0.329000 0.000000
v 0.425000 0.329000 0.030000
v 0.427828 0.327828 0.000000
v 0.427828 0.327828 0.030000
v 0.429000 0.325000 0.000000
v 0.429000 0.325000 0.030000
v 0.427828 0.322172 0.000000
v 0.427828 0.322172 0.030000
v 0.425000 0.321000 0.000000
v 0.425000 0.321000 0.030000
v 0.422172 0.322172 0.000000
v 0.422172 0.322172 0.030000
v 0.421000 0.325000 0.000000
v 0.421000 0.325000 0.030000
v 0.422172 0.327828 0.000000
v 0.422172 0.327828 0.030000
vn -0.0000 0.7764 -0.6303
vn -0.0000 0.7764 0.6303
vn 0.5490 0.5490 -0.6303
vn 0.5490 0.5490 0.6303
vn 0.7764 -0.0000 -0.6303
vn 0.7764 -0.0000 0.6303
vn 0.5490 -0.5490 -0.6303
vn 0.5490 -0.5490 0.6303
vn -0.0000 -0.7764 -0.6303
vn -0.0000 -0.7764 0.6303
vn -0.5490 -0.5490 -0.6303
vn -0.5490 -0.5490 0.6303
vn -0.7764 -0.0000 -0.6303
vn -0.7764 -0.0000 0.6303
vn -0.5490 0.5490 -0.6303
vn -0.5490 0.5490 0.6303
vt 1.000000 0.500000
vt 1.000000 1.000000
vt 0.875000 1.000000
vt 0.875000 0.500000
vt 0.750000 1.000000
vt 0.750000 0.500000
vt 0.625000 1.000000
vt 0.625000 0.500000
vt 0.500000 1.000000
vt 0.500000 0.500000
vt 0.375000 1.000000
vt 0.375000 0.500000
vt 0.250000 1.000000
vt 0.250000 0.500000
vt 0.419706 0.419706
vt 0.250000 0.490000
vt 0.080294 0.419706
vt 0.010000 0.250000
vt 0.080294 0.080294
vt 0.250000 0.010000
vt 0.419706 0.080294
vt 0.490000 0.250000
vt 0.125000 1.000000
vt 0.125000 0.500000
vt 0.000000 1.000000
vt 0.000000 0.500000
vt 0.750000 0.490000
vt 0.919706 0.419706
vt 0.990000 0.250000
vt 0.919706 0.080294
vt 0.750000 0.010000
vt 0.580294 0.080294
vt 0.510000 0.250000
vt 0.580294 0.419706
s 1
usemtl M_Black_Rubber
f 2057/4323/2055 2058/4324/2056 2060/4325/2058 2059/4326/2057
f 2059/4326/2057 2060/4325/2058 2062/4327/2060 2061/4328/2059
f 2061/4328/2059 2062/4327/2060 2064/4329/2062 2063/4330/2061
f 2063/4330/2061 2064/4329/2062 2066/4331/2064 2065/4332/2063
f 2065/4332/2063 2066/4331/2064 2068/4333/2066 2067/4334/2065
f 2067/4334/2065 2068/4333/2066 2070/4335/2068 2069/4336/2067
f 2060/4337/2058 2058/4338/2056 2072/4339/2070 2070/4340/2068 2068/4341/2066 2066/4342/2064 2064/4343/2062 2062/4344/2060
f 2069/4336/2067 2070/4335/2068 2072/4345/2070 2071/4346/2069
f 2071/4346/2069 2072/4345/2070 2058/4347/2056 2057/4348/2055
f 2057/4349/2055 2059/4350/2057 2061/4351/2059 2063/4352/2061 2065/4353/2063 2067/4354/2065 2069/4355/2067 2071/4356/2069
o Peg_Hole.126
v -0.425000 0.379000 0.000000
v -0.425000 0.379000 0.030000
v -0.422172 0.377828 0.000000
v -0.422172 0.377828 0.030000
v -0.421000 0.375000 0.000000
v -0.421000 0.375000 0.030000
v -0.422172 0.372172 0.000000
v -0.422172 0.372172 0.030000
v -0.425000 0.371000 0.000000
v -0.425000 0.371000 0.030000
v -0.427828 0.372172 0.000000
v -0.427828 0.372172 0.030000
v -0.429000 0.375000 0.000000
v -0.429000 0.375000 0.030000
v -0.427828 0.377828 0.000000
v -0.427828 0.377828 0.030000
vn -0.0000 0.7764 -0.6303
vn -0.0000 0.7764 0.6303
vn 0.5490 0.5490 -0.6303
vn 0.5490 0.5490 0.6303
vn 0.7764 -0.0000 -0.6303
vn 0.7764 -0.0000 0.6303
vn 0.5490 -0.5490 -0.6303
vn 0.5490 -0.5490 0.6303
vn -0.0000 -0.7764 -0.6303
vn -0.0000 -0.7764 0.6303
vn -0.5490 -0.5490 -0.6303
vn -0.5490 -0.5490 0.6303
vn -0.7764 -0.0000 -0.6303
vn -0.7764 -0.0000 0.6303
vn -0.5490 0.5490 -0.6303
vn -0.5490 0.5490 0.6303
vt 1.000000 0.500000
vt 1.000000 1.000000
vt 0.875000 1.000000
vt 0.875000 0.500000
vt 0.750000 1.000000
vt 0.750000 0.500000
vt 0.625000 1.000000
vt 0.625000 0.500000
vt 0.500000 1.000000
vt 0.500000 0.500000
vt 0.375000 1.000000
vt 0.375000 0.500000
vt 0.250000 1.000000
vt 0.250000 0.500000
vt 0.419706 0.419706
vt 0.250000 0.490000
vt 0.080294 0.419706
vt 0.010000 0.250000
vt 0.080294 0.080294
vt 0.250000 0.010000
vt 0.419706 0.080294
vt 0.490000 0.250000
vt 0.125000 1.000000
vt 0.125000 0.500000
vt 0.000000 1.000000
vt 0.000000 0.500000
vt 0.750000 0.490000
vt 0.919706 0.419706
vt 0.990000 0.250000
vt 0.919706 0.080294
vt 0.750000 0.010000
vt 0.580294 0.080294
vt 0.510000 0.250000
vt 0.580294 0.419706
s 1
usemtl M_Black_Rubber
f 2073/4357/2071 2074/4358/2072 2076/4359/2074 2075/4360/2073
f 2075/4360/2073 2076/4359/2074 2078/4361/2076 2077/4362/2075
f 2077/4362/2075 2078/4361/2076 2080/4363/2078 2079/4364/2077
f 2079/4364/2077 2080/4363/2078 2082/4365/2080 2081/4366/2079
f 2081/4366/2079 2082/4365/2080 2084/4367/2082 2083/4368/2081
f 2083/4368/2081 2084/4367/2082 2086/4369/2084 2085/4370/2083
f 2076/4371/2074 2074/4372/2072 2088/4373/2086 2086/4374/2084 2084/4375/2082 2082/4376/2080 2080/4377/2078 2078/4378/2076
f 2085/4370/2083 2086/4369/2084 2088/4379/2086 2087/4380/2085
f 2087/4380/2085 2088/4379/2086 2074/4381/2072 2073/4382/2071
f 2073/4383/2071 2075/4384/2073 2077/4385/2075 2079/4386/2077 2081/4387/2079 2083/4388/2081 2085/4389/2083 2087/4390/2085
o Peg_Hole.127
v -0.375000 0.379000 0.000000
v -0.375000 0.379000 0.030000
v -0.372172 0.377828 0.000000
v -0.372172 0.377828 0.030000
v -0.371000 0.375000 0.000000
v -0.371000 0.375000 0.030000
v -0.372172 0.372172 0.000000
v -0.372172 0.372172 0.030000
v -0.375000 0.371000 0.000000
v -0.375000 0.371000 0.030000
v -0.377828 0.372172 0.000000
v -0.377828 0.372172 0.030000
v -0.379000 0.375000 0.000000
v -0.379000 0.375000 0.030000
v -0.377828 0.377828 0.000000
v -0.377828 0.377828 0.030000
vn -0.0000 0.7764 -0.6303
vn -0.0000 0.7764 0.6303
vn 0.5490 0.5490 -0.6303
vn 0.5490 0.5490 0.6303
vn 0.7764 -0.0000 -0.6303
vn 0.7764 -0.0000 0.6303
vn 0.5490 -0.5490 -0.6303
vn 0.5490 -0.5490 0.6303
vn -0.0000 -0.7764 -0.6303
vn -0.0000 -0.7764 0.6303
vn -0.5490 -0.5490 -0.6303
vn -0.5490 -0.5490 0.6303
vn -0.7764 -0.0000 -0.6303
vn -0.7764 -0.0000 0.6303
vn -0.5490 0.5490 -0.6303
vn -0.5490 0.5490 0.6303
vt 1.000000 0.500000
vt 1.000000 1.000000
vt 0.875000 1.000000
vt 0.875000 0.500000
vt 0.750000 1.000000
vt 0.750000 0.500000
vt 0.625000 1.000000
vt 0.625000 0.500000
vt 0.500000 1.000000
vt 0.500000 0.500000
vt 0.375000 1.000000
vt 0.375000 0.500000
vt 0.250000 1.000000
vt 0.250000 0.500000
vt 0.419706 0.419706
vt 0.250000 0.490000
vt 0.080294 0.419706
vt 0.010000 0.250000
vt 0.080294 0.080294
vt 0.250000 0.010000
vt 0.419706 0.080294
vt 0.490000 0.250000
vt 0.125000 1.000000
vt 0.125000 0.500000
vt 0.000000 1.000000
vt 0.000000 0.500000
vt 0.750000 0.490000
vt 0.919706 0.419706
vt 0.990000 0.250000
vt 0.919706 0.080294
vt 0.750000 0.010000
vt 0.580294 0.080294
vt 0.510000 0.250000
vt 0.580294 0.419706
s 1
usemtl M_Black_Rubber
f 2089/4391/2087 2090/4392/2088 2092/4393/2090 2091/4394/2089
f 2091/4394/2089 2092/4393/2090 2094/4395/2092 2093/4396/2091
f 2093/4396/2091 2094/4395/2092 2096/4397/2094 2095/4398/2093
f 2095/4398/2093 2096/4397/2094 2098/4399/2096 2097/4400/2095
f 2097/4400/2095 2098/4399/2096 2100/4401/2098 2099/4402/2097
f 2099/4402/2097 2100/4401/2098 2102/4403/2100 2101/4404/2099
f 2092/4405/2090 2090/4406/2088 2104/4407/2102 2102/4408/2100 2100/4409/2098 2098/4410/2096 2096/4411/2094 2094/4412/2092
f 2101/4404/2099 2102/4403/2100 2104/4413/2102 2103/4414/2101
f 2103/4414/2101 2104/4413/2102 2090/4415/2088 2089/4416/2087
f 2089/4417/2087 2091/4418/2089 2093/4419/2091 2095/4420/2093 2097/4421/2095 2099/4422/2097 2101/4423/2099 2103/4424/2101
o Peg_Hole.128
v -0.325000 0.379000 0.000000
v -0.325000 0.379000 0.030000
v -0.322172 0.377828 0.000000
v -0.322172 0.377828 0.030000
v -0.321000 0.375000 0.000000
v -0.321000 0.375000 0.030000
v -0.322172 0.372172 0.000000
v -0.322172 0.372172 0.030000
v -0.325000 0.371000 0.000000
v -0.325000 0.371000 0.030000
v -0.327828 0.372172 0.000000
v -0.327828 0.372172 0.030000
v -0.329000 0.375000 0.000000
v -0.329000 0.375000 0.030000
v -0.327828 0.377828 0.000000
v -0.327828 0.377828 0.030000
vn -0.0000 0.7764 -0.6303
vn -0.0000 0.7764 0.6303
vn 0.5490 0.5490 -0.6303
vn 0.5490 0.5490 0.6303
vn 0.7764 -0.0000 -0.6303
vn 0.7764 -0.0000 0.6303
vn 0.5490 -0.5490 -0.6303
vn 0.5490 -0.5490 0.6303
vn -0.0000 -0.7764 -0.6303
vn -0.0000 -0.7764 0.6303
vn -0.5490 -0.5490 -0.6303
vn -0.5490 -0.5490 0.6303
vn -0.7764 -0.0000 -0.6303
vn -0.7764 -0.0000 0.6303
vn -0.5490 0.5490 -0.6303
vn -0.5490 0.5490 0.6303
vt 1.000000 0.500000
vt 1.000000 1.000000
vt 0.875000 1.000000
vt 0.875000 0.500000
vt 0.750000 1.000000
vt 0.750000 0.500000
vt 0.625000 1.000000
vt 0.625000 0.500000
vt 0.500000 1.000000
vt 0.500000 0.500000
vt 0.375000 1.000000
vt 0.375000 0.500000
vt 0.250000 1.000000
vt 0.250000 0.500000
vt 0.419706 0.419706
vt 0.250000 0.490000
vt 0.080294 0.419706
vt 0.010000 0.250000
vt 0.080294 0.080294
vt 0.250000 0.010000
vt 0.419706 0.080294
vt 0.490000 0.250000
vt 0.125000 1.000000
vt 0.125000 0.500000
vt 0.000000 1.000000
vt 0.000000 0.500000
vt 0.750000 0.490000
vt 0.919706 0.419706
vt 0.990000 0.250000
vt 0.919706 0.080294
vt 0.750000 0.010000
vt 0.580294 0.080294
vt 0.510000 0.250000
vt 0.580294 0.419706
s 1
usemtl M_Black_Rubber
f 2105/4425/2103 2106/4426/2104 2108/4427/2106 2107/4428/2105
f 2107/4428/2105 2108/4427/2106 2110/4429/2108 2109/4430/2107
f 2109/4430/2107 2110/4429/2108 2112/4431/2110 2111/4432/2109
f 2111/4432/2109 2112/4431/2110 2114/4433/2112 2113/4434/2111
f 2113/4434/2111 2114/4433/2112 2116/4435/2114 2115/4436/2113
f 2115/4436/2113 2116/4435/2114 2118/4437/2116 2117/4438/2115
f 2108/4439/2106 2106/4440/2104 2120/4441/2118 2118/4442/2116 2116/4443/2114 2114/4444/2112 2112/4445/2110 2110/4446/2108
f 2117/4438/2115 2118/4437/2116 2120/4447/2118 2119/4448/2117
f 2119/4448/2117 2120/4447/2118 2106/4449/2104 2105/4450/2103
f 2105/4451/2103 2107/4452/2105 2109/4453/2107 2111/4454/2109 2113/4455/2111 2115/4456/2113 2117/4457/2115 2119/4458/2117
o Peg_Hole.129
v -0.275000 0.379000 0.000000
v -0.275000 0.379000 0.030000
v -0.272172 0.377828 0.000000
v -0.272172 0.377828 0.030000
v -0.271000 0.375000 0.000000
v -0.271000 0.375000 0.030000
v -0.272172 0.372172 0.000000
v -0.272172 0.372172 0.030000
v -0.275000 0.371000 0.000000
v -0.275000 0.371000 0.030000
v -0.277828 0.372172 0.000000
v -0.277828 0.372172 0.030000
v -0.279000 0.375000 0.000000
v -0.279000 0.375000 0.030000
v -0.277828 0.377828 0.000000
v -0.277828 0.377828 0.030000
vn -0.0000 0.7764 -0.6303
vn -0.0000 0.7764 0.6303
vn 0.5490 0.5490 -0.6303
vn 0.5490 0.5490 0.6303
vn 0.7764 -0.0000 -0.6303
vn 0.7764 -0.0000 0.6303
vn 0.5490 -0.5490 -0.6303
vn 0.5490 -0.5490 0.6303
vn -0.0000 -0.7764 -0.6303
vn -0.0000 -0.7764 0.6303
vn -0.5490 -0.5490 -0.6303
vn -0.5490 -0.5490 0.6303
vn -0.7764 -0.0000 -0.6303
vn -0.7764 -0.0000 0.6303
vn -0.5490 0.5490 -0.6303
vn -0.5490 0.5490 0.6303
vt 1.000000 0.500000
vt 1.000000 1.000000
vt 0.875000 1.000000
vt 0.875000 0.500000
vt 0.750000 1.000000
vt 0.750000 0.500000
vt 0.625000 1.000000
vt 0.625000 0.500000
vt 0.500000 1.000000
vt 0.500000 0.500000
vt 0.375000 1.000000
vt 0.375000 0.500000
vt 0.250000 1.000000
vt 0.250000 0.500000
vt 0.419706 0.419706
vt 0.250000 0.490000
vt 0.080294 0.419706
vt 0.010000 0.250000
vt 0.080294 0.080294
vt 0.250000 0.010000
vt 0.419706 0.080294
vt 0.490000 0.250000
vt 0.125000 1.000000
vt 0.125000 0.500000
vt 0.000000 1.000000
vt 0.000000 0.500000
vt 0.750000 0.490000
vt 0.919706 0.419706
vt 0.990000 0.250000
vt 0.919706 0.080294
vt 0.750000 0.010000
vt 0.580294 0.080294
vt 0.510000 0.250000
vt 0.580294 0.419706
s 1
usemtl M_Black_Rubber
f 2121/4459/2119 2122/4460/2120 2124/4461/2122 2123/4462/2121
f 2123/4462/2121 2124/4461/2122 2126/4463/2124 2125/4464/2123
f 2125/4464/2123 2126/4463/2124 2128/4465/2126 2127/4466/2125
f 2127/4466/2125 2128/4465/2126 2130/4467/2128 2129/4468/2127
f 2129/4468/2127 2130/4467/2128 2132/4469/2130 2131/4470/2129
f 2131/4470/2129 2132/4469/2130 2134/4471/2132 2133/4472/2131
f 2124/4473/2122 2122/4474/2120 2136/4475/2134 2134/4476/2132 2132/4477/2130 2130/4478/2128 2128/4479/2126 2126/4480/2124
f 2133/4472/2131 2134/4471/2132 2136/4481/2134 2135/4482/2133
f 2135/4482/2133 2136/4481/2134 2122/4483/2120 2121/4484/2119
f 2121/4485/2119 2123/4486/2121 2125/4487/2123 2127/4488/2125 2129/4489/2127 2131/4490/2129 2133/4491/2131 2135/4492/2133
o Peg_Hole.130
v -0.225000 0.379000 0.000000
v -0.225000 0.379000 0.030000
v -0.222172 0.377828 0.000000
v -0.222172 0.377828 0.030000
v -0.221000 0.375000 0.000000
v -0.221000 0.375000 0.030000
v -0.222172 0.372172 0.000000
v -0.222172 0.372172 0.030000
v -0.225000 0.371000 0.000000
v -0.225000 0.371000 0.030000
v -0.227828 0.372172 0.000000
v -0.227828 0.372172 0.030000
v -0.229000 0.375000 0.000000
v -0.229000 0.375000 0.030000
v -0.227828 0.377828 0.000000
v -0.227828 0.377828 0.030000
vn -0.0000 0.7764 -0.6303
vn -0.0000 0.7764 0.6303
vn 0.5490 0.5490 -0.6303
vn 0.5490 0.5490 0.6303
vn 0.7764 -0.0000 -0.6303
vn 0.7764 -0.0000 0.6303
vn 0.5490 -0.5490 -0.6303
vn 0.5490 -0.5490 0.6303
vn -0.0000 -0.7764 -0.6303
vn -0.0000 -0.7764 0.6303
vn -0.5490 -0.5490 -0.6303
vn -0.5490 -0.5490 0.6303
vn -0.7764 -0.0000 -0.6303
vn -0.7764 -0.0000 0.6303
vn -0.5490 0.5490 -0.6303
vn -0.5490 0.5490 0.6303
vt 1.000000 0.500000
vt 1.000000 1.000000
vt 0.875000 1.000000
vt 0.875000 0.500000
vt 0.750000 1.000000
vt 0.750000 0.500000
vt 0.625000 1.000000
vt 0.625000 0.500000
vt 0.500000 1.000000
vt 0.500000 0.500000
vt 0.375000 1.000000
vt 0.375000 0.500000
vt 0.250000 1.000000
vt 0.250000 0.500000
vt 0.419706 0.419706
vt 0.250000 0.490000
vt 0.080294 0.419706
vt 0.010000 0.250000
vt 0.080294 0.080294
vt 0.250000 0.010000
vt 0.419706 0.080294
vt 0.490000 0.250000
vt 0.125000 1.000000
vt 0.125000 0.500000
vt 0.000000 1.000000
vt 0.000000 0.500000
vt 0.750000 0.490000
vt 0.919706 0.419706
vt 0.990000 0.250000
vt 0.919706 0.080294
vt 0.750000 0.010000
vt 0.580294 0.080294
vt 0.510000 0.250000
vt 0.580294 0.419706
s 1
usemtl M_Black_Rubber
f 2137/4493/2135 2138/4494/2136 2140/4495/2138 2139/4496/2137
f 2139/4496/2137 2140/4495/2138 2142/4497/2140 2141/4498/2139
f 2141/4498/2139 2142/4497/2140 2144/4499/2142 2143/4500/2141
f 2143/4500/2141 2144/4499/2142 2146/4501/2144 2145/4502/2143
f 2145/4502/2143 2146/4501/2144 2148/4503/2146 2147/4504/2145
f 2147/4504/2145 2148/4503/2146 2150/4505/2148 2149/4506/2147
f 2140/4507/2138 2138/4508/2136 2152/4509/2150 2150/4510/2148 2148/4511/2146 2146/4512/2144 2144/4513/2142 2142/4514/2140
f 2149/4506/2147 2150/4505/2148 2152/4515/2150 2151/4516/2149
f 2151/4516/2149 2152/4515/2150 2138/4517/2136 2137/4518/2135
f 2137/4519/2135 2139/4520/2137 2141/4521/2139 2143/4522/2141 2145/4523/2143 2147/4524/2145 2149/4525/2147 2151/4526/2149
o Peg_Hole.131
v -0.175000 0.379000 0.000000
v -0.175000 0.379000 0.030000
v -0.172172 0.377828 0.000000
v -0.172172 0.377828 0.030000
v -0.171000 0.375000 0.000000
v -0.171000 0.375000 0.030000
v -0.172172 0.372172 0.000000
v -0.172172 0.372172 0.030000
v -0.175000 0.371000 0.000000
v -0.175000 0.371000 0.030000
v -0.177828 0.372172 0.000000
v -0.177828 0.372172 0.030000
v -0.179000 0.375000 0.000000
v -0.179000 0.375000 0.030000
v -0.177828 0.377828 0.000000
v -0.177828 0.377828 0.030000
vn -0.0000 0.7764 -0.6303
vn -0.0000 0.7764 0.6303
vn 0.5490 0.5490 -0.6303
vn 0.5490 0.5490 0.6303
vn 0.7764 -0.0000 -0.6303
vn 0.7764 -0.0000 0.6303
vn 0.5490 -0.5490 -0.6303
vn 0.5490 -0.5490 0.6303
vn -0.0000 -0.7764 -0.6303
vn -0.0000 -0.7764 0.6303
vn -0.5490 -0.5490 -0.6303
vn -0.5490 -0.5490 0.6303
vn -0.7764 -0.0000 -0.6303
vn -0.7764 -0.0000 0.6303
vn -0.5490 0.5490 -0.6303
vn -0.5490 0.5490 0.6303
vt 1.000000 0.500000
vt 1.000000 1.000000
vt 0.875000 1.000000
vt 0.875000 0.500000
vt 0.750000 1.000000
vt 0.750000 0.500000
vt 0.625000 1.000000
vt 0.625000 0.500000
vt 0.500000 1.000000
vt 0.500000 0.500000
vt 0.375000 1.000000
vt 0.375000 0.500000
vt 0.250000 1.000000
vt 0.250000 0.500000
vt 0.419706 0.419706
vt 0.250000 0.490000
vt 0.080294 0.419706
vt 0.010000 0.250000
vt 0.080294 0.080294
vt 0.250000 0.010000
vt 0.419706 0.080294
vt 0.490000 0.250000
vt 0.125000 1.000000
vt 0.125000 0.500000
vt 0.000000 1.000000
vt 0.000000 0.500000
vt 0.750000 0.490000
vt 0.919706 0.419706
vt 0.990000 0.250000
vt 0.919706 0.080294
vt 0.750000 0.010000
vt 0.580294 0.080294
vt 0.510000 0.250000
vt 0.580294 0.419706
s 1
usemtl M_Black_Rubber
f 2153/4527/2151 2154/4528/2152 2156/4529/2154 2155/4530/2153
f 2155/4530/2153 2156/4529/2154 2158/4531/2156 2157/4532/2155
f 2157/4532/2155 2158/4531/2156 2160/4533/2158 2159/4534/2157
f 2159/4534/2157 2160/4533/2158 2162/4535/2160 2161/4536/2159
f 2161/4536/2159 2162/4535/2160 2164/4537/2162 2163/4538/2161
f 2163/4538/2161 2164/4537/2162 2166/4539/2164 2165/4540/2163
f 2156/4541/2154 2154/4542/2152 2168/4543/2166 2166/4544/2164 2164/4545/2162 2162/4546/2160 2160/4547/2158 2158/4548/2156
f 2165/4540/2163 2166/4539/2164 2168/4549/2166 2167/4550/2165
f 2167/4550/2165 2168/4549/2166 2154/4551/2152 2153/4552/2151
f 2153/4553/2151 2155/4554/2153 2157/4555/2155 2159/4556/2157 2161/4557/2159 2163/4558/2161 2165/4559/2163 2167/4560/2165
o Peg_Hole.132
v -0.125000 0.379000 0.000000
v -0.125000 0.379000 0.030000
v -0.122172 0.377828 0.000000
v -0.122172 0.377828 0.030000
v -0.121000 0.375000 0.000000
v -0.121000 0.375000 0.030000
v -0.122172 0.372172 0.000000
v -0.122172 0.372172 0.030000
v -0.125000 0.371000 0.000000
v -0.125000 0.371000 0.030000
v -0.127828 0.372172 0.000000
v -0.127828 0.372172 0.030000
v -0.129000 0.375000 0.000000
v -0.129000 0.375000 0.030000
v -0.127828 0.377828 0.000000
v -0.127828 0.377828 0.030000
vn -0.0000 0.7764 -0.6303
vn -0.0000 0.7764 0.6303
vn 0.5490 0.5490 -0.6303
vn 0.5490 0.5490 0.6303
vn 0.7764 -0.0000 -0.6303
vn 0.7764 -0.0000 0.6303
vn 0.5490 -0.5490 -0.6303
vn 0.5490 -0.5490 0.6303
vn -0.0000 -0.7764 -0.6303
vn -0.0000 -0.7764 0.6303
vn -0.5490 -0.5490 -0.6303
vn -0.5490 -0.5490 0.6303
vn -0.7764 -0.0000 -0.6303
vn -0.7764 -0.0000 0.6303
vn -0.5490 0.5490 -0.6303
vn -0.5490 0.5490 0.6303
vt 1.000000 0.500000
vt 1.000000 1.000000
vt 0.875000 1.000000
vt 0.875000 0.500000
vt 0.750000 1.000000
vt 0.750000 0.500000
vt 0.625000 1.000000
vt 0.625000 0.500000
vt 0.500000 1.000000
vt 0.500000 0.500000
vt 0.375000 1.000000
vt 0.375000 0.500000
vt 0.250000 1.000000
vt 0.250000 0.500000
vt 0.419706 0.419706
vt 0.250000 0.490000
vt 0.080294 0.419706
vt 0.010000 0.250000
vt 0.080294 0.080294
vt 0.250000 0.010000
vt 0.419706 0.080294
vt 0.490000 0.250000
vt 0.125000 1.000000
vt 0.125000 0.500000
vt 0.000000 1.000000
vt 0.000000 0.500000
vt 0.750000 0.490000
vt 0.919706 0.419706
vt 0.990000 0.250000
vt 0.919706 0.080294
vt 0.750000 0.010000
vt 0.580294 0.080294
vt 0.510000 0.250000
vt 0.580294 0.419706
s 1
usemtl M_Black_Rubber
f 2169/4561/2167 2170/4562/2168 2172/4563/2170 2171/4564/2169
f 2171/4564/2169 2172/4563/2170 2174/4565/2172 2173/4566/2171
f 2173/4566/2171 2174/4565/2172 2176/4567/2174 2175/4568/2173
f 2175/4568/2173 2176/4567/2174 2178/4569/2176 2177/4570/2175
f 2177/4570/2175 2178/4569/2176 2180/4571/2178 2179/4572/2177
f 2179/4572/2177 2180/4571/2178 2182/4573/2180 2181/4574/2179
f 2172/4575/2170 2170/4576/2168 2184/4577/2182 2182/4578/2180 2180/4579/2178 2178/4580/2176 2176/4581/2174 2174/4582/2172
f 2181/4574/2179 2182/4573/2180 2184/4583/2182 2183/4584/2181
f 2183/4584/2181 2184/4583/2182 2170/4585/2168 2169/4586/2167
f 2169/4587/2167 2171/4588/2169 2173/4589/2171 2175/4590/2173 2177/4591/2175 2179/4592/2177 2181/4593/2179 2183/4594/2181
o Peg_Hole.133
v -0.075000 0.379000 0.000000
v -0.075000 0.379000 0.030000
v -0.072172 0.377828 0.000000
v -0.072172 0.377828 0.030000
v -0.071000 0.375000 0.000000
v -0.071000 0.375000 0.030000
v -0.072172 0.372172 0.000000
v -0.072172 0.372172 0.030000
v -0.075000 0.371000 0.000000
v -0.075000 0.371000 0.030000
v -0.077828 0.372172 0.000000
v -0.077828 0.372172 0.030000
v -0.079000 0.375000 0.000000
v -0.079000 0.375000 0.030000
v -0.077828 0.377828 0.000000
v -0.077828 0.377828 0.030000
vn -0.0000 0.7764 -0.6303
vn -0.0000 0.7764 0.6303
vn 0.5490 0.5490 -0.6303
vn 0.5490 0.5490 0.6303
vn 0.7764 -0.0000 -0.6303
vn 0.7764 -0.0000 0.6303
vn 0.5490 -0.5490 -0.6303
vn 0.5490 -0.5490 0.6303
vn -0.0000 -0.7764 -0.6303
vn -0.0000 -0.7764 0.6303
vn -0.5490 -0.5490 -0.6303
vn -0.5490 -0.5490 0.6303
vn -0.7764 -0.0000 -0.6303
vn -0.7764 -0.0000 0.6303
vn -0.5490 0.5490 -0.6303
vn -0.5490 0.5490 0.6303
vt 1.000000 0.500000
vt 1.000000 1.000000
vt 0.875000 1.000000
vt 0.875000 0.500000
vt 0.750000 1.000000
vt 0.750000 0.500000
vt 0.625000 1.000000
vt 0.625000 0.500000
vt 0.500000 1.000000
vt 0.500000 0.500000
vt 0.375000 1.000000
vt 0.375000 0.500000
vt 0.250000 1.000000
vt 0.250000 0.500000
vt 0.419706 0.419706
vt 0.250000 0.490000
vt 0.080294 0.419706
vt 0.010000 0.250000
vt 0.080294 0.080294
vt 0.250000 0.010000
vt 0.419706 0.080294
vt 0.490000 0.250000
vt 0.125000 1.000000
vt 0.125000 0.500000
vt 0.000000 1.000000
vt 0.000000 0.500000
vt 0.750000 0.490000
vt 0.919706 0.419706
vt 0.990000 0.250000
vt 0.919706 0.080294
vt 0.750000 0.010000
vt 0.580294 0.080294
vt 0.510000 0.250000
vt 0.580294 0.419706
s 1
usemtl M_Black_Rubber
f 2185/4595/2183 2186/4596/2184 2188/4597/2186 2187/4598/2185
f 2187/4598/2185 2188/4597/2186 2190/4599/2188 2189/4600/2187
f 2189/4600/2187 2190/4599/2188 2192/4601/2190 2191/4602/2189
f 2191/4602/2189 2192/4601/2190 2194/4603/2192 2193/4604/2191
f 2193/4604/2191 2194/4603/2192 2196/4605/2194 2195/4606/2193
f 2195/4606/2193 2196/4605/2194 2198/4607/2196 2197/4608/2195
f 2188/4609/2186 2186/4610/2184 2200/4611/2198 2198/4612/2196 2196/4613/2194 2194/4614/2192 2192/4615/2190 2190/4616/2188
f 2197/4608/2195 2198/4607/2196 2200/4617/2198 2199/4618/2197
f 2199/4618/2197 2200/4617/2198 2186/4619/2184 2185/4620/2183
f 2185/4621/2183 2187/4622/2185 2189/4623/2187 2191/4624/2189 2193/4625/2191 2195/4626/2193 2197/4627/2195 2199/4628/2197
o Peg_Hole.134
v -0.025000 0.379000 0.000000
v -0.025000 0.379000 0.030000
v -0.022172 0.377828 0.000000
v -0.022172 0.377828 0.030000
v -0.021000 0.375000 0.000000
v -0.021000 0.375000 0.030000
v -0.022172 0.372172 0.000000
v -0.022172 0.372172 0.030000
v -0.025000 0.371000 0.000000
v -0.025000 0.371000 0.030000
v -0.027828 0.372172 0.000000
v -0.027828 0.372172 0.030000
v -0.029000 0.375000 0.000000
v -0.029000 0.375000 0.030000
v -0.027828 0.377828 0.000000
v -0.027828 0.377828 0.030000
vn -0.0000 0.7764 -0.6303
vn -0.0000 0.7764 0.6303
vn 0.5490 0.5490 -0.6303
vn 0.5490 0.5490 0.6303
vn 0.7764 -0.0000 -0.6303
vn 0.7764 -0.0000 0.6303
vn 0.5490 -0.5490 -0.6303
vn 0.5490 -0.5490 0.6303
vn -0.0000 -0.7764 -0.6303
vn -0.0000 -0.7764 0.6303
vn -0.5490 -0.5490 -0.6303
vn -0.5490 -0.5490 0.6303
vn -0.7764 -0.0000 -0.6303
vn -0.7764 -0.0000 0.6303
vn -0.5490 0.5490 -0.6303
vn -0.5490 0.5490 0.6303
vt 1.000000 0.500000
vt 1.000000 1.000000
vt 0.875000 1.000000
vt 0.875000 0.500000
vt 0.750000 1.000000
vt 0.750000 0.500000
vt 0.625000 1.000000
vt 0.625000 0.500000
vt 0.500000 1.000000
vt 0.500000 0.500000
vt 0.375000 1.000000
vt 0.375000 0.500000
vt 0.250000 1.000000
vt 0.250000 0.500000
vt 0.419706 0.419706
vt 0.250000 0.490000
vt 0.080294 0.419706
vt 0.010000 0.250000
vt 0.080294 0.080294
vt 0.250000 0.010000
vt 0.419706 0.080294
vt 0.490000 0.250000
vt 0.125000 1.000000
vt 0.125000 0.500000
vt 0.000000 1.000000
vt 0.000000 0.500000
vt 0.750000 0.490000
vt 0.919706 0.419706
vt 0.990000 0.250000
vt 0.919706 0.080294
vt 0.750000 0.010000
vt 0.580294 0.080294
vt 0.510000 0.250000
vt 0.580294 0.419706
s 1
usemtl M_Black_Rubber
f 2201/4629/2199 2202/4630/2200 2204/4631/2202 2203/4632/2201
f 2203/4632/2201 2204/4631/2202 2206/4633/2204 2205/4634/2203
f 2205/4634/2203 2206/4633/2204 2208/4635/2206 2207/4636/2205
f 2207/4636/2205 2208/4635/2206 2210/4637/2208 2209/4638/2207
f 2209/4638/2207 2210/4637/2208 2212/4639/2210 2211/4640/2209
f 2211/4640/2209 2212/4639/2210 2214/4641/2212 2213/4642/2211
f 2204/4643/2202 2202/4644/2200 2216/4645/2214 2214/4646/2212 2212/4647/2210 2210/4648/2208 2208/4649/2206 2206/4650/2204
f 2213/4642/2211 2214/4641/2212 2216/4651/2214 2215/4652/2213
f 2215/4652/2213 2216/4651/2214 2202/4653/2200 2201/4654/2199
f 2201/4655/2199 2203/4656/2201 2205/4657/2203 2207/4658/2205 2209/4659/2207 2211/4660/2209 2213/4661/2211 2215/4662/2213
o Peg_Hole.135
v 0.025000 0.379000 0.000000
v 0.025000 0.379000 0.030000
v 0.027828 0.377828 0.000000
v 0.027828 0.377828 0.030000
v 0.029000 0.375000 0.000000
v 0.029000 0.375000 0.030000
v 0.027828 0.372172 0.000000
v 0.027828 0.372172 0.030000
v 0.025000 0.371000 0.000000
v 0.025000 0.371000 0.030000
v 0.022172 0.372172 0.000000
v 0.022172 0.372172 0.030000
v 0.021000 0.375000 0.000000
v 0.021000 0.375000 0.030000
v 0.022172 0.377828 0.000000
v 0.022172 0.377828 0.030000
vn -0.0000 0.7764 -0.6303
vn -0.0000 0.7764 0.6303
vn 0.5490 0.5490 -0.6303
vn 0.5490 0.5490 0.6303
vn 0.7764 -0.0000 -0.6303
vn 0.7764 -0.0000 0.6303
vn 0.5490 -0.5490 -0.6303
vn 0.5490 -0.5490 0.6303
vn -0.0000 -0.7764 -0.6303
vn -0.0000 -0.7764 0.6303
vn -0.5490 -0.5490 -0.6303
vn -0.5490 -0.5490 0.6303
vn -0.7764 -0.0000 -0.6303
vn -0.7764 -0.0000 0.6303
vn -0.5490 0.5490 -0.6303
vn -0.5490 0.5490 0.6303
vt 1.000000 0.500000
vt 1.000000 1.000000
vt 0.875000 1.000000
vt 0.875000 0.500000
vt 0.750000 1.000000
vt 0.750000 0.500000
vt 0.625000 1.000000
vt 0.625000 0.500000
vt 0.500000 1.000000
vt 0.500000 0.500000
vt 0.375000 1.000000
vt 0.375000 0.500000
vt 0.250000 1.000000
vt 0.250000 0.500000
vt 0.419706 0.419706
vt 0.250000 0.490000
vt 0.080294 0.419706
vt 0.010000 0.250000
vt 0.080294 0.080294
vt 0.250000 0.010000
vt 0.419706 0.080294
vt 0.490000 0.250000
vt 0.125000 1.000000
vt 0.125000 0.500000
vt 0.000000 1.000000
vt 0.000000 0.500000
vt 0.750000 0.490000
vt 0.919706 0.419706
vt 0.990000 0.250000
vt 0.919706 0.080294
vt 0.750000 0.010000
vt 0.580294 0.080294
vt 0.510000 0.250000
vt 0.580294 0.419706
s 1
usemtl M_Black_Rubber
f 2217/4663/2215 2218/4664/2216 2220/4665/2218 2219/4666/2217
f 2219/4666/2217 2220/4665/2218 2222/4667/2220 2221/4668/2219
f 2221/4668/2219 2222/4667/2220 2224/4669/2222 2223/4670/2221
f 2223/4670/2221 2224/4669/2222 2226/4671/2224 2225/4672/2223
f 2225/4672/2223 2226/4671/2224 2228/4673/2226 2227/4674/2225
f 2227/4674/2225 2228/4673/2226 2230/4675/2228 2229/4676/2227
f 2220/4677/2218 2218/4678/2216 2232/4679/2230 2230/4680/2228 2228/4681/2226 2226/4682/2224 2224/4683/2222 2222/4684/2220
f 2229/4676/2227 2230/4675/2228 2232/4685/2230 2231/4686/2229
f 2231/4686/2229 2232/4685/2230 2218/4687/2216 2217/4688/2215
f 2217/4689/2215 2219/4690/2217 2221/4691/2219 2223/4692/2221 2225/4693/2223 2227/4694/2225 2229/4695/2227 2231/4696/2229
o Peg_Hole.136
v 0.075000 0.379000 0.000000
v 0.075000 0.379000 0.030000
v 0.077828 0.377828 0.000000
v 0.077828 0.377828 0.030000
v 0.079000 0.375000 0.000000
v 0.079000 0.375000 0.030000
v 0.077828 0.372172 0.000000
v 0.077828 0.372172 0.030000
v 0.075000 0.371000 0.000000
v 0.075000 0.371000 0.030000
v 0.072172 0.372172 0.000000
v 0.072172 0.372172 0.030000
v 0.071000 0.375000 0.000000
v 0.071000 0.375000 0.030000
v 0.072172 0.377828 0.000000
v 0.072172 0.377828 0.030000
vn -0.0000 0.7764 -0.6303
vn -0.0000 0.7764 0.6303
vn 0.5490 0.5490 -0.6303
vn 0.5490 0.5490 0.6303
vn 0.7764 -0.0000 -0.6303
vn 0.7764 -0.0000 0.6303
vn 0.5490 -0.5490 -0.6303
vn 0.5490 -0.5490 0.6303
vn -0.0000 -0.7764 -0.6303
vn -0.0000 -0.7764 0.6303
vn -0.5490 -0.5490 -0.6303
vn -0.5490 -0.5490 0.6303
vn -0.7764 -0.0000 -0.6303
vn -0.7764 -0.0000 0.6303
vn -0.5490 0.5490 -0.6303
vn -0.5490 0.5490 0.6303
vt 1.000000 0.500000
vt 1.000000 1.000000
vt 0.875000 1.000000
vt 0.875000 0.500000
vt 0.750000 1.000000
vt 0.750000 0.500000
vt 0.625000 1.000000
vt 0.625000 0.500000
vt 0.500000 1.000000
vt 0.500000 0.500000
vt 0.375000 1.000000
vt 0.375000 0.500000
vt 0.250000 1.000000
vt 0.250000 0.500000
vt 0.419706 0.419706
vt 0.250000 0.490000
vt 0.080294 0.419706
vt 0.010000 0.250000
vt 0.080294 0.080294
vt 0.250000 0.010000
vt 0.419706 0.080294
vt 0.490000 0.250000
vt 0.125000 1.000000
vt 0.125000 0.500000
vt 0.000000 1.000000
vt 0.000000 0.500000
vt 0.750000 0.490000
vt 0.919706 0.419706
vt 0.990000 0.250000
vt 0.919706 0.080294
vt 0.750000 0.010000
vt 0.580294 0.080294
vt 0.510000 0.250000
vt 0.580294 0.419706
s 1
usemtl M_Black_Rubber
f 2233/4697/2231 2234/4698/2232 2236/4699/2234 2235/4700/2233
f 2235/4700/2233 2236/4699/2234 2238/4701/2236 2237/4702/2235
f 2237/4702/2235 2238/4701/2236 2240/4703/2238 2239/4704/2237
f 2239/4704/2237 2240/4703/2238 2242/4705/2240 2241/4706/2239
f 2241/4706/2239 2242/4705/2240 2244/4707/2242 2243/4708/2241
f 2243/4708/2241 2244/4707/2242 2246/4709/2244 2245/4710/2243
f 2236/4711/2234 2234/4712/2232 2248/4713/2246 2246/4714/2244 2244/4715/2242 2242/4716/2240 2240/4717/2238 2238/4718/2236
f 2245/4710/2243 2246/4709/2244 2248/4719/2246 2247/4720/2245
f 2247/4720/2245 2248/4719/2246 2234/4721/2232 2233/4722/2231
f 2233/4723/2231 2235/4724/2233 2237/4725/2235 2239/4726/2237 2241/4727/2239 2243/4728/2241 2245/4729/2243 2247/4730/2245
o Peg_Hole.137
v 0.125000 0.379000 0.000000
v 0.125000 0.379000 0.030000
v 0.127828 0.377828 0.000000
v 0.127828 0.377828 0.030000
v 0.129000 0.375000 0.000000
v 0.129000 0.375000 0.030000
v 0.127828 0.372172 0.000000
v 0.127828 0.372172 0.030000
v 0.125000 0.371000 0.000000
v 0.125000 0.371000 0.030000
v 0.122172 0.372172 0.000000
v 0.122172 0.372172 0.030000
v 0.121000 0.375000 0.000000
v 0.121000 0.375000 0.030000
v 0.122172 0.377828 0.000000
v 0.122172 0.377828 0.030000
vn -0.0000 0.7764 -0.6303
vn -0.0000 0.7764 0.6303
vn 0.5490 0.5490 -0.6303
vn 0.5490 0.5490 0.6303
vn 0.7764 -0.0000 -0.6303
vn 0.7764 -0.0000 0.6303
vn 0.5490 -0.5490 -0.6303
vn 0.5490 -0.5490 0.6303
vn -0.0000 -0.7764 -0.6303
vn -0.0000 -0.7764 0.6303
vn -0.5490 -0.5490 -0.6303
vn -0.5490 -0.5490 0.6303
vn -0.7764 -0.0000 -0.6303
vn -0.7764 -0.0000 0.6303
vn -0.5490 0.5490 -0.6303
vn -0.5490 0.5490 0.6303
vt 1.000000 0.500000
vt 1.000000 1.000000
vt 0.875000 1.000000
vt 0.875000 0.500000
vt 0.750000 1.000000
vt 0.750000 0.500000
vt 0.625000 1.000000
vt 0.625000 0.500000
vt 0.500000 1.000000
vt 0.500000 0.500000
vt 0.375000 1.000000
vt 0.375000 0.500000
vt 0.250000 1.000000
vt 0.250000 0.500000
vt 0.419706 0.419706
vt 0.250000 0.490000
vt 0.080294 0.419706
vt 0.010000 0.250000
vt 0.080294 0.080294
vt 0.250000 0.010000
vt 0.419706 0.080294
vt 0.490000 0.250000
vt 0.125000 1.000000
vt 0.125000 0.500000
vt 0.000000 1.000000
vt 0.000000 0.500000
vt 0.750000 0.490000
vt 0.919706 0.419706
vt 0.990000 0.250000
vt 0.919706 0.080294
vt 0.750000 0.010000
vt 0.580294 0.080294
vt 0.510000 0.250000
vt 0.580294 0.419706
s 1
usemtl M_Black_Rubber
f 2249/4731/2247 2250/4732/2248 2252/4733/2250 2251/4734/2249
f 2251/4734/2249 2252/4733/2250 2254/4735/2252 2253/4736/2251
f 2253/4736/2251 2254/4735/2252 2256/4737/2254 2255/4738/2253
f 2255/4738/2253 2256/4737/2254 2258/4739/2256 2257/4740/2255
f 2257/4740/2255 2258/4739/2256 2260/4741/2258 2259/4742/2257
f 2259/4742/2257 2260/4741/2258 2262/4743/2260 2261/4744/2259
f 2252/4745/2250 2250/4746/2248 2264/4747/2262 2262/4748/2260 2260/4749/2258 2258/4750/2256 2256/4751/2254 2254/4752/2252
f 2261/4744/2259 2262/4743/2260 2264/4753/2262 2263/4754/2261
f 2263/4754/2261 2264/4753/2262 2250/4755/2248 2249/4756/2247
f 2249/4757/2247 2251/4758/2249 2253/4759/2251 2255/4760/2253 2257/4761/2255 2259/4762/2257 2261/4763/2259 2263/4764/2261
o Peg_Hole.138
v 0.175000 0.379000 0.000000
v 0.175000 0.379000 0.030000
v 0.177828 0.377828 0.000000
v 0.177828 0.377828 0.030000
v 0.179000 0.375000 0.000000
v 0.179000 0.375000 0.030000
v 0.177828 0.372172 0.000000
v 0.177828 0.372172 0.030000
v 0.175000 0.371000 0.000000
v 0.175000 0.371000 0.030000
v 0.172172 0.372172 0.000000
v 0.172172 0.372172 0.030000
v 0.171000 0.375000 0.000000
v 0.171000 0.375000 0.030000
v 0.172172 0.377828 0.000000
v 0.172172 0.377828 0.030000
vn -0.0000 0.7764 -0.6303
vn -0.0000 0.7764 0.6303
vn 0.5490 0.5490 -0.6303
vn 0.5490 0.5490 0.6303
vn 0.7764 -0.0000 -0.6303
vn 0.7764 -0.0000 0.6303
vn 0.5490 -0.5490 -0.6303
vn 0.5490 -0.5490 0.6303
vn -0.0000 -0.7764 -0.6303
vn -0.0000 -0.7764 0.6303
vn -0.5490 -0.5490 -0.6303
vn -0.5490 -0.5490 0.6303
vn -0.7764 -0.0000 -0.6303
vn -0.7764 -0.0000 0.6303
vn -0.5490 0.5490 -0.6303
vn -0.5490 0.5490 0.6303
vt 1.000000 0.500000
vt 1.000000 1.000000
vt 0.875000 1.000000
vt 0.875000 0.500000
vt 0.750000 1.000000
vt 0.750000 0.500000
vt 0.625000 1.000000
vt 0.625000 0.500000
vt 0.500000 1.000000
vt 0.500000 0.500000
vt 0.375000 1.000000
vt 0.375000 0.500000
vt 0.250000 1.000000
vt 0.250000 0.500000
vt 0.419706 0.419706
vt 0.250000 0.490000
vt 0.080294 0.419706
vt 0.010000 0.250000
vt 0.080294 0.080294
vt 0.250000 0.010000
vt 0.419706 0.080294
vt 0.490000 0.250000
vt 0.125000 1.000000
vt 0.125000 0.500000
vt 0.000000 1.000000
vt 0.000000 0.500000
vt 0.750000 0.490000
vt 0.919706 0.419706
vt 0.990000 0.250000
vt 0.919706 0.080294
vt 0.750000 0.010000
vt 0.580294 0.080294
vt 0.510000 0.250000
vt 0.580294 0.419706
s 1
usemtl M_Black_Rubber
f 2265/4765/2263 2266/4766/2264 2268/4767/2266 2267/4768/2265
f 2267/4768/2265 2268/4767/2266 2270/4769/2268 2269/4770/2267
f 2269/4770/2267 2270/4769/2268 2272/4771/2270 2271/4772/2269
f 2271/4772/2269 2272/4771/2270 2274/4773/2272 2273/4774/2271
f 2273/4774/2271 2274/4773/2272 2276/4775/2274 2275/4776/2273
f 2275/4776/2273 2276/4775/2274 2278/4777/2276 2277/4778/2275
f 2268/4779/2266 2266/4780/2264 2280/4781/2278 2278/4782/2276 2276/4783/2274 2274/4784/2272 2272/4785/2270 2270/4786/2268
f 2277/4778/2275 2278/4777/2276 2280/4787/2278 2279/4788/2277
f 2279/4788/2277 2280/4787/2278 2266/4789/2264 2265/4790/2263
f 2265/4791/2263 2267/4792/2265 2269/4793/2267 2271/4794/2269 2273/4795/2271 2275/4796/2273 2277/4797/2275 2279/4798/2277
o Peg_Hole.139
v 0.225000 0.379000 0.000000
v 0.225000 0.379000 0.030000
v 0.227828 0.377828 0.000000
v 0.227828 0.377828 0.030000
v 0.229000 0.375000 0.000000
v 0.229000 0.375000 0.030000
v 0.227828 0.372172 0.000000
v 0.227828 0.372172 0.030000
v 0.225000 0.371000 0.000000
v 0.225000 0.371000 0.030000
v 0.222172 0.372172 0.000000
v 0.222172 0.372172 0.030000
v 0.221000 0.375000 0.000000
v 0.221000 0.375000 0.030000
v 0.222172 0.377828 0.000000
v 0.222172 0.377828 0.030000
vn -0.0000 0.7764 -0.6303
vn -0.0000 0.7764 0.6303
vn 0.5490 0.5490 -0.6303
vn 0.5490 0.5490 0.6303
vn 0.7764 -0.0000 -0.6303
vn 0.7764 -0.0000 0.6303
vn 0.5490 -0.5490 -0.6303
vn 0.5490 -0.5490 0.6303
vn -0.0000 -0.7764 -0.6303
vn -0.0000 -0.7764 0.6303
vn -0.5490 -0.5490 -0.6303
vn -0.5490 -0.5490 0.6303
vn -0.7764 -0.0000 -0.6303
vn -0.7764 -0.0000 0.6303
vn -0.5490 0.5490 -0.6303
vn -0.5490 0.5490 0.6303
vt 1.000000 0.500000
vt 1.000000 1.000000
vt 0.875000 1.000000
vt 0.875000 0.500000
vt 0.750000 1.000000
vt 0.750000 0.500000
vt 0.625000 1.000000
vt 0.625000 0.500000
vt 0.500000 1.000000
vt 0.500000 0.500000
vt 0.375000 1.000000
vt 0.375000 0.500000
vt 0.250000 1.000000
vt 0.250000 0.500000
vt 0.419706 0.419706
vt 0.250000 0.490000
vt 0.080294 0.419706
vt 0.010000 0.250000
vt 0.080294 0.080294
vt 0.250000 0.010000
vt 0.419706 0.080294
vt 0.490000 0.250000
vt 0.125000 1.000000
vt 0.125000 0.500000
vt 0.000000 1.000000
vt 0.000000 0.500000
vt 0.750000 0.490000
vt 0.919706 0.419706
vt 0.990000 0.250000
vt 0.919706 0.080294
vt 0.750000 0.010000
vt 0.580294 0.080294
vt 0.510000 0.250000
vt 0.580294 0.419706
s 1
usemtl M_Black_Rubber
f 2281/4799/2279 2282/4800/2280 2284/4801/2282 2283/4802/2281
f 2283/4802/2281 2284/4801/2282 2286/4803/2284 2285/4804/2283
f 2285/4804/2283 2286/4803/2284 2288/4805/2286 2287/4806/2285
f 2287/4806/2285 2288/4805/2286 2290/4807/2288 2289/4808/2287
f 2289/4808/2287 2290/4807/2288 2292/4809/2290 2291/4810/2289
f 2291/4810/2289 2292/4809/2290 2294/4811/2292 2293/4812/2291
f 2284/4813/2282 2282/4814/2280 2296/4815/2294 2294/4816/2292 2292/4817/2290 2290/4818/2288 2288/4819/2286 2286/4820/2284
f 2293/4812/2291 2294/4811/2292 2296/4821/2294 2295/4822/2293
f 2295/4822/2293 2296/4821/2294 2282/4823/2280 2281/4824/2279
f 2281/4825/2279 2283/4826/2281 2285/4827/2283 2287/4828/2285 2289/4829/2287 2291/4830/2289 2293/4831/2291 2295/4832/2293
o Peg_Hole.140
v 0.275000 0.379000 0.000000
v 0.275000 0.379000 0.030000
v 0.277828 0.377828 0.000000
v 0.277828 0.377828 0.030000
v 0.279000 0.375000 0.000000
v 0.279000 0.375000 0.030000
v 0.277828 0.372172 0.000000
v 0.277828 0.372172 0.030000
v 0.275000 0.371000 0.000000
v 0.275000 0.371000 0.030000
v 0.272172 0.372172 0.000000
v 0.272172 0.372172 0.030000
v 0.271000 0.375000 0.000000
v 0.271000 0.375000 0.030000
v 0.272172 0.377828 0.000000
v 0.272172 0.377828 0.030000
vn -0.0000 0.7764 -0.6303
vn -0.0000 0.7764 0.6303
vn 0.5490 0.5490 -0.6303
vn 0.5490 0.5490 0.6303
vn 0.7764 -0.0000 -0.6303
vn 0.7764 -0.0000 0.6303
vn 0.5490 -0.5490 -0.6303
vn 0.5490 -0.5490 0.6303
vn -0.0000 -0.7764 -0.6303
vn -0.0000 -0.7764 0.6303
vn -0.5490 -0.5490 -0.6303
vn -0.5490 -0.5490 0.6303
vn -0.7764 -0.0000 -0.6303
vn -0.7764 -0.0000 0.6303
vn -0.5490 0.5490 -0.6303
vn -0.5490 0.5490 0.6303
vt 1.000000 0.500000
vt 1.000000 1.000000
vt 0.875000 1.000000
vt 0.875000 0.500000
vt 0.750000 1.000000
vt 0.750000 0.500000
vt 0.625000 1.000000
vt 0.625000 0.500000
vt 0.500000 1.000000
vt 0.500000 0.500000
vt 0.375000 1.000000
vt 0.375000 0.500000
vt 0.250000 1.000000
vt 0.250000 0.500000
vt 0.419706 0.419706
vt 0.250000 0.490000
vt 0.080294 0.419706
vt 0.010000 0.250000
vt 0.080294 0.080294
vt 0.250000 0.010000
vt 0.419706 0.080294
vt 0.490000 0.250000
vt 0.125000 1.000000
vt 0.125000 0.500000
vt 0.000000 1.000000
vt 0.000000 0.500000
vt 0.750000 0.490000
vt 0.919706 0.419706
vt 0.990000 0.250000
vt 0.919706 0.080294
vt 0.750000 0.010000
vt 0.580294 0.080294
vt 0.510000 0.250000
vt 0.580294 0.419706
s 1
usemtl M_Black_Rubber
f 2297/4833/2295 2298/4834/2296 2300/4835/2298 2299/4836/2297
f 2299/4836/2297 2300/4835/2298 2302/4837/2300 2301/4838/2299
f 2301/4838/2299 2302/4837/2300 2304/4839/2302 2303/4840/2301
f 2303/4840/2301 2304/4839/2302 2306/4841/2304 2305/4842/2303
f 2305/4842/2303 2306/4841/2304 2308/4843/2306 2307/4844/2305
f 2307/4844/2305 2308/4843/2306 2310/4845/2308 2309/4846/2307
f 2300/4847/2298 2298/4848/2296 2312/4849/2310 2310/4850/2308 2308/4851/2306 2306/4852/2304 2304/4853/2302 2302/4854/2300
f 2309/4846/2307 2310/4845/2308 2312/4855/2310 2311/4856/2309
f 2311/4856/2309 2312/4855/2310 2298/4857/2296 2297/4858/2295
f 2297/4859/2295 2299/4860/2297 2301/4861/2299 2303/4862/2301 2305/4863/2303 2307/4864/2305 2309/4865/2307 2311/4866/2309
o Peg_Hole.141
v 0.325000 0.379000 0.000000
v 0.325000 0.379000 0.030000
v 0.327828 0.377828 0.000000
v 0.327828 0.377828 0.030000
v 0.329000 0.375000 0.000000
v 0.329000 0.375000 0.030000
v 0.327828 0.372172 0.000000
v 0.327828 0.372172 0.030000
v 0.325000 0.371000 0.000000
v 0.325000 0.371000 0.030000
v 0.322172 0.372172 0.000000
v 0.322172 0.372172 0.030000
v 0.321000 0.375000 0.000000
v 0.321000 0.375000 0.030000
v 0.322172 0.377828 0.000000
v 0.322172 0.377828 0.030000
vn -0.0000 0.7764 -0.6303
vn -0.0000 0.7764 0.6303
vn 0.5490 0.5490 -0.6303
vn 0.5490 0.5490 0.6303
vn 0.7764 -0.0000 -0.6303
vn 0.7764 -0.0000 0.6303
vn 0.5490 -0.5490 -0.6303
vn 0.5490 -0.5490 0.6303
vn -0.0000 -0.7764 -0.6303
vn -0.0000 -0.7764 0.6303
vn -0.5490 -0.5490 -0.6303
vn -0.5490 -0.5490 0.6303
vn -0.7764 -0.0000 -0.6303
vn -0.7764 -0.0000 0.6303
vn -0.5490 0.5490 -0.6303
vn -0.5490 0.5490 0.6303
vt 1.000000 0.500000
vt 1.000000 1.000000
vt 0.875000 1.000000
vt 0.875000 0.500000
vt 0.750000 1.000000
vt 0.750000 0.500000
vt 0.625000 1.000000
vt 0.625000 0.500000
vt 0.500000 1.000000
vt 0.500000 0.500000
vt 0.375000 1.000000
vt 0.375000 0.500000
vt 0.250000 1.000000
vt 0.250000 0.500000
vt 0.419706 0.419706
vt 0.250000 0.490000
vt 0.080294 0.419706
vt 0.010000 0.250000
vt 0.080294 0.080294
vt 0.250000 0.010000
vt 0.419706 0.080294
vt 0.490000 0.250000
vt 0.125000 1.000000
vt 0.125000 0.500000
vt 0.000000 1.000000
vt 0.000000 0.500000
vt 0.750000 0.490000
vt 0.919706 0.419706
vt 0.990000 0.250000
vt 0.919706 0.080294
vt 0.750000 0.010000
vt 0.580294 0.080294
vt 0.510000 0.250000
vt 0.580294 0.419706
s 1
usemtl M_Black_Rubber
f 2313/4867/2311 2314/4868/2312 2316/4869/2314 2315/4870/2313
f 2315/4870/2313 2316/4869/2314 2318/4871/2316 2317/4872/2315
f 2317/4872/2315 2318/4871/2316 2320/4873/2318 2319/4874/2317
f 2319/4874/2317 2320/4873/2318 2322/4875/2320 2321/4876/2319
f 2321/4876/2319 2322/4875/2320 2324/4877/2322 2323/4878/2321
f 2323/4878/2321 2324/4877/2322 2326/4879/2324 2325/4880/2323
f 2316/4881/2314 2314/4882/2312 2328/4883/2326 2326/4884/2324 2324/4885/2322 2322/4886/2320 2320/4887/2318 2318/4888/2316
f 2325/4880/2323 2326/4879/2324 2328/4889/2326 2327/4890/2325
f 2327/4890/2325 2328/4889/2326 2314/4891/2312 2313/4892/2311
f 2313/4893/2311 2315/4894/2313 2317/4895/2315 2319/4896/2317 2321/4897/2319 2323/4898/2321 2325/4899/2323 2327/4900/2325
o Peg_Hole.142
v 0.375000 0.379000 0.000000
v 0.375000 0.379000 0.030000
v 0.377828 0.377828 0.000000
v 0.377828 0.377828 0.030000
v 0.379000 0.375000 0.000000
v 0.379000 0.375000 0.030000
v 0.377828 0.372172 0.000000
v 0.377828 0.372172 0.030000
v 0.375000 0.371000 0.000000
v 0.375000 0.371000 0.030000
v 0.372172 0.372172 0.000000
v 0.372172 0.372172 0.030000
v 0.371000 0.375000 0.000000
v 0.371000 0.375000 0.030000
v 0.372172 0.377828 0.000000
v 0.372172 0.377828 0.030000
vn -0.0000 0.7764 -0.6303
vn -0.0000 0.7764 0.6303
vn 0.5490 0.5490 -0.6303
vn 0.5490 0.5490 0.6303
vn 0.7764 -0.0000 -0.6303
vn 0.7764 -0.0000 0.6303
vn 0.5490 -0.5490 -0.6303
vn 0.5490 -0.5490 0.6303
vn -0.0000 -0.7764 -0.6303
vn -0.0000 -0.7764 0.6303
vn -0.5490 -0.5490 -0.6303
vn -0.5490 -0.5490 0.6303
vn -0.7764 -0.0000 -0.6303
vn -0.7764 -0.0000 0.6303
vn -0.5490 0.5490 -0.6303
vn -0.5490 0.5490 0.6303
vt 1.000000 0.500000
vt 1.000000 1.000000
vt 0.875000 1.000000
vt 0.875000 0.500000
vt 0.750000 1.000000
vt 0.750000 0.500000
vt 0.625000 1.000000
vt 0.625000 0.500000
vt 0.500000 1.000000
vt 0.500000 0.500000
vt 0.375000 1.000000
vt 0.375000 0.500000
vt 0.250000 1.000000
vt 0.250000 0.500000
vt 0.419706 0.419706
vt 0.250000 0.490000
vt 0.080294 0.419706
vt 0.010000 0.250000
vt 0.080294 0.080294
vt 0.250000 0.010000
vt 0.419706 0.080294
vt 0.490000 0.250000
vt 0.125000 1.000000
vt 0.125000 0.500000
vt 0.000000 1.000000
vt 0.000000 0.500000
vt 0.750000 0.490000
vt 0.919706 0.419706
vt 0.990000 0.250000
vt 0.919706 0.080294
vt 0.750000 0.010000
vt 0.580294 0.080294
vt 0.510000 0.250000
vt 0.580294 0.419706
s 1
usemtl M_Black_Rubber
f 2329/4901/2327 2330/4902/2328 2332/4903/2330 2331/4904/2329
f 2331/4904/2329 2332/4903/2330 2334/4905/2332 2333/4906/2331
f 2333/4906/2331 2334/4905/2332 2336/4907/2334 2335/4908/2333
f 2335/4908/2333 2336/4907/2334 2338/4909/2336 2337/4910/2335
f 2337/4910/2335 2338/4909/2336 2340/4911/2338 2339/4912/2337
f 2339/4912/2337 2340/4911/2338 2342/4913/2340 2341/4914/2339
f 2332/4915/2330 2330/4916/2328 2344/4917/2342 2342/4918/2340 2340/4919/2338 2338/4920/2336 2336/4921/2334 2334/4922/2332
f 2341/4914/2339 2342/4913/2340 2344/4923/2342 2343/4924/2341
f 2343/4924/2341 2344/4923/2342 2330/4925/2328 2329/4926/2327
f 2329/4927/2327 2331/4928/2329 2333/4929/2331 2335/4930/2333 2337/4931/2335 2339/4932/2337 2341/4933/2339 2343/4934/2341
o Peg_Hole.143
v 0.425000 0.379000 0.000000
v 0.425000 0.379000 0.030000
v 0.427828 0.377828 0.000000
v 0.427828 0.377828 0.030000
v 0.429000 0.375000 0.000000
v 0.429000 0.375000 0.030000
v 0.427828 0.372172 0.000000
v 0.427828 0.372172 0.030000
v 0.425000 0.371000 0.000000
v 0.425000 0.371000 0.030000
v 0.422172 0.372172 0.000000
v 0.422172 0.372172 0.030000
v 0.421000 0.375000 0.000000
v 0.421000 0.375000 0.030000
v 0.422172 0.377828 0.000000
v 0.422172 0.377828 0.030000
vn -0.0000 0.7764 -0.6303
vn -0.0000 0.7764 0.6303
vn 0.5490 0.5490 -0.6303
vn 0.5490 0.5490 0.6303
vn 0.7764 -0.0000 -0.6303
vn 0.7764 -0.0000 0.6303
vn 0.5490 -0.5490 -0.6303
vn 0.5490 -0.5490 0.6303
vn -0.0000 -0.7764 -0.6303
vn -0.0000 -0.7764 0.6303
vn -0.5490 -0.5490 -0.6303
vn -0.5490 -0.5490 0.6303
vn -0.7764 -0.0000 -0.6303
vn -0.7764 -0.0000 0.6303
vn -0.5490 0.5490 -0.6303
vn -0.5490 0.5490 0.6303
vt 1.000000 0.500000
vt 1.000000 1.000000
vt 0.875000 1.000000
vt 0.875000 0.500000
vt 0.750000 1.000000
vt 0.750000 0.500000
vt 0.625000 1.000000
vt 0.625000 0.500000
vt 0.500000 1.000000
vt 0.500000 0.500000
vt 0.375000 1.000000
vt 0.375000 0.500000
vt 0.250000 1.000000
vt 0.250000 0.500000
vt 0.419706 0.419706
vt 0.250000 0.490000
vt 0.080294 0.419706
vt 0.010000 0.250000
vt 0.080294 0.080294
vt 0.250000 0.010000
vt 0.419706 0.080294
vt 0.490000 0.250000
vt 0.125000 1.000000
vt 0.125000 0.500000
vt 0.000000 1.000000
vt 0.000000 0.500000
vt 0.750000 0.490000
vt 0.919706 0.419706
vt 0.990000 0.250000
vt 0.919706 0.080294
vt 0.750000 0.010000
vt 0.580294 0.080294
vt 0.510000 0.250000
vt 0.580294 0.419706
s 1
usemtl M_Black_Rubber
f 2345/4935/2343 2346/4936/2344 2348/4937/2346 2347/4938/2345
f 2347/4938/2345 2348/4937/2346 2350/4939/2348 2349/4940/2347
f 2349/4940/2347 2350/4939/2348 2352/4941/2350 2351/4942/2349
f 2351/4942/2349 2352/4941/2350 2354/4943/2352 2353/4944/2351
f 2353/4944/2351 2354/4943/2352 2356/4945/2354 2355/4946/2353
f 2355/4946/2353 2356/4945/2354 2358/4947/2356 2357/4948/2355
f 2348/4949/2346 2346/4950/2344 2360/4951/2358 2358/4952/2356 2356/4953/2354 2354/4954/2352 2352/4955/2350 2350/4956/2348
f 2357/4948/2355 2358/4947/2356 2360/4957/2358 2359/4958/2357
f 2359/4958/2357 2360/4957/2358 2346/4959/2344 2345/4960/2343
f 2345/4961/2343 2347/4962/2345 2349/4963/2347 2351/4964/2349 2353/4965/2351 2355/4966/2353 2357/4967/2355 2359/4968/2357
o Peg_Hole.144
v -0.425000 0.429000 0.000000
v -0.425000 0.429000 0.030000
v -0.422172 0.427828 0.000000
v -0.422172 0.427828 0.030000
v -0.421000 0.425000 0.000000
v -0.421000 0.425000 0.030000
v -0.422172 0.422172 0.000000
v -0.422172 0.422172 0.030000
v -0.425000 0.421000 0.000000
v -0.425000 0.421000 0.030000
v -0.427828 0.422172 0.000000
v -0.427828 0.422172 0.030000
v -0.429000 0.425000 0.000000
v -0.429000 0.425000 0.030000
v -0.427828 0.427828 0.000000
v -0.427828 0.427828 0.030000
vn -0.0000 0.7764 -0.6303
vn -0.0000 0.7764 0.6303
vn 0.5490 0.5490 -0.6303
vn 0.5490 0.5490 0.6303
vn 0.7764 -0.0000 -0.6303
vn 0.7764 -0.0000 0.6303
vn 0.5490 -0.5490 -0.6303
vn 0.5490 -0.5490 0.6303
vn -0.0000 -0.7764 -0.6303
vn -0.0000 -0.7764 0.6303
vn -0.5490 -0.5490 -0.6303
vn -0.5490 -0.5490 0.6303
vn -0.7764 -0.0000 -0.6303
vn -0.7764 -0.0000 0.6303
vn -0.5490 0.5490 -0.6303
vn -0.5490 0.5490 0.6303
vt 1.000000 0.500000
vt 1.000000 1.000000
vt 0.875000 1.000000
vt 0.875000 0.500000
vt 0.750000 1.000000
vt 0.750000 0.500000
vt 0.625000 1.000000
vt 0.625000 0.500000
vt 0.500000 1.000000
vt 0.500000 0.500000
vt 0.375000 1.000000
vt 0.375000 0.500000
vt 0.250000 1.000000
vt 0.250000 0.500000
vt 0.419706 0.419706
vt 0.250000 0.490000
vt 0.080294 0.419706
vt 0.010000 0.250000
vt 0.080294 0.080294
vt 0.250000 0.010000
vt 0.419706 0.080294
vt 0.490000 0.250000
vt 0.125000 1.000000
vt 0.125000 0.500000
vt 0.000000 1.000000
vt 0.000000 0.500000
vt 0.750000 0.490000
vt 0.919706 0.419706
vt 0.990000 0.250000
vt 0.919706 0.080294
vt 0.750000 0.010000
vt 0.580294 0.080294
vt 0.510000 0.250000
vt 0.580294 0.419706
s 1
usemtl M_Black_Rubber
f 2361/4969/2359 2362/4970/2360 2364/4971/2362 2363/4972/2361
f 2363/4972/2361 2364/4971/2362 2366/4973/2364 2365/4974/2363
f 2365/4974/2363 2366/4973/2364 2368/4975/2366 2367/4976/2365
f 2367/4976/2365 2368/4975/2366 2370/4977/2368 2369/4978/2367
f 2369/4978/2367 2370/4977/2368 2372/4979/2370 2371/4980/2369
f 2371/4980/2369 2372/4979/2370 2374/4981/2372 2373/4982/2371
f 2364/4983/2362 2362/4984/2360 2376/4985/2374 2374/4986/2372 2372/4987/2370 2370/4988/2368 2368/4989/2366 2366/4990/2364
f 2373/4982/2371 2374/4981/2372 2376/4991/2374 2375/4992/2373
f 2375/4992/2373 2376/4991/2374 2362/4993/2360 2361/4994/2359
f 2361/4995/2359 2363/4996/2361 2365/4997/2363 2367/4998/2365 2369/4999/2367 2371/5000/2369 2373/5001/2371 2375/5002/2373
o Peg_Hole.145
v -0.375000 0.429000 0.000000
v -0.375000 0.429000 0.030000
v -0.372172 0.427828 0.000000
v -0.372172 0.427828 0.030000
v -0.371000 0.425000 0.000000
v -0.371000 0.425000 0.030000
v -0.372172 0.422172 0.000000
v -0.372172 0.422172 0.030000
v -0.375000 0.421000 0.000000
v -0.375000 0.421000 0.030000
v -0.377828 0.422172 0.000000
v -0.377828 0.422172 0.030000
v -0.379000 0.425000 0.000000
v -0.379000 0.425000 0.030000
v -0.377828 0.427828 0.000000
v -0.377828 0.427828 0.030000
vn -0.0000 0.7764 -0.6303
vn -0.0000 0.7764 0.6303
vn 0.5490 0.5490 -0.6303
vn 0.5490 0.5490 0.6303
vn 0.7764 -0.0000 -0.6303
vn 0.7764 -0.0000 0.6303
vn 0.5490 -0.5490 -0.6303
vn 0.5490 -0.5490 0.6303
vn -0.0000 -0.7764 -0.6303
vn -0.0000 -0.7764 0.6303
vn -0.5490 -0.5490 -0.6303
vn -0.5490 -0.5490 0.6303
vn -0.7764 -0.0000 -0.6303
vn -0.7764 -0.0000 0.6303
vn -0.5490 0.5490 -0.6303
vn -0.5490 0.5490 0.6303
vt 1.000000 0.500000
vt 1.000000 1.000000
vt 0.875000 1.000000
vt 0.875000 0.500000
vt 0.750000 1.000000
vt 0.750000 0.500000
vt 0.625000 1.000000
vt 0.625000 0.500000
vt 0.500000 1.000000
vt 0.500000 0.500000
vt 0.375000 1.000000
vt 0.375000 0.500000
vt 0.250000 1.000000
vt 0.250000 0.500000
vt 0.419706 0.419706
vt 0.250000 0.490000
vt 0.080294 0.419706
vt 0.010000 0.250000
vt 0.080294 0.080294
vt 0.250000 0.010000
vt 0.419706 0.080294
vt 0.490000 0.250000
vt 0.125000 1.000000
vt 0.125000 0.500000
vt 0.000000 1.000000
vt 0.000000 0.500000
vt 0.750000 0.490000
vt 0.919706 0.419706
vt 0.990000 0.250000
vt 0.919706 0.080294
vt 0.750000 0.010000
vt 0.580294 0.080294
vt 0.510000 0.250000
vt 0.580294 0.419706
s 1
usemtl M_Black_Rubber
f 2377/5003/2375 2378/5004/2376 2380/5005/2378 2379/5006/2377
f 2379/5006/2377 2380/5005/2378 2382/5007/2380 2381/5008/2379
f 2381/5008/2379 2382/5007/2380 2384/5009/2382 2383/5010/2381
f 2383/5010/2381 2384/5009/2382 2386/5011/2384 2385/5012/2383
f 2385/5012/2383 2386/5011/2384 2388/5013/2386 2387/5014/2385
f 2387/5014/2385 2388/5013/2386 2390/5015/2388 2389/5016/2387
f 2380/5017/2378 2378/5018/2376 2392/5019/2390 2390/5020/2388 2388/5021/2386 2386/5022/2384 2384/5023/2382 2382/5024/2380
f 2389/5016/2387 2390/5015/2388 2392/5025/2390 2391/5026/2389
f 2391/5026/2389 2392/5025/2390 2378/5027/2376 2377/5028/2375
f 2377/5029/2375 2379/5030/2377 2381/5031/2379 2383/5032/2381 2385/5033/2383 2387/5034/2385 2389/5035/2387 2391/5036/2389
o Peg_Hole.146
v -0.325000 0.429000 0.000000
v -0.325000 0.429000 0.030000
v -0.322172 0.427828 0.000000
v -0.322172 0.427828 0.030000
v -0.321000 0.425000 0.000000
v -0.321000 0.425000 0.030000
v -0.322172 0.422172 0.000000
v -0.322172 0.422172 0.030000
v -0.325000 0.421000 0.000000
v -0.325000 0.421000 0.030000
v -0.327828 0.422172 0.000000
v -0.327828 0.422172 0.030000
v -0.329000 0.425000 0.000000
v -0.329000 0.425000 0.030000
v -0.327828 0.427828 0.000000
v -0.327828 0.427828 0.030000
vn -0.0000 0.7764 -0.6303
vn -0.0000 0.7764 0.6303
vn 0.5490 0.5490 -0.6303
vn 0.5490 0.5490 0.6303
vn 0.7764 -0.0000 -0.6303
vn 0.7764 -0.0000 0.6303
vn 0.5490 -0.5490 -0.6303
vn 0.5490 -0.5490 0.6303
vn -0.0000 -0.7764 -0.6303
vn -0.0000 -0.7764 0.6303
vn -0.5490 -0.5490 -0.6303
vn -0.5490 -0.5490 0.6303
vn -0.7764 -0.0000 -0.6303
vn -0.7764 -0.0000 0.6303
vn -0.5490 0.5490 -0.6303
vn -0.5490 0.5490 0.6303
vt 1.000000 0.500000
vt 1.000000 1.000000
vt 0.875000 1.000000
vt 0.875000 0.500000
vt 0.750000 1.000000
vt 0.750000 0.500000
vt 0.625000 1.000000
vt 0.625000 0.500000
vt 0.500000 1.000000
vt 0.500000 0.500000
vt 0.375000 1.000000
vt 0.375000 0.500000
vt 0.250000 1.000000
vt 0.250000 0.500000
vt 0.419706 0.419706
vt 0.250000 0.490000
vt 0.080294 0.419706
vt 0.010000 0.250000
vt 0.080294 0.080294
vt 0.250000 0.010000
vt 0.419706 0.080294
vt 0.490000 0.250000
vt 0.125000 1.000000
vt 0.125000 0.500000
vt 0.000000 1.000000
vt 0.000000 0.500000
vt 0.750000 0.490000
vt 0.919706 0.419706
vt 0.990000 0.250000
vt 0.919706 0.080294
vt 0.750000 0.010000
vt 0.580294 0.080294
vt 0.510000 0.250000
vt 0.580294 0.419706
s 1
usemtl M_Black_Rubber
f 2393/5037/2391 2394/5038/2392 2396/5039/2394 2395/5040/2393
f 2395/5040/2393 2396/5039/2394 2398/5041/2396 2397/5042/2395
f 2397/5042/2395 2398/5041/2396 2400/5043/2398 2399/5044/2397
f 2399/5044/2397 2400/5043/2398 2402/5045/2400 2401/5046/2399
f 2401/5046/2399 2402/5045/2400 2404/5047/2402 2403/5048/2401
f 2403/5048/2401 2404/5047/2402 2406/5049/2404 2405/5050/2403
f 2396/5051/2394 2394/5052/2392 2408/5053/2406 2406/5054/2404 2404/5055/2402 2402/5056/2400 2400/5057/2398 2398/5058/2396
f 2405/5050/2403 2406/5049/2404 2408/5059/2406 2407/5060/2405
f 2407/5060/2405 2408/5059/2406 2394/5061/2392 2393/5062/2391
f 2393/5063/2391 2395/5064/2393 2397/5065/2395 2399/5066/2397 2401/5067/2399 2403/5068/2401 2405/5069/2403 2407/5070/2405
o Peg_Hole.147
v -0.275000 0.429000 0.000000
v -0.275000 0.429000 0.030000
v -0.272172 0.427828 0.000000
v -0.272172 0.427828 0.030000
v -0.271000 0.425000 0.000000
v -0.271000 0.425000 0.030000
v -0.272172 0.422172 0.000000
v -0.272172 0.422172 0.030000
v -0.275000 0.421000 0.000000
v -0.275000 0.421000 0.030000
v -0.277828 0.422172 0.000000
v -0.277828 0.422172 0.030000
v -0.279000 0.425000 0.000000
v -0.279000 0.425000 0.030000
v -0.277828 0.427828 0.000000
v -0.277828 0.427828 0.030000
vn -0.0000 0.7764 -0.6303
vn -0.0000 0.7764 0.6303
vn 0.5490 0.5490 -0.6303
vn 0.5490 0.5490 0.6303
vn 0.7764 -0.0000 -0.6303
vn 0.7764 -0.0000 0.6303
vn 0.5490 -0.5490 -0.6303
vn 0.5490 -0.5490 0.6303
vn -0.0000 -0.7764 -0.6303
vn -0.0000 -0.7764 0.6303
vn -0.5490 -0.5490 -0.6303
vn -0.5490 -0.5490 0.6303
vn -0.7764 -0.0000 -0.6303
vn -0.7764 -0.0000 0.6303
vn -0.5490 0.5490 -0.6303
vn -0.5490 0.5490 0.6303
vt 1.000000 0.500000
vt 1.000000 1.000000
vt 0.875000 1.000000
vt 0.875000 0.500000
vt 0.750000 1.000000
vt 0.750000 0.500000
vt 0.625000 1.000000
vt 0.625000 0.500000
vt 0.500000 1.000000
vt 0.500000 0.500000
vt 0.375000 1.000000
vt 0.375000 0.500000
vt 0.250000 1.000000
vt 0.250000 0.500000
vt 0.419706 0.419706
vt 0.250000 0.490000
vt 0.080294 0.419706
vt 0.010000 0.250000
vt 0.080294 0.080294
vt 0.250000 0.010000
vt 0.419706 0.080294
vt 0.490000 0.250000
vt 0.125000 1.000000
vt 0.125000 0.500000
vt 0.000000 1.000000
vt 0.000000 0.500000
vt 0.750000 0.490000
vt 0.919706 0.419706
vt 0.990000 0.250000
vt 0.919706 0.080294
vt 0.750000 0.010000
vt 0.580294 0.080294
vt 0.510000 0.250000
vt 0.580294 0.419706
s 1
usemtl M_Black_Rubber
f 2409/5071/2407 2410/5072/2408 2412/5073/2410 2411/5074/2409
f 2411/5074/2409 2412/5073/2410 2414/5075/2412 2413/5076/2411
f 2413/5076/2411 2414/5075/2412 2416/5077/2414 2415/5078/2413
f 2415/5078/2413 2416/5077/2414 2418/5079/2416 2417/5080/2415
f 2417/5080/2415 2418/5079/2416 2420/5081/2418 2419/5082/2417
f 2419/5082/2417 2420/5081/2418 2422/5083/2420 2421/5084/2419
f 2412/5085/2410 2410/5086/2408 2424/5087/2422 2422/5088/2420 2420/5089/2418 2418/5090/2416 2416/5091/2414 2414/5092/2412
f 2421/5084/2419 2422/5083/2420 2424/5093/2422 2423/5094/2421
f 2423/5094/2421 2424/5093/2422 2410/5095/2408 2409/5096/2407
f 2409/5097/2407 2411/5098/2409 2413/5099/2411 2415/5100/2413 2417/5101/2415 2419/5102/2417 2421/5103/2419 2423/5104/2421
o Peg_Hole.148
v -0.225000 0.429000 0.000000
v -0.225000 0.429000 0.030000
v -0.222172 0.427828 0.000000
v -0.222172 0.427828 0.030000
v -0.221000 0.425000 0.000000
v -0.221000 0.425000 0.030000
v -0.222172 0.422172 0.000000
v -0.222172 0.422172 0.030000
v -0.225000 0.421000 0.000000
v -0.225000 0.421000 0.030000
v -0.227828 0.422172 0.000000
v -0.227828 0.422172 0.030000
v -0.229000 0.425000 0.000000
v -0.229000 0.425000 0.030000
v -0.227828 0.427828 0.000000
v -0.227828 0.427828 0.030000
vn -0.0000 0.7764 -0.6303
vn -0.0000 0.7764 0.6303
vn 0.5490 0.5490 -0.6303
vn 0.5490 0.5490 0.6303
vn 0.7764 -0.0000 -0.6303
vn 0.7764 -0.0000 0.6303
vn 0.5490 -0.5490 -0.6303
vn 0.5490 -0.5490 0.6303
vn -0.0000 -0.7764 -0.6303
vn -0.0000 -0.7764 0.6303
vn -0.5490 -0.5490 -0.6303
vn -0.5490 -0.5490 0.6303
vn -0.7764 -0.0000 -0.6303
vn -0.7764 -0.0000 0.6303
vn -0.5490 0.5490 -0.6303
vn -0.5490 0.5490 0.6303
vt 1.000000 0.500000
vt 1.000000 1.000000
vt 0.875000 1.000000
vt 0.875000 0.500000
vt 0.750000 1.000000
vt 0.750000 0.500000
vt 0.625000 1.000000
vt 0.625000 0.500000
vt 0.500000 1.000000
vt 0.500000 0.500000
vt 0.375000 1.000000
vt 0.375000 0.500000
vt 0.250000 1.000000
vt 0.250000 0.500000
vt 0.419706 0.419706
vt 0.250000 0.490000
vt 0.080294 0.419706
vt 0.010000 0.250000
vt 0.080294 0.080294
vt 0.250000 0.010000
vt 0.419706 0.080294
vt 0.490000 0.250000
vt 0.125000 1.000000
vt 0.125000 0.500000
vt 0.000000 1.000000
vt 0.000000 0.500000
vt 0.750000 0.490000
vt 0.919706 0.419706
vt 0.990000 0.250000
vt 0.919706 0.080294
vt 0.750000 0.010000
vt 0.580294 0.080294
vt 0.510000 0.250000
vt 0.580294 0.419706
s 1
usemtl M_Black_Rubber
f 2425/5105/2423 2426/5106/2424 2428/5107/2426 2427/5108/2425
f 2427/5108/2425 2428/5107/2426 2430/5109/2428 2429/5110/2427
f 2429/5110/2427 2430/5109/2428 2432/5111/2430 2431/5112/2429
f 2431/5112/2429 2432/5111/2430 2434/5113/2432 2433/5114/2431
f 2433/5114/2431 2434/5113/2432 2436/5115/2434 2435/5116/2433
f 2435/5116/2433 2436/5115/2434 2438/5117/2436 2437/5118/2435
f 2428/5119/2426 2426/5120/2424 2440/5121/2438 2438/5122/2436 2436/5123/2434 2434/5124/2432 2432/5125/2430 2430/5126/2428
f 2437/5118/2435 2438/5117/2436 2440/5127/2438 2439/5128/2437
f 2439/5128/2437 2440/5127/2438 2426/5129/2424 2425/5130/2423
f 2425/5131/2423 2427/5132/2425 2429/5133/2427 2431/5134/2429 2433/5135/2431 2435/5136/2433 2437/5137/2435 2439/5138/2437
o Peg_Hole.149
v -0.175000 0.429000 0.000000
v -0.175000 0.429000 0.030000
v -0.172172 0.427828 0.000000
v -0.172172 0.427828 0.030000
v -0.171000 0.425000 0.000000
v -0.171000 0.425000 0.030000
v -0.172172 0.422172 0.000000
v -0.172172 0.422172 0.030000
v -0.175000 0.421000 0.000000
v -0.175000 0.421000 0.030000
v -0.177828 0.422172 0.000000
v -0.177828 0.422172 0.030000
v -0.179000 0.425000 0.000000
v -0.179000 0.425000 0.030000
v -0.177828 0.427828 0.000000
v -0.177828 0.427828 0.030000
vn -0.0000 0.7764 -0.6303
vn -0.0000 0.7764 0.6303
vn 0.5490 0.5490 -0.6303
vn 0.5490 0.5490 0.6303
vn 0.7764 -0.0000 -0.6303
vn 0.7764 -0.0000 0.6303
vn 0.5490 -0.5490 -0.6303
vn 0.5490 -0.5490 0.6303
vn -0.0000 -0.7764 -0.6303
vn -0.0000 -0.7764 0.6303
vn -0.5490 -0.5490 -0.6303
vn -0.5490 -0.5490 0.6303
vn -0.7764 -0.0000 -0.6303
vn -0.7764 -0.0000 0.6303
vn -0.5490 0.5490 -0.6303
vn -0.5490 0.5490 0.6303
vt 1.000000 0.500000
vt 1.000000 1.000000
vt 0.875000 1.000000
vt 0.875000 0.500000
vt 0.750000 1.000000
vt 0.750000 0.500000
vt 0.625000 1.000000
vt 0.625000 0.500000
vt 0.500000 1.000000
vt 0.500000 0.500000
vt 0.375000 1.000000
vt 0.375000 0.500000
vt 0.250000 1.000000
vt 0.250000 0.500000
vt 0.419706 0.419706
vt 0.250000 0.490000
vt 0.080294 0.419706
vt 0.010000 0.250000
vt 0.080294 0.080294
vt 0.250000 0.010000
vt 0.419706 0.080294
vt 0.490000 0.250000
vt 0.125000 1.000000
vt 0.125000 0.500000
vt 0.000000 1.000000
vt 0.000000 0.500000
vt 0.750000 0.490000
vt 0.919706 0.419706
vt 0.990000 0.250000
vt 0.919706 0.080294
vt 0.750000 0.010000
vt 0.580294 0.080294
vt 0.510000 0.250000
vt 0.580294 0.419706
s 1
usemtl M_Black_Rubber
f 2441/5139/2439 2442/5140/2440 2444/5141/2442 2443/5142/2441
f 2443/5142/2441 2444/5141/2442 2446/5143/2444 2445/5144/2443
f 2445/5144/2443 2446/5143/2444 2448/5145/2446 2447/5146/2445
f 2447/5146/2445 2448/5145/2446 2450/5147/2448 2449/5148/2447
f 2449/5148/2447 2450/5147/2448 2452/5149/2450 2451/5150/2449
f 2451/5150/2449 2452/5149/2450 2454/5151/2452 2453/5152/2451
f 2444/5153/2442 2442/5154/2440 2456/5155/2454 2454/5156/2452 2452/5157/2450 2450/5158/2448 2448/5159/2446 2446/5160/2444
f 2453/5152/2451 2454/5151/2452 2456/5161/2454 2455/5162/2453
f 2455/5162/2453 2456/5161/2454 2442/5163/2440 2441/5164/2439
f 2441/5165/2439 2443/5166/2441 2445/5167/2443 2447/5168/2445 2449/5169/2447 2451/5170/2449 2453/5171/2451 2455/5172/2453
o Peg_Hole.150
v -0.125000 0.429000 0.000000
v -0.125000 0.429000 0.030000
v -0.122172 0.427828 0.000000
v -0.122172 0.427828 0.030000
v -0.121000 0.425000 0.000000
v -0.121000 0.425000 0.030000
v -0.122172 0.422172 0.000000
v -0.122172 0.422172 0.030000
v -0.125000 0.421000 0.000000
v -0.125000 0.421000 0.030000
v -0.127828 0.422172 0.000000
v -0.127828 0.422172 0.030000
v -0.129000 0.425000 0.000000
v -0.129000 0.425000 0.030000
v -0.127828 0.427828 0.000000
v -0.127828 0.427828 0.030000
vn -0.0000 0.7764 -0.6303
vn -0.0000 0.7764 0.6303
vn 0.5490 0.5490 -0.6303
vn 0.5490 0.5490 0.6303
vn 0.7764 -0.0000 -0.6303
vn 0.7764 -0.0000 0.6303
vn 0.5490 -0.5490 -0.6303
vn 0.5490 -0.5490 0.6303
vn -0.0000 -0.7764 -0.6303
vn -0.0000 -0.7764 0.6303
vn -0.5490 -0.5490 -0.6303
vn -0.5490 -0.5490 0.6303
vn -0.7764 -0.0000 -0.6303
vn -0.7764 -0.0000 0.6303
vn -0.5490 0.5490 -0.6303
vn -0.5490 0.5490 0.6303
vt 1.000000 0.500000
vt 1.000000 1.000000
vt 0.875000 1.000000
vt 0.875000 0.500000
vt 0.750000 1.000000
vt 0.750000 0.500000
vt 0.625000 1.000000
vt 0.625000 0.500000
vt 0.500000 1.000000
vt 0.500000 0.500000
vt 0.375000 1.000000
vt 0.375000 0.500000
vt 0.250000 1.000000
vt 0.250000 0.500000
vt 0.419706 0.419706
vt 0.250000 0.490000
vt 0.080294 0.419706
vt 0.010000 0.250000
vt 0.080294 0.080294
vt 0.250000 0.010000
vt 0.419706 0.080294
vt 0.490000 0.250000
vt 0.125000 1.000000
vt 0.125000 0.500000
vt 0.000000 1.000000
vt 0.000000 0.500000
vt 0.750000 0.490000
vt 0.919706 0.419706
vt 0.990000 0.250000
vt 0.919706 0.080294
vt 0.750000 0.010000
vt 0.580294 0.080294
vt 0.510000 0.250000
vt 0.580294 0.419706
s 1
usemtl M_Black_Rubber
f 2457/5173/2455 2458/5174/2456 2460/5175/2458 2459/5176/2457
f 2459/5176/2457 2460/5175/2458 2462/5177/2460 2461/5178/2459
f 2461/5178/2459 2462/5177/2460 2464/5179/2462 2463/5180/2461
f 2463/5180/2461 2464/5179/2462 2466/5181/2464 2465/5182/2463
f 2465/5182/2463 2466/5181/2464 2468/5183/2466 2467/5184/2465
f 2467/5184/2465 2468/5183/2466 2470/5185/2468 2469/5186/2467
f 2460/5187/2458 2458/5188/2456 2472/5189/2470 2470/5190/2468 2468/5191/2466 2466/5192/2464 2464/5193/2462 2462/5194/2460
f 2469/5186/2467 2470/5185/2468 2472/5195/2470 2471/5196/2469
f 2471/5196/2469 2472/5195/2470 2458/5197/2456 2457/5198/2455
f 2457/5199/2455 2459/5200/2457 2461/5201/2459 2463/5202/2461 2465/5203/2463 2467/5204/2465 2469/5205/2467 2471/5206/2469
o Peg_Hole.151
v -0.075000 0.429000 0.000000
v -0.075000 0.429000 0.030000
v -0.072172 0.427828 0.000000
v -0.072172 0.427828 0.030000
v -0.071000 0.425000 0.000000
v -0.071000 0.425000 0.030000
v -0.072172 0.422172 0.000000
v -0.072172 0.422172 0.030000
v -0.075000 0.421000 0.000000
v -0.075000 0.421000 0.030000
v -0.077828 0.422172 0.000000
v -0.077828 0.422172 0.030000
v -0.079000 0.425000 0.000000
v -0.079000 0.425000 0.030000
v -0.077828 0.427828 0.000000
v -0.077828 0.427828 0.030000
vn -0.0000 0.7764 -0.6303
vn -0.0000 0.7764 0.6303
vn 0.5490 0.5490 -0.6303
vn 0.5490 0.5490 0.6303
vn 0.7764 -0.0000 -0.6303
vn 0.7764 -0.0000 0.6303
vn 0.5490 -0.5490 -0.6303
vn 0.5490 -0.5490 0.6303
vn -0.0000 -0.7764 -0.6303
vn -0.0000 -0.7764 0.6303
vn -0.5490 -0.5490 -0.6303
vn -0.5490 -0.5490 0.6303
vn -0.7764 -0.0000 -0.6303
vn -0.7764 -0.0000 0.6303
vn -0.5490 0.5490 -0.6303
vn -0.5490 0.5490 0.6303
vt 1.000000 0.500000
vt 1.000000 1.000000
vt 0.875000 1.000000
vt 0.875000 0.500000
vt 0.750000 1.000000
vt 0.750000 0.500000
vt 0.625000 1.000000
vt 0.625000 0.500000
vt 0.500000 1.000000
vt 0.500000 0.500000
vt 0.375000 1.000000
vt 0.375000 0.500000
vt 0.250000 1.000000
vt 0.250000 0.500000
vt 0.419706 0.419706
vt 0.250000 0.490000
vt 0.080294 0.419706
vt 0.010000 0.250000
vt 0.080294 0.080294
vt 0.250000 0.010000
vt 0.419706 0.080294
vt 0.490000 0.250000
vt 0.125000 1.000000
vt 0.125000 0.500000
vt 0.000000 1.000000
vt 0.000000 0.500000
vt 0.750000 0.490000
vt 0.919706 0.419706
vt 0.990000 0.250000
vt 0.919706 0.080294
vt 0.750000 0.010000
vt 0.580294 0.080294
vt 0.510000 0.250000
vt 0.580294 0.419706
s 1
usemtl M_Black_Rubber
f 2473/5207/2471 2474/5208/2472 2476/5209/2474 2475/5210/2473
f 2475/5210/2473 2476/5209/2474 2478/5211/2476 2477/5212/2475
f 2477/5212/2475 2478/5211/2476 2480/5213/2478 2479/5214/2477
f 2479/5214/2477 2480/5213/2478 2482/5215/2480 2481/5216/2479
f 2481/5216/2479 2482/5215/2480 2484/5217/2482 2483/5218/2481
f 2483/5218/2481 2484/5217/2482 2486/5219/2484 2485/5220/2483
f 2476/5221/2474 2474/5222/2472 2488/5223/2486 2486/5224/2484 2484/5225/2482 2482/5226/2480 2480/5227/2478 2478/5228/2476
f 2485/5220/2483 2486/5219/2484 2488/5229/2486 2487/5230/2485
f 2487/5230/2485 2488/5229/2486 2474/5231/2472 2473/5232/2471
f 2473/5233/2471 2475/5234/2473 2477/5235/2475 2479/5236/2477 2481/5237/2479 2483/5238/2481 2485/5239/2483 2487/5240/2485
o Peg_Hole.152
v -0.025000 0.429000 0.000000
v -0.025000 0.429000 0.030000
v -0.022172 0.427828 0.000000
v -0.022172 0.427828 0.030000
v -0.021000 0.425000 0.000000
v -0.021000 0.425000 0.030000
v -0.022172 0.422172 0.000000
v -0.022172 0.422172 0.030000
v -0.025000 0.421000 0.000000
v -0.025000 0.421000 0.030000
v -0.027828 0.422172 0.000000
v -0.027828 0.422172 0.030000
v -0.029000 0.425000 0.000000
v -0.029000 0.425000 0.030000
v -0.027828 0.427828 0.000000
v -0.027828 0.427828 0.030000
vn -0.0000 0.7764 -0.6303
vn -0.0000 0.7764 0.6303
vn 0.5490 0.5490 -0.6303
vn 0.5490 0.5490 0.6303
vn 0.7764 -0.0000 -0.6303
vn 0.7764 -0.0000 0.6303
vn 0.5490 -0.5490 -0.6303
vn 0.5490 -0.5490 0.6303
vn -0.0000 -0.7764 -0.6303
vn -0.0000 -0.7764 0.6303
vn -0.5490 -0.5490 -0.6303
vn -0.5490 -0.5490 0.6303
vn -0.7764 -0.0000 -0.6303
vn -0.7764 -0.0000 0.6303
vn -0.5490 0.5490 -0.6303
vn -0.5490 0.5490 0.6303
vt 1.000000 0.500000
vt 1.000000 1.000000
vt 0.875000 1.000000
vt 0.875000 0.500000
vt 0.750000 1.000000
vt 0.750000 0.500000
vt 0.625000 1.000000
vt 0.625000 0.500000
vt 0.500000 1.000000
vt 0.500000 0.500000
vt 0.375000 1.000000
vt 0.375000 0.500000
vt 0.250000 1.000000
vt 0.250000 0.500000
vt 0.419706 0.419706
vt 0.250000 0.490000
vt 0.080294 0.419706
vt 0.010000 0.250000
vt 0.080294 0.080294
vt 0.250000 0.010000
vt 0.419706 0.080294
vt 0.490000 0.250000
vt 0.125000 1.000000
vt 0.125000 0.500000
vt 0.000000 1.000000
vt 0.000000 0.500000
vt 0.750000 0.490000
vt 0.919706 0.419706
vt 0.990000 0.250000
vt 0.919706 0.080294
vt 0.750000 0.010000
vt 0.580294 0.080294
vt 0.510000 0.250000
vt 0.580294 0.419706
s 1
usemtl M_Black_Rubber
f 2489/5241/2487 2490/5242/2488 2492/5243/2490 2491/5244/2489
f 2491/5244/2489 2492/5243/2490 2494/5245/2492 2493/5246/2491
f 2493/5246/2491 2494/5245/2492 2496/5247/2494 2495/5248/2493
f 2495/5248/2493 2496/5247/2494 2498/5249/2496 2497/5250/2495
f 2497/5250/2495 2498/5249/2496 2500/5251/2498 2499/5252/2497
f 2499/5252/2497 2500/5251/2498 2502/5253/2500 2501/5254/2499
f 2492/5255/2490 2490/5256/2488 2504/5257/2502 2502/5258/2500 2500/5259/2498 2498/5260/2496 2496/5261/2494 2494/5262/2492
f 2501/5254/2499 2502/5253/2500 2504/5263/2502 2503/5264/2501
f 2503/5264/2501 2504/5263/2502 2490/5265/2488 2489/5266/2487
f 2489/5267/2487 2491/5268/2489 2493/5269/2491 2495/5270/2493 2497/5271/2495 2499/5272/2497 2501/5273/2499 2503/5274/2501
o Peg_Hole.153
v 0.025000 0.429000 0.000000
v 0.025000 0.429000 0.030000
v 0.027828 0.427828 0.000000
v 0.027828 0.427828 0.030000
v 0.029000 0.425000 0.000000
v 0.029000 0.425000 0.030000
v 0.027828 0.422172 0.000000
v 0.027828 0.422172 0.030000
v 0.025000 0.421000 0.000000
v 0.025000 0.421000 0.030000
v 0.022172 0.422172 0.000000
v 0.022172 0.422172 0.030000
v 0.021000 0.425000 0.000000
v 0.021000 0.425000 0.030000
v 0.022172 0.427828 0.000000
v 0.022172 0.427828 0.030000
vn -0.0000 0.7764 -0.6303
vn -0.0000 0.7764 0.6303
vn 0.5490 0.5490 -0.6303
vn 0.5490 0.5490 0.6303
vn 0.7764 -0.0000 -0.6303
vn 0.7764 -0.0000 0.6303
vn 0.5490 -0.5490 -0.6303
vn 0.5490 -0.5490 0.6303
vn -0.0000 -0.7764 -0.6303
vn -0.0000 -0.7764 0.6303
vn -0.5490 -0.5490 -0.6303
vn -0.5490 -0.5490 0.6303
vn -0.7764 -0.0000 -0.6303
vn -0.7764 -0.0000 0.6303
vn -0.5490 0.5490 -0.6303
vn -0.5490 0.5490 0.6303
vt 1.000000 0.500000
vt 1.000000 1.000000
vt 0.875000 1.000000
vt 0.875000 0.500000
vt 0.750000 1.000000
vt 0.750000 0.500000
vt 0.625000 1.000000
vt 0.625000 0.500000
vt 0.500000 1.000000
vt 0.500000 0.500000
vt 0.375000 1.000000
vt 0.375000 0.500000
vt 0.250000 1.000000
vt 0.250000 0.500000
vt 0.419706 0.419706
vt 0.250000 0.490000
vt 0.080294 0.419706
vt 0.010000 0.250000
vt 0.080294 0.080294
vt 0.250000 0.010000
vt 0.419706 0.080294
vt 0.490000 0.250000
vt 0.125000 1.000000
vt 0.125000 0.500000
vt 0.000000 1.000000
vt 0.000000 0.500000
vt 0.750000 0.490000
vt 0.919706 0.419706
vt 0.990000 0.250000
vt 0.919706 0.080294
vt 0.750000 0.010000
vt 0.580294 0.080294
vt 0.510000 0.250000
vt 0.580294 0.419706
s 1
usemtl M_Black_Rubber
f 2505/5275/2503 2506/5276/2504 2508/5277/2506 2507/5278/2505
f 2507/5278/2505 2508/5277/2506 2510/5279/2508 2509/5280/2507
f 2509/5280/2507 2510/5279/2508 2512/5281/2510 2511/5282/2509
f 2511/5282/2509 2512/5281/2510 2514/5283/2512 2513/5284/2511
f 2513/5284/2511 2514/5283/2512 2516/5285/2514 2515/5286/2513
f 2515/5286/2513 2516/5285/2514 2518/5287/2516 2517/5288/2515
f 2508/5289/2506 2506/5290/2504 2520/5291/2518 2518/5292/2516 2516/5293/2514 2514/5294/2512 2512/5295/2510 2510/5296/2508
f 2517/5288/2515 2518/5287/2516 2520/5297/2518 2519/5298/2517
f 2519/5298/2517 2520/5297/2518 2506/5299/2504 2505/5300/2503
f 2505/5301/2503 2507/5302/2505 2509/5303/2507 2511/5304/2509 2513/5305/2511 2515/5306/2513 2517/5307/2515 2519/5308/2517
o Peg_Hole.154
v 0.075000 0.429000 0.000000
v 0.075000 0.429000 0.030000
v 0.077828 0.427828 0.000000
v 0.077828 0.427828 0.030000
v 0.079000 0.425000 0.000000
v 0.079000 0.425000 0.030000
v 0.077828 0.422172 0.000000
v 0.077828 0.422172 0.030000
v 0.075000 0.421000 0.000000
v 0.075000 0.421000 0.030000
v 0.072172 0.422172 0.000000
v 0.072172 0.422172 0.030000
v 0.071000 0.425000 0.000000
v 0.071000 0.425000 0.030000
v 0.072172 0.427828 0.000000
v 0.072172 0.427828 0.030000
vn -0.0000 0.7764 -0.6303
vn -0.0000 0.7764 0.6303
vn 0.5490 0.5490 -0.6303
vn 0.5490 0.5490 0.6303
vn 0.7764 -0.0000 -0.6303
vn 0.7764 -0.0000 0.6303
vn 0.5490 -0.5490 -0.6303
vn 0.5490 -0.5490 0.6303
vn -0.0000 -0.7764 -0.6303
vn -0.0000 -0.7764 0.6303
vn -0.5490 -0.5490 -0.6303
vn -0.5490 -0.5490 0.6303
vn -0.7764 -0.0000 -0.6303
vn -0.7764 -0.0000 0.6303
vn -0.5490 0.5490 -0.6303
vn -0.5490 0.5490 0.6303
vt 1.000000 0.500000
vt 1.000000 1.000000
vt 0.875000 1.000000
vt 0.875000 0.500000
vt 0.750000 1.000000
vt 0.750000 0.500000
vt 0.625000 1.000000
vt 0.625000 0.500000
vt 0.500000 1.000000
vt 0.500000 0.500000
vt 0.375000 1.000000
vt 0.375000 0.500000
vt 0.250000 1.000000
vt 0.250000 0.500000
vt 0.419706 0.419706
vt 0.250000 0.490000
vt 0.080294 0.419706
vt 0.010000 0.250000
vt 0.080294 0.080294
vt 0.250000 0.010000
vt 0.419706 0.080294
vt 0.490000 0.250000
vt 0.125000 1.000000
vt 0.125000 0.500000
vt 0.000000 1.000000
vt 0.000000 0.500000
vt 0.750000 0.490000
vt 0.919706 0.419706
vt 0.990000 0.250000
vt 0.919706 0.080294
vt 0.750000 0.010000
vt 0.580294 0.080294
vt 0.510000 0.250000
vt 0.580294 0.419706
s 1
usemtl M_Black_Rubber
f 2521/5309/2519 2522/5310/2520 2524/5311/2522 2523/5312/2521
f 2523/5312/2521 2524/5311/2522 2526/5313/2524 2525/5314/2523
f 2525/5314/2523 2526/5313/2524 2528/5315/2526 2527/5316/2525
f 2527/5316/2525 2528/5315/2526 2530/5317/2528 2529/5318/2527
f 2529/5318/2527 2530/5317/2528 2532/5319/2530 2531/5320/2529
f 2531/5320/2529 2532/5319/2530 2534/5321/2532 2533/5322/2531
f 2524/5323/2522 2522/5324/2520 2536/5325/2534 2534/5326/2532 2532/5327/2530 2530/5328/2528 2528/5329/2526 2526/5330/2524
f 2533/5322/2531 2534/5321/2532 2536/5331/2534 2535/5332/2533
f 2535/5332/2533 2536/5331/2534 2522/5333/2520 2521/5334/2519
f 2521/5335/2519 2523/5336/2521 2525/5337/2523 2527/5338/2525 2529/5339/2527 2531/5340/2529 2533/5341/2531 2535/5342/2533
o Peg_Hole.155
v 0.125000 0.429000 0.000000
v 0.125000 0.429000 0.030000
v 0.127828 0.427828 0.000000
v 0.127828 0.427828 0.030000
v 0.129000 0.425000 0.000000
v 0.129000 0.425000 0.030000
v 0.127828 0.422172 0.000000
v 0.127828 0.422172 0.030000
v 0.125000 0.421000 0.000000
v 0.125000 0.421000 0.030000
v 0.122172 0.422172 0.000000
v 0.122172 0.422172 0.030000
v 0.121000 0.425000 0.000000
v 0.121000 0.425000 0.030000
v 0.122172 0.427828 0.000000
v 0.122172 0.427828 0.030000
vn -0.0000 0.7764 -0.6303
vn -0.0000 0.7764 0.6303
vn 0.5490 0.5490 -0.6303
vn 0.5490 0.5490 0.6303
vn 0.7764 -0.0000 -0.6303
vn 0.7764 -0.0000 0.6303
vn 0.5490 -0.5490 -0.6303
vn 0.5490 -0.5490 0.6303
vn -0.0000 -0.7764 -0.6303
vn -0.0000 -0.7764 0.6303
vn -0.5490 -0.5490 -0.6303
vn -0.5490 -0.5490 0.6303
vn -0.7764 -0.0000 -0.6303
vn -0.7764 -0.0000 0.6303
vn -0.5490 0.5490 -0.6303
vn -0.5490 0.5490 0.6303
vt 1.000000 0.500000
vt 1.000000 1.000000
vt 0.875000 1.000000
vt 0.875000 0.500000
vt 0.750000 1.000000
vt 0.750000 0.500000
vt 0.625000 1.000000
vt 0.625000 0.500000
vt 0.500000 1.000000
vt 0.500000 0.500000
vt 0.375000 1.000000
vt 0.375000 0.500000
vt 0.250000 1.000000
vt 0.250000 0.500000
vt 0.419706 0.419706
vt 0.250000 0.490000
vt 0.080294 0.419706
vt 0.010000 0.250000
vt 0.080294 0.080294
vt 0.250000 0.010000
vt 0.419706 0.080294
vt 0.490000 0.250000
vt 0.125000 1.000000
vt 0.125000 0.500000
vt 0.000000 1.000000
vt 0.000000 0.500000
vt 0.750000 0.490000
vt 0.919706 0.419706
vt 0.990000 0.250000
vt 0.919706 0.080294
vt 0.750000 0.010000
vt 0.580294 0.080294
vt 0.510000 0.250000
vt 0.580294 0.419706
s 1
usemtl M_Black_Rubber
f 2537/5343/2535 2538/5344/2536 2540/5345/2538 2539/5346/2537
f 2539/5346/2537 2540/5345/2538 2542/5347/2540 2541/5348/2539
f 2541/5348/2539 2542/5347/2540 2544/5349/2542 2543/5350/2541
f 2543/5350/2541 2544/5349/2542 2546/5351/2544 2545/5352/2543
f 2545/5352/2543 2546/5351/2544 2548/5353/2546 2547/5354/2545
f 2547/5354/2545 2548/5353/2546 2550/5355/2548 2549/5356/2547
f 2540/5357/2538 2538/5358/2536 2552/5359/2550 2550/5360/2548 2548/5361/2546 2546/5362/2544 2544/5363/2542 2542/5364/2540
f 2549/5356/2547 2550/5355/2548 2552/5365/2550 2551/5366/2549
f 2551/5366/2549 2552/5365/2550 2538/5367/2536 2537/5368/2535
f 2537/5369/2535 2539/5370/2537 2541/5371/2539 2543/5372/2541 2545/5373/2543 2547/5374/2545 2549/5375/2547 2551/5376/2549
o Peg_Hole.156
v 0.175000 0.429000 0.000000
v 0.175000 0.429000 0.030000
v 0.177828 0.427828 0.000000
v 0.177828 0.427828 0.030000
v 0.179000 0.425000 0.000000
v 0.179000 0.425000 0.030000
v 0.177828 0.422172 0.000000
v 0.177828 0.422172 0.030000
v 0.175000 0.421000 0.000000
v 0.175000 0.421000 0.030000
v 0.172172 0.422172 0.000000
v 0.172172 0.422172 0.030000
v 0.171000 0.425000 0.000000
v 0.171000 0.425000 0.030000
v 0.172172 0.427828 0.000000
v 0.172172 0.427828 0.030000
vn -0.0000 0.7764 -0.6303
vn -0.0000 0.7764 0.6303
vn 0.5490 0.5490 -0.6303
vn 0.5490 0.5490 0.6303
vn 0.7764 -0.0000 -0.6303
vn 0.7764 -0.0000 0.6303
vn 0.5490 -0.5490 -0.6303
vn 0.5490 -0.5490 0.6303
vn -0.0000 -0.7764 -0.6303
vn -0.0000 -0.7764 0.6303
vn -0.5490 -0.5490 -0.6303
vn -0.5490 -0.5490 0.6303
vn -0.7764 -0.0000 -0.6303
vn -0.7764 -0.0000 0.6303
vn -0.5490 0.5490 -0.6303
vn -0.5490 0.5490 0.6303
vt 1.000000 0.500000
vt 1.000000 1.000000
vt 0.875000 1.000000
vt 0.875000 0.500000
vt 0.750000 1.000000
vt 0.750000 0.500000
vt 0.625000 1.000000
vt 0.625000 0.500000
vt 0.500000 1.000000
vt 0.500000 0.500000
vt 0.375000 1.000000
vt 0.375000 0.500000
vt 0.250000 1.000000
vt 0.250000 0.500000
vt 0.419706 0.419706
vt 0.250000 0.490000
vt 0.080294 0.419706
vt 0.010000 0.250000
vt 0.080294 0.080294
vt 0.250000 0.010000
vt 0.419706 0.080294
vt 0.490000 0.250000
vt 0.125000 1.000000
vt 0.125000 0.500000
vt 0.000000 1.000000
vt 0.000000 0.500000
vt 0.750000 0.490000
vt 0.919706 0.419706
vt 0.990000 0.250000
vt 0.919706 0.080294
vt 0.750000 0.010000
vt 0.580294 0.080294
vt 0.510000 0.250000
vt 0.580294 0.419706
s 1
usemtl M_Black_Rubber
f 2553/5377/2551 2554/5378/2552 2556/5379/2554 2555/5380/2553
f 2555/5380/2553 2556/5379/2554 2558/5381/2556 2557/5382/2555
f 2557/5382/2555 2558/5381/2556 2560/5383/2558 2559/5384/2557
f 2559/5384/2557 2560/5383/2558 2562/5385/2560 2561/5386/2559
f 2561/5386/2559 2562/5385/2560 2564/5387/2562 2563/5388/2561
f 2563/5388/2561 2564/5387/2562 2566/5389/2564 2565/5390/2563
f 2556/5391/2554 2554/5392/2552 2568/5393/2566 2566/5394/2564 2564/5395/2562 2562/5396/2560 2560/5397/2558 2558/5398/2556
f 2565/5390/2563 2566/5389/2564 2568/5399/2566 2567/5400/2565
f 2567/5400/2565 2568/5399/2566 2554/5401/2552 2553/5402/2551
f 2553/5403/2551 2555/5404/2553 2557/5405/2555 2559/5406/2557 2561/5407/2559 2563/5408/2561 2565/5409/2563 2567/5410/2565
o Peg_Hole.157
v 0.225000 0.429000 0.000000
v 0.225000 0.429000 0.030000
v 0.227828 0.427828 0.000000
v 0.227828 0.427828 0.030000
v 0.229000 0.425000 0.000000
v 0.229000 0.425000 0.030000
v 0.227828 0.422172 0.000000
v 0.227828 0.422172 0.030000
v 0.225000 0.421000 0.000000
v 0.225000 0.421000 0.030000
v 0.222172 0.422172 0.000000
v 0.222172 0.422172 0.030000
v 0.221000 0.425000 0.000000
v 0.221000 0.425000 0.030000
v 0.222172 0.427828 0.000000
v 0.222172 0.427828 0.030000
vn -0.0000 0.7764 -0.6303
vn -0.0000 0.7764 0.6303
vn 0.5490 0.5490 -0.6303
vn 0.5490 0.5490 0.6303
vn 0.7764 -0.0000 -0.6303
vn 0.7764 -0.0000 0.6303
vn 0.5490 -0.5490 -0.6303
vn 0.5490 -0.5490 0.6303
vn -0.0000 -0.7764 -0.6303
vn -0.0000 -0.7764 0.6303
vn -0.5490 -0.5490 -0.6303
vn -0.5490 -0.5490 0.6303
vn -0.7764 -0.0000 -0.6303
vn -0.7764 -0.0000 0.6303
vn -0.5490 0.5490 -0.6303
vn -0.5490 0.5490 0.6303
vt 1.000000 0.500000
vt 1.000000 1.000000
vt 0.875000 1.000000
vt 0.875000 0.500000
vt 0.750000 1.000000
vt 0.750000 0.500000
vt 0.625000 1.000000
vt 0.625000 0.500000
vt 0.500000 1.000000
vt 0.500000 0.500000
vt 0.375000 1.000000
vt 0.375000 0.500000
vt 0.250000 1.000000
vt 0.250000 0.500000
vt 0.419706 0.419706
vt 0.250000 0.490000
vt 0.080294 0.419706
vt 0.010000 0.250000
vt 0.080294 0.080294
vt 0.250000 0.010000
vt 0.419706 0.080294
vt 0.490000 0.250000
vt 0.125000 1.000000
vt 0.125000 0.500000
vt 0.000000 1.000000
vt 0.000000 0.500000
vt 0.750000 0.490000
vt 0.919706 0.419706
vt 0.990000 0.250000
vt 0.919706 0.080294
vt 0.750000 0.010000
vt 0.580294 0.080294
vt 0.510000 0.250000
vt 0.580294 0.419706
s 1
usemtl M_Black_Rubber
f 2569/5411/2567 2570/5412/2568 2572/5413/2570 2571/5414/2569
f 2571/5414/2569 2572/5413/2570 2574/5415/2572 2573/5416/2571
f 2573/5416/2571 2574/5415/2572 2576/5417/2574 2575/5418/2573
f 2575/5418/2573 2576/5417/2574 2578/5419/2576 2577/5420/2575
f 2577/5420/2575 2578/5419/2576 2580/5421/2578 2579/5422/2577
f 2579/5422/2577 2580/5421/2578 2582/5423/2580 2581/5424/2579
f 2572/5425/2570 2570/5426/2568 2584/5427/2582 2582/5428/2580 2580/5429/2578 2578/5430/2576 2576/5431/2574 2574/5432/2572
f 2581/5424/2579 2582/5423/2580 2584/5433/2582 2583/5434/2581
f 2583/5434/2581 2584/5433/2582 2570/5435/2568 2569/5436/2567
f 2569/5437/2567 2571/5438/2569 2573/5439/2571 2575/5440/2573 2577/5441/2575 2579/5442/2577 2581/5443/2579 2583/5444/2581
o Peg_Hole.158
v 0.275000 0.429000 0.000000
v 0.275000 0.429000 0.030000
v 0.277828 0.427828 0.000000
v 0.277828 0.427828 0.030000
v 0.279000 0.425000 0.000000
v 0.279000 0.425000 0.030000
v 0.277828 0.422172 0.000000
v 0.277828 0.422172 0.030000
v 0.275000 0.421000 0.000000
v 0.275000 0.421000 0.030000
v 0.272172 0.422172 0.000000
v 0.272172 0.422172 0.030000
v 0.271000 0.425000 0.000000
v 0.271000 0.425000 0.030000
v 0.272172 0.427828 0.000000
v 0.272172 0.427828 0.030000
vn -0.0000 0.7764 -0.6303
vn -0.0000 0.7764 0.6303
vn 0.5490 0.5490 -0.6303
vn 0.5490 0.5490 0.6303
vn 0.7764 -0.0000 -0.6303
vn 0.7764 -0.0000 0.6303
vn 0.5490 -0.5490 -0.6303
vn 0.5490 -0.5490 0.6303
vn -0.0000 -0.7764 -0.6303
vn -0.0000 -0.7764 0.6303
vn -0.5490 -0.5490 -0.6303
vn -0.5490 -0.5490 0.6303
vn -0.7764 -0.0000 -0.6303
vn -0.7764 -0.0000 0.6303
vn -0.5490 0.5490 -0.6303
vn -0.5490 0.5490 0.6303
vt 1.000000 0.500000
vt 1.000000 1.000000
vt 0.875000 1.000000
vt 0.875000 0.500000
vt 0.750000 1.000000
vt 0.750000 0.500000
vt 0.625000 1.000000
vt 0.625000 0.500000
vt 0.500000 1.000000
vt 0.500000 0.500000
vt 0.375000 1.000000
vt 0.375000 0.500000
vt 0.250000 1.000000
vt 0.250000 0.500000
vt 0.419706 0.419706
vt 0.250000 0.490000
vt 0.080294 0.419706
vt 0.010000 0.250000
vt 0.080294 0.080294
vt 0.250000 0.010000
vt 0.419706 0.080294
vt 0.490000 0.250000
vt 0.125000 1.000000
vt 0.125000 0.500000
vt 0.000000 1.000000
vt 0.000000 0.500000
vt 0.750000 0.490000
vt 0.919706 0.419706
vt 0.990000 0.250000
vt 0.919706 0.080294
vt 0.750000 0.010000
vt 0.580294 0.080294
vt 0.510000 0.250000
vt 0.580294 0.419706
s 1
usemtl M_Black_Rubber
f 2585/5445/2583 2586/5446/2584 2588/5447/2586 2587/5448/2585
f 2587/5448/2585 2588/5447/2586 2590/5449/2588 2589/5450/2587
f 2589/5450/2587 2590/5449/2588 2592/5451/2590 2591/5452/2589
f 2591/5452/2589 2592/5451/2590 2594/5453/2592 2593/5454/2591
f 2593/5454/2591 2594/5453/2592 2596/5455/2594 2595/5456/2593
f 2595/5456/2593 2596/5455/2594 2598/5457/2596 2597/5458/2595
f 2588/5459/2586 2586/5460/2584 2600/5461/2598 2598/5462/2596 2596/5463/2594 2594/5464/2592 2592/5465/2590 2590/5466/2588
f 2597/5458/2595 2598/5457/2596 2600/5467/2598 2599/5468/2597
f 2599/5468/2597 2600/5467/2598 2586/5469/2584 2585/5470/2583
f 2585/5471/2583 2587/5472/2585 2589/5473/2587 2591/5474/2589 2593/5475/2591 2595/5476/2593 2597/5477/2595 2599/5478/2597
o Peg_Hole.159
v 0.325000 0.429000 0.000000
v 0.325000 0.429000 0.030000
v 0.327828 0.427828 0.000000
v 0.327828 0.427828 0.030000
v 0.329000 0.425000 0.000000
v 0.329000 0.425000 0.030000
v 0.327828 0.422172 0.000000
v 0.327828 0.422172 0.030000
v 0.325000 0.421000 0.000000
v 0.325000 0.421000 0.030000
v 0.322172 0.422172 0.000000
v 0.322172 0.422172 0.030000
v 0.321000 0.425000 0.000000
v 0.321000 0.425000 0.030000
v 0.322172 0.427828 0.000000
v 0.322172 0.427828 0.030000
vn -0.0000 0.7764 -0.6303
vn -0.0000 0.7764 0.6303
vn 0.5490 0.5490 -0.6303
vn 0.5490 0.5490 0.6303
vn 0.7764 -0.0000 -0.6303
vn 0.7764 -0.0000 0.6303
vn 0.5490 -0.5490 -0.6303
vn 0.5490 -0.5490 0.6303
vn -0.0000 -0.7764 -0.6303
vn -0.0000 -0.7764 0.6303
vn -0.5490 -0.5490 -0.6303
vn -0.5490 -0.5490 0.6303
vn -0.7764 -0.0000 -0.6303
vn -0.7764 -0.0000 0.6303
vn -0.5490 0.5490 -0.6303
vn -0.5490 0.5490 0.6303
vt 1.000000 0.500000
vt 1.000000 1.000000
vt 0.875000 1.000000
vt 0.875000 0.500000
vt 0.750000 1.000000
vt 0.750000 0.500000
vt 0.625000 1.000000
vt 0.625000 0.500000
vt 0.500000 1.000000
vt 0.500000 0.500000
vt 0.375000 1.000000
vt 0.375000 0.500000
vt 0.250000 1.000000
vt 0.250000 0.500000
vt 0.419706 0.419706
vt 0.250000 0.490000
vt 0.080294 0.419706
vt 0.010000 0.250000
vt 0.080294 0.080294
vt 0.250000 0.010000
vt 0.419706 0.080294
vt 0.490000 0.250000
vt 0.125000 1.000000
vt 0.125000 0.500000
vt 0.000000 1.000000
vt 0.000000 0.500000
vt 0.750000 0.490000
vt 0.919706 0.419706
vt 0.990000 0.250000
vt 0.919706 0.080294
vt 0.750000 0.010000
vt 0.580294 0.080294
vt 0.510000 0.250000
vt 0.580294 0.419706
s 1
usemtl M_Black_Rubber
f 2601/5479/2599 2602/5480/2600 2604/5481/2602 2603/5482/2601
f 2603/5482/2601 2604/5481/2602 2606/5483/2604 2605/5484/2603
f 2605/5484/2603 2606/5483/2604 2608/5485/2606 2607/5486/2605
f 2607/5486/2605 2608/5485/2606 2610/5487/2608 2609/5488/2607
f 2609/5488/2607 2610/5487/2608 2612/5489/2610 2611/5490/2609
f 2611/5490/2609 2612/5489/2610 2614/5491/2612 2613/5492/2611
f 2604/5493/2602 2602/5494/2600 2616/5495/2614 2614/5496/2612 2612/5497/2610 2610/5498/2608 2608/5499/2606 2606/5500/2604
f 2613/5492/2611 2614/5491/2612 2616/5501/2614 2615/5502/2613
f 2615/5502/2613 2616/5501/2614 2602/5503/2600 2601/5504/2599
f 2601/5505/2599 2603/5506/2601 2605/5507/2603 2607/5508/2605 2609/5509/2607 2611/5510/2609 2613/5511/2611 2615/5512/2613
o Peg_Hole.160
v 0.375000 0.429000 0.000000
v 0.375000 0.429000 0.030000
v 0.377828 0.427828 0.000000
v 0.377828 0.427828 0.030000
v 0.379000 0.425000 0.000000
v 0.379000 0.425000 0.030000
v 0.377828 0.422172 0.000000
v 0.377828 0.422172 0.030000
v 0.375000 0.421000 0.000000
v 0.375000 0.421000 0.030000
v 0.372172 0.422172 0.000000
v 0.372172 0.422172 0.030000
v 0.371000 0.425000 0.000000
v 0.371000 0.425000 0.030000
v 0.372172 0.427828 0.000000
v 0.372172 0.427828 0.030000
vn -0.0000 0.7764 -0.6303
vn -0.0000 0.7764 0.6303
vn 0.5490 0.5490 -0.6303
vn 0.5490 0.5490 0.6303
vn 0.7764 -0.0000 -0.6303
vn 0.7764 -0.0000 0.6303
vn 0.5490 -0.5490 -0.6303
vn 0.5490 -0.5490 0.6303
vn -0.0000 -0.7764 -0.6303
vn -0.0000 -0.7764 0.6303
vn -0.5490 -0.5490 -0.6303
vn -0.5490 -0.5490 0.6303
vn -0.7764 -0.0000 -0.6303
vn -0.7764 -0.0000 0.6303
vn -0.5490 0.5490 -0.6303
vn -0.5490 0.5490 0.6303
vt 1.000000 0.500000
vt 1.000000 1.000000
vt 0.875000 1.000000
vt 0.875000 0.500000
vt 0.750000 1.000000
vt 0.750000 0.500000
vt 0.625000 1.000000
vt 0.625000 0.500000
vt 0.500000 1.000000
vt 0.500000 0.500000
vt 0.375000 1.000000
vt 0.375000 0.500000
vt 0.250000 1.000000
vt 0.250000 0.500000
vt 0.419706 0.419706
vt 0.250000 0.490000
vt 0.080294 0.419706
vt 0.010000 0.250000
vt 0.080294 0.080294
vt 0.250000 0.010000
vt 0.419706 0.080294
vt 0.490000 0.250000
vt 0.125000 1.000000
vt 0.125000 0.500000
vt 0.000000 1.000000
vt 0.000000 0.500000
vt 0.750000 0.490000
vt 0.919706 0.419706
vt 0.990000 0.250000
vt 0.919706 0.080294
vt 0.750000 0.010000
vt 0.580294 0.080294
vt 0.510000 0.250000
vt 0.580294 0.419706
s 1
usemtl M_Black_Rubber
f 2617/5513/2615 2618/5514/2616 2620/5515/2618 2619/5516/2617
f 2619/5516/2617 2620/5515/2618 2622/5517/2620 2621/5518/2619
f 2621/5518/2619 2622/5517/2620 2624/5519/2622 2623/5520/2621
f 2623/5520/2621 2624/5519/2622 2626/5521/2624 2625/5522/2623
f 2625/5522/2623 2626/5521/2624 2628/5523/2626 2627/5524/2625
f 2627/5524/2625 2628/5523/2626 2630/5525/2628 2629/5526/2627
f 2620/5527/2618 2618/5528/2616 2632/5529/2630 2630/5530/2628 2628/5531/2626 2626/5532/2624 2624/5533/2622 2622/5534/2620
f 2629/5526/2627 2630/5525/2628 2632/5535/2630 2631/5536/2629
f 2631/5536/2629 2632/5535/2630 2618/5537/2616 2617/5538/2615
f 2617/5539/2615 2619/5540/2617 2621/5541/2619 2623/5542/2621 2625/5543/2623 2627/5544/2625 2629/5545/2627 2631/5546/2629
o Peg_Hole.161
v 0.425000 0.429000 0.000000
v 0.425000 0.429000 0.030000
v 0.427828 0.427828 0.000000
v 0.427828 0.427828 0.030000
v 0.429000 0.425000 0.000000
v 0.429000 0.425000 0.030000
v 0.427828 0.422172 0.000000
v 0.427828 0.422172 0.030000
v 0.425000 0.421000 0.000000
v 0.425000 0.421000 0.030000
v 0.422172 0.422172 0.000000
v 0.422172 0.422172 0.030000
v 0.421000 0.425000 0.000000
v 0.421000 0.425000 0.030000
v 0.422172 0.427828 0.000000
v 0.422172 0.427828 0.030000
vn -0.0000 0.7764 -0.6303
vn -0.0000 0.7764 0.6303
vn 0.5490 0.5490 -0.6303
vn 0.5490 0.5490 0.6303
vn 0.7764 -0.0000 -0.6303
vn 0.7764 -0.0000 0.6303
vn 0.5490 -0.5490 -0.6303
vn 0.5490 -0.5490 0.6303
vn -0.0000 -0.7764 -0.6303
vn -0.0000 -0.7764 0.6303
vn -0.5490 -0.5490 -0.6303
vn -0.5490 -0.5490 0.6303
vn -0.7764 -0.0000 -0.6303
vn -0.7764 -0.0000 0.6303
vn -0.5490 0.5490 -0.6303
vn -0.5490 0.5490 0.6303
vt 1.000000 0.500000
vt 1.000000 1.000000
vt 0.875000 1.000000
vt 0.875000 0.500000
vt 0.750000 1.000000
vt 0.750000 0.500000
vt 0.625000 1.000000
vt 0.625000 0.500000
vt 0.500000 1.000000
vt 0.500000 0.500000
vt 0.375000 1.000000
vt 0.375000 0.500000
vt 0.250000 1.000000
vt 0.250000 0.500000
vt 0.419706 0.419706
vt 0.250000 0.490000
vt 0.080294 0.419706
vt 0.010000 0.250000
vt 0.080294 0.080294
vt 0.250000 0.010000
vt 0.419706 0.080294
vt 0.490000 0.250000
vt 0.125000 1.000000
vt 0.125000 0.500000
vt 0.000000 1.000000
vt 0.000000 0.500000
vt 0.750000 0.490000
vt 0.919706 0.419706
vt 0.990000 0.250000
vt 0.919706 0.080294
vt 0.750000 0.010000
vt 0.580294 0.080294
vt 0.510000 0.250000
vt 0.580294 0.419706
s 1
usemtl M_Black_Rubber
f 2633/5547/2631 2634/5548/2632 2636/5549/2634 2635/5550/2633
f 2635/5550/2633 2636/5549/2634 2638/5551/2636 2637/5552/2635
f 2637/5552/2635 2638/5551/2636 2640/5553/2638 2639/5554/2637
f 2639/5554/2637 2640/5553/2638 2642/5555/2640 2641/5556/2639
f 2641/5556/2639 2642/5555/2640 2644/5557/2642 2643/5558/2641
f 2643/5558/2641 2644/5557/2642 2646/5559/2644 2645/5560/2643
f 2636/5561/2634 2634/5562/2632 2648/5563/2646 2646/5564/2644 2644/5565/2642 2642/5566/2640 2640/5567/2638 2638/5568/2636
f 2645/5560/2643 2646/5559/2644 2648/5569/2646 2647/5570/2645
f 2647/5570/2645 2648/5569/2646 2634/5571/2632 2633/5572/2631
f 2633/5573/2631 2635/5574/2633 2637/5575/2635 2639/5576/2637 2641/5577/2639 2643/5578/2641 2645/5579/2643 2647/5580/2645
