# Blender 4.5.11 LTS
# www.blender.org
mtllib Breadboard.mtl
o Breadboard_Base
v -0.800000 0.002500 0.335000
v -0.800000 0.027500 0.360000
v -0.825000 0.027500 0.335000
v -0.800000 0.009822 0.352678
v -0.814434 0.013066 0.349434
v -0.817678 0.027500 0.352678
v -0.817678 0.009822 0.335000
v -0.800000 0.052500 0.360000
v -0.800000 0.077500 0.335000
v -0.825000 0.052500 0.335000
v -0.800000 0.070178 0.352678
v -0.814434 0.066934 0.349434
v -0.817678 0.070178 0.335000
v -0.817678 0.052500 0.352678
v -0.800000 0.002500 -0.335000
v -0.825000 0.027500 -0.335000
v -0.800000 0.027500 -0.360000
v -0.817678 0.009822 -0.335000
v -0.814434 0.013066 -0.349434
v -0.817678 0.027500 -0.352678
v -0.800000 0.009822 -0.352678
v -0.800000 0.077500 -0.335000
v -0.800000 0.052500 -0.360000
v -0.825000 0.052500 -0.335000
v -0.800000 0.070178 -0.352678
v -0.814434 0.066934 -0.349434
v -0.817678 0.052500 -0.352678
v -0.817678 0.070178 -0.335000
v 0.800000 0.002500 0.335000
v 0.825000 0.027500 0.335000
v 0.800000 0.027500 0.360000
v 0.817678 0.009822 0.335000
v 0.814434 0.013066 0.349434
v 0.817678 0.027500 0.352678
v 0.800000 0.009822 0.352678
v 0.800000 0.077500 0.335000
v 0.800000 0.052500 0.360000
v 0.825000 0.052500 0.335000
v 0.800000 0.070178 0.352678
v 0.814434 0.066934 0.349434
v 0.817678 0.052500 0.352678
v 0.817678 0.070178 0.335000
v 0.800000 0.002500 -0.335000
v 0.800000 0.027500 -0.360000
v 0.825000 0.027500 -0.335000
v 0.800000 0.009822 -0.352678
v 0.814434 0.013066 -0.349434
v 0.817678 0.027500 -0.352678
v 0.817678 0.009822 -0.335000
v 0.800000 0.077500 -0.335000
v 0.825000 0.052500 -0.335000
v 0.800000 0.052500 -0.360000
v 0.817678 0.070178 -0.335000
v 0.814434 0.066934 -0.349434
v 0.817678 0.052500 -0.352678
v 0.800000 0.070178 -0.352678
vn -0.3251 -0.8881 0.3251
vn -0.3251 -0.3251 0.8881
vn -0.8881 -0.3251 0.3251
vn -0.3251 0.3251 0.8881
vn -0.3251 0.8881 0.3251
vn -0.8881 0.3251 0.3251
vn -0.3251 -0.8881 -0.3251
vn -0.8881 -0.3251 -0.3251
vn -0.3251 -0.3251 -0.8881
vn -0.3251 0.8881 -0.3251
vn -0.3251 0.3251 -0.8881
vn -0.8881 0.3251 -0.3251
vn 0.3251 -0.8881 0.3251
vn 0.8881 -0.3251 0.3251
vn 0.3251 -0.3251 0.8881
vn 0.3251 0.8881 0.3251
vn 0.3251 0.3251 0.8881
vn 0.8881 0.3251 0.3251
vn 0.3251 -0.8881 -0.3251
vn 0.3251 -0.3251 -0.8881
vn 0.8881 -0.3251 -0.3251
vn 0.3251 0.8881 -0.3251
vn 0.8881 0.3251 -0.3251
vn 0.3251 0.3251 -0.8881
vn -0.3827 -0.9239 -0.0000
vn -0.9239 -0.3827 -0.0000
vn -0.3827 -0.0000 0.9239
vn -0.9239 -0.0000 0.3827
vn -0.3827 0.9239 -0.0000
vn -0.9239 0.3827 -0.0000
vn -0.3827 -0.0000 -0.9239
vn -0.9239 -0.0000 -0.3827
vn -0.0000 -0.9239 -0.3827
vn -0.0000 -0.3827 -0.9239
vn -0.0000 0.9239 -0.3827
vn -0.0000 0.3827 -0.9239
vn 0.9239 -0.0000 -0.3827
vn 0.3827 -0.0000 -0.9239
vn 0.3827 -0.9239 -0.0000
vn 0.9239 -0.3827 -0.0000
vn 0.3827 0.9239 -0.0000
vn 0.9239 0.3827 -0.0000
vn 0.3827 -0.0000 0.9239
vn 0.9239 -0.0000 0.3827
vn -0.0000 -0.9239 0.3827
vn -0.0000 -0.3827 0.9239
vn -0.0000 0.9239 0.3827
vn -0.0000 0.3827 0.9239
vn -0.0000 -1.0000 -0.0000
vn -1.0000 -0.0000 -0.0000
vn -0.0000 -0.0000 1.0000
vn -0.0000 1.0000 -0.0000
vn -0.0000 -0.0000 -1.0000
vn 1.0000 -0.0000 -0.0000
vt 0.128788 0.741319
vt 0.128788 0.750000
vt 0.126601 0.750000
vt 0.125000 0.741319
vt 0.458333 0.996212
vt 0.458333 1.000000
vt 0.410221 1.000000
vt 0.375000 0.996212
vt 0.458333 0.008681
vt 0.375000 0.008681
vt 0.375000 0.003669
vt 0.458333 0.000000
vt 0.541667 0.996212
vt 0.625000 0.996212
vt 0.625000 0.998399
vt 0.541667 1.000000
vt 0.871212 0.741319
vt 0.875000 0.741319
vt 0.875000 0.746331
vt 0.871212 0.750000
vt 0.541667 0.008681
vt 0.541667 0.000000
vt 0.589779 0.000000
vt 0.625000 0.008681
vt 0.128788 0.508681
vt 0.125000 0.508681
vt 0.125000 0.503669
vt 0.128788 0.500000
vt 0.458333 0.241319
vt 0.458333 0.250000
vt 0.392610 0.250800
vt 0.375000 0.241319
vt 0.458333 0.253788
vt 0.375000 0.253788
vt 0.871212 0.508681
vt 0.871212 0.500000
vt 0.873399 0.500000
vt 0.875000 0.508681
vt 0.541667 0.253788
vt 0.541667 0.250000
vt 0.607390 0.248166
vt 0.625000 0.253788
vt 0.541667 0.241319
vt 0.625000 0.241320
vt 0.371212 0.741319
vt 0.375000 0.741319
vt 0.386740 0.749311
vt 0.373106 0.751894
vt 0.458333 0.741319
vt 0.458333 0.750000
vt 0.458333 0.753788
vt 0.628788 0.741319
vt 0.626894 0.751894
vt 0.613793 0.748777
vt 0.625000 0.741320
vt 0.541667 0.753788
vt 0.541667 0.750000
vt 0.541667 0.741319
vt 0.371212 0.508681
vt 0.373106 0.498106
vt 0.386207 0.501223
vt 0.375000 0.508680
vt 0.458333 0.496212
vt 0.458333 0.500000
vt 0.458333 0.508681
vt 0.628788 0.508681
vt 0.625000 0.508681
vt 0.613260 0.500689
vt 0.626894 0.498106
vt 0.541667 0.508681
vt 0.541667 0.500000
vt 0.541667 0.496212
s 0
usemtl M_Plastic_White
f 1/1/1 4/2/1 5/3/1 7/4/1
f 2/5/2 6/6/2 5/7/2 4/8/2
f 3/9/3 7/10/3 5/11/3 6/12/3
f 8/13/4 11/14/4 12/15/4 14/16/4
f 9/17/5 13/18/5 12/19/5 11/20/5
f 10/21/6 14/22/6 12/23/6 13/24/6
f 15/25/7 18/26/7 19/27/7 21/28/7
f 16/29/8 20/30/8 19/31/8 18/32/8
f 17/33/9 21/34/9 19/31/9 20/30/9
f 22/35/10 25/36/10 26/37/10 28/38/10
f 23/39/11 27/40/11 26/41/11 25/42/11
f 24/43/12 28/44/12 26/41/12 27/40/12
f 29/45/13 32/46/13 33/47/13 35/48/13
f 30/49/14 34/50/14 33/47/14 32/46/14
f 31/51/15 35/48/15 33/47/15 34/50/15
f 36/52/16 39/53/16 40/54/16 42/55/16
f 37/56/17 41/57/17 40/54/17 39/53/17
f 38/58/18 42/55/18 40/54/18 41/57/18
f 43/59/19 46/60/19 47/61/19 49/62/19
f 44/63/20 48/64/20 47/61/20 46/60/20
f 45/65/21 49/62/21 47/61/21 48/64/21
f 50/66/22 53/67/22 54/68/22 56/69/22
f 51/70/23 55/71/23 54/68/23 53/67/23
f 52/72/24 56/69/24 54/68/24 55/71/24
f 15/25/25 1/1/25 7/4/25 18/26/25
f 18/32/26 7/10/26 3/9/26 16/29/26
f 2/5/27 8/13/27 14/16/27 6/6/27
f 6/12/28 14/22/28 10/21/28 3/9/28
f 9/17/29 22/35/29 28/38/29 13/18/29
f 13/24/30 28/44/30 24/43/30 10/21/30
f 23/39/31 17/33/31 20/30/31 27/40/31
f 27/40/32 20/30/32 16/29/32 24/43/32
f 43/59/33 15/25/33 21/28/33 46/60/33
f 46/60/34 21/34/34 17/33/34 44/63/34
f 22/35/35 50/66/35 56/69/35 25/36/35
f 25/42/36 56/69/36 52/72/36 23/39/36
f 51/70/37 45/65/37 48/64/37 55/71/37
f 55/71/38 48/64/38 44/63/38 52/72/38
f 29/45/39 43/59/39 49/62/39 32/46/39
f 32/46/40 49/62/40 45/65/40 30/49/40
f 50/66/41 36/52/41 42/55/41 53/67/41
f 53/67/42 42/55/42 38/58/42 51/70/42
f 37/56/43 31/51/43 34/50/43 41/57/43
f 41/57/44 34/50/44 30/49/44 38/58/44
f 1/1/45 29/45/45 35/48/45 4/2/45
f 4/8/46 35/48/46 31/51/46 2/5/46
f 36/52/47 9/17/47 11/20/47 39/53/47
f 39/53/48 11/14/48 8/13/48 37/56/48
f 15/25/49 43/59/49 29/45/49 1/1/49
f 3/9/50 10/21/50 24/43/50 16/29/50
f 31/51/51 37/56/51 8/13/51 2/5/51
f 50/66/52 22/35/52 9/17/52 36/52/52
f 17/33/53 23/39/53 52/72/53 44/63/53
f 45/65/54 51/70/54 38/58/54 30/49/54
o Center_Channel
v -0.737000 0.076000 0.019500
v -0.737000 0.079000 0.022500
v -0.740000 0.079000 0.019500
v -0.737000 0.076879 0.021621
v -0.738732 0.077268 0.021232
v -0.739121 0.079000 0.021621
v -0.739121 0.076879 0.019500
v -0.737000 0.085000 0.022500
v -0.737000 0.088000 0.019500
v -0.740000 0.085000 0.019500
v -0.737000 0.087121 0.021621
v -0.738732 0.086732 0.021232
v -0.739121 0.087121 0.019500
v -0.739121 0.085000 0.021621
v -0.737000 0.076000 -0.019500
v -0.740000 0.079000 -0.019500
v -0.737000 0.079000 -0.022500
v -0.739121 0.076879 -0.019500
v -0.738732 0.077268 -0.021232
v -0.739121 0.079000 -0.021621
v -0.737000 0.076879 -0.021621
v -0.737000 0.088000 -0.019500
v -0.737000 0.085000 -0.022500
v -0.740000 0.085000 -0.019500
v -0.737000 0.087121 -0.021621
v -0.738732 0.086732 -0.021232
v -0.739121 0.085000 -0.021621
v -0.739121 0.087121 -0.019500
v 0.737000 0.076000 0.019500
v 0.740000 0.079000 0.019500
v 0.737000 0.079000 0.022500
v 0.739121 0.076879 0.019500
v 0.738732 0.077268 0.021232
v 0.739121 0.079000 0.021621
v 0.737000 0.076879 0.021621
v 0.737000 0.088000 0.019500
v 0.737000 0.085000 0.022500
v 0.740000 0.085000 0.019500
v 0.737000 0.087121 0.021621
v 0.738732 0.086732 0.021232
v 0.739121 0.085000 0.021621
v 0.739121 0.087121 0.019500
v 0.737000 0.076000 -0.019500
v 0.737000 0.079000 -0.022500
v 0.740000 0.079000 -0.019500
v 0.737000 0.076879 -0.021621
v 0.738732 0.077268 -0.021232
v 0.739121 0.079000 -0.021621
v 0.739121 0.076879 -0.019500
v 0.737000 0.088000 -0.019500
v 0.740000 0.085000 -0.019500
v 0.737000 0.085000 -0.022500
v 0.739121 0.087121 -0.019500
v 0.738732 0.086732 -0.021232
v 0.739121 0.085000 -0.021621
v 0.737000 0.087121 -0.021621
vn -0.3251 -0.8881 0.3250
vn -0.3251 -0.3251 0.8881
vn -0.8881 -0.3251 0.3251
vn -0.3251 0.3251 0.8881
vn -0.3251 0.8881 0.3250
vn -0.8881 0.3251 0.3251
vn -0.3251 -0.8881 -0.3250
vn -0.8881 -0.3251 -0.3251
vn -0.3251 -0.3251 -0.8881
vn -0.3251 0.8881 -0.3250
vn -0.3251 0.3251 -0.8881
vn -0.8881 0.3251 -0.3251
vn 0.3251 -0.8881 0.3250
vn 0.8881 -0.3251 0.3251
vn 0.3251 -0.3251 0.8881
vn 0.3251 0.8881 0.3250
vn 0.3251 0.3251 0.8881
vn 0.8881 0.3251 0.3251
vn 0.3251 -0.8881 -0.3250
vn 0.3251 -0.3251 -0.8881
vn 0.8881 -0.3251 -0.3251
vn 0.3251 0.8881 -0.3250
vn 0.8881 0.3251 -0.3251
vn 0.3251 0.3251 -0.8881
vn -0.3827 -0.9239 -0.0000
vn -0.9239 -0.3827 -0.0000
vn -0.3827 -0.0000 0.9239
vn -0.9239 -0.0000 0.3827
vn -0.3827 0.9239 -0.0000
vn -0.9239 0.3827 -0.0000
vn -0.3827 -0.0000 -0.9239
vn -0.9239 -0.0000 -0.3827
vn -0.0000 -0.9239 -0.3827
vn -0.0000 -0.3827 -0.9239
vn -0.0000 0.9239 -0.3827
vn -0.0000 0.3827 -0.9239
vn 0.9239 -0.0000 -0.3827
vn 0.3827 -0.0000 -0.9239
vn 0.3827 -0.9239 -0.0000
vn 0.9239 -0.3827 -0.0000
vn 0.3827 0.9239 -0.0000
vn 0.9239 0.3827 -0.0000
vn 0.3827 -0.0000 0.9239
vn 0.9239 -0.0000 0.3827
vn -0.0000 -0.9239 0.3827
vn -0.0000 -0.3827 0.9239
vn -0.0000 0.9239 0.3827
vn -0.0000 0.3827 0.9239
vn -0.0000 -1.0000 -0.0000
vn -1.0000 -0.0000 -0.0000
vn -0.0000 -0.0000 1.0000
vn -0.0000 1.0000 -0.0000
vn -0.0000 -0.0000 -1.0000
vn 1.0000 -0.0000 -0.0000
vt 0.125507 0.733333
vt 0.125507 0.750000
vt 0.125214 0.750000
vt 0.125000 0.733333
vt 0.437500 0.999493
vt 0.437500 1.000000
vt 0.401416 1.000000
vt 0.375000 0.999493
vt 0.437500 0.016667
vt 0.375000 0.016667
vt 0.375000 0.007044
vt 0.437500 0.000000
vt 0.562500 0.999493
vt 0.625000 0.999493
vt 0.625000 0.999786
vt 0.562500 1.000000
vt 0.874493 0.733333
vt 0.875000 0.733333
vt 0.875000 0.742956
vt 0.874493 0.750000
vt 0.562500 0.016667
vt 0.562500 0.000000
vt 0.598584 0.000000
vt 0.625000 0.016667
vt 0.125507 0.516667
vt 0.125000 0.516667
vt 0.125000 0.507044
vt 0.125507 0.500000
vt 0.437500 0.233333
vt 0.437500 0.250000
vt 0.388208 0.250107
vt 0.375000 0.233333
vt 0.437500 0.250507
vt 0.375000 0.250507
vt 0.874493 0.516667
vt 0.874493 0.500000
vt 0.874786 0.500000
vt 0.875000 0.516667
vt 0.562500 0.250507
vt 0.562500 0.250000
vt 0.611793 0.246478
vt 0.625000 0.250507
vt 0.562500 0.233333
vt 0.625000 0.233333
vt 0.374493 0.733333
vt 0.375000 0.733333
vt 0.383805 0.747723
vt 0.374747 0.750253
vt 0.437500 0.733333
vt 0.437500 0.750000
vt 0.437500 0.750507
vt 0.625507 0.733333
vt 0.625253 0.750253
vt 0.616266 0.747652
vt 0.625000 0.733333
vt 0.562500 0.750507
vt 0.562500 0.750000
vt 0.562500 0.733333
vt 0.374493 0.516667
vt 0.374747 0.499747
vt 0.383734 0.502348
vt 0.375000 0.516667
vt 0.437500 0.499493
vt 0.437500 0.500000
vt 0.437500 0.516667
vt 0.625507 0.516667
vt 0.625000 0.516667
vt 0.616195 0.502277
vt 0.625253 0.499747
vt 0.562500 0.516667
vt 0.562500 0.500000
vt 0.562500 0.499493
s 0
usemtl M_Graphite
f 57/73/55 60/74/55 61/75/55 63/76/55
f 58/77/56 62/78/56 61/79/56 60/80/56
f 59/81/57 63/82/57 61/83/57 62/84/57
f 64/85/58 67/86/58 68/87/58 70/88/58
f 65/89/59 69/90/59 68/91/59 67/92/59
f 66/93/60 70/94/60 68/95/60 69/96/60
f 71/97/61 74/98/61 75/99/61 77/100/61
f 72/101/62 76/102/62 75/103/62 74/104/62
f 73/105/63 77/106/63 75/103/63 76/102/63
f 78/107/64 81/108/64 82/109/64 84/110/64
f 79/111/65 83/112/65 82/113/65 81/114/65
f 80/115/66 84/116/66 82/113/66 83/112/66
f 85/117/67 88/118/67 89/119/67 91/120/67
f 86/121/68 90/122/68 89/119/68 88/118/68
f 87/123/69 91/120/69 89/119/69 90/122/69
f 92/124/70 95/125/70 96/126/70 98/127/70
f 93/128/71 97/129/71 96/126/71 95/125/71
f 94/130/72 98/127/72 96/126/72 97/129/72
f 99/131/73 102/132/73 103/133/73 105/134/73
f 100/135/74 104/136/74 103/133/74 102/132/74
f 101/137/75 105/134/75 103/133/75 104/136/75
f 106/138/76 109/139/76 110/140/76 112/141/76
f 107/142/77 111/143/77 110/140/77 109/139/77
f 108/144/78 112/141/78 110/140/78 111/143/78
f 71/97/79 57/73/79 63/76/79 74/98/79
f 74/104/80 63/82/80 59/81/80 72/101/80
f 58/77/81 64/85/81 70/88/81 62/78/81
f 62/84/82 70/94/82 66/93/82 59/81/82
f 65/89/83 78/107/83 84/110/83 69/90/83
f 69/96/84 84/116/84 80/115/84 66/93/84
f 79/111/85 73/105/85 76/102/85 83/112/85
f 83/112/86 76/102/86 72/101/86 80/115/86
f 99/131/87 71/97/87 77/100/87 102/132/87
f 102/132/88 77/106/88 73/105/88 100/135/88
f 78/107/89 106/138/89 112/141/89 81/108/89
f 81/114/90 112/141/90 108/144/90 79/111/90
f 107/142/91 101/137/91 104/136/91 111/143/91
f 111/143/92 104/136/92 100/135/92 108/144/92
f 85/117/93 99/131/93 105/134/93 88/118/93
f 88/118/94 105/134/94 101/137/94 86/121/94
f 106/138/95 92/124/95 98/127/95 109/139/95
f 109/139/96 98/127/96 94/130/96 107/142/96
f 93/128/97 87/123/97 90/122/97 97/129/97
f 97/129/98 90/122/98 86/121/98 94/130/98
f 57/73/99 85/117/99 91/120/99 60/74/99
f 60/80/100 91/120/100 87/123/100 58/77/100
f 92/124/101 65/89/101 67/92/101 95/125/101
f 95/125/102 67/86/102 64/85/102 93/128/102
f 71/97/103 99/131/103 85/117/103 57/73/103
f 59/81/104 66/93/104 80/115/104 72/101/104
f 87/123/105 93/128/105 64/85/105 58/77/105
f 106/138/106 78/107/106 65/89/106 92/124/106
f 73/105/107 79/111/107 108/144/107 100/135/107
f 101/137/108 107/142/108 94/130/108 86/121/108
o Power_Rail
v -0.740000 0.079000 -0.284000
v -0.740000 0.085000 -0.284000
v -0.740000 0.079000 -0.296000
v -0.740000 0.085000 -0.296000
v 0.740000 0.079000 -0.284000
v 0.740000 0.085000 -0.284000
v 0.740000 0.079000 -0.296000
v 0.740000 0.085000 -0.296000
vn -1.0000 -0.0000 -0.0000
vn -0.0000 -0.0000 -1.0000
vn 1.0000 -0.0000 -0.0000
vn -0.0000 -0.0000 1.0000
vn -0.0000 -1.0000 -0.0000
vn -0.0000 1.0000 -0.0000
vt 0.375000 0.000000
vt 0.625000 0.000000
vt 0.625000 0.250000
vt 0.375000 0.250000
vt 0.625000 0.500000
vt 0.375000 0.500000
vt 0.625000 0.750000
vt 0.375000 0.750000
vt 0.625000 1.000000
vt 0.375000 1.000000
vt 0.125000 0.500000
vt 0.125000 0.750000
vt 0.875000 0.500000
vt 0.875000 0.750000
s 0
usemtl M_Red
f 113/145/109 114/146/109 116/147/109 115/148/109
f 115/148/110 116/147/110 120/149/110 119/150/110
f 119/150/111 120/149/111 118/151/111 117/152/111
f 117/152/112 118/151/112 114/153/112 113/154/112
f 115/155/113 119/150/113 117/152/113 113/156/113
f 120/149/114 116/157/114 114/158/114 118/151/114
o Power_Rail.001
v -0.740000 0.079000 -0.244000
v -0.740000 0.085000 -0.244000
v -0.740000 0.079000 -0.256000
v -0.740000 0.085000 -0.256000
v 0.740000 0.079000 -0.244000
v 0.740000 0.085000 -0.244000
v 0.740000 0.079000 -0.256000
v 0.740000 0.085000 -0.256000
vn -1.0000 -0.0000 -0.0000
vn -0.0000 -0.0000 -1.0000
vn 1.0000 -0.0000 -0.0000
vn -0.0000 -0.0000 1.0000
vn -0.0000 -1.0000 -0.0000
vn -0.0000 1.0000 -0.0000
vt 0.375000 0.000000
vt 0.625000 0.000000
vt 0.625000 0.250000
vt 0.375000 0.250000
vt 0.625000 0.500000
vt 0.375000 0.500000
vt 0.625000 0.750000
vt 0.375000 0.750000
vt 0.625000 1.000000
vt 0.375000 1.000000
vt 0.125000 0.500000
vt 0.125000 0.750000
vt 0.875000 0.500000
vt 0.875000 0.750000
s 0
usemtl M_Blue
f 121/159/115 122/160/115 124/161/115 123/162/115
f 123/162/116 124/161/116 128/163/116 127/164/116
f 127/164/117 128/163/117 126/165/117 125/166/117
f 125/166/118 126/165/118 122/167/118 121/168/118
f 123/169/119 127/164/119 125/166/119 121/170/119
f 128/163/120 124/171/120 122/172/120 126/165/120
o Power_Rail.002
v -0.740000 0.079000 0.256000
v -0.740000 0.085000 0.256000
v -0.740000 0.079000 0.244000
v -0.740000 0.085000 0.244000
v 0.740000 0.079000 0.256000
v 0.740000 0.085000 0.256000
v 0.740000 0.079000 0.244000
v 0.740000 0.085000 0.244000
vn -1.0000 -0.0000 -0.0000
vn -0.0000 -0.0000 -1.0000
vn 1.0000 -0.0000 -0.0000
vn -0.0000 -0.0000 1.0000
vn -0.0000 -1.0000 -0.0000
vn -0.0000 1.0000 -0.0000
vt 0.375000 0.000000
vt 0.625000 0.000000
vt 0.625000 0.250000
vt 0.375000 0.250000
vt 0.625000 0.500000
vt 0.375000 0.500000
vt 0.625000 0.750000
vt 0.375000 0.750000
vt 0.625000 1.000000
vt 0.375000 1.000000
vt 0.125000 0.500000
vt 0.125000 0.750000
vt 0.875000 0.500000
vt 0.875000 0.750000
s 0
usemtl M_Red
f 129/173/121 130/174/121 132/175/121 131/176/121
f 131/176/122 132/175/122 136/177/122 135/178/122
f 135/178/123 136/177/123 134/179/123 133/180/123
f 133/180/124 134/179/124 130/181/124 129/182/124
f 131/183/125 135/178/125 133/180/125 129/184/125
f 136/177/126 132/185/126 130/186/126 134/179/126
o Power_Rail.003
v -0.740000 0.079000 0.296000
v -0.740000 0.085000 0.296000
v -0.740000 0.079000 0.284000
v -0.740000 0.085000 0.284000
v 0.740000 0.079000 0.296000
v 0.740000 0.085000 0.296000
v 0.740000 0.079000 0.284000
v 0.740000 0.085000 0.284000
vn -1.0000 -0.0000 -0.0000
vn -0.0000 -0.0000 -1.0000
vn 1.0000 -0.0000 -0.0000
vn -0.0000 -0.0000 1.0000
vn -0.0000 -1.0000 -0.0000
vn -0.0000 1.0000 -0.0000
vt 0.375000 0.000000
vt 0.625000 0.000000
vt 0.625000 0.250000
vt 0.375000 0.250000
vt 0.625000 0.500000
vt 0.375000 0.500000
vt 0.625000 0.750000
vt 0.375000 0.750000
vt 0.625000 1.000000
vt 0.375000 1.000000
vt 0.125000 0.500000
vt 0.125000 0.750000
vt 0.875000 0.500000
vt 0.875000 0.750000
s 0
usemtl M_Blue
f 137/187/127 138/188/127 140/189/127 139/190/127
f 139/190/128 140/189/128 144/191/128 143/192/128
f 143/192/129 144/191/129 142/193/129 141/194/129
f 141/194/130 142/193/130 138/195/130 137/196/130
f 139/197/131 143/192/131 141/194/131 137/198/131
f 144/191/132 140/199/132 138/200/132 142/193/132
o Socket
v -0.650000 0.080000 0.199000
v -0.650000 0.088000 0.199000
v -0.646473 0.080000 0.200146
v -0.646473 0.088000 0.200146
v -0.644294 0.080000 0.203146
v -0.644294 0.088000 0.203146
v -0.644294 0.080000 0.206854
v -0.644294 0.088000 0.206854
v -0.646473 0.080000 0.209854
v -0.646473 0.088000 0.209854
v -0.650000 0.080000 0.211000
v -0.650000 0.088000 0.211000
v -0.653527 0.080000 0.209854
v -0.653527 0.088000 0.209854
v -0.655706 0.080000 0.206854
v -0.655706 0.088000 0.206854
v -0.655706 0.080000 0.203146
v -0.655706 0.088000 0.203146
v -0.653527 0.080000 0.200146
v -0.653527 0.088000 0.200146
vn -0.0000 -0.6437 -0.7653
vn -0.0000 0.6437 -0.7653
vn 0.4498 -0.6437 -0.6191
vn 0.4498 0.6437 -0.6191
vn 0.7278 -0.6437 -0.2365
vn 0.7278 0.6437 -0.2365
vn 0.7278 -0.6437 0.2365
vn 0.7278 0.6437 0.2365
vn 0.4498 -0.6437 0.6191
vn 0.4498 0.6437 0.6191
vn -0.0000 -0.6437 0.7653
vn -0.0000 0.6437 0.7653
vn -0.4498 -0.6437 0.6191
vn -0.4498 0.6437 0.6191
vn -0.7278 -0.6437 0.2365
vn -0.7278 0.6437 0.2365
vn -0.7278 -0.6437 -0.2365
vn -0.7278 0.6437 -0.2365
vn -0.4498 -0.6437 -0.6191
vn -0.4498 0.6437 -0.6191
vt 1.000000 0.500000
vt 1.000000 1.000000
vt 0.900000 1.000000
vt 0.900000 0.500000
vt 0.800000 1.000000
vt 0.800000 0.500000
vt 0.700000 1.000000
vt 0.700000 0.500000
vt 0.600000 1.000000
vt 0.600000 0.500000
vt 0.500000 1.000000
vt 0.500000 0.500000
vt 0.400000 1.000000
vt 0.400000 0.500000
vt 0.300000 1.000000
vt 0.300000 0.500000
vt 0.200000 1.000000
vt 0.200000 0.500000
vt 0.391068 0.444164
vt 0.250000 0.490000
vt 0.108932 0.444164
vt 0.021746 0.324164
vt 0.021746 0.175836
vt 0.108932 0.055836
vt 0.250000 0.010000
vt 0.391068 0.055836
vt 0.478254 0.175836
vt 0.478254 0.324164
vt 0.100000 1.000000
vt 0.100000 0.500000
vt -0.000000 1.000000
vt -0.000000 0.500000
vt 0.750000 0.490000
vt 0.891068 0.444164
vt 0.978254 0.324164
vt 0.978254 0.175836
vt 0.891068 0.055836
vt 0.750000 0.010000
vt 0.608932 0.055836
vt 0.521746 0.175836
vt 0.521746 0.324164
vt 0.608932 0.444164
s 1
usemtl M_Graphite
f 145/201/133 146/202/134 148/203/136 147/204/135
f 147/204/135 148/203/136 150/205/138 149/206/137
f 149/206/137 150/205/138 152/207/140 151/208/139
f 151/208/139 152/207/140 154/209/142 153/210/141
f 153/210/141 154/209/142 156/211/144 155/212/143
f 155/212/143 156/211/144 158/213/146 157/214/145
f 157/214/145 158/213/146 160/215/148 159/216/147
f 159/216/147 160/215/148 162/217/150 161/218/149
f 148/219/136 146/220/134 164/221/152 162/222/150 160/223/148 158/224/146 156/225/144 154/226/142 152/227/140 150/228/138
f 161/218/149 162/217/150 164/229/152 163/230/151
f 163/230/151 164/229/152 146/231/134 145/232/133
f 145/233/133 147/234/135 149/235/137 151/236/139 153/237/141 155/238/143 157/239/145 159/240/147 161/241/149 163/242/151
o Socket.001
v -0.605000 0.080000 0.199000
v -0.605000 0.088000 0.199000
v -0.601473 0.080000 0.200146
v -0.601473 0.088000 0.200146
v -0.599294 0.080000 0.203146
v -0.599294 0.088000 0.203146
v -0.599294 0.080000 0.206854
v -0.599294 0.088000 0.206854
v -0.601473 0.080000 0.209854
v -0.601473 0.088000 0.209854
v -0.605000 0.080000 0.211000
v -0.605000 0.088000 0.211000
v -0.608527 0.080000 0.209854
v -0.608527 0.088000 0.209854
v -0.610706 0.080000 0.206854
v -0.610706 0.088000 0.206854
v -0.610706 0.080000 0.203146
v -0.610706 0.088000 0.203146
v -0.608527 0.080000 0.200146
v -0.608527 0.088000 0.200146
vn -0.0000 -0.6437 -0.7653
vn -0.0000 0.6437 -0.7653
vn 0.4498 -0.6437 -0.6191
vn 0.4498 0.6437 -0.6191
vn 0.7278 -0.6437 -0.2365
vn 0.7278 0.6437 -0.2365
vn 0.7278 -0.6437 0.2365
vn 0.7278 0.6437 0.2365
vn 0.4498 -0.6437 0.6191
vn 0.4498 0.6437 0.6191
vn -0.0000 -0.6437 0.7653
vn -0.0000 0.6437 0.7653
vn -0.4498 -0.6437 0.6191
vn -0.4498 0.6437 0.6191
vn -0.7278 -0.6437 0.2365
vn -0.7278 0.6437 0.2365
vn -0.7278 -0.6437 -0.2365
vn -0.7278 0.6437 -0.2365
vn -0.4498 -0.6437 -0.6191
vn -0.4498 0.6437 -0.6191
vt 1.000000 0.500000
vt 1.000000 1.000000
vt 0.900000 1.000000
vt 0.900000 0.500000
vt 0.800000 1.000000
vt 0.800000 0.500000
vt 0.700000 1.000000
vt 0.700000 0.500000
vt 0.600000 1.000000
vt 0.600000 0.500000
vt 0.500000 1.000000
vt 0.500000 0.500000
vt 0.400000 1.000000
vt 0.400000 0.500000
vt 0.300000 1.000000
vt 0.300000 0.500000
vt 0.200000 1.000000
vt 0.200000 0.500000
vt 0.391068 0.444164
vt 0.250000 0.490000
vt 0.108932 0.444164
vt 0.021746 0.324164
vt 0.021746 0.175836
vt 0.108932 0.055836
vt 0.250000 0.010000
vt 0.391068 0.055836
vt 0.478254 0.175836
vt 0.478254 0.324164
vt 0.100000 1.000000
vt 0.100000 0.500000
vt -0.000000 1.000000
vt -0.000000 0.500000
vt 0.750000 0.490000
vt 0.891068 0.444164
vt 0.978254 0.324164
vt 0.978254 0.175836
vt 0.891068 0.055836
vt 0.750000 0.010000
vt 0.608932 0.055836
vt 0.521746 0.175836
vt 0.521746 0.324164
vt 0.608932 0.444164
s 1
usemtl M_Graphite
f 165/243/153 166/244/154 168/245/156 167/246/155
f 167/246/155 168/245/156 170/247/158 169/248/157
f 169/248/157 170/247/158 172/249/160 171/250/159
f 171/250/159 172/249/160 174/251/162 173/252/161
f 173/252/161 174/251/162 176/253/164 175/254/163
f 175/254/163 176/253/164 178/255/166 177/256/165
f 177/256/165 178/255/166 180/257/168 179/258/167
f 179/258/167 180/257/168 182/259/170 181/260/169
f 168/261/156 166/262/154 184/263/172 182/264/170 180/265/168 178/266/166 176/267/164 174/268/162 172/269/160 170/270/158
f 181/260/169 182/259/170 184/271/172 183/272/171
f 183/272/171 184/271/172 166/273/154 165/274/153
f 165/275/153 167/276/155 169/277/157 171/278/159 173/279/161 175/280/163 177/281/165 179/282/167 181/283/169 183/284/171
o Socket.002
v -0.560000 0.080000 0.199000
v -0.560000 0.088000 0.199000
v -0.556473 0.080000 0.200146
v -0.556473 0.088000 0.200146
v -0.554294 0.080000 0.203146
v -0.554294 0.088000 0.203146
v -0.554294 0.080000 0.206854
v -0.554294 0.088000 0.206854
v -0.556473 0.080000 0.209854
v -0.556473 0.088000 0.209854
v -0.560000 0.080000 0.211000
v -0.560000 0.088000 0.211000
v -0.563527 0.080000 0.209854
v -0.563527 0.088000 0.209854
v -0.565706 0.080000 0.206854
v -0.565706 0.088000 0.206854
v -0.565706 0.080000 0.203146
v -0.565706 0.088000 0.203146
v -0.563527 0.080000 0.200146
v -0.563527 0.088000 0.200146
vn -0.0000 -0.6437 -0.7653
vn -0.0000 0.6437 -0.7653
vn 0.4498 -0.6437 -0.6191
vn 0.4498 0.6437 -0.6191
vn 0.7278 -0.6437 -0.2365
vn 0.7278 0.6437 -0.2365
vn 0.7278 -0.6437 0.2365
vn 0.7278 0.6437 0.2365
vn 0.4498 -0.6437 0.6191
vn 0.4498 0.6437 0.6191
vn -0.0000 -0.6437 0.7653
vn -0.0000 0.6437 0.7653
vn -0.4498 -0.6437 0.6191
vn -0.4498 0.6437 0.6191
vn -0.7278 -0.6437 0.2365
vn -0.7278 0.6437 0.2365
vn -0.7278 -0.6437 -0.2365
vn -0.7278 0.6437 -0.2365
vn -0.4498 -0.6437 -0.6191
vn -0.4498 0.6437 -0.6191
vt 1.000000 0.500000
vt 1.000000 1.000000
vt 0.900000 1.000000
vt 0.900000 0.500000
vt 0.800000 1.000000
vt 0.800000 0.500000
vt 0.700000 1.000000
vt 0.700000 0.500000
vt 0.600000 1.000000
vt 0.600000 0.500000
vt 0.500000 1.000000
vt 0.500000 0.500000
vt 0.400000 1.000000
vt 0.400000 0.500000
vt 0.300000 1.000000
vt 0.300000 0.500000
vt 0.200000 1.000000
vt 0.200000 0.500000
vt 0.391068 0.444164
vt 0.250000 0.490000
vt 0.108932 0.444164
vt 0.021746 0.324164
vt 0.021746 0.175836
vt 0.108932 0.055836
vt 0.250000 0.010000
vt 0.391068 0.055836
vt 0.478254 0.175836
vt 0.478254 0.324164
vt 0.100000 1.000000
vt 0.100000 0.500000
vt -0.000000 1.000000
vt -0.000000 0.500000
vt 0.750000 0.490000
vt 0.891068 0.444164
vt 0.978254 0.324164
vt 0.978254 0.175836
vt 0.891068 0.055836
vt 0.750000 0.010000
vt 0.608932 0.055836
vt 0.521746 0.175836
vt 0.521746 0.324164
vt 0.608932 0.444164
s 1
usemtl M_Graphite
f 185/285/173 186/286/174 188/287/176 187/288/175
f 187/288/175 188/287/176 190/289/178 189/290/177
f 189/290/177 190/289/178 192/291/180 191/292/179
f 191/292/179 192/291/180 194/293/182 193/294/181
f 193/294/181 194/293/182 196/295/184 195/296/183
f 195/296/183 196/295/184 198/297/186 197/298/185
f 197/298/185 198/297/186 200/299/188 199/300/187
f 199/300/187 200/299/188 202/301/190 201/302/189
f 188/303/176 186/304/174 204/305/192 202/306/190 200/307/188 198/308/186 196/309/184 194/310/182 192/311/180 190/312/178
f 201/302/189 202/301/190 204/313/192 203/314/191
f 203/314/191 204/313/192 186/315/174 185/316/173
f 185/317/173 187/318/175 189/319/177 191/320/179 193/321/181 195/322/183 197/323/185 199/324/187 201/325/189 203/326/191
o Socket.003
v -0.515000 0.080000 0.199000
v -0.515000 0.088000 0.199000
v -0.511473 0.080000 0.200146
v -0.511473 0.088000 0.200146
v -0.509294 0.080000 0.203146
v -0.509294 0.088000 0.203146
v -0.509294 0.080000 0.206854
v -0.509294 0.088000 0.206854
v -0.511473 0.080000 0.209854
v -0.511473 0.088000 0.209854
v -0.515000 0.080000 0.211000
v -0.515000 0.088000 0.211000
v -0.518527 0.080000 0.209854
v -0.518527 0.088000 0.209854
v -0.520706 0.080000 0.206854
v -0.520706 0.088000 0.206854
v -0.520706 0.080000 0.203146
v -0.520706 0.088000 0.203146
v -0.518527 0.080000 0.200146
v -0.518527 0.088000 0.200146
vn -0.0000 -0.6437 -0.7653
vn -0.0000 0.6437 -0.7653
vn 0.4498 -0.6437 -0.6191
vn 0.4498 0.6437 -0.6191
vn 0.7278 -0.6437 -0.2365
vn 0.7278 0.6437 -0.2365
vn 0.7278 -0.6437 0.2365
vn 0.7278 0.6437 0.2365
vn 0.4498 -0.6437 0.6191
vn 0.4498 0.6437 0.6191
vn -0.0000 -0.6437 0.7653
vn -0.0000 0.6437 0.7653
vn -0.4498 -0.6437 0.6191
vn -0.4498 0.6437 0.6191
vn -0.7278 -0.6437 0.2365
vn -0.7278 0.6437 0.2365
vn -0.7278 -0.6437 -0.2365
vn -0.7278 0.6437 -0.2365
vn -0.4498 -0.6437 -0.6191
vn -0.4498 0.6437 -0.6191
vt 1.000000 0.500000
vt 1.000000 1.000000
vt 0.900000 1.000000
vt 0.900000 0.500000
vt 0.800000 1.000000
vt 0.800000 0.500000
vt 0.700000 1.000000
vt 0.700000 0.500000
vt 0.600000 1.000000
vt 0.600000 0.500000
vt 0.500000 1.000000
vt 0.500000 0.500000
vt 0.400000 1.000000
vt 0.400000 0.500000
vt 0.300000 1.000000
vt 0.300000 0.500000
vt 0.200000 1.000000
vt 0.200000 0.500000
vt 0.391068 0.444164
vt 0.250000 0.490000
vt 0.108932 0.444164
vt 0.021746 0.324164
vt 0.021746 0.175836
vt 0.108932 0.055836
vt 0.250000 0.010000
vt 0.391068 0.055836
vt 0.478254 0.175836
vt 0.478254 0.324164
vt 0.100000 1.000000
vt 0.100000 0.500000
vt -0.000000 1.000000
vt -0.000000 0.500000
vt 0.750000 0.490000
vt 0.891068 0.444164
vt 0.978254 0.324164
vt 0.978254 0.175836
vt 0.891068 0.055836
vt 0.750000 0.010000
vt 0.608932 0.055836
vt 0.521746 0.175836
vt 0.521746 0.324164
vt 0.608932 0.444164
s 1
usemtl M_Graphite
f 205/327/193 206/328/194 208/329/196 207/330/195
f 207/330/195 208/329/196 210/331/198 209/332/197
f 209/332/197 210/331/198 212/333/200 211/334/199
f 211/334/199 212/333/200 214/335/202 213/336/201
f 213/336/201 214/335/202 216/337/204 215/338/203
f 215/338/203 216/337/204 218/339/206 217/340/205
f 217/340/205 218/339/206 220/341/208 219/342/207
f 219/342/207 220/341/208 222/343/210 221/344/209
f 208/345/196 206/346/194 224/347/212 222/348/210 220/349/208 218/350/206 216/351/204 214/352/202 212/353/200 210/354/198
f 221/344/209 222/343/210 224/355/212 223/356/211
f 223/356/211 224/355/212 206/357/194 205/358/193
f 205/359/193 207/360/195 209/361/197 211/362/199 213/363/201 215/364/203 217/365/205 219/366/207 221/367/209 223/368/211
o Socket.004
v -0.470000 0.080000 0.199000
v -0.470000 0.088000 0.199000
v -0.466473 0.080000 0.200146
v -0.466473 0.088000 0.200146
v -0.464294 0.080000 0.203146
v -0.464294 0.088000 0.203146
v -0.464294 0.080000 0.206854
v -0.464294 0.088000 0.206854
v -0.466473 0.080000 0.209854
v -0.466473 0.088000 0.209854
v -0.470000 0.080000 0.211000
v -0.470000 0.088000 0.211000
v -0.473527 0.080000 0.209854
v -0.473527 0.088000 0.209854
v -0.475706 0.080000 0.206854
v -0.475706 0.088000 0.206854
v -0.475706 0.080000 0.203146
v -0.475706 0.088000 0.203146
v -0.473527 0.080000 0.200146
v -0.473527 0.088000 0.200146
vn -0.0000 -0.6437 -0.7653
vn -0.0000 0.6437 -0.7653
vn 0.4498 -0.6437 -0.6191
vn 0.4498 0.6437 -0.6191
vn 0.7278 -0.6437 -0.2365
vn 0.7278 0.6437 -0.2365
vn 0.7278 -0.6437 0.2365
vn 0.7278 0.6437 0.2365
vn 0.4498 -0.6437 0.6191
vn 0.4498 0.6437 0.6191
vn -0.0000 -0.6437 0.7653
vn -0.0000 0.6437 0.7653
vn -0.4498 -0.6437 0.6191
vn -0.4498 0.6437 0.6191
vn -0.7278 -0.6437 0.2365
vn -0.7278 0.6437 0.2365
vn -0.7278 -0.6437 -0.2365
vn -0.7278 0.6437 -0.2365
vn -0.4498 -0.6437 -0.6191
vn -0.4498 0.6437 -0.6191
vt 1.000000 0.500000
vt 1.000000 1.000000
vt 0.900000 1.000000
vt 0.900000 0.500000
vt 0.800000 1.000000
vt 0.800000 0.500000
vt 0.700000 1.000000
vt 0.700000 0.500000
vt 0.600000 1.000000
vt 0.600000 0.500000
vt 0.500000 1.000000
vt 0.500000 0.500000
vt 0.400000 1.000000
vt 0.400000 0.500000
vt 0.300000 1.000000
vt 0.300000 0.500000
vt 0.200000 1.000000
vt 0.200000 0.500000
vt 0.391068 0.444164
vt 0.250000 0.490000
vt 0.108932 0.444164
vt 0.021746 0.324164
vt 0.021746 0.175836
vt 0.108932 0.055836
vt 0.250000 0.010000
vt 0.391068 0.055836
vt 0.478254 0.175836
vt 0.478254 0.324164
vt 0.100000 1.000000
vt 0.100000 0.500000
vt -0.000000 1.000000
vt -0.000000 0.500000
vt 0.750000 0.490000
vt 0.891068 0.444164
vt 0.978254 0.324164
vt 0.978254 0.175836
vt 0.891068 0.055836
vt 0.750000 0.010000
vt 0.608932 0.055836
vt 0.521746 0.175836
vt 0.521746 0.324164
vt 0.608932 0.444164
s 1
usemtl M_Graphite
f 225/369/213 226/370/214 228/371/216 227/372/215
f 227/372/215 228/371/216 230/373/218 229/374/217
f 229/374/217 230/373/218 232/375/220 231/376/219
f 231/376/219 232/375/220 234/377/222 233/378/221
f 233/378/221 234/377/222 236/379/224 235/380/223
f 235/380/223 236/379/224 238/381/226 237/382/225
f 237/382/225 238/381/226 240/383/228 239/384/227
f 239/384/227 240/383/228 242/385/230 241/386/229
f 228/387/216 226/388/214 244/389/232 242/390/230 240/391/228 238/392/226 236/393/224 234/394/222 232/395/220 230/396/218
f 241/386/229 242/385/230 244/397/232 243/398/231
f 243/398/231 244/397/232 226/399/214 225/400/213
f 225/401/213 227/402/215 229/403/217 231/404/219 233/405/221 235/406/223 237/407/225 239/408/227 241/409/229 243/410/231
o Socket.005
v -0.425000 0.080000 0.199000
v -0.425000 0.088000 0.199000
v -0.421473 0.080000 0.200146
v -0.421473 0.088000 0.200146
v -0.419294 0.080000 0.203146
v -0.419294 0.088000 0.203146
v -0.419294 0.080000 0.206854
v -0.419294 0.088000 0.206854
v -0.421473 0.080000 0.209854
v -0.421473 0.088000 0.209854
v -0.425000 0.080000 0.211000
v -0.425000 0.088000 0.211000
v -0.428527 0.080000 0.209854
v -0.428527 0.088000 0.209854
v -0.430706 0.080000 0.206854
v -0.430706 0.088000 0.206854
v -0.430706 0.080000 0.203146
v -0.430706 0.088000 0.203146
v -0.428527 0.080000 0.200146
v -0.428527 0.088000 0.200146
vn -0.0000 -0.6437 -0.7653
vn -0.0000 0.6437 -0.7653
vn 0.4498 -0.6437 -0.6191
vn 0.4498 0.6437 -0.6191
vn 0.7278 -0.6437 -0.2365
vn 0.7278 0.6437 -0.2365
vn 0.7278 -0.6437 0.2365
vn 0.7278 0.6437 0.2365
vn 0.4498 -0.6437 0.6191
vn 0.4498 0.6437 0.6191
vn -0.0000 -0.6437 0.7653
vn -0.0000 0.6437 0.7653
vn -0.4498 -0.6437 0.6191
vn -0.4498 0.6437 0.6191
vn -0.7278 -0.6437 0.2365
vn -0.7278 0.6437 0.2365
vn -0.7278 -0.6437 -0.2365
vn -0.7278 0.6437 -0.2365
vn -0.4498 -0.6437 -0.6191
vn -0.4498 0.6437 -0.6191
vt 1.000000 0.500000
vt 1.000000 1.000000
vt 0.900000 1.000000
vt 0.900000 0.500000
vt 0.800000 1.000000
vt 0.800000 0.500000
vt 0.700000 1.000000
vt 0.700000 0.500000
vt 0.600000 1.000000
vt 0.600000 0.500000
vt 0.500000 1.000000
vt 0.500000 0.500000
vt 0.400000 1.000000
vt 0.400000 0.500000
vt 0.300000 1.000000
vt 0.300000 0.500000
vt 0.200000 1.000000
vt 0.200000 0.500000
vt 0.391068 0.444164
vt 0.250000 0.490000
vt 0.108932 0.444164
vt 0.021746 0.324164
vt 0.021746 0.175836
vt 0.108932 0.055836
vt 0.250000 0.010000
vt 0.391068 0.055836
vt 0.478254 0.175836
vt 0.478254 0.324164
vt 0.100000 1.000000
vt 0.100000 0.500000
vt -0.000000 1.000000
vt -0.000000 0.500000
vt 0.750000 0.490000
vt 0.891068 0.444164
vt 0.978254 0.324164
vt 0.978254 0.175836
vt 0.891068 0.055836
vt 0.750000 0.010000
vt 0.608932 0.055836
vt 0.521746 0.175836
vt 0.521746 0.324164
vt 0.608932 0.444164
s 1
usemtl M_Graphite
f 245/411/233 246/412/234 248/413/236 247/414/235
f 247/414/235 248/413/236 250/415/238 249/416/237
f 249/416/237 250/415/238 252/417/240 251/418/239
f 251/418/239 252/417/240 254/419/242 253/420/241
f 253/420/241 254/419/242 256/421/244 255/422/243
f 255/422/243 256/421/244 258/423/246 257/424/245
f 257/424/245 258/423/246 260/425/248 259/426/247
f 259/426/247 260/425/248 262/427/250 261/428/249
f 248/429/236 246/430/234 264/431/252 262/432/250 260/433/248 258/434/246 256/435/244 254/436/242 252/437/240 250/438/238
f 261/428/249 262/427/250 264/439/252 263/440/251
f 263/440/251 264/439/252 246/441/234 245/442/233
f 245/443/233 247/444/235 249/445/237 251/446/239 253/447/241 255/448/243 257/449/245 259/450/247 261/451/249 263/452/251
o Socket.006
v -0.380000 0.080000 0.199000
v -0.380000 0.088000 0.199000
v -0.376473 0.080000 0.200146
v -0.376473 0.088000 0.200146
v -0.374294 0.080000 0.203146
v -0.374294 0.088000 0.203146
v -0.374294 0.080000 0.206854
v -0.374294 0.088000 0.206854
v -0.376473 0.080000 0.209854
v -0.376473 0.088000 0.209854
v -0.380000 0.080000 0.211000
v -0.380000 0.088000 0.211000
v -0.383527 0.080000 0.209854
v -0.383527 0.088000 0.209854
v -0.385706 0.080000 0.206854
v -0.385706 0.088000 0.206854
v -0.385706 0.080000 0.203146
v -0.385706 0.088000 0.203146
v -0.383527 0.080000 0.200146
v -0.383527 0.088000 0.200146
vn -0.0000 -0.6437 -0.7653
vn -0.0000 0.6437 -0.7653
vn 0.4498 -0.6437 -0.6191
vn 0.4498 0.6437 -0.6191
vn 0.7278 -0.6437 -0.2365
vn 0.7278 0.6437 -0.2365
vn 0.7278 -0.6437 0.2365
vn 0.7278 0.6437 0.2365
vn 0.4498 -0.6437 0.6191
vn 0.4498 0.6437 0.6191
vn -0.0000 -0.6437 0.7653
vn -0.0000 0.6437 0.7653
vn -0.4498 -0.6437 0.6191
vn -0.4498 0.6437 0.6191
vn -0.7278 -0.6437 0.2365
vn -0.7278 0.6437 0.2365
vn -0.7278 -0.6437 -0.2365
vn -0.7278 0.6437 -0.2365
vn -0.4498 -0.6437 -0.6191
vn -0.4498 0.6437 -0.6191
vt 1.000000 0.500000
vt 1.000000 1.000000
vt 0.900000 1.000000
vt 0.900000 0.500000
vt 0.800000 1.000000
vt 0.800000 0.500000
vt 0.700000 1.000000
vt 0.700000 0.500000
vt 0.600000 1.000000
vt 0.600000 0.500000
vt 0.500000 1.000000
vt 0.500000 0.500000
vt 0.400000 1.000000
vt 0.400000 0.500000
vt 0.300000 1.000000
vt 0.300000 0.500000
vt 0.200000 1.000000
vt 0.200000 0.500000
vt 0.391068 0.444164
vt 0.250000 0.490000
vt 0.108932 0.444164
vt 0.021746 0.324164
vt 0.021746 0.175836
vt 0.108932 0.055836
vt 0.250000 0.010000
vt 0.391068 0.055836
vt 0.478254 0.175836
vt 0.478254 0.324164
vt 0.100000 1.000000
vt 0.100000 0.500000
vt -0.000000 1.000000
vt -0.000000 0.500000
vt 0.750000 0.490000
vt 0.891068 0.444164
vt 0.978254 0.324164
vt 0.978254 0.175836
vt 0.891068 0.055836
vt 0.750000 0.010000
vt 0.608932 0.055836
vt 0.521746 0.175836
vt 0.521746 0.324164
vt 0.608932 0.444164
s 1
usemtl M_Graphite
f 265/453/253 266/454/254 268/455/256 267/456/255
f 267/456/255 268/455/256 270/457/258 269/458/257
f 269/458/257 270/457/258 272/459/260 271/460/259
f 271/460/259 272/459/260 274/461/262 273/462/261
f 273/462/261 274/461/262 276/463/264 275/464/263
f 275/464/263 276/463/264 278/465/266 277/466/265
f 277/466/265 278/465/266 280/467/268 279/468/267
f 279/468/267 280/467/268 282/469/270 281/470/269
f 268/471/256 266/472/254 284/473/272 282/474/270 280/475/268 278/476/266 276/477/264 274/478/262 272/479/260 270/480/258
f 281/470/269 282/469/270 284/481/272 283/482/271
f 283/482/271 284/481/272 266/483/254 265/484/253
f 265/485/253 267/486/255 269/487/257 271/488/259 273/489/261 275/490/263 277/491/265 279/492/267 281/493/269 283/494/271
o Socket.007
v -0.335000 0.080000 0.199000
v -0.335000 0.088000 0.199000
v -0.331473 0.080000 0.200146
v -0.331473 0.088000 0.200146
v -0.329294 0.080000 0.203146
v -0.329294 0.088000 0.203146
v -0.329294 0.080000 0.206854
v -0.329294 0.088000 0.206854
v -0.331473 0.080000 0.209854
v -0.331473 0.088000 0.209854
v -0.335000 0.080000 0.211000
v -0.335000 0.088000 0.211000
v -0.338527 0.080000 0.209854
v -0.338527 0.088000 0.209854
v -0.340706 0.080000 0.206854
v -0.340706 0.088000 0.206854
v -0.340706 0.080000 0.203146
v -0.340706 0.088000 0.203146
v -0.338527 0.080000 0.200146
v -0.338527 0.088000 0.200146
vn -0.0000 -0.6437 -0.7653
vn -0.0000 0.6437 -0.7653
vn 0.4498 -0.6437 -0.6191
vn 0.4498 0.6437 -0.6191
vn 0.7278 -0.6437 -0.2365
vn 0.7278 0.6437 -0.2365
vn 0.7278 -0.6437 0.2365
vn 0.7278 0.6437 0.2365
vn 0.4498 -0.6437 0.6191
vn 0.4498 0.6437 0.6191
vn -0.0000 -0.6437 0.7653
vn -0.0000 0.6437 0.7653
vn -0.4498 -0.6437 0.6191
vn -0.4498 0.6437 0.6191
vn -0.7278 -0.6437 0.2365
vn -0.7278 0.6437 0.2365
vn -0.7278 -0.6437 -0.2365
vn -0.7278 0.6437 -0.2365
vn -0.4498 -0.6437 -0.6191
vn -0.4498 0.6437 -0.6191
vt 1.000000 0.500000
vt 1.000000 1.000000
vt 0.900000 1.000000
vt 0.900000 0.500000
vt 0.800000 1.000000
vt 0.800000 0.500000
vt 0.700000 1.000000
vt 0.700000 0.500000
vt 0.600000 1.000000
vt 0.600000 0.500000
vt 0.500000 1.000000
vt 0.500000 0.500000
vt 0.400000 1.000000
vt 0.400000 0.500000
vt 0.300000 1.000000
vt 0.300000 0.500000
vt 0.200000 1.000000
vt 0.200000 0.500000
vt 0.391068 0.444164
vt 0.250000 0.490000
vt 0.108932 0.444164
vt 0.021746 0.324164
vt 0.021746 0.175836
vt 0.108932 0.055836
vt 0.250000 0.010000
vt 0.391068 0.055836
vt 0.478254 0.175836
vt 0.478254 0.324164
vt 0.100000 1.000000
vt 0.100000 0.500000
vt -0.000000 1.000000
vt -0.000000 0.500000
vt 0.750000 0.490000
vt 0.891068 0.444164
vt 0.978254 0.324164
vt 0.978254 0.175836
vt 0.891068 0.055836
vt 0.750000 0.010000
vt 0.608932 0.055836
vt 0.521746 0.175836
vt 0.521746 0.324164
vt 0.608932 0.444164
s 1
usemtl M_Graphite
f 285/495/273 286/496/274 288/497/276 287/498/275
f 287/498/275 288/497/276 290/499/278 289/500/277
f 289/500/277 290/499/278 292/501/280 291/502/279
f 291/502/279 292/501/280 294/503/282 293/504/281
f 293/504/281 294/503/282 296/505/284 295/506/283
f 295/506/283 296/505/284 298/507/286 297/508/285
f 297/508/285 298/507/286 300/509/288 299/510/287
f 299/510/287 300/509/288 302/511/290 301/512/289
f 288/513/276 286/514/274 304/515/292 302/516/290 300/517/288 298/518/286 296/519/284 294/520/282 292/521/280 290/522/278
f 301/512/289 302/511/290 304/523/292 303/524/291
f 303/524/291 304/523/292 286/525/274 285/526/273
f 285/527/273 287/528/275 289/529/277 291/530/279 293/531/281 295/532/283 297/533/285 299/534/287 301/535/289 303/536/291
o Socket.008
v -0.290000 0.080000 0.199000
v -0.290000 0.088000 0.199000
v -0.286473 0.080000 0.200146
v -0.286473 0.088000 0.200146
v -0.284294 0.080000 0.203146
v -0.284294 0.088000 0.203146
v -0.284294 0.080000 0.206854
v -0.284294 0.088000 0.206854
v -0.286473 0.080000 0.209854
v -0.286473 0.088000 0.209854
v -0.290000 0.080000 0.211000
v -0.290000 0.088000 0.211000
v -0.293527 0.080000 0.209854
v -0.293527 0.088000 0.209854
v -0.295706 0.080000 0.206854
v -0.295706 0.088000 0.206854
v -0.295706 0.080000 0.203146
v -0.295706 0.088000 0.203146
v -0.293527 0.080000 0.200146
v -0.293527 0.088000 0.200146
vn -0.0000 -0.6437 -0.7653
vn -0.0000 0.6437 -0.7653
vn 0.4498 -0.6437 -0.6191
vn 0.4498 0.6437 -0.6191
vn 0.7278 -0.6437 -0.2365
vn 0.7278 0.6437 -0.2365
vn 0.7278 -0.6437 0.2365
vn 0.7278 0.6437 0.2365
vn 0.4498 -0.6437 0.6191
vn 0.4498 0.6437 0.6191
vn -0.0000 -0.6437 0.7653
vn -0.0000 0.6437 0.7653
vn -0.4498 -0.6437 0.6191
vn -0.4498 0.6437 0.6191
vn -0.7278 -0.6437 0.2365
vn -0.7278 0.6437 0.2365
vn -0.7278 -0.6437 -0.2365
vn -0.7278 0.6437 -0.2365
vn -0.4498 -0.6437 -0.6191
vn -0.4498 0.6437 -0.6191
vt 1.000000 0.500000
vt 1.000000 1.000000
vt 0.900000 1.000000
vt 0.900000 0.500000
vt 0.800000 1.000000
vt 0.800000 0.500000
vt 0.700000 1.000000
vt 0.700000 0.500000
vt 0.600000 1.000000
vt 0.600000 0.500000
vt 0.500000 1.000000
vt 0.500000 0.500000
vt 0.400000 1.000000
vt 0.400000 0.500000
vt 0.300000 1.000000
vt 0.300000 0.500000
vt 0.200000 1.000000
vt 0.200000 0.500000
vt 0.391068 0.444164
vt 0.250000 0.490000
vt 0.108932 0.444164
vt 0.021746 0.324164
vt 0.021746 0.175836
vt 0.108932 0.055836
vt 0.250000 0.010000
vt 0.391068 0.055836
vt 0.478254 0.175836
vt 0.478254 0.324164
vt 0.100000 1.000000
vt 0.100000 0.500000
vt -0.000000 1.000000
vt -0.000000 0.500000
vt 0.750000 0.490000
vt 0.891068 0.444164
vt 0.978254 0.324164
vt 0.978254 0.175836
vt 0.891068 0.055836
vt 0.750000 0.010000
vt 0.608932 0.055836
vt 0.521746 0.175836
vt 0.521746 0.324164
vt 0.608932 0.444164
s 1
usemtl M_Graphite
f 305/537/293 306/538/294 308/539/296 307/540/295
f 307/540/295 308/539/296 310/541/298 309/542/297
f 309/542/297 310/541/298 312/543/300 311/544/299
f 311/544/299 312/543/300 314/545/302 313/546/301
f 313/546/301 314/545/302 316/547/304 315/548/303
f 315/548/303 316/547/304 318/549/306 317/550/305
f 317/550/305 318/549/306 320/551/308 319/552/307
f 319/552/307 320/551/308 322/553/310 321/554/309
f 308/555/296 306/556/294 324/557/312 322/558/310 320/559/308 318/560/306 316/561/304 314/562/302 312/563/300 310/564/298
f 321/554/309 322/553/310 324/565/312 323/566/311
f 323/566/311 324/565/312 306/567/294 305/568/293
f 305/569/293 307/570/295 309/571/297 311/572/299 313/573/301 315/574/303 317/575/305 319/576/307 321/577/309 323/578/311
o Socket.009
v -0.245000 0.080000 0.199000
v -0.245000 0.088000 0.199000
v -0.241473 0.080000 0.200146
v -0.241473 0.088000 0.200146
v -0.239294 0.080000 0.203146
v -0.239294 0.088000 0.203146
v -0.239294 0.080000 0.206854
v -0.239294 0.088000 0.206854
v -0.241473 0.080000 0.209854
v -0.241473 0.088000 0.209854
v -0.245000 0.080000 0.211000
v -0.245000 0.088000 0.211000
v -0.248527 0.080000 0.209854
v -0.248527 0.088000 0.209854
v -0.250706 0.080000 0.206854
v -0.250706 0.088000 0.206854
v -0.250706 0.080000 0.203146
v -0.250706 0.088000 0.203146
v -0.248527 0.080000 0.200146
v -0.248527 0.088000 0.200146
vn -0.0000 -0.6437 -0.7653
vn -0.0000 0.6437 -0.7653
vn 0.4498 -0.6437 -0.6191
vn 0.4498 0.6437 -0.6191
vn 0.7278 -0.6437 -0.2365
vn 0.7278 0.6437 -0.2365
vn 0.7278 -0.6437 0.2365
vn 0.7278 0.6437 0.2365
vn 0.4498 -0.6437 0.6191
vn 0.4498 0.6437 0.6191
vn -0.0000 -0.6437 0.7653
vn -0.0000 0.6437 0.7653
vn -0.4498 -0.6437 0.6191
vn -0.4498 0.6437 0.6191
vn -0.7278 -0.6437 0.2365
vn -0.7278 0.6437 0.2365
vn -0.7278 -0.6437 -0.2365
vn -0.7278 0.6437 -0.2365
vn -0.4498 -0.6437 -0.6191
vn -0.4498 0.6437 -0.6191
vt 1.000000 0.500000
vt 1.000000 1.000000
vt 0.900000 1.000000
vt 0.900000 0.500000
vt 0.800000 1.000000
vt 0.800000 0.500000
vt 0.700000 1.000000
vt 0.700000 0.500000
vt 0.600000 1.000000
vt 0.600000 0.500000
vt 0.500000 1.000000
vt 0.500000 0.500000
vt 0.400000 1.000000
vt 0.400000 0.500000
vt 0.300000 1.000000
vt 0.300000 0.500000
vt 0.200000 1.000000
vt 0.200000 0.500000
vt 0.391068 0.444164
vt 0.250000 0.490000
vt 0.108932 0.444164
vt 0.021746 0.324164
vt 0.021746 0.175836
vt 0.108932 0.055836
vt 0.250000 0.010000
vt 0.391068 0.055836
vt 0.478254 0.175836
vt 0.478254 0.324164
vt 0.100000 1.000000
vt 0.100000 0.500000
vt -0.000000 1.000000
vt -0.000000 0.500000
vt 0.750000 0.490000
vt 0.891068 0.444164
vt 0.978254 0.324164
vt 0.978254 0.175836
vt 0.891068 0.055836
vt 0.750000 0.010000
vt 0.608932 0.055836
vt 0.521746 0.175836
vt 0.521746 0.324164
vt 0.608932 0.444164
s 1
usemtl M_Graphite
f 325/579/313 326/580/314 328/581/316 327/582/315
f 327/582/315 328/581/316 330/583/318 329/584/317
f 329/584/317 330/583/318 332/585/320 331/586/319
f 331/586/319 332/585/320 334/587/322 333/588/321
f 333/588/321 334/587/322 336/589/324 335/590/323
f 335/590/323 336/589/324 338/591/326 337/592/325
f 337/592/325 338/591/326 340/593/328 339/594/327
f 339/594/327 340/593/328 342/595/330 341/596/329
f 328/597/316 326/598/314 344/599/332 342/600/330 340/601/328 338/602/326 336/603/324 334/604/322 332/605/320 330/606/318
f 341/596/329 342/595/330 344/607/332 343/608/331
f 343/608/331 344/607/332 326/609/314 325/610/313
f 325/611/313 327/612/315 329/613/317 331/614/319 333/615/321 335/616/323 337/617/325 339/618/327 341/619/329 343/620/331
o Socket.010
v -0.200000 0.080000 0.199000
v -0.200000 0.088000 0.199000
v -0.196473 0.080000 0.200146
v -0.196473 0.088000 0.200146
v -0.194294 0.080000 0.203146
v -0.194294 0.088000 0.203146
v -0.194294 0.080000 0.206854
v -0.194294 0.088000 0.206854
v -0.196473 0.080000 0.209854
v -0.196473 0.088000 0.209854
v -0.200000 0.080000 0.211000
v -0.200000 0.088000 0.211000
v -0.203527 0.080000 0.209854
v -0.203527 0.088000 0.209854
v -0.205706 0.080000 0.206854
v -0.205706 0.088000 0.206854
v -0.205706 0.080000 0.203146
v -0.205706 0.088000 0.203146
v -0.203527 0.080000 0.200146
v -0.203527 0.088000 0.200146
vn -0.0000 -0.6437 -0.7653
vn -0.0000 0.6437 -0.7653
vn 0.4498 -0.6437 -0.6191
vn 0.4498 0.6437 -0.6191
vn 0.7278 -0.6437 -0.2365
vn 0.7278 0.6437 -0.2365
vn 0.7278 -0.6437 0.2365
vn 0.7278 0.6437 0.2365
vn 0.4498 -0.6437 0.6191
vn 0.4498 0.6437 0.6191
vn -0.0000 -0.6437 0.7653
vn -0.0000 0.6437 0.7653
vn -0.4498 -0.6437 0.6191
vn -0.4498 0.6437 0.6191
vn -0.7278 -0.6437 0.2365
vn -0.7278 0.6437 0.2365
vn -0.7278 -0.6437 -0.2365
vn -0.7278 0.6437 -0.2365
vn -0.4498 -0.6437 -0.6191
vn -0.4498 0.6437 -0.6191
vt 1.000000 0.500000
vt 1.000000 1.000000
vt 0.900000 1.000000
vt 0.900000 0.500000
vt 0.800000 1.000000
vt 0.800000 0.500000
vt 0.700000 1.000000
vt 0.700000 0.500000
vt 0.600000 1.000000
vt 0.600000 0.500000
vt 0.500000 1.000000
vt 0.500000 0.500000
vt 0.400000 1.000000
vt 0.400000 0.500000
vt 0.300000 1.000000
vt 0.300000 0.500000
vt 0.200000 1.000000
vt 0.200000 0.500000
vt 0.391068 0.444164
vt 0.250000 0.490000
vt 0.108932 0.444164
vt 0.021746 0.324164
vt 0.021746 0.175836
vt 0.108932 0.055836
vt 0.250000 0.010000
vt 0.391068 0.055836
vt 0.478254 0.175836
vt 0.478254 0.324164
vt 0.100000 1.000000
vt 0.100000 0.500000
vt -0.000000 1.000000
vt -0.000000 0.500000
vt 0.750000 0.490000
vt 0.891068 0.444164
vt 0.978254 0.324164
vt 0.978254 0.175836
vt 0.891068 0.055836
vt 0.750000 0.010000
vt 0.608932 0.055836
vt 0.521746 0.175836
vt 0.521746 0.324164
vt 0.608932 0.444164
s 1
usemtl M_Graphite
f 345/621/333 346/622/334 348/623/336 347/624/335
f 347/624/335 348/623/336 350/625/338 349/626/337
f 349/626/337 350/625/338 352/627/340 351/628/339
f 351/628/339 352/627/340 354/629/342 353/630/341
f 353/630/341 354/629/342 356/631/344 355/632/343
f 355/632/343 356/631/344 358/633/346 357/634/345
f 357/634/345 358/633/346 360/635/348 359/636/347
f 359/636/347 360/635/348 362/637/350 361/638/349
f 348/639/336 346/640/334 364/641/352 362/642/350 360/643/348 358/644/346 356/645/344 354/646/342 352/647/340 350/648/338
f 361/638/349 362/637/350 364/649/352 363/650/351
f 363/650/351 364/649/352 346/651/334 345/652/333
f 345/653/333 347/654/335 349/655/337 351/656/339 353/657/341 355/658/343 357/659/345 359/660/347 361/661/349 363/662/351
o Socket.011
v -0.155000 0.080000 0.199000
v -0.155000 0.088000 0.199000
v -0.151473 0.080000 0.200146
v -0.151473 0.088000 0.200146
v -0.149294 0.080000 0.203146
v -0.149294 0.088000 0.203146
v -0.149294 0.080000 0.206854
v -0.149294 0.088000 0.206854
v -0.151473 0.080000 0.209854
v -0.151473 0.088000 0.209854
v -0.155000 0.080000 0.211000
v -0.155000 0.088000 0.211000
v -0.158527 0.080000 0.209854
v -0.158527 0.088000 0.209854
v -0.160706 0.080000 0.206854
v -0.160706 0.088000 0.206854
v -0.160706 0.080000 0.203146
v -0.160706 0.088000 0.203146
v -0.158527 0.080000 0.200146
v -0.158527 0.088000 0.200146
vn -0.0000 -0.6437 -0.7653
vn -0.0000 0.6437 -0.7653
vn 0.4498 -0.6437 -0.6191
vn 0.4498 0.6437 -0.6191
vn 0.7278 -0.6437 -0.2365
vn 0.7278 0.6437 -0.2365
vn 0.7278 -0.6437 0.2365
vn 0.7278 0.6437 0.2365
vn 0.4498 -0.6437 0.6191
vn 0.4498 0.6437 0.6191
vn -0.0000 -0.6437 0.7653
vn -0.0000 0.6437 0.7653
vn -0.4498 -0.6437 0.6191
vn -0.4498 0.6437 0.6191
vn -0.7278 -0.6437 0.2365
vn -0.7278 0.6437 0.2365
vn -0.7278 -0.6437 -0.2365
vn -0.7278 0.6437 -0.2365
vn -0.4498 -0.6437 -0.6191
vn -0.4498 0.6437 -0.6191
vt 1.000000 0.500000
vt 1.000000 1.000000
vt 0.900000 1.000000
vt 0.900000 0.500000
vt 0.800000 1.000000
vt 0.800000 0.500000
vt 0.700000 1.000000
vt 0.700000 0.500000
vt 0.600000 1.000000
vt 0.600000 0.500000
vt 0.500000 1.000000
vt 0.500000 0.500000
vt 0.400000 1.000000
vt 0.400000 0.500000
vt 0.300000 1.000000
vt 0.300000 0.500000
vt 0.200000 1.000000
vt 0.200000 0.500000
vt 0.391068 0.444164
vt 0.250000 0.490000
vt 0.108932 0.444164
vt 0.021746 0.324164
vt 0.021746 0.175836
vt 0.108932 0.055836
vt 0.250000 0.010000
vt 0.391068 0.055836
vt 0.478254 0.175836
vt 0.478254 0.324164
vt 0.100000 1.000000
vt 0.100000 0.500000
vt -0.000000 1.000000
vt -0.000000 0.500000
vt 0.750000 0.490000
vt 0.891068 0.444164
vt 0.978254 0.324164
vt 0.978254 0.175836
vt 0.891068 0.055836
vt 0.750000 0.010000
vt 0.608932 0.055836
vt 0.521746 0.175836
vt 0.521746 0.324164
vt 0.608932 0.444164
s 1
usemtl M_Graphite
f 365/663/353 366/664/354 368/665/356 367/666/355
f 367/666/355 368/665/356 370/667/358 369/668/357
f 369/668/357 370/667/358 372/669/360 371/670/359
f 371/670/359 372/669/360 374/671/362 373/672/361
f 373/672/361 374/671/362 376/673/364 375/674/363
f 375/674/363 376/673/364 378/675/366 377/676/365
f 377/676/365 378/675/366 380/677/368 379/678/367
f 379/678/367 380/677/368 382/679/370 381/680/369
f 368/681/356 366/682/354 384/683/372 382/684/370 380/685/368 378/686/366 376/687/364 374/688/362 372/689/360 370/690/358
f 381/680/369 382/679/370 384/691/372 383/692/371
f 383/692/371 384/691/372 366/693/354 365/694/353
f 365/695/353 367/696/355 369/697/357 371/698/359 373/699/361 375/700/363 377/701/365 379/702/367 381/703/369 383/704/371
o Socket.012
v -0.110000 0.080000 0.199000
v -0.110000 0.088000 0.199000
v -0.106473 0.080000 0.200146
v -0.106473 0.088000 0.200146
v -0.104294 0.080000 0.203146
v -0.104294 0.088000 0.203146
v -0.104294 0.080000 0.206854
v -0.104294 0.088000 0.206854
v -0.106473 0.080000 0.209854
v -0.106473 0.088000 0.209854
v -0.110000 0.080000 0.211000
v -0.110000 0.088000 0.211000
v -0.113527 0.080000 0.209854
v -0.113527 0.088000 0.209854
v -0.115706 0.080000 0.206854
v -0.115706 0.088000 0.206854
v -0.115706 0.080000 0.203146
v -0.115706 0.088000 0.203146
v -0.113527 0.080000 0.200146
v -0.113527 0.088000 0.200146
vn -0.0000 -0.6437 -0.7653
vn -0.0000 0.6437 -0.7653
vn 0.4498 -0.6437 -0.6191
vn 0.4498 0.6437 -0.6191
vn 0.7278 -0.6437 -0.2365
vn 0.7278 0.6437 -0.2365
vn 0.7278 -0.6437 0.2365
vn 0.7278 0.6437 0.2365
vn 0.4498 -0.6437 0.6191
vn 0.4498 0.6437 0.6191
vn -0.0000 -0.6437 0.7653
vn -0.0000 0.6437 0.7653
vn -0.4498 -0.6437 0.6191
vn -0.4498 0.6437 0.6191
vn -0.7278 -0.6437 0.2365
vn -0.7278 0.6437 0.2365
vn -0.7278 -0.6437 -0.2365
vn -0.7278 0.6437 -0.2365
vn -0.4498 -0.6437 -0.6191
vn -0.4498 0.6437 -0.6191
vt 1.000000 0.500000
vt 1.000000 1.000000
vt 0.900000 1.000000
vt 0.900000 0.500000
vt 0.800000 1.000000
vt 0.800000 0.500000
vt 0.700000 1.000000
vt 0.700000 0.500000
vt 0.600000 1.000000
vt 0.600000 0.500000
vt 0.500000 1.000000
vt 0.500000 0.500000
vt 0.400000 1.000000
vt 0.400000 0.500000
vt 0.300000 1.000000
vt 0.300000 0.500000
vt 0.200000 1.000000
vt 0.200000 0.500000
vt 0.391068 0.444164
vt 0.250000 0.490000
vt 0.108932 0.444164
vt 0.021746 0.324164
vt 0.021746 0.175836
vt 0.108932 0.055836
vt 0.250000 0.010000
vt 0.391068 0.055836
vt 0.478254 0.175836
vt 0.478254 0.324164
vt 0.100000 1.000000
vt 0.100000 0.500000
vt -0.000000 1.000000
vt -0.000000 0.500000
vt 0.750000 0.490000
vt 0.891068 0.444164
vt 0.978254 0.324164
vt 0.978254 0.175836
vt 0.891068 0.055836
vt 0.750000 0.010000
vt 0.608932 0.055836
vt 0.521746 0.175836
vt 0.521746 0.324164
vt 0.608932 0.444164
s 1
usemtl M_Graphite
f 385/705/373 386/706/374 388/707/376 387/708/375
f 387/708/375 388/707/376 390/709/378 389/710/377
f 389/710/377 390/709/378 392/711/380 391/712/379
f 391/712/379 392/711/380 394/713/382 393/714/381
f 393/714/381 394/713/382 396/715/384 395/716/383
f 395/716/383 396/715/384 398/717/386 397/718/385
f 397/718/385 398/717/386 400/719/388 399/720/387
f 399/720/387 400/719/388 402/721/390 401/722/389
f 388/723/376 386/724/374 404/725/392 402/726/390 400/727/388 398/728/386 396/729/384 394/730/382 392/731/380 390/732/378
f 401/722/389 402/721/390 404/733/392 403/734/391
f 403/734/391 404/733/392 386/735/374 385/736/373
f 385/737/373 387/738/375 389/739/377 391/740/379 393/741/381 395/742/383 397/743/385 399/744/387 401/745/389 403/746/391
o Socket.013
v -0.065000 0.080000 0.199000
v -0.065000 0.088000 0.199000
v -0.061473 0.080000 0.200146
v -0.061473 0.088000 0.200146
v -0.059294 0.080000 0.203146
v -0.059294 0.088000 0.203146
v -0.059294 0.080000 0.206854
v -0.059294 0.088000 0.206854
v -0.061473 0.080000 0.209854
v -0.061473 0.088000 0.209854
v -0.065000 0.080000 0.211000
v -0.065000 0.088000 0.211000
v -0.068527 0.080000 0.209854
v -0.068527 0.088000 0.209854
v -0.070706 0.080000 0.206854
v -0.070706 0.088000 0.206854
v -0.070706 0.080000 0.203146
v -0.070706 0.088000 0.203146
v -0.068527 0.080000 0.200146
v -0.068527 0.088000 0.200146
vn -0.0000 -0.6437 -0.7653
vn -0.0000 0.6437 -0.7653
vn 0.4498 -0.6437 -0.6191
vn 0.4498 0.6437 -0.6191
vn 0.7278 -0.6437 -0.2365
vn 0.7278 0.6437 -0.2365
vn 0.7278 -0.6437 0.2365
vn 0.7278 0.6437 0.2365
vn 0.4498 -0.6437 0.6191
vn 0.4498 0.6437 0.6191
vn -0.0000 -0.6437 0.7653
vn -0.0000 0.6437 0.7653
vn -0.4498 -0.6437 0.6191
vn -0.4498 0.6437 0.6191
vn -0.7278 -0.6437 0.2365
vn -0.7278 0.6437 0.2365
vn -0.7278 -0.6437 -0.2365
vn -0.7278 0.6437 -0.2365
vn -0.4498 -0.6437 -0.6191
vn -0.4498 0.6437 -0.6191
vt 1.000000 0.500000
vt 1.000000 1.000000
vt 0.900000 1.000000
vt 0.900000 0.500000
vt 0.800000 1.000000
vt 0.800000 0.500000
vt 0.700000 1.000000
vt 0.700000 0.500000
vt 0.600000 1.000000
vt 0.600000 0.500000
vt 0.500000 1.000000
vt 0.500000 0.500000
vt 0.400000 1.000000
vt 0.400000 0.500000
vt 0.300000 1.000000
vt 0.300000 0.500000
vt 0.200000 1.000000
vt 0.200000 0.500000
vt 0.391068 0.444164
vt 0.250000 0.490000
vt 0.108932 0.444164
vt 0.021746 0.324164
vt 0.021746 0.175836
vt 0.108932 0.055836
vt 0.250000 0.010000
vt 0.391068 0.055836
vt 0.478254 0.175836
vt 0.478254 0.324164
vt 0.100000 1.000000
vt 0.100000 0.500000
vt -0.000000 1.000000
vt -0.000000 0.500000
vt 0.750000 0.490000
vt 0.891068 0.444164
vt 0.978254 0.324164
vt 0.978254 0.175836
vt 0.891068 0.055836
vt 0.750000 0.010000
vt 0.608932 0.055836
vt 0.521746 0.175836
vt 0.521746 0.324164
vt 0.608932 0.444164
s 1
usemtl M_Graphite
f 405/747/393 406/748/394 408/749/396 407/750/395
f 407/750/395 408/749/396 410/751/398 409/752/397
f 409/752/397 410/751/398 412/753/400 411/754/399
f 411/754/399 412/753/400 414/755/402 413/756/401
f 413/756/401 414/755/402 416/757/404 415/758/403
f 415/758/403 416/757/404 418/759/406 417/760/405
f 417/760/405 418/759/406 420/761/408 419/762/407
f 419/762/407 420/761/408 422/763/410 421/764/409
f 408/765/396 406/766/394 424/767/412 422/768/410 420/769/408 418/770/406 416/771/404 414/772/402 412/773/400 410/774/398
f 421/764/409 422/763/410 424/775/412 423/776/411
f 423/776/411 424/775/412 406/777/394 405/778/393
f 405/779/393 407/780/395 409/781/397 411/782/399 413/783/401 415/784/403 417/785/405 419/786/407 421/787/409 423/788/411
o Socket.014
v -0.020000 0.080000 0.199000
v -0.020000 0.088000 0.199000
v -0.016473 0.080000 0.200146
v -0.016473 0.088000 0.200146
v -0.014294 0.080000 0.203146
v -0.014294 0.088000 0.203146
v -0.014294 0.080000 0.206854
v -0.014294 0.088000 0.206854
v -0.016473 0.080000 0.209854
v -0.016473 0.088000 0.209854
v -0.020000 0.080000 0.211000
v -0.020000 0.088000 0.211000
v -0.023527 0.080000 0.209854
v -0.023527 0.088000 0.209854
v -0.025706 0.080000 0.206854
v -0.025706 0.088000 0.206854
v -0.025706 0.080000 0.203146
v -0.025706 0.088000 0.203146
v -0.023527 0.080000 0.200146
v -0.023527 0.088000 0.200146
vn -0.0000 -0.6437 -0.7653
vn -0.0000 0.6437 -0.7653
vn 0.4498 -0.6437 -0.6191
vn 0.4498 0.6437 -0.6191
vn 0.7278 -0.6437 -0.2365
vn 0.7278 0.6437 -0.2365
vn 0.7278 -0.6437 0.2365
vn 0.7278 0.6437 0.2365
vn 0.4498 -0.6437 0.6191
vn 0.4498 0.6437 0.6191
vn -0.0000 -0.6437 0.7653
vn -0.0000 0.6437 0.7653
vn -0.4498 -0.6437 0.6191
vn -0.4498 0.6437 0.6191
vn -0.7278 -0.6437 0.2365
vn -0.7278 0.6437 0.2365
vn -0.7278 -0.6437 -0.2365
vn -0.7278 0.6437 -0.2365
vn -0.4498 -0.6437 -0.6191
vn -0.4498 0.6437 -0.6191
vt 1.000000 0.500000
vt 1.000000 1.000000
vt 0.900000 1.000000
vt 0.900000 0.500000
vt 0.800000 1.000000
vt 0.800000 0.500000
vt 0.700000 1.000000
vt 0.700000 0.500000
vt 0.600000 1.000000
vt 0.600000 0.500000
vt 0.500000 1.000000
vt 0.500000 0.500000
vt 0.400000 1.000000
vt 0.400000 0.500000
vt 0.300000 1.000000
vt 0.300000 0.500000
vt 0.200000 1.000000
vt 0.200000 0.500000
vt 0.391068 0.444164
vt 0.250000 0.490000
vt 0.108932 0.444164
vt 0.021746 0.324164
vt 0.021746 0.175836
vt 0.108932 0.055836
vt 0.250000 0.010000
vt 0.391068 0.055836
vt 0.478254 0.175836
vt 0.478254 0.324164
vt 0.100000 1.000000
vt 0.100000 0.500000
vt -0.000000 1.000000
vt -0.000000 0.500000
vt 0.750000 0.490000
vt 0.891068 0.444164
vt 0.978254 0.324164
vt 0.978254 0.175836
vt 0.891068 0.055836
vt 0.750000 0.010000
vt 0.608932 0.055836
vt 0.521746 0.175836
vt 0.521746 0.324164
vt 0.608932 0.444164
s 1
usemtl M_Graphite
f 425/789/413 426/790/414 428/791/416 427/792/415
f 427/792/415 428/791/416 430/793/418 429/794/417
f 429/794/417 430/793/418 432/795/420 431/796/419
f 431/796/419 432/795/420 434/797/422 433/798/421
f 433/798/421 434/797/422 436/799/424 435/800/423
f 435/800/423 436/799/424 438/801/426 437/802/425
f 437/802/425 438/801/426 440/803/428 439/804/427
f 439/804/427 440/803/428 442/805/430 441/806/429
f 428/807/416 426/808/414 444/809/432 442/810/430 440/811/428 438/812/426 436/813/424 434/814/422 432/815/420 430/816/418
f 441/806/429 442/805/430 444/817/432 443/818/431
f 443/818/431 444/817/432 426/819/414 425/820/413
f 425/821/413 427/822/415 429/823/417 431/824/419 433/825/421 435/826/423 437/827/425 439/828/427 441/829/429 443/830/431
o Socket.015
v 0.025000 0.080000 0.199000
v 0.025000 0.088000 0.199000
v 0.028527 0.080000 0.200146
v 0.028527 0.088000 0.200146
v 0.030706 0.080000 0.203146
v 0.030706 0.088000 0.203146
v 0.030706 0.080000 0.206854
v 0.030706 0.088000 0.206854
v 0.028527 0.080000 0.209854
v 0.028527 0.088000 0.209854
v 0.025000 0.080000 0.211000
v 0.025000 0.088000 0.211000
v 0.021473 0.080000 0.209854
v 0.021473 0.088000 0.209854
v 0.019294 0.080000 0.206854
v 0.019294 0.088000 0.206854
v 0.019294 0.080000 0.203146
v 0.019294 0.088000 0.203146
v 0.021473 0.080000 0.200146
v 0.021473 0.088000 0.200146
vn -0.0000 -0.6437 -0.7653
vn -0.0000 0.6437 -0.7653
vn 0.4498 -0.6437 -0.6191
vn 0.4498 0.6437 -0.6191
vn 0.7278 -0.6437 -0.2365
vn 0.7278 0.6437 -0.2365
vn 0.7278 -0.6437 0.2365
vn 0.7278 0.6437 0.2365
vn 0.4498 -0.6437 0.6191
vn 0.4498 0.6437 0.6191
vn -0.0000 -0.6437 0.7653
vn -0.0000 0.6437 0.7653
vn -0.4498 -0.6437 0.6191
vn -0.4498 0.6437 0.6191
vn -0.7278 -0.6437 0.2365
vn -0.7278 0.6437 0.2365
vn -0.7278 -0.6437 -0.2365
vn -0.7278 0.6437 -0.2365
vn -0.4498 -0.6437 -0.6191
vn -0.4498 0.6437 -0.6191
vt 1.000000 0.500000
vt 1.000000 1.000000
vt 0.900000 1.000000
vt 0.900000 0.500000
vt 0.800000 1.000000
vt 0.800000 0.500000
vt 0.700000 1.000000
vt 0.700000 0.500000
vt 0.600000 1.000000
vt 0.600000 0.500000
vt 0.500000 1.000000
vt 0.500000 0.500000
vt 0.400000 1.000000
vt 0.400000 0.500000
vt 0.300000 1.000000
vt 0.300000 0.500000
vt 0.200000 1.000000
vt 0.200000 0.500000
vt 0.391068 0.444164
vt 0.250000 0.490000
vt 0.108932 0.444164
vt 0.021746 0.324164
vt 0.021746 0.175836
vt 0.108932 0.055836
vt 0.250000 0.010000
vt 0.391068 0.055836
vt 0.478254 0.175836
vt 0.478254 0.324164
vt 0.100000 1.000000
vt 0.100000 0.500000
vt -0.000000 1.000000
vt -0.000000 0.500000
vt 0.750000 0.490000
vt 0.891068 0.444164
vt 0.978254 0.324164
vt 0.978254 0.175836
vt 0.891068 0.055836
vt 0.750000 0.010000
vt 0.608932 0.055836
vt 0.521746 0.175836
vt 0.521746 0.324164
vt 0.608932 0.444164
s 1
usemtl M_Graphite
f 445/831/433 446/832/434 448/833/436 447/834/435
f 447/834/435 448/833/436 450/835/438 449/836/437
f 449/836/437 450/835/438 452/837/440 451/838/439
f 451/838/439 452/837/440 454/839/442 453/840/441
f 453/840/441 454/839/442 456/841/444 455/842/443
f 455/842/443 456/841/444 458/843/446 457/844/445
f 457/844/445 458/843/446 460/845/448 459/846/447
f 459/846/447 460/845/448 462/847/450 461/848/449
f 448/849/436 446/850/434 464/851/452 462/852/450 460/853/448 458/854/446 456/855/444 454/856/442 452/857/440 450/858/438
f 461/848/449 462/847/450 464/859/452 463/860/451
f 463/860/451 464/859/452 446/861/434 445/862/433
f 445/863/433 447/864/435 449/865/437 451/866/439 453/867/441 455/868/443 457/869/445 459/870/447 461/871/449 463/872/451
o Socket.016
v 0.070000 0.080000 0.199000
v 0.070000 0.088000 0.199000
v 0.073527 0.080000 0.200146
v 0.073527 0.088000 0.200146
v 0.075706 0.080000 0.203146
v 0.075706 0.088000 0.203146
v 0.075706 0.080000 0.206854
v 0.075706 0.088000 0.206854
v 0.073527 0.080000 0.209854
v 0.073527 0.088000 0.209854
v 0.070000 0.080000 0.211000
v 0.070000 0.088000 0.211000
v 0.066473 0.080000 0.209854
v 0.066473 0.088000 0.209854
v 0.064294 0.080000 0.206854
v 0.064294 0.088000 0.206854
v 0.064294 0.080000 0.203146
v 0.064294 0.088000 0.203146
v 0.066473 0.080000 0.200146
v 0.066473 0.088000 0.200146
vn -0.0000 -0.6437 -0.7653
vn -0.0000 0.6437 -0.7653
vn 0.4498 -0.6437 -0.6191
vn 0.4498 0.6437 -0.6191
vn 0.7278 -0.6437 -0.2365
vn 0.7278 0.6437 -0.2365
vn 0.7278 -0.6437 0.2365
vn 0.7278 0.6437 0.2365
vn 0.4498 -0.6437 0.6191
vn 0.4498 0.6437 0.6191
vn -0.0000 -0.6437 0.7653
vn -0.0000 0.6437 0.7653
vn -0.4498 -0.6437 0.6191
vn -0.4498 0.6437 0.6191
vn -0.7278 -0.6437 0.2365
vn -0.7278 0.6437 0.2365
vn -0.7278 -0.6437 -0.2365
vn -0.7278 0.6437 -0.2365
vn -0.4498 -0.6437 -0.6191
vn -0.4498 0.6437 -0.6191
vt 1.000000 0.500000
vt 1.000000 1.000000
vt 0.900000 1.000000
vt 0.900000 0.500000
vt 0.800000 1.000000
vt 0.800000 0.500000
vt 0.700000 1.000000
vt 0.700000 0.500000
vt 0.600000 1.000000
vt 0.600000 0.500000
vt 0.500000 1.000000
vt 0.500000 0.500000
vt 0.400000 1.000000
vt 0.400000 0.500000
vt 0.300000 1.000000
vt 0.300000 0.500000
vt 0.200000 1.000000
vt 0.200000 0.500000
vt 0.391068 0.444164
vt 0.250000 0.490000
vt 0.108932 0.444164
vt 0.021746 0.324164
vt 0.021746 0.175836
vt 0.108932 0.055836
vt 0.250000 0.010000
vt 0.391068 0.055836
vt 0.478254 0.175836
vt 0.478254 0.324164
vt 0.100000 1.000000
vt 0.100000 0.500000
vt -0.000000 1.000000
vt -0.000000 0.500000
vt 0.750000 0.490000
vt 0.891068 0.444164
vt 0.978254 0.324164
vt 0.978254 0.175836
vt 0.891068 0.055836
vt 0.750000 0.010000
vt 0.608932 0.055836
vt 0.521746 0.175836
vt 0.521746 0.324164
vt 0.608932 0.444164
s 1
usemtl M_Graphite
f 465/873/453 466/874/454 468/875/456 467/876/455
f 467/876/455 468/875/456 470/877/458 469/878/457
f 469/878/457 470/877/458 472/879/460 471/880/459
f 471/880/459 472/879/460 474/881/462 473/882/461
f 473/882/461 474/881/462 476/883/464 475/884/463
f 475/884/463 476/883/464 478/885/466 477/886/465
f 477/886/465 478/885/466 480/887/468 479/888/467
f 479/888/467 480/887/468 482/889/470 481/890/469
f 468/891/456 466/892/454 484/893/472 482/894/470 480/895/468 478/896/466 476/897/464 474/898/462 472/899/460 470/900/458
f 481/890/469 482/889/470 484/901/472 483/902/471
f 483/902/471 484/901/472 466/903/454 465/904/453
f 465/905/453 467/906/455 469/907/457 471/908/459 473/909/461 475/910/463 477/911/465 479/912/467 481/913/469 483/914/471
o Socket.017
v 0.115000 0.080000 0.199000
v 0.115000 0.088000 0.199000
v 0.118527 0.080000 0.200146
v 0.118527 0.088000 0.200146
v 0.120706 0.080000 0.203146
v 0.120706 0.088000 0.203146
v 0.120706 0.080000 0.206854
v 0.120706 0.088000 0.206854
v 0.118527 0.080000 0.209854
v 0.118527 0.088000 0.209854
v 0.115000 0.080000 0.211000
v 0.115000 0.088000 0.211000
v 0.111473 0.080000 0.209854
v 0.111473 0.088000 0.209854
v 0.109294 0.080000 0.206854
v 0.109294 0.088000 0.206854
v 0.109294 0.080000 0.203146
v 0.109294 0.088000 0.203146
v 0.111473 0.080000 0.200146
v 0.111473 0.088000 0.200146
vn -0.0000 -0.6437 -0.7653
vn -0.0000 0.6437 -0.7653
vn 0.4498 -0.6437 -0.6191
vn 0.4498 0.6437 -0.6191
vn 0.7278 -0.6437 -0.2365
vn 0.7278 0.6437 -0.2365
vn 0.7278 -0.6437 0.2365
vn 0.7278 0.6437 0.2365
vn 0.4498 -0.6437 0.6191
vn 0.4498 0.6437 0.6191
vn -0.0000 -0.6437 0.7653
vn -0.0000 0.6437 0.7653
vn -0.4498 -0.6437 0.6191
vn -0.4498 0.6437 0.6191
vn -0.7278 -0.6437 0.2365
vn -0.7278 0.6437 0.2365
vn -0.7278 -0.6437 -0.2365
vn -0.7278 0.6437 -0.2365
vn -0.4498 -0.6437 -0.6191
vn -0.4498 0.6437 -0.6191
vt 1.000000 0.500000
vt 1.000000 1.000000
vt 0.900000 1.000000
vt 0.900000 0.500000
vt 0.800000 1.000000
vt 0.800000 0.500000
vt 0.700000 1.000000
vt 0.700000 0.500000
vt 0.600000 1.000000
vt 0.600000 0.500000
vt 0.500000 1.000000
vt 0.500000 0.500000
vt 0.400000 1.000000
vt 0.400000 0.500000
vt 0.300000 1.000000
vt 0.300000 0.500000
vt 0.200000 1.000000
vt 0.200000 0.500000
vt 0.391068 0.444164
vt 0.250000 0.490000
vt 0.108932 0.444164
vt 0.021746 0.324164
vt 0.021746 0.175836
vt 0.108932 0.055836
vt 0.250000 0.010000
vt 0.391068 0.055836
vt 0.478254 0.175836
vt 0.478254 0.324164
vt 0.100000 1.000000
vt 0.100000 0.500000
vt -0.000000 1.000000
vt -0.000000 0.500000
vt 0.750000 0.490000
vt 0.891068 0.444164
vt 0.978254 0.324164
vt 0.978254 0.175836
vt 0.891068 0.055836
vt 0.750000 0.010000
vt 0.608932 0.055836
vt 0.521746 0.175836
vt 0.521746 0.324164
vt 0.608932 0.444164
s 1
usemtl M_Graphite
f 485/915/473 486/916/474 488/917/476 487/918/475
f 487/918/475 488/917/476 490/919/478 489/920/477
f 489/920/477 490/919/478 492/921/480 491/922/479
f 491/922/479 492/921/480 494/923/482 493/924/481
f 493/924/481 494/923/482 496/925/484 495/926/483
f 495/926/483 496/925/484 498/927/486 497/928/485
f 497/928/485 498/927/486 500/929/488 499/930/487
f 499/930/487 500/929/488 502/931/490 501/932/489
f 488/933/476 486/934/474 504/935/492 502/936/490 500/937/488 498/938/486 496/939/484 494/940/482 492/941/480 490/942/478
f 501/932/489 502/931/490 504/943/492 503/944/491
f 503/944/491 504/943/492 486/945/474 485/946/473
f 485/947/473 487/948/475 489/949/477 491/950/479 493/951/481 495/952/483 497/953/485 499/954/487 501/955/489 503/956/491
o Socket.018
v 0.160000 0.080000 0.199000
v 0.160000 0.088000 0.199000
v 0.163527 0.080000 0.200146
v 0.163527 0.088000 0.200146
v 0.165706 0.080000 0.203146
v 0.165706 0.088000 0.203146
v 0.165706 0.080000 0.206854
v 0.165706 0.088000 0.206854
v 0.163527 0.080000 0.209854
v 0.163527 0.088000 0.209854
v 0.160000 0.080000 0.211000
v 0.160000 0.088000 0.211000
v 0.156473 0.080000 0.209854
v 0.156473 0.088000 0.209854
v 0.154294 0.080000 0.206854
v 0.154294 0.088000 0.206854
v 0.154294 0.080000 0.203146
v 0.154294 0.088000 0.203146
v 0.156473 0.080000 0.200146
v 0.156473 0.088000 0.200146
vn -0.0000 -0.6437 -0.7653
vn -0.0000 0.6437 -0.7653
vn 0.4498 -0.6437 -0.6191
vn 0.4498 0.6437 -0.6191
vn 0.7278 -0.6437 -0.2365
vn 0.7278 0.6437 -0.2365
vn 0.7278 -0.6437 0.2365
vn 0.7278 0.6437 0.2365
vn 0.4498 -0.6437 0.6191
vn 0.4498 0.6437 0.6191
vn -0.0000 -0.6437 0.7653
vn -0.0000 0.6437 0.7653
vn -0.4498 -0.6437 0.6191
vn -0.4498 0.6437 0.6191
vn -0.7278 -0.6437 0.2365
vn -0.7278 0.6437 0.2365
vn -0.7278 -0.6437 -0.2365
vn -0.7278 0.6437 -0.2365
vn -0.4498 -0.6437 -0.6191
vn -0.4498 0.6437 -0.6191
vt 1.000000 0.500000
vt 1.000000 1.000000
vt 0.900000 1.000000
vt 0.900000 0.500000
vt 0.800000 1.000000
vt 0.800000 0.500000
vt 0.700000 1.000000
vt 0.700000 0.500000
vt 0.600000 1.000000
vt 0.600000 0.500000
vt 0.500000 1.000000
vt 0.500000 0.500000
vt 0.400000 1.000000
vt 0.400000 0.500000
vt 0.300000 1.000000
vt 0.300000 0.500000
vt 0.200000 1.000000
vt 0.200000 0.500000
vt 0.391068 0.444164
vt 0.250000 0.490000
vt 0.108932 0.444164
vt 0.021746 0.324164
vt 0.021746 0.175836
vt 0.108932 0.055836
vt 0.250000 0.010000
vt 0.391068 0.055836
vt 0.478254 0.175836
vt 0.478254 0.324164
vt 0.100000 1.000000
vt 0.100000 0.500000
vt -0.000000 1.000000
vt -0.000000 0.500000
vt 0.750000 0.490000
vt 0.891068 0.444164
vt 0.978254 0.324164
vt 0.978254 0.175836
vt 0.891068 0.055836
vt 0.750000 0.010000
vt 0.608932 0.055836
vt 0.521746 0.175836
vt 0.521746 0.324164
vt 0.608932 0.444164
s 1
usemtl M_Graphite
f 505/957/493 506/958/494 508/959/496 507/960/495
f 507/960/495 508/959/496 510/961/498 509/962/497
f 509/962/497 510/961/498 512/963/500 511/964/499
f 511/964/499 512/963/500 514/965/502 513/966/501
f 513/966/501 514/965/502 516/967/504 515/968/503
f 515/968/503 516/967/504 518/969/506 517/970/505
f 517/970/505 518/969/506 520/971/508 519/972/507
f 519/972/507 520/971/508 522/973/510 521/974/509
f 508/975/496 506/976/494 524/977/512 522/978/510 520/979/508 518/980/506 516/981/504 514/982/502 512/983/500 510/984/498
f 521/974/509 522/973/510 524/985/512 523/986/511
f 523/986/511 524/985/512 506/987/494 505/988/493
f 505/989/493 507/990/495 509/991/497 511/992/499 513/993/501 515/994/503 517/995/505 519/996/507 521/997/509 523/998/511
o Socket.019
v 0.205000 0.080000 0.199000
v 0.205000 0.088000 0.199000
v 0.208527 0.080000 0.200146
v 0.208527 0.088000 0.200146
v 0.210706 0.080000 0.203146
v 0.210706 0.088000 0.203146
v 0.210706 0.080000 0.206854
v 0.210706 0.088000 0.206854
v 0.208527 0.080000 0.209854
v 0.208527 0.088000 0.209854
v 0.205000 0.080000 0.211000
v 0.205000 0.088000 0.211000
v 0.201473 0.080000 0.209854
v 0.201473 0.088000 0.209854
v 0.199294 0.080000 0.206854
v 0.199294 0.088000 0.206854
v 0.199294 0.080000 0.203146
v 0.199294 0.088000 0.203146
v 0.201473 0.080000 0.200146
v 0.201473 0.088000 0.200146
vn -0.0000 -0.6437 -0.7653
vn -0.0000 0.6437 -0.7653
vn 0.4498 -0.6437 -0.6191
vn 0.4498 0.6437 -0.6191
vn 0.7278 -0.6437 -0.2365
vn 0.7278 0.6437 -0.2365
vn 0.7278 -0.6437 0.2365
vn 0.7278 0.6437 0.2365
vn 0.4498 -0.6437 0.6191
vn 0.4498 0.6437 0.6191
vn -0.0000 -0.6437 0.7653
vn -0.0000 0.6437 0.7653
vn -0.4498 -0.6437 0.6191
vn -0.4498 0.6437 0.6191
vn -0.7278 -0.6437 0.2365
vn -0.7278 0.6437 0.2365
vn -0.7278 -0.6437 -0.2365
vn -0.7278 0.6437 -0.2365
vn -0.4498 -0.6437 -0.6191
vn -0.4498 0.6437 -0.6191
vt 1.000000 0.500000
vt 1.000000 1.000000
vt 0.900000 1.000000
vt 0.900000 0.500000
vt 0.800000 1.000000
vt 0.800000 0.500000
vt 0.700000 1.000000
vt 0.700000 0.500000
vt 0.600000 1.000000
vt 0.600000 0.500000
vt 0.500000 1.000000
vt 0.500000 0.500000
vt 0.400000 1.000000
vt 0.400000 0.500000
vt 0.300000 1.000000
vt 0.300000 0.500000
vt 0.200000 1.000000
vt 0.200000 0.500000
vt 0.391068 0.444164
vt 0.250000 0.490000
vt 0.108932 0.444164
vt 0.021746 0.324164
vt 0.021746 0.175836
vt 0.108932 0.055836
vt 0.250000 0.010000
vt 0.391068 0.055836
vt 0.478254 0.175836
vt 0.478254 0.324164
vt 0.100000 1.000000
vt 0.100000 0.500000
vt -0.000000 1.000000
vt -0.000000 0.500000
vt 0.750000 0.490000
vt 0.891068 0.444164
vt 0.978254 0.324164
vt 0.978254 0.175836
vt 0.891068 0.055836
vt 0.750000 0.010000
vt 0.608932 0.055836
vt 0.521746 0.175836
vt 0.521746 0.324164
vt 0.608932 0.444164
s 1
usemtl M_Graphite
f 525/999/513 526/1000/514 528/1001/516 527/1002/515
f 527/1002/515 528/1001/516 530/1003/518 529/1004/517
f 529/1004/517 530/1003/518 532/1005/520 531/1006/519
f 531/1006/519 532/1005/520 534/1007/522 533/1008/521
f 533/1008/521 534/1007/522 536/1009/524 535/1010/523
f 535/1010/523 536/1009/524 538/1011/526 537/1012/525
f 537/1012/525 538/1011/526 540/1013/528 539/1014/527
f 539/1014/527 540/1013/528 542/1015/530 541/1016/529
f 528/1017/516 526/1018/514 544/1019/532 542/1020/530 540/1021/528 538/1022/526 536/1023/524 534/1024/522 532/1025/520 530/1026/518
f 541/1016/529 542/1015/530 544/1027/532 543/1028/531
f 543/1028/531 544/1027/532 526/1029/514 525/1030/513
f 525/1031/513 527/1032/515 529/1033/517 531/1034/519 533/1035/521 535/1036/523 537/1037/525 539/1038/527 541/1039/529 543/1040/531
o Socket.020
v 0.250000 0.080000 0.199000
v 0.250000 0.088000 0.199000
v 0.253527 0.080000 0.200146
v 0.253527 0.088000 0.200146
v 0.255706 0.080000 0.203146
v 0.255706 0.088000 0.203146
v 0.255706 0.080000 0.206854
v 0.255706 0.088000 0.206854
v 0.253527 0.080000 0.209854
v 0.253527 0.088000 0.209854
v 0.250000 0.080000 0.211000
v 0.250000 0.088000 0.211000
v 0.246473 0.080000 0.209854
v 0.246473 0.088000 0.209854
v 0.244294 0.080000 0.206854
v 0.244294 0.088000 0.206854
v 0.244294 0.080000 0.203146
v 0.244294 0.088000 0.203146
v 0.246473 0.080000 0.200146
v 0.246473 0.088000 0.200146
vn -0.0000 -0.6437 -0.7653
vn -0.0000 0.6437 -0.7653
vn 0.4498 -0.6437 -0.6191
vn 0.4498 0.6437 -0.6191
vn 0.7278 -0.6437 -0.2365
vn 0.7278 0.6437 -0.2365
vn 0.7278 -0.6437 0.2365
vn 0.7278 0.6437 0.2365
vn 0.4498 -0.6437 0.6191
vn 0.4498 0.6437 0.6191
vn -0.0000 -0.6437 0.7653
vn -0.0000 0.6437 0.7653
vn -0.4498 -0.6437 0.6191
vn -0.4498 0.6437 0.6191
vn -0.7278 -0.6437 0.2365
vn -0.7278 0.6437 0.2365
vn -0.7278 -0.6437 -0.2365
vn -0.7278 0.6437 -0.2365
vn -0.4498 -0.6437 -0.6191
vn -0.4498 0.6437 -0.6191
vt 1.000000 0.500000
vt 1.000000 1.000000
vt 0.900000 1.000000
vt 0.900000 0.500000
vt 0.800000 1.000000
vt 0.800000 0.500000
vt 0.700000 1.000000
vt 0.700000 0.500000
vt 0.600000 1.000000
vt 0.600000 0.500000
vt 0.500000 1.000000
vt 0.500000 0.500000
vt 0.400000 1.000000
vt 0.400000 0.500000
vt 0.300000 1.000000
vt 0.300000 0.500000
vt 0.200000 1.000000
vt 0.200000 0.500000
vt 0.391068 0.444164
vt 0.250000 0.490000
vt 0.108932 0.444164
vt 0.021746 0.324164
vt 0.021746 0.175836
vt 0.108932 0.055836
vt 0.250000 0.010000
vt 0.391068 0.055836
vt 0.478254 0.175836
vt 0.478254 0.324164
vt 0.100000 1.000000
vt 0.100000 0.500000
vt -0.000000 1.000000
vt -0.000000 0.500000
vt 0.750000 0.490000
vt 0.891068 0.444164
vt 0.978254 0.324164
vt 0.978254 0.175836
vt 0.891068 0.055836
vt 0.750000 0.010000
vt 0.608932 0.055836
vt 0.521746 0.175836
vt 0.521746 0.324164
vt 0.608932 0.444164
s 1
usemtl M_Graphite
f 545/1041/533 546/1042/534 548/1043/536 547/1044/535
f 547/1044/535 548/1043/536 550/1045/538 549/1046/537
f 549/1046/537 550/1045/538 552/1047/540 551/1048/539
f 551/1048/539 552/1047/540 554/1049/542 553/1050/541
f 553/1050/541 554/1049/542 556/1051/544 555/1052/543
f 555/1052/543 556/1051/544 558/1053/546 557/1054/545
f 557/1054/545 558/1053/546 560/1055/548 559/1056/547
f 559/1056/547 560/1055/548 562/1057/550 561/1058/549
f 548/1059/536 546/1060/534 564/1061/552 562/1062/550 560/1063/548 558/1064/546 556/1065/544 554/1066/542 552/1067/540 550/1068/538
f 561/1058/549 562/1057/550 564/1069/552 563/1070/551
f 563/1070/551 564/1069/552 546/1071/534 545/1072/533
f 545/1073/533 547/1074/535 549/1075/537 551/1076/539 553/1077/541 555/1078/543 557/1079/545 559/1080/547 561/1081/549 563/1082/551
o Socket.021
v 0.295000 0.080000 0.199000
v 0.295000 0.088000 0.199000
v 0.298527 0.080000 0.200146
v 0.298527 0.088000 0.200146
v 0.300706 0.080000 0.203146
v 0.300706 0.088000 0.203146
v 0.300706 0.080000 0.206854
v 0.300706 0.088000 0.206854
v 0.298527 0.080000 0.209854
v 0.298527 0.088000 0.209854
v 0.295000 0.080000 0.211000
v 0.295000 0.088000 0.211000
v 0.291473 0.080000 0.209854
v 0.291473 0.088000 0.209854
v 0.289294 0.080000 0.206854
v 0.289294 0.088000 0.206854
v 0.289294 0.080000 0.203146
v 0.289294 0.088000 0.203146
v 0.291473 0.080000 0.200146
v 0.291473 0.088000 0.200146
vn -0.0000 -0.6437 -0.7653
vn -0.0000 0.6437 -0.7653
vn 0.4498 -0.6437 -0.6191
vn 0.4498 0.6437 -0.6191
vn 0.7278 -0.6437 -0.2365
vn 0.7278 0.6437 -0.2365
vn 0.7278 -0.6437 0.2365
vn 0.7278 0.6437 0.2365
vn 0.4498 -0.6437 0.6191
vn 0.4498 0.6437 0.6191
vn -0.0000 -0.6437 0.7653
vn -0.0000 0.6437 0.7653
vn -0.4498 -0.6437 0.6191
vn -0.4498 0.6437 0.6191
vn -0.7278 -0.6437 0.2365
vn -0.7278 0.6437 0.2365
vn -0.7278 -0.6437 -0.2365
vn -0.7278 0.6437 -0.2365
vn -0.4498 -0.6437 -0.6191
vn -0.4498 0.6437 -0.6191
vt 1.000000 0.500000
vt 1.000000 1.000000
vt 0.900000 1.000000
vt 0.900000 0.500000
vt 0.800000 1.000000
vt 0.800000 0.500000
vt 0.700000 1.000000
vt 0.700000 0.500000
vt 0.600000 1.000000
vt 0.600000 0.500000
vt 0.500000 1.000000
vt 0.500000 0.500000
vt 0.400000 1.000000
vt 0.400000 0.500000
vt 0.300000 1.000000
vt 0.300000 0.500000
vt 0.200000 1.000000
vt 0.200000 0.500000
vt 0.391068 0.444164
vt 0.250000 0.490000
vt 0.108932 0.444164
vt 0.021746 0.324164
vt 0.021746 0.175836
vt 0.108932 0.055836
vt 0.250000 0.010000
vt 0.391068 0.055836
vt 0.478254 0.175836
vt 0.478254 0.324164
vt 0.100000 1.000000
vt 0.100000 0.500000
vt -0.000000 1.000000
vt -0.000000 0.500000
vt 0.750000 0.490000
vt 0.891068 0.444164
vt 0.978254 0.324164
vt 0.978254 0.175836
vt 0.891068 0.055836
vt 0.750000 0.010000
vt 0.608932 0.055836
vt 0.521746 0.175836
vt 0.521746 0.324164
vt 0.608932 0.444164
s 1
usemtl M_Graphite
f 565/1083/553 566/1084/554 568/1085/556 567/1086/555
f 567/1086/555 568/1085/556 570/1087/558 569/1088/557
f 569/1088/557 570/1087/558 572/1089/560 571/1090/559
f 571/1090/559 572/1089/560 574/1091/562 573/1092/561
f 573/1092/561 574/1091/562 576/1093/564 575/1094/563
f 575/1094/563 576/1093/564 578/1095/566 577/1096/565
f 577/1096/565 578/1095/566 580/1097/568 579/1098/567
f 579/1098/567 580/1097/568 582/1099/570 581/1100/569
f 568/1101/556 566/1102/554 584/1103/572 582/1104/570 580/1105/568 578/1106/566 576/1107/564 574/1108/562 572/1109/560 570/1110/558
f 581/1100/569 582/1099/570 584/1111/572 583/1112/571
f 583/1112/571 584/1111/572 566/1113/554 565/1114/553
f 565/1115/553 567/1116/555 569/1117/557 571/1118/559 573/1119/561 575/1120/563 577/1121/565 579/1122/567 581/1123/569 583/1124/571
o Socket.022
v 0.340000 0.080000 0.199000
v 0.340000 0.088000 0.199000
v 0.343527 0.080000 0.200146
v 0.343527 0.088000 0.200146
v 0.345706 0.080000 0.203146
v 0.345706 0.088000 0.203146
v 0.345706 0.080000 0.206854
v 0.345706 0.088000 0.206854
v 0.343527 0.080000 0.209854
v 0.343527 0.088000 0.209854
v 0.340000 0.080000 0.211000
v 0.340000 0.088000 0.211000
v 0.336473 0.080000 0.209854
v 0.336473 0.088000 0.209854
v 0.334294 0.080000 0.206854
v 0.334294 0.088000 0.206854
v 0.334294 0.080000 0.203146
v 0.334294 0.088000 0.203146
v 0.336473 0.080000 0.200146
v 0.336473 0.088000 0.200146
vn -0.0000 -0.6437 -0.7653
vn -0.0000 0.6437 -0.7653
vn 0.4498 -0.6437 -0.6191
vn 0.4498 0.6437 -0.6191
vn 0.7278 -0.6437 -0.2365
vn 0.7278 0.6437 -0.2365
vn 0.7278 -0.6437 0.2365
vn 0.7278 0.6437 0.2365
vn 0.4498 -0.6437 0.6191
vn 0.4498 0.6437 0.6191
vn -0.0000 -0.6437 0.7653
vn -0.0000 0.6437 0.7653
vn -0.4498 -0.6437 0.6191
vn -0.4498 0.6437 0.6191
vn -0.7278 -0.6437 0.2365
vn -0.7278 0.6437 0.2365
vn -0.7278 -0.6437 -0.2365
vn -0.7278 0.6437 -0.2365
vn -0.4498 -0.6437 -0.6191
vn -0.4498 0.6437 -0.6191
vt 1.000000 0.500000
vt 1.000000 1.000000
vt 0.900000 1.000000
vt 0.900000 0.500000
vt 0.800000 1.000000
vt 0.800000 0.500000
vt 0.700000 1.000000
vt 0.700000 0.500000
vt 0.600000 1.000000
vt 0.600000 0.500000
vt 0.500000 1.000000
vt 0.500000 0.500000
vt 0.400000 1.000000
vt 0.400000 0.500000
vt 0.300000 1.000000
vt 0.300000 0.500000
vt 0.200000 1.000000
vt 0.200000 0.500000
vt 0.391068 0.444164
vt 0.250000 0.490000
vt 0.108932 0.444164
vt 0.021746 0.324164
vt 0.021746 0.175836
vt 0.108932 0.055836
vt 0.250000 0.010000
vt 0.391068 0.055836
vt 0.478254 0.175836
vt 0.478254 0.324164
vt 0.100000 1.000000
vt 0.100000 0.500000
vt -0.000000 1.000000
vt -0.000000 0.500000
vt 0.750000 0.490000
vt 0.891068 0.444164
vt 0.978254 0.324164
vt 0.978254 0.175836
vt 0.891068 0.055836
vt 0.750000 0.010000
vt 0.608932 0.055836
vt 0.521746 0.175836
vt 0.521746 0.324164
vt 0.608932 0.444164
s 1
usemtl M_Graphite
f 585/1125/573 586/1126/574 588/1127/576 587/1128/575
f 587/1128/575 588/1127/576 590/1129/578 589/1130/577
f 589/1130/577 590/1129/578 592/1131/580 591/1132/579
f 591/1132/579 592/1131/580 594/1133/582 593/1134/581
f 593/1134/581 594/1133/582 596/1135/584 595/1136/583
f 595/1136/583 596/1135/584 598/1137/586 597/1138/585
f 597/1138/585 598/1137/586 600/1139/588 599/1140/587
f 599/1140/587 600/1139/588 602/1141/590 601/1142/589
f 588/1143/576 586/1144/574 604/1145/592 602/1146/590 600/1147/588 598/1148/586 596/1149/584 594/1150/582 592/1151/580 590/1152/578
f 601/1142/589 602/1141/590 604/1153/592 603/1154/591
f 603/1154/591 604/1153/592 586/1155/574 585/1156/573
f 585/1157/573 587/1158/575 589/1159/577 591/1160/579 593/1161/581 595/1162/583 597/1163/585 599/1164/587 601/1165/589 603/1166/591
o Socket.023
v 0.385000 0.080000 0.199000
v 0.385000 0.088000 0.199000
v 0.388527 0.080000 0.200146
v 0.388527 0.088000 0.200146
v 0.390706 0.080000 0.203146
v 0.390706 0.088000 0.203146
v 0.390706 0.080000 0.206854
v 0.390706 0.088000 0.206854
v 0.388527 0.080000 0.209854
v 0.388527 0.088000 0.209854
v 0.385000 0.080000 0.211000
v 0.385000 0.088000 0.211000
v 0.381473 0.080000 0.209854
v 0.381473 0.088000 0.209854
v 0.379294 0.080000 0.206854
v 0.379294 0.088000 0.206854
v 0.379294 0.080000 0.203146
v 0.379294 0.088000 0.203146
v 0.381473 0.080000 0.200146
v 0.381473 0.088000 0.200146
vn -0.0000 -0.6437 -0.7653
vn -0.0000 0.6437 -0.7653
vn 0.4498 -0.6437 -0.6191
vn 0.4498 0.6437 -0.6191
vn 0.7278 -0.6437 -0.2365
vn 0.7278 0.6437 -0.2365
vn 0.7278 -0.6437 0.2365
vn 0.7278 0.6437 0.2365
vn 0.4498 -0.6437 0.6191
vn 0.4498 0.6437 0.6191
vn -0.0000 -0.6437 0.7653
vn -0.0000 0.6437 0.7653
vn -0.4498 -0.6437 0.6191
vn -0.4498 0.6437 0.6191
vn -0.7278 -0.6437 0.2365
vn -0.7278 0.6437 0.2365
vn -0.7278 -0.6437 -0.2365
vn -0.7278 0.6437 -0.2365
vn -0.4498 -0.6437 -0.6191
vn -0.4498 0.6437 -0.6191
vt 1.000000 0.500000
vt 1.000000 1.000000
vt 0.900000 1.000000
vt 0.900000 0.500000
vt 0.800000 1.000000
vt 0.800000 0.500000
vt 0.700000 1.000000
vt 0.700000 0.500000
vt 0.600000 1.000000
vt 0.600000 0.500000
vt 0.500000 1.000000
vt 0.500000 0.500000
vt 0.400000 1.000000
vt 0.400000 0.500000
vt 0.300000 1.000000
vt 0.300000 0.500000
vt 0.200000 1.000000
vt 0.200000 0.500000
vt 0.391068 0.444164
vt 0.250000 0.490000
vt 0.108932 0.444164
vt 0.021746 0.324164
vt 0.021746 0.175836
vt 0.108932 0.055836
vt 0.250000 0.010000
vt 0.391068 0.055836
vt 0.478254 0.175836
vt 0.478254 0.324164
vt 0.100000 1.000000
vt 0.100000 0.500000
vt -0.000000 1.000000
vt -0.000000 0.500000
vt 0.750000 0.490000
vt 0.891068 0.444164
vt 0.978254 0.324164
vt 0.978254 0.175836
vt 0.891068 0.055836
vt 0.750000 0.010000
vt 0.608932 0.055836
vt 0.521746 0.175836
vt 0.521746 0.324164
vt 0.608932 0.444164
s 1
usemtl M_Graphite
f 605/1167/593 606/1168/594 608/1169/596 607/1170/595
f 607/1170/595 608/1169/596 610/1171/598 609/1172/597
f 609/1172/597 610/1171/598 612/1173/600 611/1174/599
f 611/1174/599 612/1173/600 614/1175/602 613/1176/601
f 613/1176/601 614/1175/602 616/1177/604 615/1178/603
f 615/1178/603 616/1177/604 618/1179/606 617/1180/605
f 617/1180/605 618/1179/606 620/1181/608 619/1182/607
f 619/1182/607 620/1181/608 622/1183/610 621/1184/609
f 608/1185/596 606/1186/594 624/1187/612 622/1188/610 620/1189/608 618/1190/606 616/1191/604 614/1192/602 612/1193/600 610/1194/598
f 621/1184/609 622/1183/610 624/1195/612 623/1196/611
f 623/1196/611 624/1195/612 606/1197/594 605/1198/593
f 605/1199/593 607/1200/595 609/1201/597 611/1202/599 613/1203/601 615/1204/603 617/1205/605 619/1206/607 621/1207/609 623/1208/611
o Socket.024
v 0.430000 0.080000 0.199000
v 0.430000 0.088000 0.199000
v 0.433527 0.080000 0.200146
v 0.433527 0.088000 0.200146
v 0.435706 0.080000 0.203146
v 0.435706 0.088000 0.203146
v 0.435706 0.080000 0.206854
v 0.435706 0.088000 0.206854
v 0.433527 0.080000 0.209854
v 0.433527 0.088000 0.209854
v 0.430000 0.080000 0.211000
v 0.430000 0.088000 0.211000
v 0.426473 0.080000 0.209854
v 0.426473 0.088000 0.209854
v 0.424294 0.080000 0.206854
v 0.424294 0.088000 0.206854
v 0.424294 0.080000 0.203146
v 0.424294 0.088000 0.203146
v 0.426473 0.080000 0.200146
v 0.426473 0.088000 0.200146
vn -0.0000 -0.6437 -0.7653
vn -0.0000 0.6437 -0.7653
vn 0.4498 -0.6437 -0.6191
vn 0.4498 0.6437 -0.6191
vn 0.7278 -0.6437 -0.2365
vn 0.7278 0.6437 -0.2365
vn 0.7278 -0.6437 0.2365
vn 0.7278 0.6437 0.2365
vn 0.4498 -0.6437 0.6191
vn 0.4498 0.6437 0.6191
vn -0.0000 -0.6437 0.7653
vn -0.0000 0.6437 0.7653
vn -0.4498 -0.6437 0.6191
vn -0.4498 0.6437 0.6191
vn -0.7278 -0.6437 0.2365
vn -0.7278 0.6437 0.2365
vn -0.7278 -0.6437 -0.2365
vn -0.7278 0.6437 -0.2365
vn -0.4498 -0.6437 -0.6191
vn -0.4498 0.6437 -0.6191
vt 1.000000 0.500000
vt 1.000000 1.000000
vt 0.900000 1.000000
vt 0.900000 0.500000
vt 0.800000 1.000000
vt 0.800000 0.500000
vt 0.700000 1.000000
vt 0.700000 0.500000
vt 0.600000 1.000000
vt 0.600000 0.500000
vt 0.500000 1.000000
vt 0.500000 0.500000
vt 0.400000 1.000000
vt 0.400000 0.500000
vt 0.300000 1.000000
vt 0.300000 0.500000
vt 0.200000 1.000000
vt 0.200000 0.500000
vt 0.391068 0.444164
vt 0.250000 0.490000
vt 0.108932 0.444164
vt 0.021746 0.324164
vt 0.021746 0.175836
vt 0.108932 0.055836
vt 0.250000 0.010000
vt 0.391068 0.055836
vt 0.478254 0.175836
vt 0.478254 0.324164
vt 0.100000 1.000000
vt 0.100000 0.500000
vt -0.000000 1.000000
vt -0.000000 0.500000
vt 0.750000 0.490000
vt 0.891068 0.444164
vt 0.978254 0.324164
vt 0.978254 0.175836
vt 0.891068 0.055836
vt 0.750000 0.010000
vt 0.608932 0.055836
vt 0.521746 0.175836
vt 0.521746 0.324164
vt 0.608932 0.444164
s 1
usemtl M_Graphite
f 625/1209/613 626/1210/614 628/1211/616 627/1212/615
f 627/1212/615 628/1211/616 630/1213/618 629/1214/617
f 629/1214/617 630/1213/618 632/1215/620 631/1216/619
f 631/1216/619 632/1215/620 634/1217/622 633/1218/621
f 633/1218/621 634/1217/622 636/1219/624 635/1220/623
f 635/1220/623 636/1219/624 638/1221/626 637/1222/625
f 637/1222/625 638/1221/626 640/1223/628 639/1224/627
f 639/1224/627 640/1223/628 642/1225/630 641/1226/629
f 628/1227/616 626/1228/614 644/1229/632 642/1230/630 640/1231/628 638/1232/626 636/1233/624 634/1234/622 632/1235/620 630/1236/618
f 641/1226/629 642/1225/630 644/1237/632 643/1238/631
f 643/1238/631 644/1237/632 626/1239/614 625/1240/613
f 625/1241/613 627/1242/615 629/1243/617 631/1244/619 633/1245/621 635/1246/623 637/1247/625 639/1248/627 641/1249/629 643/1250/631
o Socket.025
v 0.475000 0.080000 0.199000
v 0.475000 0.088000 0.199000
v 0.478527 0.080000 0.200146
v 0.478527 0.088000 0.200146
v 0.480706 0.080000 0.203146
v 0.480706 0.088000 0.203146
v 0.480706 0.080000 0.206854
v 0.480706 0.088000 0.206854
v 0.478527 0.080000 0.209854
v 0.478527 0.088000 0.209854
v 0.475000 0.080000 0.211000
v 0.475000 0.088000 0.211000
v 0.471473 0.080000 0.209854
v 0.471473 0.088000 0.209854
v 0.469294 0.080000 0.206854
v 0.469294 0.088000 0.206854
v 0.469294 0.080000 0.203146
v 0.469294 0.088000 0.203146
v 0.471473 0.080000 0.200146
v 0.471473 0.088000 0.200146
vn -0.0000 -0.6437 -0.7653
vn -0.0000 0.6437 -0.7653
vn 0.4498 -0.6437 -0.6191
vn 0.4498 0.6437 -0.6191
vn 0.7278 -0.6437 -0.2365
vn 0.7278 0.6437 -0.2365
vn 0.7278 -0.6437 0.2365
vn 0.7278 0.6437 0.2365
vn 0.4498 -0.6437 0.6191
vn 0.4498 0.6437 0.6191
vn -0.0000 -0.6437 0.7653
vn -0.0000 0.6437 0.7653
vn -0.4498 -0.6437 0.6191
vn -0.4498 0.6437 0.6191
vn -0.7278 -0.6437 0.2365
vn -0.7278 0.6437 0.2365
vn -0.7278 -0.6437 -0.2365
vn -0.7278 0.6437 -0.2365
vn -0.4498 -0.6437 -0.6191
vn -0.4498 0.6437 -0.6191
vt 1.000000 0.500000
vt 1.000000 1.000000
vt 0.900000 1.000000
vt 0.900000 0.500000
vt 0.800000 1.000000
vt 0.800000 0.500000
vt 0.700000 1.000000
vt 0.700000 0.500000
vt 0.600000 1.000000
vt 0.600000 0.500000
vt 0.500000 1.000000
vt 0.500000 0.500000
vt 0.400000 1.000000
vt 0.400000 0.500000
vt 0.300000 1.000000
vt 0.300000 0.500000
vt 0.200000 1.000000
vt 0.200000 0.500000
vt 0.391068 0.444164
vt 0.250000 0.490000
vt 0.108932 0.444164
vt 0.021746 0.324164
vt 0.021746 0.175836
vt 0.108932 0.055836
vt 0.250000 0.010000
vt 0.391068 0.055836
vt 0.478254 0.175836
vt 0.478254 0.324164
vt 0.100000 1.000000
vt 0.100000 0.500000
vt -0.000000 1.000000
vt -0.000000 0.500000
vt 0.750000 0.490000
vt 0.891068 0.444164
vt 0.978254 0.324164
vt 0.978254 0.175836
vt 0.891068 0.055836
vt 0.750000 0.010000
vt 0.608932 0.055836
vt 0.521746 0.175836
vt 0.521746 0.324164
vt 0.608932 0.444164
s 1
usemtl M_Graphite
f 645/1251/633 646/1252/634 648/1253/636 647/1254/635
f 647/1254/635 648/1253/636 650/1255/638 649/1256/637
f 649/1256/637 650/1255/638 652/1257/640 651/1258/639
f 651/1258/639 652/1257/640 654/1259/642 653/1260/641
f 653/1260/641 654/1259/642 656/1261/644 655/1262/643
f 655/1262/643 656/1261/644 658/1263/646 657/1264/645
f 657/1264/645 658/1263/646 660/1265/648 659/1266/647
f 659/1266/647 660/1265/648 662/1267/650 661/1268/649
f 648/1269/636 646/1270/634 664/1271/652 662/1272/650 660/1273/648 658/1274/646 656/1275/644 654/1276/642 652/1277/640 650/1278/638
f 661/1268/649 662/1267/650 664/1279/652 663/1280/651
f 663/1280/651 664/1279/652 646/1281/634 645/1282/633
f 645/1283/633 647/1284/635 649/1285/637 651/1286/639 653/1287/641 655/1288/643 657/1289/645 659/1290/647 661/1291/649 663/1292/651
o Socket.026
v 0.520000 0.080000 0.199000
v 0.520000 0.088000 0.199000
v 0.523527 0.080000 0.200146
v 0.523527 0.088000 0.200146
v 0.525706 0.080000 0.203146
v 0.525706 0.088000 0.203146
v 0.525706 0.080000 0.206854
v 0.525706 0.088000 0.206854
v 0.523527 0.080000 0.209854
v 0.523527 0.088000 0.209854
v 0.520000 0.080000 0.211000
v 0.520000 0.088000 0.211000
v 0.516473 0.080000 0.209854
v 0.516473 0.088000 0.209854
v 0.514294 0.080000 0.206854
v 0.514294 0.088000 0.206854
v 0.514294 0.080000 0.203146
v 0.514294 0.088000 0.203146
v 0.516473 0.080000 0.200146
v 0.516473 0.088000 0.200146
vn -0.0000 -0.6437 -0.7653
vn -0.0000 0.6437 -0.7653
vn 0.4498 -0.6437 -0.6191
vn 0.4498 0.6437 -0.6191
vn 0.7278 -0.6437 -0.2365
vn 0.7278 0.6437 -0.2365
vn 0.7278 -0.6437 0.2365
vn 0.7278 0.6437 0.2365
vn 0.4498 -0.6437 0.6191
vn 0.4498 0.6437 0.6191
vn -0.0000 -0.6437 0.7653
vn -0.0000 0.6437 0.7653
vn -0.4498 -0.6437 0.6191
vn -0.4498 0.6437 0.6191
vn -0.7278 -0.6437 0.2365
vn -0.7278 0.6437 0.2365
vn -0.7278 -0.6437 -0.2365
vn -0.7278 0.6437 -0.2365
vn -0.4498 -0.6437 -0.6191
vn -0.4498 0.6437 -0.6191
vt 1.000000 0.500000
vt 1.000000 1.000000
vt 0.900000 1.000000
vt 0.900000 0.500000
vt 0.800000 1.000000
vt 0.800000 0.500000
vt 0.700000 1.000000
vt 0.700000 0.500000
vt 0.600000 1.000000
vt 0.600000 0.500000
vt 0.500000 1.000000
vt 0.500000 0.500000
vt 0.400000 1.000000
vt 0.400000 0.500000
vt 0.300000 1.000000
vt 0.300000 0.500000
vt 0.200000 1.000000
vt 0.200000 0.500000
vt 0.391068 0.444164
vt 0.250000 0.490000
vt 0.108932 0.444164
vt 0.021746 0.324164
vt 0.021746 0.175836
vt 0.108932 0.055836
vt 0.250000 0.010000
vt 0.391068 0.055836
vt 0.478254 0.175836
vt 0.478254 0.324164
vt 0.100000 1.000000
vt 0.100000 0.500000
vt -0.000000 1.000000
vt -0.000000 0.500000
vt 0.750000 0.490000
vt 0.891068 0.444164
vt 0.978254 0.324164
vt 0.978254 0.175836
vt 0.891068 0.055836
vt 0.750000 0.010000
vt 0.608932 0.055836
vt 0.521746 0.175836
vt 0.521746 0.324164
vt 0.608932 0.444164
s 1
usemtl M_Graphite
f 665/1293/653 666/1294/654 668/1295/656 667/1296/655
f 667/1296/655 668/1295/656 670/1297/658 669/1298/657
f 669/1298/657 670/1297/658 672/1299/660 671/1300/659
f 671/1300/659 672/1299/660 674/1301/662 673/1302/661
f 673/1302/661 674/1301/662 676/1303/664 675/1304/663
f 675/1304/663 676/1303/664 678/1305/666 677/1306/665
f 677/1306/665 678/1305/666 680/1307/668 679/1308/667
f 679/1308/667 680/1307/668 682/1309/670 681/1310/669
f 668/1311/656 666/1312/654 684/1313/672 682/1314/670 680/1315/668 678/1316/666 676/1317/664 674/1318/662 672/1319/660 670/1320/658
f 681/1310/669 682/1309/670 684/1321/672 683/1322/671
f 683/1322/671 684/1321/672 666/1323/654 665/1324/653
f 665/1325/653 667/1326/655 669/1327/657 671/1328/659 673/1329/661 675/1330/663 677/1331/665 679/1332/667 681/1333/669 683/1334/671
o Socket.027
v 0.565000 0.080000 0.199000
v 0.565000 0.088000 0.199000
v 0.568527 0.080000 0.200146
v 0.568527 0.088000 0.200146
v 0.570706 0.080000 0.203146
v 0.570706 0.088000 0.203146
v 0.570706 0.080000 0.206854
v 0.570706 0.088000 0.206854
v 0.568527 0.080000 0.209854
v 0.568527 0.088000 0.209854
v 0.565000 0.080000 0.211000
v 0.565000 0.088000 0.211000
v 0.561473 0.080000 0.209854
v 0.561473 0.088000 0.209854
v 0.559294 0.080000 0.206854
v 0.559294 0.088000 0.206854
v 0.559294 0.080000 0.203146
v 0.559294 0.088000 0.203146
v 0.561473 0.080000 0.200146
v 0.561473 0.088000 0.200146
vn -0.0000 -0.6437 -0.7653
vn -0.0000 0.6437 -0.7653
vn 0.4498 -0.6437 -0.6191
vn 0.4498 0.6437 -0.6191
vn 0.7278 -0.6437 -0.2365
vn 0.7278 0.6437 -0.2365
vn 0.7278 -0.6437 0.2365
vn 0.7278 0.6437 0.2365
vn 0.4498 -0.6437 0.6191
vn 0.4498 0.6437 0.6191
vn -0.0000 -0.6437 0.7653
vn -0.0000 0.6437 0.7653
vn -0.4498 -0.6437 0.6191
vn -0.4498 0.6437 0.6191
vn -0.7278 -0.6437 0.2365
vn -0.7278 0.6437 0.2365
vn -0.7278 -0.6437 -0.2365
vn -0.7278 0.6437 -0.2365
vn -0.4498 -0.6437 -0.6191
vn -0.4498 0.6437 -0.6191
vt 1.000000 0.500000
vt 1.000000 1.000000
vt 0.900000 1.000000
vt 0.900000 0.500000
vt 0.800000 1.000000
vt 0.800000 0.500000
vt 0.700000 1.000000
vt 0.700000 0.500000
vt 0.600000 1.000000
vt 0.600000 0.500000
vt 0.500000 1.000000
vt 0.500000 0.500000
vt 0.400000 1.000000
vt 0.400000 0.500000
vt 0.300000 1.000000
vt 0.300000 0.500000
vt 0.200000 1.000000
vt 0.200000 0.500000
vt 0.391068 0.444164
vt 0.250000 0.490000
vt 0.108932 0.444164
vt 0.021746 0.324164
vt 0.021746 0.175836
vt 0.108932 0.055836
vt 0.250000 0.010000
vt 0.391068 0.055836
vt 0.478254 0.175836
vt 0.478254 0.324164
vt 0.100000 1.000000
vt 0.100000 0.500000
vt -0.000000 1.000000
vt -0.000000 0.500000
vt 0.750000 0.490000
vt 0.891068 0.444164
vt 0.978254 0.324164
vt 0.978254 0.175836
vt 0.891068 0.055836
vt 0.750000 0.010000
vt 0.608932 0.055836
vt 0.521746 0.175836
vt 0.521746 0.324164
vt 0.608932 0.444164
s 1
usemtl M_Graphite
f 685/1335/673 686/1336/674 688/1337/676 687/1338/675
f 687/1338/675 688/1337/676 690/1339/678 689/1340/677
f 689/1340/677 690/1339/678 692/1341/680 691/1342/679
f 691/1342/679 692/1341/680 694/1343/682 693/1344/681
f 693/1344/681 694/1343/682 696/1345/684 695/1346/683
f 695/1346/683 696/1345/684 698/1347/686 697/1348/685
f 697/1348/685 698/1347/686 700/1349/688 699/1350/687
f 699/1350/687 700/1349/688 702/1351/690 701/1352/689
f 688/1353/676 686/1354/674 704/1355/692 702/1356/690 700/1357/688 698/1358/686 696/1359/684 694/1360/682 692/1361/680 690/1362/678
f 701/1352/689 702/1351/690 704/1363/692 703/1364/691
f 703/1364/691 704/1363/692 686/1365/674 685/1366/673
f 685/1367/673 687/1368/675 689/1369/677 691/1370/679 693/1371/681 695/1372/683 697/1373/685 699/1374/687 701/1375/689 703/1376/691
o Socket.028
v 0.610000 0.080000 0.199000
v 0.610000 0.088000 0.199000
v 0.613527 0.080000 0.200146
v 0.613527 0.088000 0.200146
v 0.615706 0.080000 0.203146
v 0.615706 0.088000 0.203146
v 0.615706 0.080000 0.206854
v 0.615706 0.088000 0.206854
v 0.613527 0.080000 0.209854
v 0.613527 0.088000 0.209854
v 0.610000 0.080000 0.211000
v 0.610000 0.088000 0.211000
v 0.606473 0.080000 0.209854
v 0.606473 0.088000 0.209854
v 0.604294 0.080000 0.206854
v 0.604294 0.088000 0.206854
v 0.604294 0.080000 0.203146
v 0.604294 0.088000 0.203146
v 0.606473 0.080000 0.200146
v 0.606473 0.088000 0.200146
vn -0.0000 -0.6437 -0.7653
vn -0.0000 0.6437 -0.7653
vn 0.4498 -0.6437 -0.6191
vn 0.4498 0.6437 -0.6191
vn 0.7278 -0.6437 -0.2365
vn 0.7278 0.6437 -0.2365
vn 0.7278 -0.6437 0.2365
vn 0.7278 0.6437 0.2365
vn 0.4498 -0.6437 0.6191
vn 0.4498 0.6437 0.6191
vn -0.0000 -0.6437 0.7653
vn -0.0000 0.6437 0.7653
vn -0.4498 -0.6437 0.6191
vn -0.4498 0.6437 0.6191
vn -0.7278 -0.6437 0.2365
vn -0.7278 0.6437 0.2365
vn -0.7278 -0.6437 -0.2365
vn -0.7278 0.6437 -0.2365
vn -0.4498 -0.6437 -0.6191
vn -0.4498 0.6437 -0.6191
vt 1.000000 0.500000
vt 1.000000 1.000000
vt 0.900000 1.000000
vt 0.900000 0.500000
vt 0.800000 1.000000
vt 0.800000 0.500000
vt 0.700000 1.000000
vt 0.700000 0.500000
vt 0.600000 1.000000
vt 0.600000 0.500000
vt 0.500000 1.000000
vt 0.500000 0.500000
vt 0.400000 1.000000
vt 0.400000 0.500000
vt 0.300000 1.000000
vt 0.300000 0.500000
vt 0.200000 1.000000
vt 0.200000 0.500000
vt 0.391068 0.444164
vt 0.250000 0.490000
vt 0.108932 0.444164
vt 0.021746 0.324164
vt 0.021746 0.175836
vt 0.108932 0.055836
vt 0.250000 0.010000
vt 0.391068 0.055836
vt 0.478254 0.175836
vt 0.478254 0.324164
vt 0.100000 1.000000
vt 0.100000 0.500000
vt -0.000000 1.000000
vt -0.000000 0.500000
vt 0.750000 0.490000
vt 0.891068 0.444164
vt 0.978254 0.324164
vt 0.978254 0.175836
vt 0.891068 0.055836
vt 0.750000 0.010000
vt 0.608932 0.055836
vt 0.521746 0.175836
vt 0.521746 0.324164
vt 0.608932 0.444164
s 1
usemtl M_Graphite
f 705/1377/693 706/1378/694 708/1379/696 707/1380/695
f 707/1380/695 708/1379/696 710/1381/698 709/1382/697
f 709/1382/697 710/1381/698 712/1383/700 711/1384/699
f 711/1384/699 712/1383/700 714/1385/702 713/1386/701
f 713/1386/701 714/1385/702 716/1387/704 715/1388/703
f 715/1388/703 716/1387/704 718/1389/706 717/1390/705
f 717/1390/705 718/1389/706 720/1391/708 719/1392/707
f 719/1392/707 720/1391/708 722/1393/710 721/1394/709
f 708/1395/696 706/1396/694 724/1397/712 722/1398/710 720/1399/708 718/1400/706 716/1401/704 714/1402/702 712/1403/700 710/1404/698
f 721/1394/709 722/1393/710 724/1405/712 723/1406/711
f 723/1406/711 724/1405/712 706/1407/694 705/1408/693
f 705/1409/693 707/1410/695 709/1411/697 711/1412/699 713/1413/701 715/1414/703 717/1415/705 719/1416/707 721/1417/709 723/1418/711
o Socket.029
v 0.655000 0.080000 0.199000
v 0.655000 0.088000 0.199000
v 0.658527 0.080000 0.200146
v 0.658527 0.088000 0.200146
v 0.660706 0.080000 0.203146
v 0.660706 0.088000 0.203146
v 0.660706 0.080000 0.206854
v 0.660706 0.088000 0.206854
v 0.658527 0.080000 0.209854
v 0.658527 0.088000 0.209854
v 0.655000 0.080000 0.211000
v 0.655000 0.088000 0.211000
v 0.651473 0.080000 0.209854
v 0.651473 0.088000 0.209854
v 0.649294 0.080000 0.206854
v 0.649294 0.088000 0.206854
v 0.649294 0.080000 0.203146
v 0.649294 0.088000 0.203146
v 0.651473 0.080000 0.200146
v 0.651473 0.088000 0.200146
vn -0.0000 -0.6437 -0.7653
vn -0.0000 0.6437 -0.7653
vn 0.4498 -0.6437 -0.6191
vn 0.4498 0.6437 -0.6191
vn 0.7278 -0.6437 -0.2365
vn 0.7278 0.6437 -0.2365
vn 0.7278 -0.6437 0.2365
vn 0.7278 0.6437 0.2365
vn 0.4498 -0.6437 0.6191
vn 0.4498 0.6437 0.6191
vn -0.0000 -0.6437 0.7653
vn -0.0000 0.6437 0.7653
vn -0.4498 -0.6437 0.6191
vn -0.4498 0.6437 0.6191
vn -0.7278 -0.6437 0.2365
vn -0.7278 0.6437 0.2365
vn -0.7278 -0.6437 -0.2365
vn -0.7278 0.6437 -0.2365
vn -0.4498 -0.6437 -0.6191
vn -0.4498 0.6437 -0.6191
vt 1.000000 0.500000
vt 1.000000 1.000000
vt 0.900000 1.000000
vt 0.900000 0.500000
vt 0.800000 1.000000
vt 0.800000 0.500000
vt 0.700000 1.000000
vt 0.700000 0.500000
vt 0.600000 1.000000
vt 0.600000 0.500000
vt 0.500000 1.000000
vt 0.500000 0.500000
vt 0.400000 1.000000
vt 0.400000 0.500000
vt 0.300000 1.000000
vt 0.300000 0.500000
vt 0.200000 1.000000
vt 0.200000 0.500000
vt 0.391068 0.444164
vt 0.250000 0.490000
vt 0.108932 0.444164
vt 0.021746 0.324164
vt 0.021746 0.175836
vt 0.108932 0.055836
vt 0.250000 0.010000
vt 0.391068 0.055836
vt 0.478254 0.175836
vt 0.478254 0.324164
vt 0.100000 1.000000
vt 0.100000 0.500000
vt -0.000000 1.000000
vt -0.000000 0.500000
vt 0.750000 0.490000
vt 0.891068 0.444164
vt 0.978254 0.324164
vt 0.978254 0.175836
vt 0.891068 0.055836
vt 0.750000 0.010000
vt 0.608932 0.055836
vt 0.521746 0.175836
vt 0.521746 0.324164
vt 0.608932 0.444164
s 1
usemtl M_Graphite
f 725/1419/713 726/1420/714 728/1421/716 727/1422/715
f 727/1422/715 728/1421/716 730/1423/718 729/1424/717
f 729/1424/717 730/1423/718 732/1425/720 731/1426/719
f 731/1426/719 732/1425/720 734/1427/722 733/1428/721
f 733/1428/721 734/1427/722 736/1429/724 735/1430/723
f 735/1430/723 736/1429/724 738/1431/726 737/1432/725
f 737/1432/725 738/1431/726 740/1433/728 739/1434/727
f 739/1434/727 740/1433/728 742/1435/730 741/1436/729
f 728/1437/716 726/1438/714 744/1439/732 742/1440/730 740/1441/728 738/1442/726 736/1443/724 734/1444/722 732/1445/720 730/1446/718
f 741/1436/729 742/1435/730 744/1447/732 743/1448/731
f 743/1448/731 744/1447/732 726/1449/714 725/1450/713
f 725/1451/713 727/1452/715 729/1453/717 731/1454/719 733/1455/721 735/1456/723 737/1457/725 739/1458/727 741/1459/729 743/1460/731
o Socket.030
v -0.650000 0.080000 0.154000
v -0.650000 0.088000 0.154000
v -0.646473 0.080000 0.155146
v -0.646473 0.088000 0.155146
v -0.644294 0.080000 0.158146
v -0.644294 0.088000 0.158146
v -0.644294 0.080000 0.161854
v -0.644294 0.088000 0.161854
v -0.646473 0.080000 0.164854
v -0.646473 0.088000 0.164854
v -0.650000 0.080000 0.166000
v -0.650000 0.088000 0.166000
v -0.653527 0.080000 0.164854
v -0.653527 0.088000 0.164854
v -0.655706 0.080000 0.161854
v -0.655706 0.088000 0.161854
v -0.655706 0.080000 0.158146
v -0.655706 0.088000 0.158146
v -0.653527 0.080000 0.155146
v -0.653527 0.088000 0.155146
vn -0.0000 -0.6437 -0.7653
vn -0.0000 0.6437 -0.7653
vn 0.4498 -0.6437 -0.6191
vn 0.4498 0.6437 -0.6191
vn 0.7278 -0.6437 -0.2365
vn 0.7278 0.6437 -0.2365
vn 0.7278 -0.6437 0.2365
vn 0.7278 0.6437 0.2365
vn 0.4498 -0.6437 0.6191
vn 0.4498 0.6437 0.6191
vn -0.0000 -0.6437 0.7653
vn -0.0000 0.6437 0.7653
vn -0.4498 -0.6437 0.6191
vn -0.4498 0.6437 0.6191
vn -0.7278 -0.6437 0.2365
vn -0.7278 0.6437 0.2365
vn -0.7278 -0.6437 -0.2365
vn -0.7278 0.6437 -0.2365
vn -0.4498 -0.6437 -0.6191
vn -0.4498 0.6437 -0.6191
vt 1.000000 0.500000
vt 1.000000 1.000000
vt 0.900000 1.000000
vt 0.900000 0.500000
vt 0.800000 1.000000
vt 0.800000 0.500000
vt 0.700000 1.000000
vt 0.700000 0.500000
vt 0.600000 1.000000
vt 0.600000 0.500000
vt 0.500000 1.000000
vt 0.500000 0.500000
vt 0.400000 1.000000
vt 0.400000 0.500000
vt 0.300000 1.000000
vt 0.300000 0.500000
vt 0.200000 1.000000
vt 0.200000 0.500000
vt 0.391068 0.444164
vt 0.250000 0.490000
vt 0.108932 0.444164
vt 0.021746 0.324164
vt 0.021746 0.175836
vt 0.108932 0.055836
vt 0.250000 0.010000
vt 0.391068 0.055836
vt 0.478254 0.175836
vt 0.478254 0.324164
vt 0.100000 1.000000
vt 0.100000 0.500000
vt -0.000000 1.000000
vt -0.000000 0.500000
vt 0.750000 0.490000
vt 0.891068 0.444164
vt 0.978254 0.324164
vt 0.978254 0.175836
vt 0.891068 0.055836
vt 0.750000 0.010000
vt 0.608932 0.055836
vt 0.521746 0.175836
vt 0.521746 0.324164
vt 0.608932 0.444164
s 1
usemtl M_Graphite
f 745/1461/733 746/1462/734 748/1463/736 747/1464/735
f 747/1464/735 748/1463/736 750/1465/738 749/1466/737
f 749/1466/737 750/1465/738 752/1467/740 751/1468/739
f 751/1468/739 752/1467/740 754/1469/742 753/1470/741
f 753/1470/741 754/1469/742 756/1471/744 755/1472/743
f 755/1472/743 756/1471/744 758/1473/746 757/1474/745
f 757/1474/745 758/1473/746 760/1475/748 759/1476/747
f 759/1476/747 760/1475/748 762/1477/750 761/1478/749
f 748/1479/736 746/1480/734 764/1481/752 762/1482/750 760/1483/748 758/1484/746 756/1485/744 754/1486/742 752/1487/740 750/1488/738
f 761/1478/749 762/1477/750 764/1489/752 763/1490/751
f 763/1490/751 764/1489/752 746/1491/734 745/1492/733
f 745/1493/733 747/1494/735 749/1495/737 751/1496/739 753/1497/741 755/1498/743 757/1499/745 759/1500/747 761/1501/749 763/1502/751
o Socket.031
v -0.605000 0.080000 0.154000
v -0.605000 0.088000 0.154000
v -0.601473 0.080000 0.155146
v -0.601473 0.088000 0.155146
v -0.599294 0.080000 0.158146
v -0.599294 0.088000 0.158146
v -0.599294 0.080000 0.161854
v -0.599294 0.088000 0.161854
v -0.601473 0.080000 0.164854
v -0.601473 0.088000 0.164854
v -0.605000 0.080000 0.166000
v -0.605000 0.088000 0.166000
v -0.608527 0.080000 0.164854
v -0.608527 0.088000 0.164854
v -0.610706 0.080000 0.161854
v -0.610706 0.088000 0.161854
v -0.610706 0.080000 0.158146
v -0.610706 0.088000 0.158146
v -0.608527 0.080000 0.155146
v -0.608527 0.088000 0.155146
vn -0.0000 -0.6437 -0.7653
vn -0.0000 0.6437 -0.7653
vn 0.4498 -0.6437 -0.6191
vn 0.4498 0.6437 -0.6191
vn 0.7278 -0.6437 -0.2365
vn 0.7278 0.6437 -0.2365
vn 0.7278 -0.6437 0.2365
vn 0.7278 0.6437 0.2365
vn 0.4498 -0.6437 0.6191
vn 0.4498 0.6437 0.6191
vn -0.0000 -0.6437 0.7653
vn -0.0000 0.6437 0.7653
vn -0.4498 -0.6437 0.6191
vn -0.4498 0.6437 0.6191
vn -0.7278 -0.6437 0.2365
vn -0.7278 0.6437 0.2365
vn -0.7278 -0.6437 -0.2365
vn -0.7278 0.6437 -0.2365
vn -0.4498 -0.6437 -0.6191
vn -0.4498 0.6437 -0.6191
vt 1.000000 0.500000
vt 1.000000 1.000000
vt 0.900000 1.000000
vt 0.900000 0.500000
vt 0.800000 1.000000
vt 0.800000 0.500000
vt 0.700000 1.000000
vt 0.700000 0.500000
vt 0.600000 1.000000
vt 0.600000 0.500000
vt 0.500000 1.000000
vt 0.500000 0.500000
vt 0.400000 1.000000
vt 0.400000 0.500000
vt 0.300000 1.000000
vt 0.300000 0.500000
vt 0.200000 1.000000
vt 0.200000 0.500000
vt 0.391068 0.444164
vt 0.250000 0.490000
vt 0.108932 0.444164
vt 0.021746 0.324164
vt 0.021746 0.175836
vt 0.108932 0.055836
vt 0.250000 0.010000
vt 0.391068 0.055836
vt 0.478254 0.175836
vt 0.478254 0.324164
vt 0.100000 1.000000
vt 0.100000 0.500000
vt -0.000000 1.000000
vt -0.000000 0.500000
vt 0.750000 0.490000
vt 0.891068 0.444164
vt 0.978254 0.324164
vt 0.978254 0.175836
vt 0.891068 0.055836
vt 0.750000 0.010000
vt 0.608932 0.055836
vt 0.521746 0.175836
vt 0.521746 0.324164
vt 0.608932 0.444164
s 1
usemtl M_Graphite
f 765/1503/753 766/1504/754 768/1505/756 767/1506/755
f 767/1506/755 768/1505/756 770/1507/758 769/1508/757
f 769/1508/757 770/1507/758 772/1509/760 771/1510/759
f 771/1510/759 772/1509/760 774/1511/762 773/1512/761
f 773/1512/761 774/1511/762 776/1513/764 775/1514/763
f 775/1514/763 776/1513/764 778/1515/766 777/1516/765
f 777/1516/765 778/1515/766 780/1517/768 779/1518/767
f 779/1518/767 780/1517/768 782/1519/770 781/1520/769
f 768/1521/756 766/1522/754 784/1523/772 782/1524/770 780/1525/768 778/1526/766 776/1527/764 774/1528/762 772/1529/760 770/1530/758
f 781/1520/769 782/1519/770 784/1531/772 783/1532/771
f 783/1532/771 784/1531/772 766/1533/754 765/1534/753
f 765/1535/753 767/1536/755 769/1537/757 771/1538/759 773/1539/761 775/1540/763 777/1541/765 779/1542/767 781/1543/769 783/1544/771
o Socket.032
v -0.560000 0.080000 0.154000
v -0.560000 0.088000 0.154000
v -0.556473 0.080000 0.155146
v -0.556473 0.088000 0.155146
v -0.554294 0.080000 0.158146
v -0.554294 0.088000 0.158146
v -0.554294 0.080000 0.161854
v -0.554294 0.088000 0.161854
v -0.556473 0.080000 0.164854
v -0.556473 0.088000 0.164854
v -0.560000 0.080000 0.166000
v -0.560000 0.088000 0.166000
v -0.563527 0.080000 0.164854
v -0.563527 0.088000 0.164854
v -0.565706 0.080000 0.161854
v -0.565706 0.088000 0.161854
v -0.565706 0.080000 0.158146
v -0.565706 0.088000 0.158146
v -0.563527 0.080000 0.155146
v -0.563527 0.088000 0.155146
vn -0.0000 -0.6437 -0.7653
vn -0.0000 0.6437 -0.7653
vn 0.4498 -0.6437 -0.6191
vn 0.4498 0.6437 -0.6191
vn 0.7278 -0.6437 -0.2365
vn 0.7278 0.6437 -0.2365
vn 0.7278 -0.6437 0.2365
vn 0.7278 0.6437 0.2365
vn 0.4498 -0.6437 0.6191
vn 0.4498 0.6437 0.6191
vn -0.0000 -0.6437 0.7653
vn -0.0000 0.6437 0.7653
vn -0.4498 -0.6437 0.6191
vn -0.4498 0.6437 0.6191
vn -0.7278 -0.6437 0.2365
vn -0.7278 0.6437 0.2365
vn -0.7278 -0.6437 -0.2365
vn -0.7278 0.6437 -0.2365
vn -0.4498 -0.6437 -0.6191
vn -0.4498 0.6437 -0.6191
vt 1.000000 0.500000
vt 1.000000 1.000000
vt 0.900000 1.000000
vt 0.900000 0.500000
vt 0.800000 1.000000
vt 0.800000 0.500000
vt 0.700000 1.000000
vt 0.700000 0.500000
vt 0.600000 1.000000
vt 0.600000 0.500000
vt 0.500000 1.000000
vt 0.500000 0.500000
vt 0.400000 1.000000
vt 0.400000 0.500000
vt 0.300000 1.000000
vt 0.300000 0.500000
vt 0.200000 1.000000
vt 0.200000 0.500000
vt 0.391068 0.444164
vt 0.250000 0.490000
vt 0.108932 0.444164
vt 0.021746 0.324164
vt 0.021746 0.175836
vt 0.108932 0.055836
vt 0.250000 0.010000
vt 0.391068 0.055836
vt 0.478254 0.175836
vt 0.478254 0.324164
vt 0.100000 1.000000
vt 0.100000 0.500000
vt -0.000000 1.000000
vt -0.000000 0.500000
vt 0.750000 0.490000
vt 0.891068 0.444164
vt 0.978254 0.324164
vt 0.978254 0.175836
vt 0.891068 0.055836
vt 0.750000 0.010000
vt 0.608932 0.055836
vt 0.521746 0.175836
vt 0.521746 0.324164
vt 0.608932 0.444164
s 1
usemtl M_Graphite
f 785/1545/773 786/1546/774 788/1547/776 787/1548/775
f 787/1548/775 788/1547/776 790/1549/778 789/1550/777
f 789/1550/777 790/1549/778 792/1551/780 791/1552/779
f 791/1552/779 792/1551/780 794/1553/782 793/1554/781
f 793/1554/781 794/1553/782 796/1555/784 795/1556/783
f 795/1556/783 796/1555/784 798/1557/786 797/1558/785
f 797/1558/785 798/1557/786 800/1559/788 799/1560/787
f 799/1560/787 800/1559/788 802/1561/790 801/1562/789
f 788/1563/776 786/1564/774 804/1565/792 802/1566/790 800/1567/788 798/1568/786 796/1569/784 794/1570/782 792/1571/780 790/1572/778
f 801/1562/789 802/1561/790 804/1573/792 803/1574/791
f 803/1574/791 804/1573/792 786/1575/774 785/1576/773
f 785/1577/773 787/1578/775 789/1579/777 791/1580/779 793/1581/781 795/1582/783 797/1583/785 799/1584/787 801/1585/789 803/1586/791
o Socket.033
v -0.515000 0.080000 0.154000
v -0.515000 0.088000 0.154000
v -0.511473 0.080000 0.155146
v -0.511473 0.088000 0.155146
v -0.509294 0.080000 0.158146
v -0.509294 0.088000 0.158146
v -0.509294 0.080000 0.161854
v -0.509294 0.088000 0.161854
v -0.511473 0.080000 0.164854
v -0.511473 0.088000 0.164854
v -0.515000 0.080000 0.166000
v -0.515000 0.088000 0.166000
v -0.518527 0.080000 0.164854
v -0.518527 0.088000 0.164854
v -0.520706 0.080000 0.161854
v -0.520706 0.088000 0.161854
v -0.520706 0.080000 0.158146
v -0.520706 0.088000 0.158146
v -0.518527 0.080000 0.155146
v -0.518527 0.088000 0.155146
vn -0.0000 -0.6437 -0.7653
vn -0.0000 0.6437 -0.7653
vn 0.4498 -0.6437 -0.6191
vn 0.4498 0.6437 -0.6191
vn 0.7278 -0.6437 -0.2365
vn 0.7278 0.6437 -0.2365
vn 0.7278 -0.6437 0.2365
vn 0.7278 0.6437 0.2365
vn 0.4498 -0.6437 0.6191
vn 0.4498 0.6437 0.6191
vn -0.0000 -0.6437 0.7653
vn -0.0000 0.6437 0.7653
vn -0.4498 -0.6437 0.6191
vn -0.4498 0.6437 0.6191
vn -0.7278 -0.6437 0.2365
vn -0.7278 0.6437 0.2365
vn -0.7278 -0.6437 -0.2365
vn -0.7278 0.6437 -0.2365
vn -0.4498 -0.6437 -0.6191
vn -0.4498 0.6437 -0.6191
vt 1.000000 0.500000
vt 1.000000 1.000000
vt 0.900000 1.000000
vt 0.900000 0.500000
vt 0.800000 1.000000
vt 0.800000 0.500000
vt 0.700000 1.000000
vt 0.700000 0.500000
vt 0.600000 1.000000
vt 0.600000 0.500000
vt 0.500000 1.000000
vt 0.500000 0.500000
vt 0.400000 1.000000
vt 0.400000 0.500000
vt 0.300000 1.000000
vt 0.300000 0.500000
vt 0.200000 1.000000
vt 0.200000 0.500000
vt 0.391068 0.444164
vt 0.250000 0.490000
vt 0.108932 0.444164
vt 0.021746 0.324164
vt 0.021746 0.175836
vt 0.108932 0.055836
vt 0.250000 0.010000
vt 0.391068 0.055836
vt 0.478254 0.175836
vt 0.478254 0.324164
vt 0.100000 1.000000
vt 0.100000 0.500000
vt -0.000000 1.000000
vt -0.000000 0.500000
vt 0.750000 0.490000
vt 0.891068 0.444164
vt 0.978254 0.324164
vt 0.978254 0.175836
vt 0.891068 0.055836
vt 0.750000 0.010000
vt 0.608932 0.055836
vt 0.521746 0.175836
vt 0.521746 0.324164
vt 0.608932 0.444164
s 1
usemtl M_Graphite
f 805/1587/793 806/1588/794 808/1589/796 807/1590/795
f 807/1590/795 808/1589/796 810/1591/798 809/1592/797
f 809/1592/797 810/1591/798 812/1593/800 811/1594/799
f 811/1594/799 812/1593/800 814/1595/802 813/1596/801
f 813/1596/801 814/1595/802 816/1597/804 815/1598/803
f 815/1598/803 816/1597/804 818/1599/806 817/1600/805
f 817/1600/805 818/1599/806 820/1601/808 819/1602/807
f 819/1602/807 820/1601/808 822/1603/810 821/1604/809
f 808/1605/796 806/1606/794 824/1607/812 822/1608/810 820/1609/808 818/1610/806 816/1611/804 814/1612/802 812/1613/800 810/1614/798
f 821/1604/809 822/1603/810 824/1615/812 823/1616/811
f 823/1616/811 824/1615/812 806/1617/794 805/1618/793
f 805/1619/793 807/1620/795 809/1621/797 811/1622/799 813/1623/801 815/1624/803 817/1625/805 819/1626/807 821/1627/809 823/1628/811
o Socket.034
v -0.470000 0.080000 0.154000
v -0.470000 0.088000 0.154000
v -0.466473 0.080000 0.155146
v -0.466473 0.088000 0.155146
v -0.464294 0.080000 0.158146
v -0.464294 0.088000 0.158146
v -0.464294 0.080000 0.161854
v -0.464294 0.088000 0.161854
v -0.466473 0.080000 0.164854
v -0.466473 0.088000 0.164854
v -0.470000 0.080000 0.166000
v -0.470000 0.088000 0.166000
v -0.473527 0.080000 0.164854
v -0.473527 0.088000 0.164854
v -0.475706 0.080000 0.161854
v -0.475706 0.088000 0.161854
v -0.475706 0.080000 0.158146
v -0.475706 0.088000 0.158146
v -0.473527 0.080000 0.155146
v -0.473527 0.088000 0.155146
vn -0.0000 -0.6437 -0.7653
vn -0.0000 0.6437 -0.7653
vn 0.4498 -0.6437 -0.6191
vn 0.4498 0.6437 -0.6191
vn 0.7278 -0.6437 -0.2365
vn 0.7278 0.6437 -0.2365
vn 0.7278 -0.6437 0.2365
vn 0.7278 0.6437 0.2365
vn 0.4498 -0.6437 0.6191
vn 0.4498 0.6437 0.6191
vn -0.0000 -0.6437 0.7653
vn -0.0000 0.6437 0.7653
vn -0.4498 -0.6437 0.6191
vn -0.4498 0.6437 0.6191
vn -0.7278 -0.6437 0.2365
vn -0.7278 0.6437 0.2365
vn -0.7278 -0.6437 -0.2365
vn -0.7278 0.6437 -0.2365
vn -0.4498 -0.6437 -0.6191
vn -0.4498 0.6437 -0.6191
vt 1.000000 0.500000
vt 1.000000 1.000000
vt 0.900000 1.000000
vt 0.900000 0.500000
vt 0.800000 1.000000
vt 0.800000 0.500000
vt 0.700000 1.000000
vt 0.700000 0.500000
vt 0.600000 1.000000
vt 0.600000 0.500000
vt 0.500000 1.000000
vt 0.500000 0.500000
vt 0.400000 1.000000
vt 0.400000 0.500000
vt 0.300000 1.000000
vt 0.300000 0.500000
vt 0.200000 1.000000
vt 0.200000 0.500000
vt 0.391068 0.444164
vt 0.250000 0.490000
vt 0.108932 0.444164
vt 0.021746 0.324164
vt 0.021746 0.175836
vt 0.108932 0.055836
vt 0.250000 0.010000
vt 0.391068 0.055836
vt 0.478254 0.175836
vt 0.478254 0.324164
vt 0.100000 1.000000
vt 0.100000 0.500000
vt -0.000000 1.000000
vt -0.000000 0.500000
vt 0.750000 0.490000
vt 0.891068 0.444164
vt 0.978254 0.324164
vt 0.978254 0.175836
vt 0.891068 0.055836
vt 0.750000 0.010000
vt 0.608932 0.055836
vt 0.521746 0.175836
vt 0.521746 0.324164
vt 0.608932 0.444164
s 1
usemtl M_Graphite
f 825/1629/813 826/1630/814 828/1631/816 827/1632/815
f 827/1632/815 828/1631/816 830/1633/818 829/1634/817
f 829/1634/817 830/1633/818 832/1635/820 831/1636/819
f 831/1636/819 832/1635/820 834/1637/822 833/1638/821
f 833/1638/821 834/1637/822 836/1639/824 835/1640/823
f 835/1640/823 836/1639/824 838/1641/826 837/1642/825
f 837/1642/825 838/1641/826 840/1643/828 839/1644/827
f 839/1644/827 840/1643/828 842/1645/830 841/1646/829
f 828/1647/816 826/1648/814 844/1649/832 842/1650/830 840/1651/828 838/1652/826 836/1653/824 834/1654/822 832/1655/820 830/1656/818
f 841/1646/829 842/1645/830 844/1657/832 843/1658/831
f 843/1658/831 844/1657/832 826/1659/814 825/1660/813
f 825/1661/813 827/1662/815 829/1663/817 831/1664/819 833/1665/821 835/1666/823 837/1667/825 839/1668/827 841/1669/829 843/1670/831
o Socket.035
v -0.425000 0.080000 0.154000
v -0.425000 0.088000 0.154000
v -0.421473 0.080000 0.155146
v -0.421473 0.088000 0.155146
v -0.419294 0.080000 0.158146
v -0.419294 0.088000 0.158146
v -0.419294 0.080000 0.161854
v -0.419294 0.088000 0.161854
v -0.421473 0.080000 0.164854
v -0.421473 0.088000 0.164854
v -0.425000 0.080000 0.166000
v -0.425000 0.088000 0.166000
v -0.428527 0.080000 0.164854
v -0.428527 0.088000 0.164854
v -0.430706 0.080000 0.161854
v -0.430706 0.088000 0.161854
v -0.430706 0.080000 0.158146
v -0.430706 0.088000 0.158146
v -0.428527 0.080000 0.155146
v -0.428527 0.088000 0.155146
vn -0.0000 -0.6437 -0.7653
vn -0.0000 0.6437 -0.7653
vn 0.4498 -0.6437 -0.6191
vn 0.4498 0.6437 -0.6191
vn 0.7278 -0.6437 -0.2365
vn 0.7278 0.6437 -0.2365
vn 0.7278 -0.6437 0.2365
vn 0.7278 0.6437 0.2365
vn 0.4498 -0.6437 0.6191
vn 0.4498 0.6437 0.6191
vn -0.0000 -0.6437 0.7653
vn -0.0000 0.6437 0.7653
vn -0.4498 -0.6437 0.6191
vn -0.4498 0.6437 0.6191
vn -0.7278 -0.6437 0.2365
vn -0.7278 0.6437 0.2365
vn -0.7278 -0.6437 -0.2365
vn -0.7278 0.6437 -0.2365
vn -0.4498 -0.6437 -0.6191
vn -0.4498 0.6437 -0.6191
vt 1.000000 0.500000
vt 1.000000 1.000000
vt 0.900000 1.000000
vt 0.900000 0.500000
vt 0.800000 1.000000
vt 0.800000 0.500000
vt 0.700000 1.000000
vt 0.700000 0.500000
vt 0.600000 1.000000
vt 0.600000 0.500000
vt 0.500000 1.000000
vt 0.500000 0.500000
vt 0.400000 1.000000
vt 0.400000 0.500000
vt 0.300000 1.000000
vt 0.300000 0.500000
vt 0.200000 1.000000
vt 0.200000 0.500000
vt 0.391068 0.444164
vt 0.250000 0.490000
vt 0.108932 0.444164
vt 0.021746 0.324164
vt 0.021746 0.175836
vt 0.108932 0.055836
vt 0.250000 0.010000
vt 0.391068 0.055836
vt 0.478254 0.175836
vt 0.478254 0.324164
vt 0.100000 1.000000
vt 0.100000 0.500000
vt -0.000000 1.000000
vt -0.000000 0.500000
vt 0.750000 0.490000
vt 0.891068 0.444164
vt 0.978254 0.324164
vt 0.978254 0.175836
vt 0.891068 0.055836
vt 0.750000 0.010000
vt 0.608932 0.055836
vt 0.521746 0.175836
vt 0.521746 0.324164
vt 0.608932 0.444164
s 1
usemtl M_Graphite
f 845/1671/833 846/1672/834 848/1673/836 847/1674/835
f 847/1674/835 848/1673/836 850/1675/838 849/1676/837
f 849/1676/837 850/1675/838 852/1677/840 851/1678/839
f 851/1678/839 852/1677/840 854/1679/842 853/1680/841
f 853/1680/841 854/1679/842 856/1681/844 855/1682/843
f 855/1682/843 856/1681/844 858/1683/846 857/1684/845
f 857/1684/845 858/1683/846 860/1685/848 859/1686/847
f 859/1686/847 860/1685/848 862/1687/850 861/1688/849
f 848/1689/836 846/1690/834 864/1691/852 862/1692/850 860/1693/848 858/1694/846 856/1695/844 854/1696/842 852/1697/840 850/1698/838
f 861/1688/849 862/1687/850 864/1699/852 863/1700/851
f 863/1700/851 864/1699/852 846/1701/834 845/1702/833
f 845/1703/833 847/1704/835 849/1705/837 851/1706/839 853/1707/841 855/1708/843 857/1709/845 859/1710/847 861/1711/849 863/1712/851
o Socket.036
v -0.380000 0.080000 0.154000
v -0.380000 0.088000 0.154000
v -0.376473 0.080000 0.155146
v -0.376473 0.088000 0.155146
v -0.374294 0.080000 0.158146
v -0.374294 0.088000 0.158146
v -0.374294 0.080000 0.161854
v -0.374294 0.088000 0.161854
v -0.376473 0.080000 0.164854
v -0.376473 0.088000 0.164854
v -0.380000 0.080000 0.166000
v -0.380000 0.088000 0.166000
v -0.383527 0.080000 0.164854
v -0.383527 0.088000 0.164854
v -0.385706 0.080000 0.161854
v -0.385706 0.088000 0.161854
v -0.385706 0.080000 0.158146
v -0.385706 0.088000 0.158146
v -0.383527 0.080000 0.155146
v -0.383527 0.088000 0.155146
vn -0.0000 -0.6437 -0.7653
vn -0.0000 0.6437 -0.7653
vn 0.4498 -0.6437 -0.6191
vn 0.4498 0.6437 -0.6191
vn 0.7278 -0.6437 -0.2365
vn 0.7278 0.6437 -0.2365
vn 0.7278 -0.6437 0.2365
vn 0.7278 0.6437 0.2365
vn 0.4498 -0.6437 0.6191
vn 0.4498 0.6437 0.6191
vn -0.0000 -0.6437 0.7653
vn -0.0000 0.6437 0.7653
vn -0.4498 -0.6437 0.6191
vn -0.4498 0.6437 0.6191
vn -0.7278 -0.6437 0.2365
vn -0.7278 0.6437 0.2365
vn -0.7278 -0.6437 -0.2365
vn -0.7278 0.6437 -0.2365
vn -0.4498 -0.6437 -0.6191
vn -0.4498 0.6437 -0.6191
vt 1.000000 0.500000
vt 1.000000 1.000000
vt 0.900000 1.000000
vt 0.900000 0.500000
vt 0.800000 1.000000
vt 0.800000 0.500000
vt 0.700000 1.000000
vt 0.700000 0.500000
vt 0.600000 1.000000
vt 0.600000 0.500000
vt 0.500000 1.000000
vt 0.500000 0.500000
vt 0.400000 1.000000
vt 0.400000 0.500000
vt 0.300000 1.000000
vt 0.300000 0.500000
vt 0.200000 1.000000
vt 0.200000 0.500000
vt 0.391068 0.444164
vt 0.250000 0.490000
vt 0.108932 0.444164
vt 0.021746 0.324164
vt 0.021746 0.175836
vt 0.108932 0.055836
vt 0.250000 0.010000
vt 0.391068 0.055836
vt 0.478254 0.175836
vt 0.478254 0.324164
vt 0.100000 1.000000
vt 0.100000 0.500000
vt -0.000000 1.000000
vt -0.000000 0.500000
vt 0.750000 0.490000
vt 0.891068 0.444164
vt 0.978254 0.324164
vt 0.978254 0.175836
vt 0.891068 0.055836
vt 0.750000 0.010000
vt 0.608932 0.055836
vt 0.521746 0.175836
vt 0.521746 0.324164
vt 0.608932 0.444164
s 1
usemtl M_Graphite
f 865/1713/853 866/1714/854 868/1715/856 867/1716/855
f 867/1716/855 868/1715/856 870/1717/858 869/1718/857
f 869/1718/857 870/1717/858 872/1719/860 871/1720/859
f 871/1720/859 872/1719/860 874/1721/862 873/1722/861
f 873/1722/861 874/1721/862 876/1723/864 875/1724/863
f 875/1724/863 876/1723/864 878/1725/866 877/1726/865
f 877/1726/865 878/1725/866 880/1727/868 879/1728/867
f 879/1728/867 880/1727/868 882/1729/870 881/1730/869
f 868/1731/856 866/1732/854 884/1733/872 882/1734/870 880/1735/868 878/1736/866 876/1737/864 874/1738/862 872/1739/860 870/1740/858
f 881/1730/869 882/1729/870 884/1741/872 883/1742/871
f 883/1742/871 884/1741/872 866/1743/854 865/1744/853
f 865/1745/853 867/1746/855 869/1747/857 871/1748/859 873/1749/861 875/1750/863 877/1751/865 879/1752/867 881/1753/869 883/1754/871
o Socket.037
v -0.335000 0.080000 0.154000
v -0.335000 0.088000 0.154000
v -0.331473 0.080000 0.155146
v -0.331473 0.088000 0.155146
v -0.329294 0.080000 0.158146
v -0.329294 0.088000 0.158146
v -0.329294 0.080000 0.161854
v -0.329294 0.088000 0.161854
v -0.331473 0.080000 0.164854
v -0.331473 0.088000 0.164854
v -0.335000 0.080000 0.166000
v -0.335000 0.088000 0.166000
v -0.338527 0.080000 0.164854
v -0.338527 0.088000 0.164854
v -0.340706 0.080000 0.161854
v -0.340706 0.088000 0.161854
v -0.340706 0.080000 0.158146
v -0.340706 0.088000 0.158146
v -0.338527 0.080000 0.155146
v -0.338527 0.088000 0.155146
vn -0.0000 -0.6437 -0.7653
vn -0.0000 0.6437 -0.7653
vn 0.4498 -0.6437 -0.6191
vn 0.4498 0.6437 -0.6191
vn 0.7278 -0.6437 -0.2365
vn 0.7278 0.6437 -0.2365
vn 0.7278 -0.6437 0.2365
vn 0.7278 0.6437 0.2365
vn 0.4498 -0.6437 0.6191
vn 0.4498 0.6437 0.6191
vn -0.0000 -0.6437 0.7653
vn -0.0000 0.6437 0.7653
vn -0.4498 -0.6437 0.6191
vn -0.4498 0.6437 0.6191
vn -0.7278 -0.6437 0.2365
vn -0.7278 0.6437 0.2365
vn -0.7278 -0.6437 -0.2365
vn -0.7278 0.6437 -0.2365
vn -0.4498 -0.6437 -0.6191
vn -0.4498 0.6437 -0.6191
vt 1.000000 0.500000
vt 1.000000 1.000000
vt 0.900000 1.000000
vt 0.900000 0.500000
vt 0.800000 1.000000
vt 0.800000 0.500000
vt 0.700000 1.000000
vt 0.700000 0.500000
vt 0.600000 1.000000
vt 0.600000 0.500000
vt 0.500000 1.000000
vt 0.500000 0.500000
vt 0.400000 1.000000
vt 0.400000 0.500000
vt 0.300000 1.000000
vt 0.300000 0.500000
vt 0.200000 1.000000
vt 0.200000 0.500000
vt 0.391068 0.444164
vt 0.250000 0.490000
vt 0.108932 0.444164
vt 0.021746 0.324164
vt 0.021746 0.175836
vt 0.108932 0.055836
vt 0.250000 0.010000
vt 0.391068 0.055836
vt 0.478254 0.175836
vt 0.478254 0.324164
vt 0.100000 1.000000
vt 0.100000 0.500000
vt -0.000000 1.000000
vt -0.000000 0.500000
vt 0.750000 0.490000
vt 0.891068 0.444164
vt 0.978254 0.324164
vt 0.978254 0.175836
vt 0.891068 0.055836
vt 0.750000 0.010000
vt 0.608932 0.055836
vt 0.521746 0.175836
vt 0.521746 0.324164
vt 0.608932 0.444164
s 1
usemtl M_Graphite
f 885/1755/873 886/1756/874 888/1757/876 887/1758/875
f 887/1758/875 888/1757/876 890/1759/878 889/1760/877
f 889/1760/877 890/1759/878 892/1761/880 891/1762/879
f 891/1762/879 892/1761/880 894/1763/882 893/1764/881
f 893/1764/881 894/1763/882 896/1765/884 895/1766/883
f 895/1766/883 896/1765/884 898/1767/886 897/1768/885
f 897/1768/885 898/1767/886 900/1769/888 899/1770/887
f 899/1770/887 900/1769/888 902/1771/890 901/1772/889
f 888/1773/876 886/1774/874 904/1775/892 902/1776/890 900/1777/888 898/1778/886 896/1779/884 894/1780/882 892/1781/880 890/1782/878
f 901/1772/889 902/1771/890 904/1783/892 903/1784/891
f 903/1784/891 904/1783/892 886/1785/874 885/1786/873
f 885/1787/873 887/1788/875 889/1789/877 891/1790/879 893/1791/881 895/1792/883 897/1793/885 899/1794/887 901/1795/889 903/1796/891
o Socket.038
v -0.290000 0.080000 0.154000
v -0.290000 0.088000 0.154000
v -0.286473 0.080000 0.155146
v -0.286473 0.088000 0.155146
v -0.284294 0.080000 0.158146
v -0.284294 0.088000 0.158146
v -0.284294 0.080000 0.161854
v -0.284294 0.088000 0.161854
v -0.286473 0.080000 0.164854
v -0.286473 0.088000 0.164854
v -0.290000 0.080000 0.166000
v -0.290000 0.088000 0.166000
v -0.293527 0.080000 0.164854
v -0.293527 0.088000 0.164854
v -0.295706 0.080000 0.161854
v -0.295706 0.088000 0.161854
v -0.295706 0.080000 0.158146
v -0.295706 0.088000 0.158146
v -0.293527 0.080000 0.155146
v -0.293527 0.088000 0.155146
vn -0.0000 -0.6437 -0.7653
vn -0.0000 0.6437 -0.7653
vn 0.4498 -0.6437 -0.6191
vn 0.4498 0.6437 -0.6191
vn 0.7278 -0.6437 -0.2365
vn 0.7278 0.6437 -0.2365
vn 0.7278 -0.6437 0.2365
vn 0.7278 0.6437 0.2365
vn 0.4498 -0.6437 0.6191
vn 0.4498 0.6437 0.6191
vn -0.0000 -0.6437 0.7653
vn -0.0000 0.6437 0.7653
vn -0.4498 -0.6437 0.6191
vn -0.4498 0.6437 0.6191
vn -0.7278 -0.6437 0.2365
vn -0.7278 0.6437 0.2365
vn -0.7278 -0.6437 -0.2365
vn -0.7278 0.6437 -0.2365
vn -0.4498 -0.6437 -0.6191
vn -0.4498 0.6437 -0.6191
vt 1.000000 0.500000
vt 1.000000 1.000000
vt 0.900000 1.000000
vt 0.900000 0.500000
vt 0.800000 1.000000
vt 0.800000 0.500000
vt 0.700000 1.000000
vt 0.700000 0.500000
vt 0.600000 1.000000
vt 0.600000 0.500000
vt 0.500000 1.000000
vt 0.500000 0.500000
vt 0.400000 1.000000
vt 0.400000 0.500000
vt 0.300000 1.000000
vt 0.300000 0.500000
vt 0.200000 1.000000
vt 0.200000 0.500000
vt 0.391068 0.444164
vt 0.250000 0.490000
vt 0.108932 0.444164
vt 0.021746 0.324164
vt 0.021746 0.175836
vt 0.108932 0.055836
vt 0.250000 0.010000
vt 0.391068 0.055836
vt 0.478254 0.175836
vt 0.478254 0.324164
vt 0.100000 1.000000
vt 0.100000 0.500000
vt -0.000000 1.000000
vt -0.000000 0.500000
vt 0.750000 0.490000
vt 0.891068 0.444164
vt 0.978254 0.324164
vt 0.978254 0.175836
vt 0.891068 0.055836
vt 0.750000 0.010000
vt 0.608932 0.055836
vt 0.521746 0.175836
vt 0.521746 0.324164
vt 0.608932 0.444164
s 1
usemtl M_Graphite
f 905/1797/893 906/1798/894 908/1799/896 907/1800/895
f 907/1800/895 908/1799/896 910/1801/898 909/1802/897
f 909/1802/897 910/1801/898 912/1803/900 911/1804/899
f 911/1804/899 912/1803/900 914/1805/902 913/1806/901
f 913/1806/901 914/1805/902 916/1807/904 915/1808/903
f 915/1808/903 916/1807/904 918/1809/906 917/1810/905
f 917/1810/905 918/1809/906 920/1811/908 919/1812/907
f 919/1812/907 920/1811/908 922/1813/910 921/1814/909
f 908/1815/896 906/1816/894 924/1817/912 922/1818/910 920/1819/908 918/1820/906 916/1821/904 914/1822/902 912/1823/900 910/1824/898
f 921/1814/909 922/1813/910 924/1825/912 923/1826/911
f 923/1826/911 924/1825/912 906/1827/894 905/1828/893
f 905/1829/893 907/1830/895 909/1831/897 911/1832/899 913/1833/901 915/1834/903 917/1835/905 919/1836/907 921/1837/909 923/1838/911
o Socket.039
v -0.245000 0.080000 0.154000
v -0.245000 0.088000 0.154000
v -0.241473 0.080000 0.155146
v -0.241473 0.088000 0.155146
v -0.239294 0.080000 0.158146
v -0.239294 0.088000 0.158146
v -0.239294 0.080000 0.161854
v -0.239294 0.088000 0.161854
v -0.241473 0.080000 0.164854
v -0.241473 0.088000 0.164854
v -0.245000 0.080000 0.166000
v -0.245000 0.088000 0.166000
v -0.248527 0.080000 0.164854
v -0.248527 0.088000 0.164854
v -0.250706 0.080000 0.161854
v -0.250706 0.088000 0.161854
v -0.250706 0.080000 0.158146
v -0.250706 0.088000 0.158146
v -0.248527 0.080000 0.155146
v -0.248527 0.088000 0.155146
vn -0.0000 -0.6437 -0.7653
vn -0.0000 0.6437 -0.7653
vn 0.4498 -0.6437 -0.6191
vn 0.4498 0.6437 -0.6191
vn 0.7278 -0.6437 -0.2365
vn 0.7278 0.6437 -0.2365
vn 0.7278 -0.6437 0.2365
vn 0.7278 0.6437 0.2365
vn 0.4498 -0.6437 0.6191
vn 0.4498 0.6437 0.6191
vn -0.0000 -0.6437 0.7653
vn -0.0000 0.6437 0.7653
vn -0.4498 -0.6437 0.6191
vn -0.4498 0.6437 0.6191
vn -0.7278 -0.6437 0.2365
vn -0.7278 0.6437 0.2365
vn -0.7278 -0.6437 -0.2365
vn -0.7278 0.6437 -0.2365
vn -0.4498 -0.6437 -0.6191
vn -0.4498 0.6437 -0.6191
vt 1.000000 0.500000
vt 1.000000 1.000000
vt 0.900000 1.000000
vt 0.900000 0.500000
vt 0.800000 1.000000
vt 0.800000 0.500000
vt 0.700000 1.000000
vt 0.700000 0.500000
vt 0.600000 1.000000
vt 0.600000 0.500000
vt 0.500000 1.000000
vt 0.500000 0.500000
vt 0.400000 1.000000
vt 0.400000 0.500000
vt 0.300000 1.000000
vt 0.300000 0.500000
vt 0.200000 1.000000
vt 0.200000 0.500000
vt 0.391068 0.444164
vt 0.250000 0.490000
vt 0.108932 0.444164
vt 0.021746 0.324164
vt 0.021746 0.175836
vt 0.108932 0.055836
vt 0.250000 0.010000
vt 0.391068 0.055836
vt 0.478254 0.175836
vt 0.478254 0.324164
vt 0.100000 1.000000
vt 0.100000 0.500000
vt -0.000000 1.000000
vt -0.000000 0.500000
vt 0.750000 0.490000
vt 0.891068 0.444164
vt 0.978254 0.324164
vt 0.978254 0.175836
vt 0.891068 0.055836
vt 0.750000 0.010000
vt 0.608932 0.055836
vt 0.521746 0.175836
vt 0.521746 0.324164
vt 0.608932 0.444164
s 1
usemtl M_Graphite
f 925/1839/913 926/1840/914 928/1841/916 927/1842/915
f 927/1842/915 928/1841/916 930/1843/918 929/1844/917
f 929/1844/917 930/1843/918 932/1845/920 931/1846/919
f 931/1846/919 932/1845/920 934/1847/922 933/1848/921
f 933/1848/921 934/1847/922 936/1849/924 935/1850/923
f 935/1850/923 936/1849/924 938/1851/926 937/1852/925
f 937/1852/925 938/1851/926 940/1853/928 939/1854/927
f 939/1854/927 940/1853/928 942/1855/930 941/1856/929
f 928/1857/916 926/1858/914 944/1859/932 942/1860/930 940/1861/928 938/1862/926 936/1863/924 934/1864/922 932/1865/920 930/1866/918
f 941/1856/929 942/1855/930 944/1867/932 943/1868/931
f 943/1868/931 944/1867/932 926/1869/914 925/1870/913
f 925/1871/913 927/1872/915 929/1873/917 931/1874/919 933/1875/921 935/1876/923 937/1877/925 939/1878/927 941/1879/929 943/1880/931
o Socket.040
v -0.200000 0.080000 0.154000
v -0.200000 0.088000 0.154000
v -0.196473 0.080000 0.155146
v -0.196473 0.088000 0.155146
v -0.194294 0.080000 0.158146
v -0.194294 0.088000 0.158146
v -0.194294 0.080000 0.161854
v -0.194294 0.088000 0.161854
v -0.196473 0.080000 0.164854
v -0.196473 0.088000 0.164854
v -0.200000 0.080000 0.166000
v -0.200000 0.088000 0.166000
v -0.203527 0.080000 0.164854
v -0.203527 0.088000 0.164854
v -0.205706 0.080000 0.161854
v -0.205706 0.088000 0.161854
v -0.205706 0.080000 0.158146
v -0.205706 0.088000 0.158146
v -0.203527 0.080000 0.155146
v -0.203527 0.088000 0.155146
vn -0.0000 -0.6437 -0.7653
vn -0.0000 0.6437 -0.7653
vn 0.4498 -0.6437 -0.6191
vn 0.4498 0.6437 -0.6191
vn 0.7278 -0.6437 -0.2365
vn 0.7278 0.6437 -0.2365
vn 0.7278 -0.6437 0.2365
vn 0.7278 0.6437 0.2365
vn 0.4498 -0.6437 0.6191
vn 0.4498 0.6437 0.6191
vn -0.0000 -0.6437 0.7653
vn -0.0000 0.6437 0.7653
vn -0.4498 -0.6437 0.6191
vn -0.4498 0.6437 0.6191
vn -0.7278 -0.6437 0.2365
vn -0.7278 0.6437 0.2365
vn -0.7278 -0.6437 -0.2365
vn -0.7278 0.6437 -0.2365
vn -0.4498 -0.6437 -0.6191
vn -0.4498 0.6437 -0.6191
vt 1.000000 0.500000
vt 1.000000 1.000000
vt 0.900000 1.000000
vt 0.900000 0.500000
vt 0.800000 1.000000
vt 0.800000 0.500000
vt 0.700000 1.000000
vt 0.700000 0.500000
vt 0.600000 1.000000
vt 0.600000 0.500000
vt 0.500000 1.000000
vt 0.500000 0.500000
vt 0.400000 1.000000
vt 0.400000 0.500000
vt 0.300000 1.000000
vt 0.300000 0.500000
vt 0.200000 1.000000
vt 0.200000 0.500000
vt 0.391068 0.444164
vt 0.250000 0.490000
vt 0.108932 0.444164
vt 0.021746 0.324164
vt 0.021746 0.175836
vt 0.108932 0.055836
vt 0.250000 0.010000
vt 0.391068 0.055836
vt 0.478254 0.175836
vt 0.478254 0.324164
vt 0.100000 1.000000
vt 0.100000 0.500000
vt -0.000000 1.000000
vt -0.000000 0.500000
vt 0.750000 0.490000
vt 0.891068 0.444164
vt 0.978254 0.324164
vt 0.978254 0.175836
vt 0.891068 0.055836
vt 0.750000 0.010000
vt 0.608932 0.055836
vt 0.521746 0.175836
vt 0.521746 0.324164
vt 0.608932 0.444164
s 1
usemtl M_Graphite
f 945/1881/933 946/1882/934 948/1883/936 947/1884/935
f 947/1884/935 948/1883/936 950/1885/938 949/1886/937
f 949/1886/937 950/1885/938 952/1887/940 951/1888/939
f 951/1888/939 952/1887/940 954/1889/942 953/1890/941
f 953/1890/941 954/1889/942 956/1891/944 955/1892/943
f 955/1892/943 956/1891/944 958/1893/946 957/1894/945
f 957/1894/945 958/1893/946 960/1895/948 959/1896/947
f 959/1896/947 960/1895/948 962/1897/950 961/1898/949
f 948/1899/936 946/1900/934 964/1901/952 962/1902/950 960/1903/948 958/1904/946 956/1905/944 954/1906/942 952/1907/940 950/1908/938
f 961/1898/949 962/1897/950 964/1909/952 963/1910/951
f 963/1910/951 964/1909/952 946/1911/934 945/1912/933
f 945/1913/933 947/1914/935 949/1915/937 951/1916/939 953/1917/941 955/1918/943 957/1919/945 959/1920/947 961/1921/949 963/1922/951
o Socket.041
v -0.155000 0.080000 0.154000
v -0.155000 0.088000 0.154000
v -0.151473 0.080000 0.155146
v -0.151473 0.088000 0.155146
v -0.149294 0.080000 0.158146
v -0.149294 0.088000 0.158146
v -0.149294 0.080000 0.161854
v -0.149294 0.088000 0.161854
v -0.151473 0.080000 0.164854
v -0.151473 0.088000 0.164854
v -0.155000 0.080000 0.166000
v -0.155000 0.088000 0.166000
v -0.158527 0.080000 0.164854
v -0.158527 0.088000 0.164854
v -0.160706 0.080000 0.161854
v -0.160706 0.088000 0.161854
v -0.160706 0.080000 0.158146
v -0.160706 0.088000 0.158146
v -0.158527 0.080000 0.155146
v -0.158527 0.088000 0.155146
vn -0.0000 -0.6437 -0.7653
vn -0.0000 0.6437 -0.7653
vn 0.4498 -0.6437 -0.6191
vn 0.4498 0.6437 -0.6191
vn 0.7278 -0.6437 -0.2365
vn 0.7278 0.6437 -0.2365
vn 0.7278 -0.6437 0.2365
vn 0.7278 0.6437 0.2365
vn 0.4498 -0.6437 0.6191
vn 0.4498 0.6437 0.6191
vn -0.0000 -0.6437 0.7653
vn -0.0000 0.6437 0.7653
vn -0.4498 -0.6437 0.6191
vn -0.4498 0.6437 0.6191
vn -0.7278 -0.6437 0.2365
vn -0.7278 0.6437 0.2365
vn -0.7278 -0.6437 -0.2365
vn -0.7278 0.6437 -0.2365
vn -0.4498 -0.6437 -0.6191
vn -0.4498 0.6437 -0.6191
vt 1.000000 0.500000
vt 1.000000 1.000000
vt 0.900000 1.000000
vt 0.900000 0.500000
vt 0.800000 1.000000
vt 0.800000 0.500000
vt 0.700000 1.000000
vt 0.700000 0.500000
vt 0.600000 1.000000
vt 0.600000 0.500000
vt 0.500000 1.000000
vt 0.500000 0.500000
vt 0.400000 1.000000
vt 0.400000 0.500000
vt 0.300000 1.000000
vt 0.300000 0.500000
vt 0.200000 1.000000
vt 0.200000 0.500000
vt 0.391068 0.444164
vt 0.250000 0.490000
vt 0.108932 0.444164
vt 0.021746 0.324164
vt 0.021746 0.175836
vt 0.108932 0.055836
vt 0.250000 0.010000
vt 0.391068 0.055836
vt 0.478254 0.175836
vt 0.478254 0.324164
vt 0.100000 1.000000
vt 0.100000 0.500000
vt -0.000000 1.000000
vt -0.000000 0.500000
vt 0.750000 0.490000
vt 0.891068 0.444164
vt 0.978254 0.324164
vt 0.978254 0.175836
vt 0.891068 0.055836
vt 0.750000 0.010000
vt 0.608932 0.055836
vt 0.521746 0.175836
vt 0.521746 0.324164
vt 0.608932 0.444164
s 1
usemtl M_Graphite
f 965/1923/953 966/1924/954 968/1925/956 967/1926/955
f 967/1926/955 968/1925/956 970/1927/958 969/1928/957
f 969/1928/957 970/1927/958 972/1929/960 971/1930/959
f 971/1930/959 972/1929/960 974/1931/962 973/1932/961
f 973/1932/961 974/1931/962 976/1933/964 975/1934/963
f 975/1934/963 976/1933/964 978/1935/966 977/1936/965
f 977/1936/965 978/1935/966 980/1937/968 979/1938/967
f 979/1938/967 980/1937/968 982/1939/970 981/1940/969
f 968/1941/956 966/1942/954 984/1943/972 982/1944/970 980/1945/968 978/1946/966 976/1947/964 974/1948/962 972/1949/960 970/1950/958
f 981/1940/969 982/1939/970 984/1951/972 983/1952/971
f 983/1952/971 984/1951/972 966/1953/954 965/1954/953
f 965/1955/953 967/1956/955 969/1957/957 971/1958/959 973/1959/961 975/1960/963 977/1961/965 979/1962/967 981/1963/969 983/1964/971
o Socket.042
v -0.110000 0.080000 0.154000
v -0.110000 0.088000 0.154000
v -0.106473 0.080000 0.155146
v -0.106473 0.088000 0.155146
v -0.104294 0.080000 0.158146
v -0.104294 0.088000 0.158146
v -0.104294 0.080000 0.161854
v -0.104294 0.088000 0.161854
v -0.106473 0.080000 0.164854
v -0.106473 0.088000 0.164854
v -0.110000 0.080000 0.166000
v -0.110000 0.088000 0.166000
v -0.113527 0.080000 0.164854
v -0.113527 0.088000 0.164854
v -0.115706 0.080000 0.161854
v -0.115706 0.088000 0.161854
v -0.115706 0.080000 0.158146
v -0.115706 0.088000 0.158146
v -0.113527 0.080000 0.155146
v -0.113527 0.088000 0.155146
vn -0.0000 -0.6437 -0.7653
vn -0.0000 0.6437 -0.7653
vn 0.4498 -0.6437 -0.6191
vn 0.4498 0.6437 -0.6191
vn 0.7278 -0.6437 -0.2365
vn 0.7278 0.6437 -0.2365
vn 0.7278 -0.6437 0.2365
vn 0.7278 0.6437 0.2365
vn 0.4498 -0.6437 0.6191
vn 0.4498 0.6437 0.6191
vn -0.0000 -0.6437 0.7653
vn -0.0000 0.6437 0.7653
vn -0.4498 -0.6437 0.6191
vn -0.4498 0.6437 0.6191
vn -0.7278 -0.6437 0.2365
vn -0.7278 0.6437 0.2365
vn -0.7278 -0.6437 -0.2365
vn -0.7278 0.6437 -0.2365
vn -0.4498 -0.6437 -0.6191
vn -0.4498 0.6437 -0.6191
vt 1.000000 0.500000
vt 1.000000 1.000000
vt 0.900000 1.000000
vt 0.900000 0.500000
vt 0.800000 1.000000
vt 0.800000 0.500000
vt 0.700000 1.000000
vt 0.700000 0.500000
vt 0.600000 1.000000
vt 0.600000 0.500000
vt 0.500000 1.000000
vt 0.500000 0.500000
vt 0.400000 1.000000
vt 0.400000 0.500000
vt 0.300000 1.000000
vt 0.300000 0.500000
vt 0.200000 1.000000
vt 0.200000 0.500000
vt 0.391068 0.444164
vt 0.250000 0.490000
vt 0.108932 0.444164
vt 0.021746 0.324164
vt 0.021746 0.175836
vt 0.108932 0.055836
vt 0.250000 0.010000
vt 0.391068 0.055836
vt 0.478254 0.175836
vt 0.478254 0.324164
vt 0.100000 1.000000
vt 0.100000 0.500000
vt -0.000000 1.000000
vt -0.000000 0.500000
vt 0.750000 0.490000
vt 0.891068 0.444164
vt 0.978254 0.324164
vt 0.978254 0.175836
vt 0.891068 0.055836
vt 0.750000 0.010000
vt 0.608932 0.055836
vt 0.521746 0.175836
vt 0.521746 0.324164
vt 0.608932 0.444164
s 1
usemtl M_Graphite
f 985/1965/973 986/1966/974 988/1967/976 987/1968/975
f 987/1968/975 988/1967/976 990/1969/978 989/1970/977
f 989/1970/977 990/1969/978 992/1971/980 991/1972/979
f 991/1972/979 992/1971/980 994/1973/982 993/1974/981
f 993/1974/981 994/1973/982 996/1975/984 995/1976/983
f 995/1976/983 996/1975/984 998/1977/986 997/1978/985
f 997/1978/985 998/1977/986 1000/1979/988 999/1980/987
f 999/1980/987 1000/1979/988 1002/1981/990 1001/1982/989
f 988/1983/976 986/1984/974 1004/1985/992 1002/1986/990 1000/1987/988 998/1988/986 996/1989/984 994/1990/982 992/1991/980 990/1992/978
f 1001/1982/989 1002/1981/990 1004/1993/992 1003/1994/991
f 1003/1994/991 1004/1993/992 986/1995/974 985/1996/973
f 985/1997/973 987/1998/975 989/1999/977 991/2000/979 993/2001/981 995/2002/983 997/2003/985 999/2004/987 1001/2005/989 1003/2006/991
o Socket.043
v -0.065000 0.080000 0.154000
v -0.065000 0.088000 0.154000
v -0.061473 0.080000 0.155146
v -0.061473 0.088000 0.155146
v -0.059294 0.080000 0.158146
v -0.059294 0.088000 0.158146
v -0.059294 0.080000 0.161854
v -0.059294 0.088000 0.161854
v -0.061473 0.080000 0.164854
v -0.061473 0.088000 0.164854
v -0.065000 0.080000 0.166000
v -0.065000 0.088000 0.166000
v -0.068527 0.080000 0.164854
v -0.068527 0.088000 0.164854
v -0.070706 0.080000 0.161854
v -0.070706 0.088000 0.161854
v -0.070706 0.080000 0.158146
v -0.070706 0.088000 0.158146
v -0.068527 0.080000 0.155146
v -0.068527 0.088000 0.155146
vn -0.0000 -0.6437 -0.7653
vn -0.0000 0.6437 -0.7653
vn 0.4498 -0.6437 -0.6191
vn 0.4498 0.6437 -0.6191
vn 0.7278 -0.6437 -0.2365
vn 0.7278 0.6437 -0.2365
vn 0.7278 -0.6437 0.2365
vn 0.7278 0.6437 0.2365
vn 0.4498 -0.6437 0.6191
vn 0.4498 0.6437 0.6191
vn -0.0000 -0.6437 0.7653
vn -0.0000 0.6437 0.7653
vn -0.4498 -0.6437 0.6191
vn -0.4498 0.6437 0.6191
vn -0.7278 -0.6437 0.2365
vn -0.7278 0.6437 0.2365
vn -0.7278 -0.6437 -0.2365
vn -0.7278 0.6437 -0.2365
vn -0.4498 -0.6437 -0.6191
vn -0.4498 0.6437 -0.6191
vt 1.000000 0.500000
vt 1.000000 1.000000
vt 0.900000 1.000000
vt 0.900000 0.500000
vt 0.800000 1.000000
vt 0.800000 0.500000
vt 0.700000 1.000000
vt 0.700000 0.500000
vt 0.600000 1.000000
vt 0.600000 0.500000
vt 0.500000 1.000000
vt 0.500000 0.500000
vt 0.400000 1.000000
vt 0.400000 0.500000
vt 0.300000 1.000000
vt 0.300000 0.500000
vt 0.200000 1.000000
vt 0.200000 0.500000
vt 0.391068 0.444164
vt 0.250000 0.490000
vt 0.108932 0.444164
vt 0.021746 0.324164
vt 0.021746 0.175836
vt 0.108932 0.055836
vt 0.250000 0.010000
vt 0.391068 0.055836
vt 0.478254 0.175836
vt 0.478254 0.324164
vt 0.100000 1.000000
vt 0.100000 0.500000
vt -0.000000 1.000000
vt -0.000000 0.500000
vt 0.750000 0.490000
vt 0.891068 0.444164
vt 0.978254 0.324164
vt 0.978254 0.175836
vt 0.891068 0.055836
vt 0.750000 0.010000
vt 0.608932 0.055836
vt 0.521746 0.175836
vt 0.521746 0.324164
vt 0.608932 0.444164
s 1
usemtl M_Graphite
f 1005/2007/993 1006/2008/994 1008/2009/996 1007/2010/995
f 1007/2010/995 1008/2009/996 1010/2011/998 1009/2012/997
f 1009/2012/997 1010/2011/998 1012/2013/1000 1011/2014/999
f 1011/2014/999 1012/2013/1000 1014/2015/1002 1013/2016/1001
f 1013/2016/1001 1014/2015/1002 1016/2017/1004 1015/2018/1003
f 1015/2018/1003 1016/2017/1004 1018/2019/1006 1017/2020/1005
f 1017/2020/1005 1018/2019/1006 1020/2021/1008 1019/2022/1007
f 1019/2022/1007 1020/2021/1008 1022/2023/1010 1021/2024/1009
f 1008/2025/996 1006/2026/994 1024/2027/1012 1022/2028/1010 1020/2029/1008 1018/2030/1006 1016/2031/1004 1014/2032/1002 1012/2033/1000 1010/2034/998
f 1021/2024/1009 1022/2023/1010 1024/2035/1012 1023/2036/1011
f 1023/2036/1011 1024/2035/1012 1006/2037/994 1005/2038/993
f 1005/2039/993 1007/2040/995 1009/2041/997 1011/2042/999 1013/2043/1001 1015/2044/1003 1017/2045/1005 1019/2046/1007 1021/2047/1009 1023/2048/1011
o Socket.044
v -0.020000 0.080000 0.154000
v -0.020000 0.088000 0.154000
v -0.016473 0.080000 0.155146
v -0.016473 0.088000 0.155146
v -0.014294 0.080000 0.158146
v -0.014294 0.088000 0.158146
v -0.014294 0.080000 0.161854
v -0.014294 0.088000 0.161854
v -0.016473 0.080000 0.164854
v -0.016473 0.088000 0.164854
v -0.020000 0.080000 0.166000
v -0.020000 0.088000 0.166000
v -0.023527 0.080000 0.164854
v -0.023527 0.088000 0.164854
v -0.025706 0.080000 0.161854
v -0.025706 0.088000 0.161854
v -0.025706 0.080000 0.158146
v -0.025706 0.088000 0.158146
v -0.023527 0.080000 0.155146
v -0.023527 0.088000 0.155146
vn -0.0000 -0.6437 -0.7653
vn -0.0000 0.6437 -0.7653
vn 0.4498 -0.6437 -0.6191
vn 0.4498 0.6437 -0.6191
vn 0.7278 -0.6437 -0.2365
vn 0.7278 0.6437 -0.2365
vn 0.7278 -0.6437 0.2365
vn 0.7278 0.6437 0.2365
vn 0.4498 -0.6437 0.6191
vn 0.4498 0.6437 0.6191
vn -0.0000 -0.6437 0.7653
vn -0.0000 0.6437 0.7653
vn -0.4498 -0.6437 0.6191
vn -0.4498 0.6437 0.6191
vn -0.7278 -0.6437 0.2365
vn -0.7278 0.6437 0.2365
vn -0.7278 -0.6437 -0.2365
vn -0.7278 0.6437 -0.2365
vn -0.4498 -0.6437 -0.6191
vn -0.4498 0.6437 -0.6191
vt 1.000000 0.500000
vt 1.000000 1.000000
vt 0.900000 1.000000
vt 0.900000 0.500000
vt 0.800000 1.000000
vt 0.800000 0.500000
vt 0.700000 1.000000
vt 0.700000 0.500000
vt 0.600000 1.000000
vt 0.600000 0.500000
vt 0.500000 1.000000
vt 0.500000 0.500000
vt 0.400000 1.000000
vt 0.400000 0.500000
vt 0.300000 1.000000
vt 0.300000 0.500000
vt 0.200000 1.000000
vt 0.200000 0.500000
vt 0.391068 0.444164
vt 0.250000 0.490000
vt 0.108932 0.444164
vt 0.021746 0.324164
vt 0.021746 0.175836
vt 0.108932 0.055836
vt 0.250000 0.010000
vt 0.391068 0.055836
vt 0.478254 0.175836
vt 0.478254 0.324164
vt 0.100000 1.000000
vt 0.100000 0.500000
vt -0.000000 1.000000
vt -0.000000 0.500000
vt 0.750000 0.490000
vt 0.891068 0.444164
vt 0.978254 0.324164
vt 0.978254 0.175836
vt 0.891068 0.055836
vt 0.750000 0.010000
vt 0.608932 0.055836
vt 0.521746 0.175836
vt 0.521746 0.324164
vt 0.608932 0.444164
s 1
usemtl M_Graphite
f 1025/2049/1013 1026/2050/1014 1028/2051/1016 1027/2052/1015
f 1027/2052/1015 1028/2051/1016 1030/2053/1018 1029/2054/1017
f 1029/2054/1017 1030/2053/1018 1032/2055/1020 1031/2056/1019
f 1031/2056/1019 1032/2055/1020 1034/2057/1022 1033/2058/1021
f 1033/2058/1021 1034/2057/1022 1036/2059/1024 1035/2060/1023
f 1035/2060/1023 1036/2059/1024 1038/2061/1026 1037/2062/1025
f 1037/2062/1025 1038/2061/1026 1040/2063/1028 1039/2064/1027
f 1039/2064/1027 1040/2063/1028 1042/2065/1030 1041/2066/1029
f 1028/2067/1016 1026/2068/1014 1044/2069/1032 1042/2070/1030 1040/2071/1028 1038/2072/1026 1036/2073/1024 1034/2074/1022 1032/2075/1020 1030/2076/1018
f 1041/2066/1029 1042/2065/1030 1044/2077/1032 1043/2078/1031
f 1043/2078/1031 1044/2077/1032 1026/2079/1014 1025/2080/1013
f 1025/2081/1013 1027/2082/1015 1029/2083/1017 1031/2084/1019 1033/2085/1021 1035/2086/1023 1037/2087/1025 1039/2088/1027 1041/2089/1029 1043/2090/1031
o Socket.045
v 0.025000 0.080000 0.154000
v 0.025000 0.088000 0.154000
v 0.028527 0.080000 0.155146
v 0.028527 0.088000 0.155146
v 0.030706 0.080000 0.158146
v 0.030706 0.088000 0.158146
v 0.030706 0.080000 0.161854
v 0.030706 0.088000 0.161854
v 0.028527 0.080000 0.164854
v 0.028527 0.088000 0.164854
v 0.025000 0.080000 0.166000
v 0.025000 0.088000 0.166000
v 0.021473 0.080000 0.164854
v 0.021473 0.088000 0.164854
v 0.019294 0.080000 0.161854
v 0.019294 0.088000 0.161854
v 0.019294 0.080000 0.158146
v 0.019294 0.088000 0.158146
v 0.021473 0.080000 0.155146
v 0.021473 0.088000 0.155146
vn -0.0000 -0.6437 -0.7653
vn -0.0000 0.6437 -0.7653
vn 0.4498 -0.6437 -0.6191
vn 0.4498 0.6437 -0.6191
vn 0.7278 -0.6437 -0.2365
vn 0.7278 0.6437 -0.2365
vn 0.7278 -0.6437 0.2365
vn 0.7278 0.6437 0.2365
vn 0.4498 -0.6437 0.6191
vn 0.4498 0.6437 0.6191
vn -0.0000 -0.6437 0.7653
vn -0.0000 0.6437 0.7653
vn -0.4498 -0.6437 0.6191
vn -0.4498 0.6437 0.6191
vn -0.7278 -0.6437 0.2365
vn -0.7278 0.6437 0.2365
vn -0.7278 -0.6437 -0.2365
vn -0.7278 0.6437 -0.2365
vn -0.4498 -0.6437 -0.6191
vn -0.4498 0.6437 -0.6191
vt 1.000000 0.500000
vt 1.000000 1.000000
vt 0.900000 1.000000
vt 0.900000 0.500000
vt 0.800000 1.000000
vt 0.800000 0.500000
vt 0.700000 1.000000
vt 0.700000 0.500000
vt 0.600000 1.000000
vt 0.600000 0.500000
vt 0.500000 1.000000
vt 0.500000 0.500000
vt 0.400000 1.000000
vt 0.400000 0.500000
vt 0.300000 1.000000
vt 0.300000 0.500000
vt 0.200000 1.000000
vt 0.200000 0.500000
vt 0.391068 0.444164
vt 0.250000 0.490000
vt 0.108932 0.444164
vt 0.021746 0.324164
vt 0.021746 0.175836
vt 0.108932 0.055836
vt 0.250000 0.010000
vt 0.391068 0.055836
vt 0.478254 0.175836
vt 0.478254 0.324164
vt 0.100000 1.000000
vt 0.100000 0.500000
vt -0.000000 1.000000
vt -0.000000 0.500000
vt 0.750000 0.490000
vt 0.891068 0.444164
vt 0.978254 0.324164
vt 0.978254 0.175836
vt 0.891068 0.055836
vt 0.750000 0.010000
vt 0.608932 0.055836
vt 0.521746 0.175836
vt 0.521746 0.324164
vt 0.608932 0.444164
s 1
usemtl M_Graphite
f 1045/2091/1033 1046/2092/1034 1048/2093/1036 1047/2094/1035
f 1047/2094/1035 1048/2093/1036 1050/2095/1038 1049/2096/1037
f 1049/2096/1037 1050/2095/1038 1052/2097/1040 1051/2098/1039
f 1051/2098/1039 1052/2097/1040 1054/2099/1042 1053/2100/1041
f 1053/2100/1041 1054/2099/1042 1056/2101/1044 1055/2102/1043
f 1055/2102/1043 1056/2101/1044 1058/2103/1046 1057/2104/1045
f 1057/2104/1045 1058/2103/1046 1060/2105/1048 1059/2106/1047
f 1059/2106/1047 1060/2105/1048 1062/2107/1050 1061/2108/1049
f 1048/2109/1036 1046/2110/1034 1064/2111/1052 1062/2112/1050 1060/2113/1048 1058/2114/1046 1056/2115/1044 1054/2116/1042 1052/2117/1040 1050/2118/1038
f 1061/2108/1049 1062/2107/1050 1064/2119/1052 1063/2120/1051
f 1063/2120/1051 1064/2119/1052 1046/2121/1034 1045/2122/1033
f 1045/2123/1033 1047/2124/1035 1049/2125/1037 1051/2126/1039 1053/2127/1041 1055/2128/1043 1057/2129/1045 1059/2130/1047 1061/2131/1049 1063/2132/1051
o Socket.046
v 0.070000 0.080000 0.154000
v 0.070000 0.088000 0.154000
v 0.073527 0.080000 0.155146
v 0.073527 0.088000 0.155146
v 0.075706 0.080000 0.158146
v 0.075706 0.088000 0.158146
v 0.075706 0.080000 0.161854
v 0.075706 0.088000 0.161854
v 0.073527 0.080000 0.164854
v 0.073527 0.088000 0.164854
v 0.070000 0.080000 0.166000
v 0.070000 0.088000 0.166000
v 0.066473 0.080000 0.164854
v 0.066473 0.088000 0.164854
v 0.064294 0.080000 0.161854
v 0.064294 0.088000 0.161854
v 0.064294 0.080000 0.158146
v 0.064294 0.088000 0.158146
v 0.066473 0.080000 0.155146
v 0.066473 0.088000 0.155146
vn -0.0000 -0.6437 -0.7653
vn -0.0000 0.6437 -0.7653
vn 0.4498 -0.6437 -0.6191
vn 0.4498 0.6437 -0.6191
vn 0.7278 -0.6437 -0.2365
vn 0.7278 0.6437 -0.2365
vn 0.7278 -0.6437 0.2365
vn 0.7278 0.6437 0.2365
vn 0.4498 -0.6437 0.6191
vn 0.4498 0.6437 0.6191
vn -0.0000 -0.6437 0.7653
vn -0.0000 0.6437 0.7653
vn -0.4498 -0.6437 0.6191
vn -0.4498 0.6437 0.6191
vn -0.7278 -0.6437 0.2365
vn -0.7278 0.6437 0.2365
vn -0.7278 -0.6437 -0.2365
vn -0.7278 0.6437 -0.2365
vn -0.4498 -0.6437 -0.6191
vn -0.4498 0.6437 -0.6191
vt 1.000000 0.500000
vt 1.000000 1.000000
vt 0.900000 1.000000
vt 0.900000 0.500000
vt 0.800000 1.000000
vt 0.800000 0.500000
vt 0.700000 1.000000
vt 0.700000 0.500000
vt 0.600000 1.000000
vt 0.600000 0.500000
vt 0.500000 1.000000
vt 0.500000 0.500000
vt 0.400000 1.000000
vt 0.400000 0.500000
vt 0.300000 1.000000
vt 0.300000 0.500000
vt 0.200000 1.000000
vt 0.200000 0.500000
vt 0.391068 0.444164
vt 0.250000 0.490000
vt 0.108932 0.444164
vt 0.021746 0.324164
vt 0.021746 0.175836
vt 0.108932 0.055836
vt 0.250000 0.010000
vt 0.391068 0.055836
vt 0.478254 0.175836
vt 0.478254 0.324164
vt 0.100000 1.000000
vt 0.100000 0.500000
vt -0.000000 1.000000
vt -0.000000 0.500000
vt 0.750000 0.490000
vt 0.891068 0.444164
vt 0.978254 0.324164
vt 0.978254 0.175836
vt 0.891068 0.055836
vt 0.750000 0.010000
vt 0.608932 0.055836
vt 0.521746 0.175836
vt 0.521746 0.324164
vt 0.608932 0.444164
s 1
usemtl M_Graphite
f 1065/2133/1053 1066/2134/1054 1068/2135/1056 1067/2136/1055
f 1067/2136/1055 1068/2135/1056 1070/2137/1058 1069/2138/1057
f 1069/2138/1057 1070/2137/1058 1072/2139/1060 1071/2140/1059
f 1071/2140/1059 1072/2139/1060 1074/2141/1062 1073/2142/1061
f 1073/2142/1061 1074/2141/1062 1076/2143/1064 1075/2144/1063
f 1075/2144/1063 1076/2143/1064 1078/2145/1066 1077/2146/1065
f 1077/2146/1065 1078/2145/1066 1080/2147/1068 1079/2148/1067
f 1079/2148/1067 1080/2147/1068 1082/2149/1070 1081/2150/1069
f 1068/2151/1056 1066/2152/1054 1084/2153/1072 1082/2154/1070 1080/2155/1068 1078/2156/1066 1076/2157/1064 1074/2158/1062 1072/2159/1060 1070/2160/1058
f 1081/2150/1069 1082/2149/1070 1084/2161/1072 1083/2162/1071
f 1083/2162/1071 1084/2161/1072 1066/2163/1054 1065/2164/1053
f 1065/2165/1053 1067/2166/1055 1069/2167/1057 1071/2168/1059 1073/2169/1061 1075/2170/1063 1077/2171/1065 1079/2172/1067 1081/2173/1069 1083/2174/1071
o Socket.047
v 0.115000 0.080000 0.154000
v 0.115000 0.088000 0.154000
v 0.118527 0.080000 0.155146
v 0.118527 0.088000 0.155146
v 0.120706 0.080000 0.158146
v 0.120706 0.088000 0.158146
v 0.120706 0.080000 0.161854
v 0.120706 0.088000 0.161854
v 0.118527 0.080000 0.164854
v 0.118527 0.088000 0.164854
v 0.115000 0.080000 0.166000
v 0.115000 0.088000 0.166000
v 0.111473 0.080000 0.164854
v 0.111473 0.088000 0.164854
v 0.109294 0.080000 0.161854
v 0.109294 0.088000 0.161854
v 0.109294 0.080000 0.158146
v 0.109294 0.088000 0.158146
v 0.111473 0.080000 0.155146
v 0.111473 0.088000 0.155146
vn -0.0000 -0.6437 -0.7653
vn -0.0000 0.6437 -0.7653
vn 0.4498 -0.6437 -0.6191
vn 0.4498 0.6437 -0.6191
vn 0.7278 -0.6437 -0.2365
vn 0.7278 0.6437 -0.2365
vn 0.7278 -0.6437 0.2365
vn 0.7278 0.6437 0.2365
vn 0.4498 -0.6437 0.6191
vn 0.4498 0.6437 0.6191
vn -0.0000 -0.6437 0.7653
vn -0.0000 0.6437 0.7653
vn -0.4498 -0.6437 0.6191
vn -0.4498 0.6437 0.6191
vn -0.7278 -0.6437 0.2365
vn -0.7278 0.6437 0.2365
vn -0.7278 -0.6437 -0.2365
vn -0.7278 0.6437 -0.2365
vn -0.4498 -0.6437 -0.6191
vn -0.4498 0.6437 -0.6191
vt 1.000000 0.500000
vt 1.000000 1.000000
vt 0.900000 1.000000
vt 0.900000 0.500000
vt 0.800000 1.000000
vt 0.800000 0.500000
vt 0.700000 1.000000
vt 0.700000 0.500000
vt 0.600000 1.000000
vt 0.600000 0.500000
vt 0.500000 1.000000
vt 0.500000 0.500000
vt 0.400000 1.000000
vt 0.400000 0.500000
vt 0.300000 1.000000
vt 0.300000 0.500000
vt 0.200000 1.000000
vt 0.200000 0.500000
vt 0.391068 0.444164
vt 0.250000 0.490000
vt 0.108932 0.444164
vt 0.021746 0.324164
vt 0.021746 0.175836
vt 0.108932 0.055836
vt 0.250000 0.010000
vt 0.391068 0.055836
vt 0.478254 0.175836
vt 0.478254 0.324164
vt 0.100000 1.000000
vt 0.100000 0.500000
vt -0.000000 1.000000
vt -0.000000 0.500000
vt 0.750000 0.490000
vt 0.891068 0.444164
vt 0.978254 0.324164
vt 0.978254 0.175836
vt 0.891068 0.055836
vt 0.750000 0.010000
vt 0.608932 0.055836
vt 0.521746 0.175836
vt 0.521746 0.324164
vt 0.608932 0.444164
s 1
usemtl M_Graphite
f 1085/2175/1073 1086/2176/1074 1088/2177/1076 1087/2178/1075
f 1087/2178/1075 1088/2177/1076 1090/2179/1078 1089/2180/1077
f 1089/2180/1077 1090/2179/1078 1092/2181/1080 1091/2182/1079
f 1091/2182/1079 1092/2181/1080 1094/2183/1082 1093/2184/1081
f 1093/2184/1081 1094/2183/1082 1096/2185/1084 1095/2186/1083
f 1095/2186/1083 1096/2185/1084 1098/2187/1086 1097/2188/1085
f 1097/2188/1085 1098/2187/1086 1100/2189/1088 1099/2190/1087
f 1099/2190/1087 1100/2189/1088 1102/2191/1090 1101/2192/1089
f 1088/2193/1076 1086/2194/1074 1104/2195/1092 1102/2196/1090 1100/2197/1088 1098/2198/1086 1096/2199/1084 1094/2200/1082 1092/2201/1080 1090/2202/1078
f 1101/2192/1089 1102/2191/1090 1104/2203/1092 1103/2204/1091
f 1103/2204/1091 1104/2203/1092 1086/2205/1074 1085/2206/1073
f 1085/2207/1073 1087/2208/1075 1089/2209/1077 1091/2210/1079 1093/2211/1081 1095/2212/1083 1097/2213/1085 1099/2214/1087 1101/2215/1089 1103/2216/1091
o Socket.048
v 0.160000 0.080000 0.154000
v 0.160000 0.088000 0.154000
v 0.163527 0.080000 0.155146
v 0.163527 0.088000 0.155146
v 0.165706 0.080000 0.158146
v 0.165706 0.088000 0.158146
v 0.165706 0.080000 0.161854
v 0.165706 0.088000 0.161854
v 0.163527 0.080000 0.164854
v 0.163527 0.088000 0.164854
v 0.160000 0.080000 0.166000
v 0.160000 0.088000 0.166000
v 0.156473 0.080000 0.164854
v 0.156473 0.088000 0.164854
v 0.154294 0.080000 0.161854
v 0.154294 0.088000 0.161854
v 0.154294 0.080000 0.158146
v 0.154294 0.088000 0.158146
v 0.156473 0.080000 0.155146
v 0.156473 0.088000 0.155146
vn -0.0000 -0.6437 -0.7653
vn -0.0000 0.6437 -0.7653
vn 0.4498 -0.6437 -0.6191
vn 0.4498 0.6437 -0.6191
vn 0.7278 -0.6437 -0.2365
vn 0.7278 0.6437 -0.2365
vn 0.7278 -0.6437 0.2365
vn 0.7278 0.6437 0.2365
vn 0.4498 -0.6437 0.6191
vn 0.4498 0.6437 0.6191
vn -0.0000 -0.6437 0.7653
vn -0.0000 0.6437 0.7653
vn -0.4498 -0.6437 0.6191
vn -0.4498 0.6437 0.6191
vn -0.7278 -0.6437 0.2365
vn -0.7278 0.6437 0.2365
vn -0.7278 -0.6437 -0.2365
vn -0.7278 0.6437 -0.2365
vn -0.4498 -0.6437 -0.6191
vn -0.4498 0.6437 -0.6191
vt 1.000000 0.500000
vt 1.000000 1.000000
vt 0.900000 1.000000
vt 0.900000 0.500000
vt 0.800000 1.000000
vt 0.800000 0.500000
vt 0.700000 1.000000
vt 0.700000 0.500000
vt 0.600000 1.000000
vt 0.600000 0.500000
vt 0.500000 1.000000
vt 0.500000 0.500000
vt 0.400000 1.000000
vt 0.400000 0.500000
vt 0.300000 1.000000
vt 0.300000 0.500000
vt 0.200000 1.000000
vt 0.200000 0.500000
vt 0.391068 0.444164
vt 0.250000 0.490000
vt 0.108932 0.444164
vt 0.021746 0.324164
vt 0.021746 0.175836
vt 0.108932 0.055836
vt 0.250000 0.010000
vt 0.391068 0.055836
vt 0.478254 0.175836
vt 0.478254 0.324164
vt 0.100000 1.000000
vt 0.100000 0.500000
vt -0.000000 1.000000
vt -0.000000 0.500000
vt 0.750000 0.490000
vt 0.891068 0.444164
vt 0.978254 0.324164
vt 0.978254 0.175836
vt 0.891068 0.055836
vt 0.750000 0.010000
vt 0.608932 0.055836
vt 0.521746 0.175836
vt 0.521746 0.324164
vt 0.608932 0.444164
s 1
usemtl M_Graphite
f 1105/2217/1093 1106/2218/1094 1108/2219/1096 1107/2220/1095
f 1107/2220/1095 1108/2219/1096 1110/2221/1098 1109/2222/1097
f 1109/2222/1097 1110/2221/1098 1112/2223/1100 1111/2224/1099
f 1111/2224/1099 1112/2223/1100 1114/2225/1102 1113/2226/1101
f 1113/2226/1101 1114/2225/1102 1116/2227/1104 1115/2228/1103
f 1115/2228/1103 1116/2227/1104 1118/2229/1106 1117/2230/1105
f 1117/2230/1105 1118/2229/1106 1120/2231/1108 1119/2232/1107
f 1119/2232/1107 1120/2231/1108 1122/2233/1110 1121/2234/1109
f 1108/2235/1096 1106/2236/1094 1124/2237/1112 1122/2238/1110 1120/2239/1108 1118/2240/1106 1116/2241/1104 1114/2242/1102 1112/2243/1100 1110/2244/1098
f 1121/2234/1109 1122/2233/1110 1124/2245/1112 1123/2246/1111
f 1123/2246/1111 1124/2245/1112 1106/2247/1094 1105/2248/1093
f 1105/2249/1093 1107/2250/1095 1109/2251/1097 1111/2252/1099 1113/2253/1101 1115/2254/1103 1117/2255/1105 1119/2256/1107 1121/2257/1109 1123/2258/1111
o Socket.049
v 0.205000 0.080000 0.154000
v 0.205000 0.088000 0.154000
v 0.208527 0.080000 0.155146
v 0.208527 0.088000 0.155146
v 0.210706 0.080000 0.158146
v 0.210706 0.088000 0.158146
v 0.210706 0.080000 0.161854
v 0.210706 0.088000 0.161854
v 0.208527 0.080000 0.164854
v 0.208527 0.088000 0.164854
v 0.205000 0.080000 0.166000
v 0.205000 0.088000 0.166000
v 0.201473 0.080000 0.164854
v 0.201473 0.088000 0.164854
v 0.199294 0.080000 0.161854
v 0.199294 0.088000 0.161854
v 0.199294 0.080000 0.158146
v 0.199294 0.088000 0.158146
v 0.201473 0.080000 0.155146
v 0.201473 0.088000 0.155146
vn -0.0000 -0.6437 -0.7653
vn -0.0000 0.6437 -0.7653
vn 0.4498 -0.6437 -0.6191
vn 0.4498 0.6437 -0.6191
vn 0.7278 -0.6437 -0.2365
vn 0.7278 0.6437 -0.2365
vn 0.7278 -0.6437 0.2365
vn 0.7278 0.6437 0.2365
vn 0.4498 -0.6437 0.6191
vn 0.4498 0.6437 0.6191
vn -0.0000 -0.6437 0.7653
vn -0.0000 0.6437 0.7653
vn -0.4498 -0.6437 0.6191
vn -0.4498 0.6437 0.6191
vn -0.7278 -0.6437 0.2365
vn -0.7278 0.6437 0.2365
vn -0.7278 -0.6437 -0.2365
vn -0.7278 0.6437 -0.2365
vn -0.4498 -0.6437 -0.6191
vn -0.4498 0.6437 -0.6191
vt 1.000000 0.500000
vt 1.000000 1.000000
vt 0.900000 1.000000
vt 0.900000 0.500000
vt 0.800000 1.000000
vt 0.800000 0.500000
vt 0.700000 1.000000
vt 0.700000 0.500000
vt 0.600000 1.000000
vt 0.600000 0.500000
vt 0.500000 1.000000
vt 0.500000 0.500000
vt 0.400000 1.000000
vt 0.400000 0.500000
vt 0.300000 1.000000
vt 0.300000 0.500000
vt 0.200000 1.000000
vt 0.200000 0.500000
vt 0.391068 0.444164
vt 0.250000 0.490000
vt 0.108932 0.444164
vt 0.021746 0.324164
vt 0.021746 0.175836
vt 0.108932 0.055836
vt 0.250000 0.010000
vt 0.391068 0.055836
vt 0.478254 0.175836
vt 0.478254 0.324164
vt 0.100000 1.000000
vt 0.100000 0.500000
vt -0.000000 1.000000
vt -0.000000 0.500000
vt 0.750000 0.490000
vt 0.891068 0.444164
vt 0.978254 0.324164
vt 0.978254 0.175836
vt 0.891068 0.055836
vt 0.750000 0.010000
vt 0.608932 0.055836
vt 0.521746 0.175836
vt 0.521746 0.324164
vt 0.608932 0.444164
s 1
usemtl M_Graphite
f 1125/2259/1113 1126/2260/1114 1128/2261/1116 1127/2262/1115
f 1127/2262/1115 1128/2261/1116 1130/2263/1118 1129/2264/1117
f 1129/2264/1117 1130/2263/1118 1132/2265/1120 1131/2266/1119
f 1131/2266/1119 1132/2265/1120 1134/2267/1122 1133/2268/1121
f 1133/2268/1121 1134/2267/1122 1136/2269/1124 1135/2270/1123
f 1135/2270/1123 1136/2269/1124 1138/2271/1126 1137/2272/1125
f 1137/2272/1125 1138/2271/1126 1140/2273/1128 1139/2274/1127
f 1139/2274/1127 1140/2273/1128 1142/2275/1130 1141/2276/1129
f 1128/2277/1116 1126/2278/1114 1144/2279/1132 1142/2280/1130 1140/2281/1128 1138/2282/1126 1136/2283/1124 1134/2284/1122 1132/2285/1120 1130/2286/1118
f 1141/2276/1129 1142/2275/1130 1144/2287/1132 1143/2288/1131
f 1143/2288/1131 1144/2287/1132 1126/2289/1114 1125/2290/1113
f 1125/2291/1113 1127/2292/1115 1129/2293/1117 1131/2294/1119 1133/2295/1121 1135/2296/1123 1137/2297/1125 1139/2298/1127 1141/2299/1129 1143/2300/1131
o Socket.050
v 0.250000 0.080000 0.154000
v 0.250000 0.088000 0.154000
v 0.253527 0.080000 0.155146
v 0.253527 0.088000 0.155146
v 0.255706 0.080000 0.158146
v 0.255706 0.088000 0.158146
v 0.255706 0.080000 0.161854
v 0.255706 0.088000 0.161854
v 0.253527 0.080000 0.164854
v 0.253527 0.088000 0.164854
v 0.250000 0.080000 0.166000
v 0.250000 0.088000 0.166000
v 0.246473 0.080000 0.164854
v 0.246473 0.088000 0.164854
v 0.244294 0.080000 0.161854
v 0.244294 0.088000 0.161854
v 0.244294 0.080000 0.158146
v 0.244294 0.088000 0.158146
v 0.246473 0.080000 0.155146
v 0.246473 0.088000 0.155146
vn -0.0000 -0.6437 -0.7653
vn -0.0000 0.6437 -0.7653
vn 0.4498 -0.6437 -0.6191
vn 0.4498 0.6437 -0.6191
vn 0.7278 -0.6437 -0.2365
vn 0.7278 0.6437 -0.2365
vn 0.7278 -0.6437 0.2365
vn 0.7278 0.6437 0.2365
vn 0.4498 -0.6437 0.6191
vn 0.4498 0.6437 0.6191
vn -0.0000 -0.6437 0.7653
vn -0.0000 0.6437 0.7653
vn -0.4498 -0.6437 0.6191
vn -0.4498 0.6437 0.6191
vn -0.7278 -0.6437 0.2365
vn -0.7278 0.6437 0.2365
vn -0.7278 -0.6437 -0.2365
vn -0.7278 0.6437 -0.2365
vn -0.4498 -0.6437 -0.6191
vn -0.4498 0.6437 -0.6191
vt 1.000000 0.500000
vt 1.000000 1.000000
vt 0.900000 1.000000
vt 0.900000 0.500000
vt 0.800000 1.000000
vt 0.800000 0.500000
vt 0.700000 1.000000
vt 0.700000 0.500000
vt 0.600000 1.000000
vt 0.600000 0.500000
vt 0.500000 1.000000
vt 0.500000 0.500000
vt 0.400000 1.000000
vt 0.400000 0.500000
vt 0.300000 1.000000
vt 0.300000 0.500000
vt 0.200000 1.000000
vt 0.200000 0.500000
vt 0.391068 0.444164
vt 0.250000 0.490000
vt 0.108932 0.444164
vt 0.021746 0.324164
vt 0.021746 0.175836
vt 0.108932 0.055836
vt 0.250000 0.010000
vt 0.391068 0.055836
vt 0.478254 0.175836
vt 0.478254 0.324164
vt 0.100000 1.000000
vt 0.100000 0.500000
vt -0.000000 1.000000
vt -0.000000 0.500000
vt 0.750000 0.490000
vt 0.891068 0.444164
vt 0.978254 0.324164
vt 0.978254 0.175836
vt 0.891068 0.055836
vt 0.750000 0.010000
vt 0.608932 0.055836
vt 0.521746 0.175836
vt 0.521746 0.324164
vt 0.608932 0.444164
s 1
usemtl M_Graphite
f 1145/2301/1133 1146/2302/1134 1148/2303/1136 1147/2304/1135
f 1147/2304/1135 1148/2303/1136 1150/2305/1138 1149/2306/1137
f 1149/2306/1137 1150/2305/1138 1152/2307/1140 1151/2308/1139
f 1151/2308/1139 1152/2307/1140 1154/2309/1142 1153/2310/1141
f 1153/2310/1141 1154/2309/1142 1156/2311/1144 1155/2312/1143
f 1155/2312/1143 1156/2311/1144 1158/2313/1146 1157/2314/1145
f 1157/2314/1145 1158/2313/1146 1160/2315/1148 1159/2316/1147
f 1159/2316/1147 1160/2315/1148 1162/2317/1150 1161/2318/1149
f 1148/2319/1136 1146/2320/1134 1164/2321/1152 1162/2322/1150 1160/2323/1148 1158/2324/1146 1156/2325/1144 1154/2326/1142 1152/2327/1140 1150/2328/1138
f 1161/2318/1149 1162/2317/1150 1164/2329/1152 1163/2330/1151
f 1163/2330/1151 1164/2329/1152 1146/2331/1134 1145/2332/1133
f 1145/2333/1133 1147/2334/1135 1149/2335/1137 1151/2336/1139 1153/2337/1141 1155/2338/1143 1157/2339/1145 1159/2340/1147 1161/2341/1149 1163/2342/1151
o Socket.051
v 0.295000 0.080000 0.154000
v 0.295000 0.088000 0.154000
v 0.298527 0.080000 0.155146
v 0.298527 0.088000 0.155146
v 0.300706 0.080000 0.158146
v 0.300706 0.088000 0.158146
v 0.300706 0.080000 0.161854
v 0.300706 0.088000 0.161854
v 0.298527 0.080000 0.164854
v 0.298527 0.088000 0.164854
v 0.295000 0.080000 0.166000
v 0.295000 0.088000 0.166000
v 0.291473 0.080000 0.164854
v 0.291473 0.088000 0.164854
v 0.289294 0.080000 0.161854
v 0.289294 0.088000 0.161854
v 0.289294 0.080000 0.158146
v 0.289294 0.088000 0.158146
v 0.291473 0.080000 0.155146
v 0.291473 0.088000 0.155146
vn -0.0000 -0.6437 -0.7653
vn -0.0000 0.6437 -0.7653
vn 0.4498 -0.6437 -0.6191
vn 0.4498 0.6437 -0.6191
vn 0.7278 -0.6437 -0.2365
vn 0.7278 0.6437 -0.2365
vn 0.7278 -0.6437 0.2365
vn 0.7278 0.6437 0.2365
vn 0.4498 -0.6437 0.6191
vn 0.4498 0.6437 0.6191
vn -0.0000 -0.6437 0.7653
vn -0.0000 0.6437 0.7653
vn -0.4498 -0.6437 0.6191
vn -0.4498 0.6437 0.6191
vn -0.7278 -0.6437 0.2365
vn -0.7278 0.6437 0.2365
vn -0.7278 -0.6437 -0.2365
vn -0.7278 0.6437 -0.2365
vn -0.4498 -0.6437 -0.6191
vn -0.4498 0.6437 -0.6191
vt 1.000000 0.500000
vt 1.000000 1.000000
vt 0.900000 1.000000
vt 0.900000 0.500000
vt 0.800000 1.000000
vt 0.800000 0.500000
vt 0.700000 1.000000
vt 0.700000 0.500000
vt 0.600000 1.000000
vt 0.600000 0.500000
vt 0.500000 1.000000
vt 0.500000 0.500000
vt 0.400000 1.000000
vt 0.400000 0.500000
vt 0.300000 1.000000
vt 0.300000 0.500000
vt 0.200000 1.000000
vt 0.200000 0.500000
vt 0.391068 0.444164
vt 0.250000 0.490000
vt 0.108932 0.444164
vt 0.021746 0.324164
vt 0.021746 0.175836
vt 0.108932 0.055836
vt 0.250000 0.010000
vt 0.391068 0.055836
vt 0.478254 0.175836
vt 0.478254 0.324164
vt 0.100000 1.000000
vt 0.100000 0.500000
vt -0.000000 1.000000
vt -0.000000 0.500000
vt 0.750000 0.490000
vt 0.891068 0.444164
vt 0.978254 0.324164
vt 0.978254 0.175836
vt 0.891068 0.055836
vt 0.750000 0.010000
vt 0.608932 0.055836
vt 0.521746 0.175836
vt 0.521746 0.324164
vt 0.608932 0.444164
s 1
usemtl M_Graphite
f 1165/2343/1153 1166/2344/1154 1168/2345/1156 1167/2346/1155
f 1167/2346/1155 1168/2345/1156 1170/2347/1158 1169/2348/1157
f 1169/2348/1157 1170/2347/1158 1172/2349/1160 1171/2350/1159
f 1171/2350/1159 1172/2349/1160 1174/2351/1162 1173/2352/1161
f 1173/2352/1161 1174/2351/1162 1176/2353/1164 1175/2354/1163
f 1175/2354/1163 1176/2353/1164 1178/2355/1166 1177/2356/1165
f 1177/2356/1165 1178/2355/1166 1180/2357/1168 1179/2358/1167
f 1179/2358/1167 1180/2357/1168 1182/2359/1170 1181/2360/1169
f 1168/2361/1156 1166/2362/1154 1184/2363/1172 1182/2364/1170 1180/2365/1168 1178/2366/1166 1176/2367/1164 1174/2368/1162 1172/2369/1160 1170/2370/1158
f 1181/2360/1169 1182/2359/1170 1184/2371/1172 1183/2372/1171
f 1183/2372/1171 1184/2371/1172 1166/2373/1154 1165/2374/1153
f 1165/2375/1153 1167/2376/1155 1169/2377/1157 1171/2378/1159 1173/2379/1161 1175/2380/1163 1177/2381/1165 1179/2382/1167 1181/2383/1169 1183/2384/1171
o Socket.052
v 0.340000 0.080000 0.154000
v 0.340000 0.088000 0.154000
v 0.343527 0.080000 0.155146
v 0.343527 0.088000 0.155146
v 0.345706 0.080000 0.158146
v 0.345706 0.088000 0.158146
v 0.345706 0.080000 0.161854
v 0.345706 0.088000 0.161854
v 0.343527 0.080000 0.164854
v 0.343527 0.088000 0.164854
v 0.340000 0.080000 0.166000
v 0.340000 0.088000 0.166000
v 0.336473 0.080000 0.164854
v 0.336473 0.088000 0.164854
v 0.334294 0.080000 0.161854
v 0.334294 0.088000 0.161854
v 0.334294 0.080000 0.158146
v 0.334294 0.088000 0.158146
v 0.336473 0.080000 0.155146
v 0.336473 0.088000 0.155146
vn -0.0000 -0.6437 -0.7653
vn -0.0000 0.6437 -0.7653
vn 0.4498 -0.6437 -0.6191
vn 0.4498 0.6437 -0.6191
vn 0.7278 -0.6437 -0.2365
vn 0.7278 0.6437 -0.2365
vn 0.7278 -0.6437 0.2365
vn 0.7278 0.6437 0.2365
vn 0.4498 -0.6437 0.6191
vn 0.4498 0.6437 0.6191
vn -0.0000 -0.6437 0.7653
vn -0.0000 0.6437 0.7653
vn -0.4498 -0.6437 0.6191
vn -0.4498 0.6437 0.6191
vn -0.7278 -0.6437 0.2365
vn -0.7278 0.6437 0.2365
vn -0.7278 -0.6437 -0.2365
vn -0.7278 0.6437 -0.2365
vn -0.4498 -0.6437 -0.6191
vn -0.4498 0.6437 -0.6191
vt 1.000000 0.500000
vt 1.000000 1.000000
vt 0.900000 1.000000
vt 0.900000 0.500000
vt 0.800000 1.000000
vt 0.800000 0.500000
vt 0.700000 1.000000
vt 0.700000 0.500000
vt 0.600000 1.000000
vt 0.600000 0.500000
vt 0.500000 1.000000
vt 0.500000 0.500000
vt 0.400000 1.000000
vt 0.400000 0.500000
vt 0.300000 1.000000
vt 0.300000 0.500000
vt 0.200000 1.000000
vt 0.200000 0.500000
vt 0.391068 0.444164
vt 0.250000 0.490000
vt 0.108932 0.444164
vt 0.021746 0.324164
vt 0.021746 0.175836
vt 0.108932 0.055836
vt 0.250000 0.010000
vt 0.391068 0.055836
vt 0.478254 0.175836
vt 0.478254 0.324164
vt 0.100000 1.000000
vt 0.100000 0.500000
vt -0.000000 1.000000
vt -0.000000 0.500000
vt 0.750000 0.490000
vt 0.891068 0.444164
vt 0.978254 0.324164
vt 0.978254 0.175836
vt 0.891068 0.055836
vt 0.750000 0.010000
vt 0.608932 0.055836
vt 0.521746 0.175836
vt 0.521746 0.324164
vt 0.608932 0.444164
s 1
usemtl M_Graphite
f 1185/2385/1173 1186/2386/1174 1188/2387/1176 1187/2388/1175
f 1187/2388/1175 1188/2387/1176 1190/2389/1178 1189/2390/1177
f 1189/2390/1177 1190/2389/1178 1192/2391/1180 1191/2392/1179
f 1191/2392/1179 1192/2391/1180 1194/2393/1182 1193/2394/1181
f 1193/2394/1181 1194/2393/1182 1196/2395/1184 1195/2396/1183
f 1195/2396/1183 1196/2395/1184 1198/2397/1186 1197/2398/1185
f 1197/2398/1185 1198/2397/1186 1200/2399/1188 1199/2400/1187
f 1199/2400/1187 1200/2399/1188 1202/2401/1190 1201/2402/1189
f 1188/2403/1176 1186/2404/1174 1204/2405/1192 1202/2406/1190 1200/2407/1188 1198/2408/1186 1196/2409/1184 1194/2410/1182 1192/2411/1180 1190/2412/1178
f 1201/2402/1189 1202/2401/1190 1204/2413/1192 1203/2414/1191
f 1203/2414/1191 1204/2413/1192 1186/2415/1174 1185/2416/1173
f 1185/2417/1173 1187/2418/1175 1189/2419/1177 1191/2420/1179 1193/2421/1181 1195/2422/1183 1197/2423/1185 1199/2424/1187 1201/2425/1189 1203/2426/1191
o Socket.053
v 0.385000 0.080000 0.154000
v 0.385000 0.088000 0.154000
v 0.388527 0.080000 0.155146
v 0.388527 0.088000 0.155146
v 0.390706 0.080000 0.158146
v 0.390706 0.088000 0.158146
v 0.390706 0.080000 0.161854
v 0.390706 0.088000 0.161854
v 0.388527 0.080000 0.164854
v 0.388527 0.088000 0.164854
v 0.385000 0.080000 0.166000
v 0.385000 0.088000 0.166000
v 0.381473 0.080000 0.164854
v 0.381473 0.088000 0.164854
v 0.379294 0.080000 0.161854
v 0.379294 0.088000 0.161854
v 0.379294 0.080000 0.158146
v 0.379294 0.088000 0.158146
v 0.381473 0.080000 0.155146
v 0.381473 0.088000 0.155146
vn -0.0000 -0.6437 -0.7653
vn -0.0000 0.6437 -0.7653
vn 0.4498 -0.6437 -0.6191
vn 0.4498 0.6437 -0.6191
vn 0.7278 -0.6437 -0.2365
vn 0.7278 0.6437 -0.2365
vn 0.7278 -0.6437 0.2365
vn 0.7278 0.6437 0.2365
vn 0.4498 -0.6437 0.6191
vn 0.4498 0.6437 0.6191
vn -0.0000 -0.6437 0.7653
vn -0.0000 0.6437 0.7653
vn -0.4498 -0.6437 0.6191
vn -0.4498 0.6437 0.6191
vn -0.7278 -0.6437 0.2365
vn -0.7278 0.6437 0.2365
vn -0.7278 -0.6437 -0.2365
vn -0.7278 0.6437 -0.2365
vn -0.4498 -0.6437 -0.6191
vn -0.4498 0.6437 -0.6191
vt 1.000000 0.500000
vt 1.000000 1.000000
vt 0.900000 1.000000
vt 0.900000 0.500000
vt 0.800000 1.000000
vt 0.800000 0.500000
vt 0.700000 1.000000
vt 0.700000 0.500000
vt 0.600000 1.000000
vt 0.600000 0.500000
vt 0.500000 1.000000
vt 0.500000 0.500000
vt 0.400000 1.000000
vt 0.400000 0.500000
vt 0.300000 1.000000
vt 0.300000 0.500000
vt 0.200000 1.000000
vt 0.200000 0.500000
vt 0.391068 0.444164
vt 0.250000 0.490000
vt 0.108932 0.444164
vt 0.021746 0.324164
vt 0.021746 0.175836
vt 0.108932 0.055836
vt 0.250000 0.010000
vt 0.391068 0.055836
vt 0.478254 0.175836
vt 0.478254 0.324164
vt 0.100000 1.000000
vt 0.100000 0.500000
vt -0.000000 1.000000
vt -0.000000 0.500000
vt 0.750000 0.490000
vt 0.891068 0.444164
vt 0.978254 0.324164
vt 0.978254 0.175836
vt 0.891068 0.055836
vt 0.750000 0.010000
vt 0.608932 0.055836
vt 0.521746 0.175836
vt 0.521746 0.324164
vt 0.608932 0.444164
s 1
usemtl M_Graphite
f 1205/2427/1193 1206/2428/1194 1208/2429/1196 1207/2430/1195
f 1207/2430/1195 1208/2429/1196 1210/2431/1198 1209/2432/1197
f 1209/2432/1197 1210/2431/1198 1212/2433/1200 1211/2434/1199
f 1211/2434/1199 1212/2433/1200 1214/2435/1202 1213/2436/1201
f 1213/2436/1201 1214/2435/1202 1216/2437/1204 1215/2438/1203
f 1215/2438/1203 1216/2437/1204 1218/2439/1206 1217/2440/1205
f 1217/2440/1205 1218/2439/1206 1220/2441/1208 1219/2442/1207
f 1219/2442/1207 1220/2441/1208 1222/2443/1210 1221/2444/1209
f 1208/2445/1196 1206/2446/1194 1224/2447/1212 1222/2448/1210 1220/2449/1208 1218/2450/1206 1216/2451/1204 1214/2452/1202 1212/2453/1200 1210/2454/1198
f 1221/2444/1209 1222/2443/1210 1224/2455/1212 1223/2456/1211
f 1223/2456/1211 1224/2455/1212 1206/2457/1194 1205/2458/1193
f 1205/2459/1193 1207/2460/1195 1209/2461/1197 1211/2462/1199 1213/2463/1201 1215/2464/1203 1217/2465/1205 1219/2466/1207 1221/2467/1209 1223/2468/1211
o Socket.054
v 0.430000 0.080000 0.154000
v 0.430000 0.088000 0.154000
v 0.433527 0.080000 0.155146
v 0.433527 0.088000 0.155146
v 0.435706 0.080000 0.158146
v 0.435706 0.088000 0.158146
v 0.435706 0.080000 0.161854
v 0.435706 0.088000 0.161854
v 0.433527 0.080000 0.164854
v 0.433527 0.088000 0.164854
v 0.430000 0.080000 0.166000
v 0.430000 0.088000 0.166000
v 0.426473 0.080000 0.164854
v 0.426473 0.088000 0.164854
v 0.424294 0.080000 0.161854
v 0.424294 0.088000 0.161854
v 0.424294 0.080000 0.158146
v 0.424294 0.088000 0.158146
v 0.426473 0.080000 0.155146
v 0.426473 0.088000 0.155146
vn -0.0000 -0.6437 -0.7653
vn -0.0000 0.6437 -0.7653
vn 0.4498 -0.6437 -0.6191
vn 0.4498 0.6437 -0.6191
vn 0.7278 -0.6437 -0.2365
vn 0.7278 0.6437 -0.2365
vn 0.7278 -0.6437 0.2365
vn 0.7278 0.6437 0.2365
vn 0.4498 -0.6437 0.6191
vn 0.4498 0.6437 0.6191
vn -0.0000 -0.6437 0.7653
vn -0.0000 0.6437 0.7653
vn -0.4498 -0.6437 0.6191
vn -0.4498 0.6437 0.6191
vn -0.7278 -0.6437 0.2365
vn -0.7278 0.6437 0.2365
vn -0.7278 -0.6437 -0.2365
vn -0.7278 0.6437 -0.2365
vn -0.4498 -0.6437 -0.6191
vn -0.4498 0.6437 -0.6191
vt 1.000000 0.500000
vt 1.000000 1.000000
vt 0.900000 1.000000
vt 0.900000 0.500000
vt 0.800000 1.000000
vt 0.800000 0.500000
vt 0.700000 1.000000
vt 0.700000 0.500000
vt 0.600000 1.000000
vt 0.600000 0.500000
vt 0.500000 1.000000
vt 0.500000 0.500000
vt 0.400000 1.000000
vt 0.400000 0.500000
vt 0.300000 1.000000
vt 0.300000 0.500000
vt 0.200000 1.000000
vt 0.200000 0.500000
vt 0.391068 0.444164
vt 0.250000 0.490000
vt 0.108932 0.444164
vt 0.021746 0.324164
vt 0.021746 0.175836
vt 0.108932 0.055836
vt 0.250000 0.010000
vt 0.391068 0.055836
vt 0.478254 0.175836
vt 0.478254 0.324164
vt 0.100000 1.000000
vt 0.100000 0.500000
vt -0.000000 1.000000
vt -0.000000 0.500000
vt 0.750000 0.490000
vt 0.891068 0.444164
vt 0.978254 0.324164
vt 0.978254 0.175836
vt 0.891068 0.055836
vt 0.750000 0.010000
vt 0.608932 0.055836
vt 0.521746 0.175836
vt 0.521746 0.324164
vt 0.608932 0.444164
s 1
usemtl M_Graphite
f 1225/2469/1213 1226/2470/1214 1228/2471/1216 1227/2472/1215
f 1227/2472/1215 1228/2471/1216 1230/2473/1218 1229/2474/1217
f 1229/2474/1217 1230/2473/1218 1232/2475/1220 1231/2476/1219
f 1231/2476/1219 1232/2475/1220 1234/2477/1222 1233/2478/1221
f 1233/2478/1221 1234/2477/1222 1236/2479/1224 1235/2480/1223
f 1235/2480/1223 1236/2479/1224 1238/2481/1226 1237/2482/1225
f 1237/2482/1225 1238/2481/1226 1240/2483/1228 1239/2484/1227
f 1239/2484/1227 1240/2483/1228 1242/2485/1230 1241/2486/1229
f 1228/2487/1216 1226/2488/1214 1244/2489/1232 1242/2490/1230 1240/2491/1228 1238/2492/1226 1236/2493/1224 1234/2494/1222 1232/2495/1220 1230/2496/1218
f 1241/2486/1229 1242/2485/1230 1244/2497/1232 1243/2498/1231
f 1243/2498/1231 1244/2497/1232 1226/2499/1214 1225/2500/1213
f 1225/2501/1213 1227/2502/1215 1229/2503/1217 1231/2504/1219 1233/2505/1221 1235/2506/1223 1237/2507/1225 1239/2508/1227 1241/2509/1229 1243/2510/1231
o Socket.055
v 0.475000 0.080000 0.154000
v 0.475000 0.088000 0.154000
v 0.478527 0.080000 0.155146
v 0.478527 0.088000 0.155146
v 0.480706 0.080000 0.158146
v 0.480706 0.088000 0.158146
v 0.480706 0.080000 0.161854
v 0.480706 0.088000 0.161854
v 0.478527 0.080000 0.164854
v 0.478527 0.088000 0.164854
v 0.475000 0.080000 0.166000
v 0.475000 0.088000 0.166000
v 0.471473 0.080000 0.164854
v 0.471473 0.088000 0.164854
v 0.469294 0.080000 0.161854
v 0.469294 0.088000 0.161854
v 0.469294 0.080000 0.158146
v 0.469294 0.088000 0.158146
v 0.471473 0.080000 0.155146
v 0.471473 0.088000 0.155146
vn -0.0000 -0.6437 -0.7653
vn -0.0000 0.6437 -0.7653
vn 0.4498 -0.6437 -0.6191
vn 0.4498 0.6437 -0.6191
vn 0.7278 -0.6437 -0.2365
vn 0.7278 0.6437 -0.2365
vn 0.7278 -0.6437 0.2365
vn 0.7278 0.6437 0.2365
vn 0.4498 -0.6437 0.6191
vn 0.4498 0.6437 0.6191
vn -0.0000 -0.6437 0.7653
vn -0.0000 0.6437 0.7653
vn -0.4498 -0.6437 0.6191
vn -0.4498 0.6437 0.6191
vn -0.7278 -0.6437 0.2365
vn -0.7278 0.6437 0.2365
vn -0.7278 -0.6437 -0.2365
vn -0.7278 0.6437 -0.2365
vn -0.4498 -0.6437 -0.6191
vn -0.4498 0.6437 -0.6191
vt 1.000000 0.500000
vt 1.000000 1.000000
vt 0.900000 1.000000
vt 0.900000 0.500000
vt 0.800000 1.000000
vt 0.800000 0.500000
vt 0.700000 1.000000
vt 0.700000 0.500000
vt 0.600000 1.000000
vt 0.600000 0.500000
vt 0.500000 1.000000
vt 0.500000 0.500000
vt 0.400000 1.000000
vt 0.400000 0.500000
vt 0.300000 1.000000
vt 0.300000 0.500000
vt 0.200000 1.000000
vt 0.200000 0.500000
vt 0.391068 0.444164
vt 0.250000 0.490000
vt 0.108932 0.444164
vt 0.021746 0.324164
vt 0.021746 0.175836
vt 0.108932 0.055836
vt 0.250000 0.010000
vt 0.391068 0.055836
vt 0.478254 0.175836
vt 0.478254 0.324164
vt 0.100000 1.000000
vt 0.100000 0.500000
vt -0.000000 1.000000
vt -0.000000 0.500000
vt 0.750000 0.490000
vt 0.891068 0.444164
vt 0.978254 0.324164
vt 0.978254 0.175836
vt 0.891068 0.055836
vt 0.750000 0.010000
vt 0.608932 0.055836
vt 0.521746 0.175836
vt 0.521746 0.324164
vt 0.608932 0.444164
s 1
usemtl M_Graphite
f 1245/2511/1233 1246/2512/1234 1248/2513/1236 1247/2514/1235
f 1247/2514/1235 1248/2513/1236 1250/2515/1238 1249/2516/1237
f 1249/2516/1237 1250/2515/1238 1252/2517/1240 1251/2518/1239
f 1251/2518/1239 1252/2517/1240 1254/2519/1242 1253/2520/1241
f 1253/2520/1241 1254/2519/1242 1256/2521/1244 1255/2522/1243
f 1255/2522/1243 1256/2521/1244 1258/2523/1246 1257/2524/1245
f 1257/2524/1245 1258/2523/1246 1260/2525/1248 1259/2526/1247
f 1259/2526/1247 1260/2525/1248 1262/2527/1250 1261/2528/1249
f 1248/2529/1236 1246/2530/1234 1264/2531/1252 1262/2532/1250 1260/2533/1248 1258/2534/1246 1256/2535/1244 1254/2536/1242 1252/2537/1240 1250/2538/1238
f 1261/2528/1249 1262/2527/1250 1264/2539/1252 1263/2540/1251
f 1263/2540/1251 1264/2539/1252 1246/2541/1234 1245/2542/1233
f 1245/2543/1233 1247/2544/1235 1249/2545/1237 1251/2546/1239 1253/2547/1241 1255/2548/1243 1257/2549/1245 1259/2550/1247 1261/2551/1249 1263/2552/1251
o Socket.056
v 0.520000 0.080000 0.154000
v 0.520000 0.088000 0.154000
v 0.523527 0.080000 0.155146
v 0.523527 0.088000 0.155146
v 0.525706 0.080000 0.158146
v 0.525706 0.088000 0.158146
v 0.525706 0.080000 0.161854
v 0.525706 0.088000 0.161854
v 0.523527 0.080000 0.164854
v 0.523527 0.088000 0.164854
v 0.520000 0.080000 0.166000
v 0.520000 0.088000 0.166000
v 0.516473 0.080000 0.164854
v 0.516473 0.088000 0.164854
v 0.514294 0.080000 0.161854
v 0.514294 0.088000 0.161854
v 0.514294 0.080000 0.158146
v 0.514294 0.088000 0.158146
v 0.516473 0.080000 0.155146
v 0.516473 0.088000 0.155146
vn -0.0000 -0.6437 -0.7653
vn -0.0000 0.6437 -0.7653
vn 0.4498 -0.6437 -0.6191
vn 0.4498 0.6437 -0.6191
vn 0.7278 -0.6437 -0.2365
vn 0.7278 0.6437 -0.2365
vn 0.7278 -0.6437 0.2365
vn 0.7278 0.6437 0.2365
vn 0.4498 -0.6437 0.6191
vn 0.4498 0.6437 0.6191
vn -0.0000 -0.6437 0.7653
vn -0.0000 0.6437 0.7653
vn -0.4498 -0.6437 0.6191
vn -0.4498 0.6437 0.6191
vn -0.7278 -0.6437 0.2365
vn -0.7278 0.6437 0.2365
vn -0.7278 -0.6437 -0.2365
vn -0.7278 0.6437 -0.2365
vn -0.4498 -0.6437 -0.6191
vn -0.4498 0.6437 -0.6191
vt 1.000000 0.500000
vt 1.000000 1.000000
vt 0.900000 1.000000
vt 0.900000 0.500000
vt 0.800000 1.000000
vt 0.800000 0.500000
vt 0.700000 1.000000
vt 0.700000 0.500000
vt 0.600000 1.000000
vt 0.600000 0.500000
vt 0.500000 1.000000
vt 0.500000 0.500000
vt 0.400000 1.000000
vt 0.400000 0.500000
vt 0.300000 1.000000
vt 0.300000 0.500000
vt 0.200000 1.000000
vt 0.200000 0.500000
vt 0.391068 0.444164
vt 0.250000 0.490000
vt 0.108932 0.444164
vt 0.021746 0.324164
vt 0.021746 0.175836
vt 0.108932 0.055836
vt 0.250000 0.010000
vt 0.391068 0.055836
vt 0.478254 0.175836
vt 0.478254 0.324164
vt 0.100000 1.000000
vt 0.100000 0.500000
vt -0.000000 1.000000
vt -0.000000 0.500000
vt 0.750000 0.490000
vt 0.891068 0.444164
vt 0.978254 0.324164
vt 0.978254 0.175836
vt 0.891068 0.055836
vt 0.750000 0.010000
vt 0.608932 0.055836
vt 0.521746 0.175836
vt 0.521746 0.324164
vt 0.608932 0.444164
s 1
usemtl M_Graphite
f 1265/2553/1253 1266/2554/1254 1268/2555/1256 1267/2556/1255
f 1267/2556/1255 1268/2555/1256 1270/2557/1258 1269/2558/1257
f 1269/2558/1257 1270/2557/1258 1272/2559/1260 1271/2560/1259
f 1271/2560/1259 1272/2559/1260 1274/2561/1262 1273/2562/1261
f 1273/2562/1261 1274/2561/1262 1276/2563/1264 1275/2564/1263
f 1275/2564/1263 1276/2563/1264 1278/2565/1266 1277/2566/1265
f 1277/2566/1265 1278/2565/1266 1280/2567/1268 1279/2568/1267
f 1279/2568/1267 1280/2567/1268 1282/2569/1270 1281/2570/1269
f 1268/2571/1256 1266/2572/1254 1284/2573/1272 1282/2574/1270 1280/2575/1268 1278/2576/1266 1276/2577/1264 1274/2578/1262 1272/2579/1260 1270/2580/1258
f 1281/2570/1269 1282/2569/1270 1284/2581/1272 1283/2582/1271
f 1283/2582/1271 1284/2581/1272 1266/2583/1254 1265/2584/1253
f 1265/2585/1253 1267/2586/1255 1269/2587/1257 1271/2588/1259 1273/2589/1261 1275/2590/1263 1277/2591/1265 1279/2592/1267 1281/2593/1269 1283/2594/1271
o Socket.057
v 0.565000 0.080000 0.154000
v 0.565000 0.088000 0.154000
v 0.568527 0.080000 0.155146
v 0.568527 0.088000 0.155146
v 0.570706 0.080000 0.158146
v 0.570706 0.088000 0.158146
v 0.570706 0.080000 0.161854
v 0.570706 0.088000 0.161854
v 0.568527 0.080000 0.164854
v 0.568527 0.088000 0.164854
v 0.565000 0.080000 0.166000
v 0.565000 0.088000 0.166000
v 0.561473 0.080000 0.164854
v 0.561473 0.088000 0.164854
v 0.559294 0.080000 0.161854
v 0.559294 0.088000 0.161854
v 0.559294 0.080000 0.158146
v 0.559294 0.088000 0.158146
v 0.561473 0.080000 0.155146
v 0.561473 0.088000 0.155146
vn -0.0000 -0.6437 -0.7653
vn -0.0000 0.6437 -0.7653
vn 0.4498 -0.6437 -0.6191
vn 0.4498 0.6437 -0.6191
vn 0.7278 -0.6437 -0.2365
vn 0.7278 0.6437 -0.2365
vn 0.7278 -0.6437 0.2365
vn 0.7278 0.6437 0.2365
vn 0.4498 -0.6437 0.6191
vn 0.4498 0.6437 0.6191
vn -0.0000 -0.6437 0.7653
vn -0.0000 0.6437 0.7653
vn -0.4498 -0.6437 0.6191
vn -0.4498 0.6437 0.6191
vn -0.7278 -0.6437 0.2365
vn -0.7278 0.6437 0.2365
vn -0.7278 -0.6437 -0.2365
vn -0.7278 0.6437 -0.2365
vn -0.4498 -0.6437 -0.6191
vn -0.4498 0.6437 -0.6191
vt 1.000000 0.500000
vt 1.000000 1.000000
vt 0.900000 1.000000
vt 0.900000 0.500000
vt 0.800000 1.000000
vt 0.800000 0.500000
vt 0.700000 1.000000
vt 0.700000 0.500000
vt 0.600000 1.000000
vt 0.600000 0.500000
vt 0.500000 1.000000
vt 0.500000 0.500000
vt 0.400000 1.000000
vt 0.400000 0.500000
vt 0.300000 1.000000
vt 0.300000 0.500000
vt 0.200000 1.000000
vt 0.200000 0.500000
vt 0.391068 0.444164
vt 0.250000 0.490000
vt 0.108932 0.444164
vt 0.021746 0.324164
vt 0.021746 0.175836
vt 0.108932 0.055836
vt 0.250000 0.010000
vt 0.391068 0.055836
vt 0.478254 0.175836
vt 0.478254 0.324164
vt 0.100000 1.000000
vt 0.100000 0.500000
vt -0.000000 1.000000
vt -0.000000 0.500000
vt 0.750000 0.490000
vt 0.891068 0.444164
vt 0.978254 0.324164
vt 0.978254 0.175836
vt 0.891068 0.055836
vt 0.750000 0.010000
vt 0.608932 0.055836
vt 0.521746 0.175836
vt 0.521746 0.324164
vt 0.608932 0.444164
s 1
usemtl M_Graphite
f 1285/2595/1273 1286/2596/1274 1288/2597/1276 1287/2598/1275
f 1287/2598/1275 1288/2597/1276 1290/2599/1278 1289/2600/1277
f 1289/2600/1277 1290/2599/1278 1292/2601/1280 1291/2602/1279
f 1291/2602/1279 1292/2601/1280 1294/2603/1282 1293/2604/1281
f 1293/2604/1281 1294/2603/1282 1296/2605/1284 1295/2606/1283
f 1295/2606/1283 1296/2605/1284 1298/2607/1286 1297/2608/1285
f 1297/2608/1285 1298/2607/1286 1300/2609/1288 1299/2610/1287
f 1299/2610/1287 1300/2609/1288 1302/2611/1290 1301/2612/1289
f 1288/2613/1276 1286/2614/1274 1304/2615/1292 1302/2616/1290 1300/2617/1288 1298/2618/1286 1296/2619/1284 1294/2620/1282 1292/2621/1280 1290/2622/1278
f 1301/2612/1289 1302/2611/1290 1304/2623/1292 1303/2624/1291
f 1303/2624/1291 1304/2623/1292 1286/2625/1274 1285/2626/1273
f 1285/2627/1273 1287/2628/1275 1289/2629/1277 1291/2630/1279 1293/2631/1281 1295/2632/1283 1297/2633/1285 1299/2634/1287 1301/2635/1289 1303/2636/1291
o Socket.058
v 0.610000 0.080000 0.154000
v 0.610000 0.088000 0.154000
v 0.613527 0.080000 0.155146
v 0.613527 0.088000 0.155146
v 0.615706 0.080000 0.158146
v 0.615706 0.088000 0.158146
v 0.615706 0.080000 0.161854
v 0.615706 0.088000 0.161854
v 0.613527 0.080000 0.164854
v 0.613527 0.088000 0.164854
v 0.610000 0.080000 0.166000
v 0.610000 0.088000 0.166000
v 0.606473 0.080000 0.164854
v 0.606473 0.088000 0.164854
v 0.604294 0.080000 0.161854
v 0.604294 0.088000 0.161854
v 0.604294 0.080000 0.158146
v 0.604294 0.088000 0.158146
v 0.606473 0.080000 0.155146
v 0.606473 0.088000 0.155146
vn -0.0000 -0.6437 -0.7653
vn -0.0000 0.6437 -0.7653
vn 0.4498 -0.6437 -0.6191
vn 0.4498 0.6437 -0.6191
vn 0.7278 -0.6437 -0.2365
vn 0.7278 0.6437 -0.2365
vn 0.7278 -0.6437 0.2365
vn 0.7278 0.6437 0.2365
vn 0.4498 -0.6437 0.6191
vn 0.4498 0.6437 0.6191
vn -0.0000 -0.6437 0.7653
vn -0.0000 0.6437 0.7653
vn -0.4498 -0.6437 0.6191
vn -0.4498 0.6437 0.6191
vn -0.7278 -0.6437 0.2365
vn -0.7278 0.6437 0.2365
vn -0.7278 -0.6437 -0.2365
vn -0.7278 0.6437 -0.2365
vn -0.4498 -0.6437 -0.6191
vn -0.4498 0.6437 -0.6191
vt 1.000000 0.500000
vt 1.000000 1.000000
vt 0.900000 1.000000
vt 0.900000 0.500000
vt 0.800000 1.000000
vt 0.800000 0.500000
vt 0.700000 1.000000
vt 0.700000 0.500000
vt 0.600000 1.000000
vt 0.600000 0.500000
vt 0.500000 1.000000
vt 0.500000 0.500000
vt 0.400000 1.000000
vt 0.400000 0.500000
vt 0.300000 1.000000
vt 0.300000 0.500000
vt 0.200000 1.000000
vt 0.200000 0.500000
vt 0.391068 0.444164
vt 0.250000 0.490000
vt 0.108932 0.444164
vt 0.021746 0.324164
vt 0.021746 0.175836
vt 0.108932 0.055836
vt 0.250000 0.010000
vt 0.391068 0.055836
vt 0.478254 0.175836
vt 0.478254 0.324164
vt 0.100000 1.000000
vt 0.100000 0.500000
vt -0.000000 1.000000
vt -0.000000 0.500000
vt 0.750000 0.490000
vt 0.891068 0.444164
vt 0.978254 0.324164
vt 0.978254 0.175836
vt 0.891068 0.055836
vt 0.750000 0.010000
vt 0.608932 0.055836
vt 0.521746 0.175836
vt 0.521746 0.324164
vt 0.608932 0.444164
s 1
usemtl M_Graphite
f 1305/2637/1293 1306/2638/1294 1308/2639/1296 1307/2640/1295
f 1307/2640/1295 1308/2639/1296 1310/2641/1298 1309/2642/1297
f 1309/2642/1297 1310/2641/1298 1312/2643/1300 1311/2644/1299
f 1311/2644/1299 1312/2643/1300 1314/2645/1302 1313/2646/1301
f 1313/2646/1301 1314/2645/1302 1316/2647/1304 1315/2648/1303
f 1315/2648/1303 1316/2647/1304 1318/2649/1306 1317/2650/1305
f 1317/2650/1305 1318/2649/1306 1320/2651/1308 1319/2652/1307
f 1319/2652/1307 1320/2651/1308 1322/2653/1310 1321/2654/1309
f 1308/2655/1296 1306/2656/1294 1324/2657/1312 1322/2658/1310 1320/2659/1308 1318/2660/1306 1316/2661/1304 1314/2662/1302 1312/2663/1300 1310/2664/1298
f 1321/2654/1309 1322/2653/1310 1324/2665/1312 1323/2666/1311
f 1323/2666/1311 1324/2665/1312 1306/2667/1294 1305/2668/1293
f 1305/2669/1293 1307/2670/1295 1309/2671/1297 1311/2672/1299 1313/2673/1301 1315/2674/1303 1317/2675/1305 1319/2676/1307 1321/2677/1309 1323/2678/1311
o Socket.059
v 0.655000 0.080000 0.154000
v 0.655000 0.088000 0.154000
v 0.658527 0.080000 0.155146
v 0.658527 0.088000 0.155146
v 0.660706 0.080000 0.158146
v 0.660706 0.088000 0.158146
v 0.660706 0.080000 0.161854
v 0.660706 0.088000 0.161854
v 0.658527 0.080000 0.164854
v 0.658527 0.088000 0.164854
v 0.655000 0.080000 0.166000
v 0.655000 0.088000 0.166000
v 0.651473 0.080000 0.164854
v 0.651473 0.088000 0.164854
v 0.649294 0.080000 0.161854
v 0.649294 0.088000 0.161854
v 0.649294 0.080000 0.158146
v 0.649294 0.088000 0.158146
v 0.651473 0.080000 0.155146
v 0.651473 0.088000 0.155146
vn -0.0000 -0.6437 -0.7653
vn -0.0000 0.6437 -0.7653
vn 0.4498 -0.6437 -0.6191
vn 0.4498 0.6437 -0.6191
vn 0.7278 -0.6437 -0.2365
vn 0.7278 0.6437 -0.2365
vn 0.7278 -0.6437 0.2365
vn 0.7278 0.6437 0.2365
vn 0.4498 -0.6437 0.6191
vn 0.4498 0.6437 0.6191
vn -0.0000 -0.6437 0.7653
vn -0.0000 0.6437 0.7653
vn -0.4498 -0.6437 0.6191
vn -0.4498 0.6437 0.6191
vn -0.7278 -0.6437 0.2365
vn -0.7278 0.6437 0.2365
vn -0.7278 -0.6437 -0.2365
vn -0.7278 0.6437 -0.2365
vn -0.4498 -0.6437 -0.6191
vn -0.4498 0.6437 -0.6191
vt 1.000000 0.500000
vt 1.000000 1.000000
vt 0.900000 1.000000
vt 0.900000 0.500000
vt 0.800000 1.000000
vt 0.800000 0.500000
vt 0.700000 1.000000
vt 0.700000 0.500000
vt 0.600000 1.000000
vt 0.600000 0.500000
vt 0.500000 1.000000
vt 0.500000 0.500000
vt 0.400000 1.000000
vt 0.400000 0.500000
vt 0.300000 1.000000
vt 0.300000 0.500000
vt 0.200000 1.000000
vt 0.200000 0.500000
vt 0.391068 0.444164
vt 0.250000 0.490000
vt 0.108932 0.444164
vt 0.021746 0.324164
vt 0.021746 0.175836
vt 0.108932 0.055836
vt 0.250000 0.010000
vt 0.391068 0.055836
vt 0.478254 0.175836
vt 0.478254 0.324164
vt 0.100000 1.000000
vt 0.100000 0.500000
vt -0.000000 1.000000
vt -0.000000 0.500000
vt 0.750000 0.490000
vt 0.891068 0.444164
vt 0.978254 0.324164
vt 0.978254 0.175836
vt 0.891068 0.055836
vt 0.750000 0.010000
vt 0.608932 0.055836
vt 0.521746 0.175836
vt 0.521746 0.324164
vt 0.608932 0.444164
s 1
usemtl M_Graphite
f 1325/2679/1313 1326/2680/1314 1328/2681/1316 1327/2682/1315
f 1327/2682/1315 1328/2681/1316 1330/2683/1318 1329/2684/1317
f 1329/2684/1317 1330/2683/1318 1332/2685/1320 1331/2686/1319
f 1331/2686/1319 1332/2685/1320 1334/2687/1322 1333/2688/1321
f 1333/2688/1321 1334/2687/1322 1336/2689/1324 1335/2690/1323
f 1335/2690/1323 1336/2689/1324 1338/2691/1326 1337/2692/1325
f 1337/2692/1325 1338/2691/1326 1340/2693/1328 1339/2694/1327
f 1339/2694/1327 1340/2693/1328 1342/2695/1330 1341/2696/1329
f 1328/2697/1316 1326/2698/1314 1344/2699/1332 1342/2700/1330 1340/2701/1328 1338/2702/1326 1336/2703/1324 1334/2704/1322 1332/2705/1320 1330/2706/1318
f 1341/2696/1329 1342/2695/1330 1344/2707/1332 1343/2708/1331
f 1343/2708/1331 1344/2707/1332 1326/2709/1314 1325/2710/1313
f 1325/2711/1313 1327/2712/1315 1329/2713/1317 1331/2714/1319 1333/2715/1321 1335/2716/1323 1337/2717/1325 1339/2718/1327 1341/2719/1329 1343/2720/1331
o Socket.060
v -0.650000 0.080000 0.109000
v -0.650000 0.088000 0.109000
v -0.646473 0.080000 0.110146
v -0.646473 0.088000 0.110146
v -0.644294 0.080000 0.113146
v -0.644294 0.088000 0.113146
v -0.644294 0.080000 0.116854
v -0.644294 0.088000 0.116854
v -0.646473 0.080000 0.119854
v -0.646473 0.088000 0.119854
v -0.650000 0.080000 0.121000
v -0.650000 0.088000 0.121000
v -0.653527 0.080000 0.119854
v -0.653527 0.088000 0.119854
v -0.655706 0.080000 0.116854
v -0.655706 0.088000 0.116854
v -0.655706 0.080000 0.113146
v -0.655706 0.088000 0.113146
v -0.653527 0.080000 0.110146
v -0.653527 0.088000 0.110146
vn -0.0000 -0.6437 -0.7653
vn -0.0000 0.6437 -0.7653
vn 0.4498 -0.6437 -0.6191
vn 0.4498 0.6437 -0.6191
vn 0.7278 -0.6437 -0.2365
vn 0.7278 0.6437 -0.2365
vn 0.7278 -0.6437 0.2365
vn 0.7278 0.6437 0.2365
vn 0.4498 -0.6437 0.6191
vn 0.4498 0.6437 0.6191
vn -0.0000 -0.6437 0.7653
vn -0.0000 0.6437 0.7653
vn -0.4498 -0.6437 0.6191
vn -0.4498 0.6437 0.6191
vn -0.7278 -0.6437 0.2365
vn -0.7278 0.6437 0.2365
vn -0.7278 -0.6437 -0.2365
vn -0.7278 0.6437 -0.2365
vn -0.4498 -0.6437 -0.6191
vn -0.4498 0.6437 -0.6191
vt 1.000000 0.500000
vt 1.000000 1.000000
vt 0.900000 1.000000
vt 0.900000 0.500000
vt 0.800000 1.000000
vt 0.800000 0.500000
vt 0.700000 1.000000
vt 0.700000 0.500000
vt 0.600000 1.000000
vt 0.600000 0.500000
vt 0.500000 1.000000
vt 0.500000 0.500000
vt 0.400000 1.000000
vt 0.400000 0.500000
vt 0.300000 1.000000
vt 0.300000 0.500000
vt 0.200000 1.000000
vt 0.200000 0.500000
vt 0.391068 0.444164
vt 0.250000 0.490000
vt 0.108932 0.444164
vt 0.021746 0.324164
vt 0.021746 0.175836
vt 0.108932 0.055836
vt 0.250000 0.010000
vt 0.391068 0.055836
vt 0.478254 0.175836
vt 0.478254 0.324164
vt 0.100000 1.000000
vt 0.100000 0.500000
vt -0.000000 1.000000
vt -0.000000 0.500000
vt 0.750000 0.490000
vt 0.891068 0.444164
vt 0.978254 0.324164
vt 0.978254 0.175836
vt 0.891068 0.055836
vt 0.750000 0.010000
vt 0.608932 0.055836
vt 0.521746 0.175836
vt 0.521746 0.324164
vt 0.608932 0.444164
s 1
usemtl M_Graphite
f 1345/2721/1333 1346/2722/1334 1348/2723/1336 1347/2724/1335
f 1347/2724/1335 1348/2723/1336 1350/2725/1338 1349/2726/1337
f 1349/2726/1337 1350/2725/1338 1352/2727/1340 1351/2728/1339
f 1351/2728/1339 1352/2727/1340 1354/2729/1342 1353/2730/1341
f 1353/2730/1341 1354/2729/1342 1356/2731/1344 1355/2732/1343
f 1355/2732/1343 1356/2731/1344 1358/2733/1346 1357/2734/1345
f 1357/2734/1345 1358/2733/1346 1360/2735/1348 1359/2736/1347
f 1359/2736/1347 1360/2735/1348 1362/2737/1350 1361/2738/1349
f 1348/2739/1336 1346/2740/1334 1364/2741/1352 1362/2742/1350 1360/2743/1348 1358/2744/1346 1356/2745/1344 1354/2746/1342 1352/2747/1340 1350/2748/1338
f 1361/2738/1349 1362/2737/1350 1364/2749/1352 1363/2750/1351
f 1363/2750/1351 1364/2749/1352 1346/2751/1334 1345/2752/1333
f 1345/2753/1333 1347/2754/1335 1349/2755/1337 1351/2756/1339 1353/2757/1341 1355/2758/1343 1357/2759/1345 1359/2760/1347 1361/2761/1349 1363/2762/1351
o Socket.061
v -0.605000 0.080000 0.109000
v -0.605000 0.088000 0.109000
v -0.601473 0.080000 0.110146
v -0.601473 0.088000 0.110146
v -0.599294 0.080000 0.113146
v -0.599294 0.088000 0.113146
v -0.599294 0.080000 0.116854
v -0.599294 0.088000 0.116854
v -0.601473 0.080000 0.119854
v -0.601473 0.088000 0.119854
v -0.605000 0.080000 0.121000
v -0.605000 0.088000 0.121000
v -0.608527 0.080000 0.119854
v -0.608527 0.088000 0.119854
v -0.610706 0.080000 0.116854
v -0.610706 0.088000 0.116854
v -0.610706 0.080000 0.113146
v -0.610706 0.088000 0.113146
v -0.608527 0.080000 0.110146
v -0.608527 0.088000 0.110146
vn -0.0000 -0.6437 -0.7653
vn -0.0000 0.6437 -0.7653
vn 0.4498 -0.6437 -0.6191
vn 0.4498 0.6437 -0.6191
vn 0.7278 -0.6437 -0.2365
vn 0.7278 0.6437 -0.2365
vn 0.7278 -0.6437 0.2365
vn 0.7278 0.6437 0.2365
vn 0.4498 -0.6437 0.6191
vn 0.4498 0.6437 0.6191
vn -0.0000 -0.6437 0.7653
vn -0.0000 0.6437 0.7653
vn -0.4498 -0.6437 0.6191
vn -0.4498 0.6437 0.6191
vn -0.7278 -0.6437 0.2365
vn -0.7278 0.6437 0.2365
vn -0.7278 -0.6437 -0.2365
vn -0.7278 0.6437 -0.2365
vn -0.4498 -0.6437 -0.6191
vn -0.4498 0.6437 -0.6191
vt 1.000000 0.500000
vt 1.000000 1.000000
vt 0.900000 1.000000
vt 0.900000 0.500000
vt 0.800000 1.000000
vt 0.800000 0.500000
vt 0.700000 1.000000
vt 0.700000 0.500000
vt 0.600000 1.000000
vt 0.600000 0.500000
vt 0.500000 1.000000
vt 0.500000 0.500000
vt 0.400000 1.000000
vt 0.400000 0.500000
vt 0.300000 1.000000
vt 0.300000 0.500000
vt 0.200000 1.000000
vt 0.200000 0.500000
vt 0.391068 0.444164
vt 0.250000 0.490000
vt 0.108932 0.444164
vt 0.021746 0.324164
vt 0.021746 0.175836
vt 0.108932 0.055836
vt 0.250000 0.010000
vt 0.391068 0.055836
vt 0.478254 0.175836
vt 0.478254 0.324164
vt 0.100000 1.000000
vt 0.100000 0.500000
vt -0.000000 1.000000
vt -0.000000 0.500000
vt 0.750000 0.490000
vt 0.891068 0.444164
vt 0.978254 0.324164
vt 0.978254 0.175836
vt 0.891068 0.055836
vt 0.750000 0.010000
vt 0.608932 0.055836
vt 0.521746 0.175836
vt 0.521746 0.324164
vt 0.608932 0.444164
s 1
usemtl M_Graphite
f 1365/2763/1353 1366/2764/1354 1368/2765/1356 1367/2766/1355
f 1367/2766/1355 1368/2765/1356 1370/2767/1358 1369/2768/1357
f 1369/2768/1357 1370/2767/1358 1372/2769/1360 1371/2770/1359
f 1371/2770/1359 1372/2769/1360 1374/2771/1362 1373/2772/1361
f 1373/2772/1361 1374/2771/1362 1376/2773/1364 1375/2774/1363
f 1375/2774/1363 1376/2773/1364 1378/2775/1366 1377/2776/1365
f 1377/2776/1365 1378/2775/1366 1380/2777/1368 1379/2778/1367
f 1379/2778/1367 1380/2777/1368 1382/2779/1370 1381/2780/1369
f 1368/2781/1356 1366/2782/1354 1384/2783/1372 1382/2784/1370 1380/2785/1368 1378/2786/1366 1376/2787/1364 1374/2788/1362 1372/2789/1360 1370/2790/1358
f 1381/2780/1369 1382/2779/1370 1384/2791/1372 1383/2792/1371
f 1383/2792/1371 1384/2791/1372 1366/2793/1354 1365/2794/1353
f 1365/2795/1353 1367/2796/1355 1369/2797/1357 1371/2798/1359 1373/2799/1361 1375/2800/1363 1377/2801/1365 1379/2802/1367 1381/2803/1369 1383/2804/1371
o Socket.062
v -0.560000 0.080000 0.109000
v -0.560000 0.088000 0.109000
v -0.556473 0.080000 0.110146
v -0.556473 0.088000 0.110146
v -0.554294 0.080000 0.113146
v -0.554294 0.088000 0.113146
v -0.554294 0.080000 0.116854
v -0.554294 0.088000 0.116854
v -0.556473 0.080000 0.119854
v -0.556473 0.088000 0.119854
v -0.560000 0.080000 0.121000
v -0.560000 0.088000 0.121000
v -0.563527 0.080000 0.119854
v -0.563527 0.088000 0.119854
v -0.565706 0.080000 0.116854
v -0.565706 0.088000 0.116854
v -0.565706 0.080000 0.113146
v -0.565706 0.088000 0.113146
v -0.563527 0.080000 0.110146
v -0.563527 0.088000 0.110146
vn -0.0000 -0.6437 -0.7653
vn -0.0000 0.6437 -0.7653
vn 0.4498 -0.6437 -0.6191
vn 0.4498 0.6437 -0.6191
vn 0.7278 -0.6437 -0.2365
vn 0.7278 0.6437 -0.2365
vn 0.7278 -0.6437 0.2365
vn 0.7278 0.6437 0.2365
vn 0.4498 -0.6437 0.6191
vn 0.4498 0.6437 0.6191
vn -0.0000 -0.6437 0.7653
vn -0.0000 0.6437 0.7653
vn -0.4498 -0.6437 0.6191
vn -0.4498 0.6437 0.6191
vn -0.7278 -0.6437 0.2365
vn -0.7278 0.6437 0.2365
vn -0.7278 -0.6437 -0.2365
vn -0.7278 0.6437 -0.2365
vn -0.4498 -0.6437 -0.6191
vn -0.4498 0.6437 -0.6191
vt 1.000000 0.500000
vt 1.000000 1.000000
vt 0.900000 1.000000
vt 0.900000 0.500000
vt 0.800000 1.000000
vt 0.800000 0.500000
vt 0.700000 1.000000
vt 0.700000 0.500000
vt 0.600000 1.000000
vt 0.600000 0.500000
vt 0.500000 1.000000
vt 0.500000 0.500000
vt 0.400000 1.000000
vt 0.400000 0.500000
vt 0.300000 1.000000
vt 0.300000 0.500000
vt 0.200000 1.000000
vt 0.200000 0.500000
vt 0.391068 0.444164
vt 0.250000 0.490000
vt 0.108932 0.444164
vt 0.021746 0.324164
vt 0.021746 0.175836
vt 0.108932 0.055836
vt 0.250000 0.010000
vt 0.391068 0.055836
vt 0.478254 0.175836
vt 0.478254 0.324164
vt 0.100000 1.000000
vt 0.100000 0.500000
vt -0.000000 1.000000
vt -0.000000 0.500000
vt 0.750000 0.490000
vt 0.891068 0.444164
vt 0.978254 0.324164
vt 0.978254 0.175836
vt 0.891068 0.055836
vt 0.750000 0.010000
vt 0.608932 0.055836
vt 0.521746 0.175836
vt 0.521746 0.324164
vt 0.608932 0.444164
s 1
usemtl M_Graphite
f 1385/2805/1373 1386/2806/1374 1388/2807/1376 1387/2808/1375
f 1387/2808/1375 1388/2807/1376 1390/2809/1378 1389/2810/1377
f 1389/2810/1377 1390/2809/1378 1392/2811/1380 1391/2812/1379
f 1391/2812/1379 1392/2811/1380 1394/2813/1382 1393/2814/1381
f 1393/2814/1381 1394/2813/1382 1396/2815/1384 1395/2816/1383
f 1395/2816/1383 1396/2815/1384 1398/2817/1386 1397/2818/1385
f 1397/2818/1385 1398/2817/1386 1400/2819/1388 1399/2820/1387
f 1399/2820/1387 1400/2819/1388 1402/2821/1390 1401/2822/1389
f 1388/2823/1376 1386/2824/1374 1404/2825/1392 1402/2826/1390 1400/2827/1388 1398/2828/1386 1396/2829/1384 1394/2830/1382 1392/2831/1380 1390/2832/1378
f 1401/2822/1389 1402/2821/1390 1404/2833/1392 1403/2834/1391
f 1403/2834/1391 1404/2833/1392 1386/2835/1374 1385/2836/1373
f 1385/2837/1373 1387/2838/1375 1389/2839/1377 1391/2840/1379 1393/2841/1381 1395/2842/1383 1397/2843/1385 1399/2844/1387 1401/2845/1389 1403/2846/1391
o Socket.063
v -0.515000 0.080000 0.109000
v -0.515000 0.088000 0.109000
v -0.511473 0.080000 0.110146
v -0.511473 0.088000 0.110146
v -0.509294 0.080000 0.113146
v -0.509294 0.088000 0.113146
v -0.509294 0.080000 0.116854
v -0.509294 0.088000 0.116854
v -0.511473 0.080000 0.119854
v -0.511473 0.088000 0.119854
v -0.515000 0.080000 0.121000
v -0.515000 0.088000 0.121000
v -0.518527 0.080000 0.119854
v -0.518527 0.088000 0.119854
v -0.520706 0.080000 0.116854
v -0.520706 0.088000 0.116854
v -0.520706 0.080000 0.113146
v -0.520706 0.088000 0.113146
v -0.518527 0.080000 0.110146
v -0.518527 0.088000 0.110146
vn -0.0000 -0.6437 -0.7653
vn -0.0000 0.6437 -0.7653
vn 0.4498 -0.6437 -0.6191
vn 0.4498 0.6437 -0.6191
vn 0.7278 -0.6437 -0.2365
vn 0.7278 0.6437 -0.2365
vn 0.7278 -0.6437 0.2365
vn 0.7278 0.6437 0.2365
vn 0.4498 -0.6437 0.6191
vn 0.4498 0.6437 0.6191
vn -0.0000 -0.6437 0.7653
vn -0.0000 0.6437 0.7653
vn -0.4498 -0.6437 0.6191
vn -0.4498 0.6437 0.6191
vn -0.7278 -0.6437 0.2365
vn -0.7278 0.6437 0.2365
vn -0.7278 -0.6437 -0.2365
vn -0.7278 0.6437 -0.2365
vn -0.4498 -0.6437 -0.6191
vn -0.4498 0.6437 -0.6191
vt 1.000000 0.500000
vt 1.000000 1.000000
vt 0.900000 1.000000
vt 0.900000 0.500000
vt 0.800000 1.000000
vt 0.800000 0.500000
vt 0.700000 1.000000
vt 0.700000 0.500000
vt 0.600000 1.000000
vt 0.600000 0.500000
vt 0.500000 1.000000
vt 0.500000 0.500000
vt 0.400000 1.000000
vt 0.400000 0.500000
vt 0.300000 1.000000
vt 0.300000 0.500000
vt 0.200000 1.000000
vt 0.200000 0.500000
vt 0.391068 0.444164
vt 0.250000 0.490000
vt 0.108932 0.444164
vt 0.021746 0.324164
vt 0.021746 0.175836
vt 0.108932 0.055836
vt 0.250000 0.010000
vt 0.391068 0.055836
vt 0.478254 0.175836
vt 0.478254 0.324164
vt 0.100000 1.000000
vt 0.100000 0.500000
vt -0.000000 1.000000
vt -0.000000 0.500000
vt 0.750000 0.490000
vt 0.891068 0.444164
vt 0.978254 0.324164
vt 0.978254 0.175836
vt 0.891068 0.055836
vt 0.750000 0.010000
vt 0.608932 0.055836
vt 0.521746 0.175836
vt 0.521746 0.324164
vt 0.608932 0.444164
s 1
usemtl M_Graphite
f 1405/2847/1393 1406/2848/1394 1408/2849/1396 1407/2850/1395
f 1407/2850/1395 1408/2849/1396 1410/2851/1398 1409/2852/1397
f 1409/2852/1397 1410/2851/1398 1412/2853/1400 1411/2854/1399
f 1411/2854/1399 1412/2853/1400 1414/2855/1402 1413/2856/1401
f 1413/2856/1401 1414/2855/1402 1416/2857/1404 1415/2858/1403
f 1415/2858/1403 1416/2857/1404 1418/2859/1406 1417/2860/1405
f 1417/2860/1405 1418/2859/1406 1420/2861/1408 1419/2862/1407
f 1419/2862/1407 1420/2861/1408 1422/2863/1410 1421/2864/1409
f 1408/2865/1396 1406/2866/1394 1424/2867/1412 1422/2868/1410 1420/2869/1408 1418/2870/1406 1416/2871/1404 1414/2872/1402 1412/2873/1400 1410/2874/1398
f 1421/2864/1409 1422/2863/1410 1424/2875/1412 1423/2876/1411
f 1423/2876/1411 1424/2875/1412 1406/2877/1394 1405/2878/1393
f 1405/2879/1393 1407/2880/1395 1409/2881/1397 1411/2882/1399 1413/2883/1401 1415/2884/1403 1417/2885/1405 1419/2886/1407 1421/2887/1409 1423/2888/1411
o Socket.064
v -0.470000 0.080000 0.109000
v -0.470000 0.088000 0.109000
v -0.466473 0.080000 0.110146
v -0.466473 0.088000 0.110146
v -0.464294 0.080000 0.113146
v -0.464294 0.088000 0.113146
v -0.464294 0.080000 0.116854
v -0.464294 0.088000 0.116854
v -0.466473 0.080000 0.119854
v -0.466473 0.088000 0.119854
v -0.470000 0.080000 0.121000
v -0.470000 0.088000 0.121000
v -0.473527 0.080000 0.119854
v -0.473527 0.088000 0.119854
v -0.475706 0.080000 0.116854
v -0.475706 0.088000 0.116854
v -0.475706 0.080000 0.113146
v -0.475706 0.088000 0.113146
v -0.473527 0.080000 0.110146
v -0.473527 0.088000 0.110146
vn -0.0000 -0.6437 -0.7653
vn -0.0000 0.6437 -0.7653
vn 0.4498 -0.6437 -0.6191
vn 0.4498 0.6437 -0.6191
vn 0.7278 -0.6437 -0.2365
vn 0.7278 0.6437 -0.2365
vn 0.7278 -0.6437 0.2365
vn 0.7278 0.6437 0.2365
vn 0.4498 -0.6437 0.6191
vn 0.4498 0.6437 0.6191
vn -0.0000 -0.6437 0.7653
vn -0.0000 0.6437 0.7653
vn -0.4498 -0.6437 0.6191
vn -0.4498 0.6437 0.6191
vn -0.7278 -0.6437 0.2365
vn -0.7278 0.6437 0.2365
vn -0.7278 -0.6437 -0.2365
vn -0.7278 0.6437 -0.2365
vn -0.4498 -0.6437 -0.6191
vn -0.4498 0.6437 -0.6191
vt 1.000000 0.500000
vt 1.000000 1.000000
vt 0.900000 1.000000
vt 0.900000 0.500000
vt 0.800000 1.000000
vt 0.800000 0.500000
vt 0.700000 1.000000
vt 0.700000 0.500000
vt 0.600000 1.000000
vt 0.600000 0.500000
vt 0.500000 1.000000
vt 0.500000 0.500000
vt 0.400000 1.000000
vt 0.400000 0.500000
vt 0.300000 1.000000
vt 0.300000 0.500000
vt 0.200000 1.000000
vt 0.200000 0.500000
vt 0.391068 0.444164
vt 0.250000 0.490000
vt 0.108932 0.444164
vt 0.021746 0.324164
vt 0.021746 0.175836
vt 0.108932 0.055836
vt 0.250000 0.010000
vt 0.391068 0.055836
vt 0.478254 0.175836
vt 0.478254 0.324164
vt 0.100000 1.000000
vt 0.100000 0.500000
vt -0.000000 1.000000
vt -0.000000 0.500000
vt 0.750000 0.490000
vt 0.891068 0.444164
vt 0.978254 0.324164
vt 0.978254 0.175836
vt 0.891068 0.055836
vt 0.750000 0.010000
vt 0.608932 0.055836
vt 0.521746 0.175836
vt 0.521746 0.324164
vt 0.608932 0.444164
s 1
usemtl M_Graphite
f 1425/2889/1413 1426/2890/1414 1428/2891/1416 1427/2892/1415
f 1427/2892/1415 1428/2891/1416 1430/2893/1418 1429/2894/1417
f 1429/2894/1417 1430/2893/1418 1432/2895/1420 1431/2896/1419
f 1431/2896/1419 1432/2895/1420 1434/2897/1422 1433/2898/1421
f 1433/2898/1421 1434/2897/1422 1436/2899/1424 1435/2900/1423
f 1435/2900/1423 1436/2899/1424 1438/2901/1426 1437/2902/1425
f 1437/2902/1425 1438/2901/1426 1440/2903/1428 1439/2904/1427
f 1439/2904/1427 1440/2903/1428 1442/2905/1430 1441/2906/1429
f 1428/2907/1416 1426/2908/1414 1444/2909/1432 1442/2910/1430 1440/2911/1428 1438/2912/1426 1436/2913/1424 1434/2914/1422 1432/2915/1420 1430/2916/1418
f 1441/2906/1429 1442/2905/1430 1444/2917/1432 1443/2918/1431
f 1443/2918/1431 1444/2917/1432 1426/2919/1414 1425/2920/1413
f 1425/2921/1413 1427/2922/1415 1429/2923/1417 1431/2924/1419 1433/2925/1421 1435/2926/1423 1437/2927/1425 1439/2928/1427 1441/2929/1429 1443/2930/1431
o Socket.065
v -0.425000 0.080000 0.109000
v -0.425000 0.088000 0.109000
v -0.421473 0.080000 0.110146
v -0.421473 0.088000 0.110146
v -0.419294 0.080000 0.113146
v -0.419294 0.088000 0.113146
v -0.419294 0.080000 0.116854
v -0.419294 0.088000 0.116854
v -0.421473 0.080000 0.119854
v -0.421473 0.088000 0.119854
v -0.425000 0.080000 0.121000
v -0.425000 0.088000 0.121000
v -0.428527 0.080000 0.119854
v -0.428527 0.088000 0.119854
v -0.430706 0.080000 0.116854
v -0.430706 0.088000 0.116854
v -0.430706 0.080000 0.113146
v -0.430706 0.088000 0.113146
v -0.428527 0.080000 0.110146
v -0.428527 0.088000 0.110146
vn -0.0000 -0.6437 -0.7653
vn -0.0000 0.6437 -0.7653
vn 0.4498 -0.6437 -0.6191
vn 0.4498 0.6437 -0.6191
vn 0.7278 -0.6437 -0.2365
vn 0.7278 0.6437 -0.2365
vn 0.7278 -0.6437 0.2365
vn 0.7278 0.6437 0.2365
vn 0.4498 -0.6437 0.6191
vn 0.4498 0.6437 0.6191
vn -0.0000 -0.6437 0.7653
vn -0.0000 0.6437 0.7653
vn -0.4498 -0.6437 0.6191
vn -0.4498 0.6437 0.6191
vn -0.7278 -0.6437 0.2365
vn -0.7278 0.6437 0.2365
vn -0.7278 -0.6437 -0.2365
vn -0.7278 0.6437 -0.2365
vn -0.4498 -0.6437 -0.6191
vn -0.4498 0.6437 -0.6191
vt 1.000000 0.500000
vt 1.000000 1.000000
vt 0.900000 1.000000
vt 0.900000 0.500000
vt 0.800000 1.000000
vt 0.800000 0.500000
vt 0.700000 1.000000
vt 0.700000 0.500000
vt 0.600000 1.000000
vt 0.600000 0.500000
vt 0.500000 1.000000
vt 0.500000 0.500000
vt 0.400000 1.000000
vt 0.400000 0.500000
vt 0.300000 1.000000
vt 0.300000 0.500000
vt 0.200000 1.000000
vt 0.200000 0.500000
vt 0.391068 0.444164
vt 0.250000 0.490000
vt 0.108932 0.444164
vt 0.021746 0.324164
vt 0.021746 0.175836
vt 0.108932 0.055836
vt 0.250000 0.010000
vt 0.391068 0.055836
vt 0.478254 0.175836
vt 0.478254 0.324164
vt 0.100000 1.000000
vt 0.100000 0.500000
vt -0.000000 1.000000
vt -0.000000 0.500000
vt 0.750000 0.490000
vt 0.891068 0.444164
vt 0.978254 0.324164
vt 0.978254 0.175836
vt 0.891068 0.055836
vt 0.750000 0.010000
vt 0.608932 0.055836
vt 0.521746 0.175836
vt 0.521746 0.324164
vt 0.608932 0.444164
s 1
usemtl M_Graphite
f 1445/2931/1433 1446/2932/1434 1448/2933/1436 1447/2934/1435
f 1447/2934/1435 1448/2933/1436 1450/2935/1438 1449/2936/1437
f 1449/2936/1437 1450/2935/1438 1452/2937/1440 1451/2938/1439
f 1451/2938/1439 1452/2937/1440 1454/2939/1442 1453/2940/1441
f 1453/2940/1441 1454/2939/1442 1456/2941/1444 1455/2942/1443
f 1455/2942/1443 1456/2941/1444 1458/2943/1446 1457/2944/1445
f 1457/2944/1445 1458/2943/1446 1460/2945/1448 1459/2946/1447
f 1459/2946/1447 1460/2945/1448 1462/2947/1450 1461/2948/1449
f 1448/2949/1436 1446/2950/1434 1464/2951/1452 1462/2952/1450 1460/2953/1448 1458/2954/1446 1456/2955/1444 1454/2956/1442 1452/2957/1440 1450/2958/1438
f 1461/2948/1449 1462/2947/1450 1464/2959/1452 1463/2960/1451
f 1463/2960/1451 1464/2959/1452 1446/2961/1434 1445/2962/1433
f 1445/2963/1433 1447/2964/1435 1449/2965/1437 1451/2966/1439 1453/2967/1441 1455/2968/1443 1457/2969/1445 1459/2970/1447 1461/2971/1449 1463/2972/1451
o Socket.066
v -0.380000 0.080000 0.109000
v -0.380000 0.088000 0.109000
v -0.376473 0.080000 0.110146
v -0.376473 0.088000 0.110146
v -0.374294 0.080000 0.113146
v -0.374294 0.088000 0.113146
v -0.374294 0.080000 0.116854
v -0.374294 0.088000 0.116854
v -0.376473 0.080000 0.119854
v -0.376473 0.088000 0.119854
v -0.380000 0.080000 0.121000
v -0.380000 0.088000 0.121000
v -0.383527 0.080000 0.119854
v -0.383527 0.088000 0.119854
v -0.385706 0.080000 0.116854
v -0.385706 0.088000 0.116854
v -0.385706 0.080000 0.113146
v -0.385706 0.088000 0.113146
v -0.383527 0.080000 0.110146
v -0.383527 0.088000 0.110146
vn -0.0000 -0.6437 -0.7653
vn -0.0000 0.6437 -0.7653
vn 0.4498 -0.6437 -0.6191
vn 0.4498 0.6437 -0.6191
vn 0.7278 -0.6437 -0.2365
vn 0.7278 0.6437 -0.2365
vn 0.7278 -0.6437 0.2365
vn 0.7278 0.6437 0.2365
vn 0.4498 -0.6437 0.6191
vn 0.4498 0.6437 0.6191
vn -0.0000 -0.6437 0.7653
vn -0.0000 0.6437 0.7653
vn -0.4498 -0.6437 0.6191
vn -0.4498 0.6437 0.6191
vn -0.7278 -0.6437 0.2365
vn -0.7278 0.6437 0.2365
vn -0.7278 -0.6437 -0.2365
vn -0.7278 0.6437 -0.2365
vn -0.4498 -0.6437 -0.6191
vn -0.4498 0.6437 -0.6191
vt 1.000000 0.500000
vt 1.000000 1.000000
vt 0.900000 1.000000
vt 0.900000 0.500000
vt 0.800000 1.000000
vt 0.800000 0.500000
vt 0.700000 1.000000
vt 0.700000 0.500000
vt 0.600000 1.000000
vt 0.600000 0.500000
vt 0.500000 1.000000
vt 0.500000 0.500000
vt 0.400000 1.000000
vt 0.400000 0.500000
vt 0.300000 1.000000
vt 0.300000 0.500000
vt 0.200000 1.000000
vt 0.200000 0.500000
vt 0.391068 0.444164
vt 0.250000 0.490000
vt 0.108932 0.444164
vt 0.021746 0.324164
vt 0.021746 0.175836
vt 0.108932 0.055836
vt 0.250000 0.010000
vt 0.391068 0.055836
vt 0.478254 0.175836
vt 0.478254 0.324164
vt 0.100000 1.000000
vt 0.100000 0.500000
vt -0.000000 1.000000
vt -0.000000 0.500000
vt 0.750000 0.490000
vt 0.891068 0.444164
vt 0.978254 0.324164
vt 0.978254 0.175836
vt 0.891068 0.055836
vt 0.750000 0.010000
vt 0.608932 0.055836
vt 0.521746 0.175836
vt 0.521746 0.324164
vt 0.608932 0.444164
s 1
usemtl M_Graphite
f 1465/2973/1453 1466/2974/1454 1468/2975/1456 1467/2976/1455
f 1467/2976/1455 1468/2975/1456 1470/2977/1458 1469/2978/1457
f 1469/2978/1457 1470/2977/1458 1472/2979/1460 1471/2980/1459
f 1471/2980/1459 1472/2979/1460 1474/2981/1462 1473/2982/1461
f 1473/2982/1461 1474/2981/1462 1476/2983/1464 1475/2984/1463
f 1475/2984/1463 1476/2983/1464 1478/2985/1466 1477/2986/1465
f 1477/2986/1465 1478/2985/1466 1480/2987/1468 1479/2988/1467
f 1479/2988/1467 1480/2987/1468 1482/2989/1470 1481/2990/1469
f 1468/2991/1456 1466/2992/1454 1484/2993/1472 1482/2994/1470 1480/2995/1468 1478/2996/1466 1476/2997/1464 1474/2998/1462 1472/2999/1460 1470/3000/1458
f 1481/2990/1469 1482/2989/1470 1484/3001/1472 1483/3002/1471
f 1483/3002/1471 1484/3001/1472 1466/3003/1454 1465/3004/1453
f 1465/3005/1453 1467/3006/1455 1469/3007/1457 1471/3008/1459 1473/3009/1461 1475/3010/1463 1477/3011/1465 1479/3012/1467 1481/3013/1469 1483/3014/1471
o Socket.067
v -0.335000 0.080000 0.109000
v -0.335000 0.088000 0.109000
v -0.331473 0.080000 0.110146
v -0.331473 0.088000 0.110146
v -0.329294 0.080000 0.113146
v -0.329294 0.088000 0.113146
v -0.329294 0.080000 0.116854
v -0.329294 0.088000 0.116854
v -0.331473 0.080000 0.119854
v -0.331473 0.088000 0.119854
v -0.335000 0.080000 0.121000
v -0.335000 0.088000 0.121000
v -0.338527 0.080000 0.119854
v -0.338527 0.088000 0.119854
v -0.340706 0.080000 0.116854
v -0.340706 0.088000 0.116854
v -0.340706 0.080000 0.113146
v -0.340706 0.088000 0.113146
v -0.338527 0.080000 0.110146
v -0.338527 0.088000 0.110146
vn -0.0000 -0.6437 -0.7653
vn -0.0000 0.6437 -0.7653
vn 0.4498 -0.6437 -0.6191
vn 0.4498 0.6437 -0.6191
vn 0.7278 -0.6437 -0.2365
vn 0.7278 0.6437 -0.2365
vn 0.7278 -0.6437 0.2365
vn 0.7278 0.6437 0.2365
vn 0.4498 -0.6437 0.6191
vn 0.4498 0.6437 0.6191
vn -0.0000 -0.6437 0.7653
vn -0.0000 0.6437 0.7653
vn -0.4498 -0.6437 0.6191
vn -0.4498 0.6437 0.6191
vn -0.7278 -0.6437 0.2365
vn -0.7278 0.6437 0.2365
vn -0.7278 -0.6437 -0.2365
vn -0.7278 0.6437 -0.2365
vn -0.4498 -0.6437 -0.6191
vn -0.4498 0.6437 -0.6191
vt 1.000000 0.500000
vt 1.000000 1.000000
vt 0.900000 1.000000
vt 0.900000 0.500000
vt 0.800000 1.000000
vt 0.800000 0.500000
vt 0.700000 1.000000
vt 0.700000 0.500000
vt 0.600000 1.000000
vt 0.600000 0.500000
vt 0.500000 1.000000
vt 0.500000 0.500000
vt 0.400000 1.000000
vt 0.400000 0.500000
vt 0.300000 1.000000
vt 0.300000 0.500000
vt 0.200000 1.000000
vt 0.200000 0.500000
vt 0.391068 0.444164
vt 0.250000 0.490000
vt 0.108932 0.444164
vt 0.021746 0.324164
vt 0.021746 0.175836
vt 0.108932 0.055836
vt 0.250000 0.010000
vt 0.391068 0.055836
vt 0.478254 0.175836
vt 0.478254 0.324164
vt 0.100000 1.000000
vt 0.100000 0.500000
vt -0.000000 1.000000
vt -0.000000 0.500000
vt 0.750000 0.490000
vt 0.891068 0.444164
vt 0.978254 0.324164
vt 0.978254 0.175836
vt 0.891068 0.055836
vt 0.750000 0.010000
vt 0.608932 0.055836
vt 0.521746 0.175836
vt 0.521746 0.324164
vt 0.608932 0.444164
s 1
usemtl M_Graphite
f 1485/3015/1473 1486/3016/1474 1488/3017/1476 1487/3018/1475
f 1487/3018/1475 1488/3017/1476 1490/3019/1478 1489/3020/1477
f 1489/3020/1477 1490/3019/1478 1492/3021/1480 1491/3022/1479
f 1491/3022/1479 1492/3021/1480 1494/3023/1482 1493/3024/1481
f 1493/3024/1481 1494/3023/1482 1496/3025/1484 1495/3026/1483
f 1495/3026/1483 1496/3025/1484 1498/3027/1486 1497/3028/1485
f 1497/3028/1485 1498/3027/1486 1500/3029/1488 1499/3030/1487
f 1499/3030/1487 1500/3029/1488 1502/3031/1490 1501/3032/1489
f 1488/3033/1476 1486/3034/1474 1504/3035/1492 1502/3036/1490 1500/3037/1488 1498/3038/1486 1496/3039/1484 1494/3040/1482 1492/3041/1480 1490/3042/1478
f 1501/3032/1489 1502/3031/1490 1504/3043/1492 1503/3044/1491
f 1503/3044/1491 1504/3043/1492 1486/3045/1474 1485/3046/1473
f 1485/3047/1473 1487/3048/1475 1489/3049/1477 1491/3050/1479 1493/3051/1481 1495/3052/1483 1497/3053/1485 1499/3054/1487 1501/3055/1489 1503/3056/1491
o Socket.068
v -0.290000 0.080000 0.109000
v -0.290000 0.088000 0.109000
v -0.286473 0.080000 0.110146
v -0.286473 0.088000 0.110146
v -0.284294 0.080000 0.113146
v -0.284294 0.088000 0.113146
v -0.284294 0.080000 0.116854
v -0.284294 0.088000 0.116854
v -0.286473 0.080000 0.119854
v -0.286473 0.088000 0.119854
v -0.290000 0.080000 0.121000
v -0.290000 0.088000 0.121000
v -0.293527 0.080000 0.119854
v -0.293527 0.088000 0.119854
v -0.295706 0.080000 0.116854
v -0.295706 0.088000 0.116854
v -0.295706 0.080000 0.113146
v -0.295706 0.088000 0.113146
v -0.293527 0.080000 0.110146
v -0.293527 0.088000 0.110146
vn -0.0000 -0.6437 -0.7653
vn -0.0000 0.6437 -0.7653
vn 0.4498 -0.6437 -0.6191
vn 0.4498 0.6437 -0.6191
vn 0.7278 -0.6437 -0.2365
vn 0.7278 0.6437 -0.2365
vn 0.7278 -0.6437 0.2365
vn 0.7278 0.6437 0.2365
vn 0.4498 -0.6437 0.6191
vn 0.4498 0.6437 0.6191
vn -0.0000 -0.6437 0.7653
vn -0.0000 0.6437 0.7653
vn -0.4498 -0.6437 0.6191
vn -0.4498 0.6437 0.6191
vn -0.7278 -0.6437 0.2365
vn -0.7278 0.6437 0.2365
vn -0.7278 -0.6437 -0.2365
vn -0.7278 0.6437 -0.2365
vn -0.4498 -0.6437 -0.6191
vn -0.4498 0.6437 -0.6191
vt 1.000000 0.500000
vt 1.000000 1.000000
vt 0.900000 1.000000
vt 0.900000 0.500000
vt 0.800000 1.000000
vt 0.800000 0.500000
vt 0.700000 1.000000
vt 0.700000 0.500000
vt 0.600000 1.000000
vt 0.600000 0.500000
vt 0.500000 1.000000
vt 0.500000 0.500000
vt 0.400000 1.000000
vt 0.400000 0.500000
vt 0.300000 1.000000
vt 0.300000 0.500000
vt 0.200000 1.000000
vt 0.200000 0.500000
vt 0.391068 0.444164
vt 0.250000 0.490000
vt 0.108932 0.444164
vt 0.021746 0.324164
vt 0.021746 0.175836
vt 0.108932 0.055836
vt 0.250000 0.010000
vt 0.391068 0.055836
vt 0.478254 0.175836
vt 0.478254 0.324164
vt 0.100000 1.000000
vt 0.100000 0.500000
vt -0.000000 1.000000
vt -0.000000 0.500000
vt 0.750000 0.490000
vt 0.891068 0.444164
vt 0.978254 0.324164
vt 0.978254 0.175836
vt 0.891068 0.055836
vt 0.750000 0.010000
vt 0.608932 0.055836
vt 0.521746 0.175836
vt 0.521746 0.324164
vt 0.608932 0.444164
s 1
usemtl M_Graphite
f 1505/3057/1493 1506/3058/1494 1508/3059/1496 1507/3060/1495
f 1507/3060/1495 1508/3059/1496 1510/3061/1498 1509/3062/1497
f 1509/3062/1497 1510/3061/1498 1512/3063/1500 1511/3064/1499
f 1511/3064/1499 1512/3063/1500 1514/3065/1502 1513/3066/1501
f 1513/3066/1501 1514/3065/1502 1516/3067/1504 1515/3068/1503
f 1515/3068/1503 1516/3067/1504 1518/3069/1506 1517/3070/1505
f 1517/3070/1505 1518/3069/1506 1520/3071/1508 1519/3072/1507
f 1519/3072/1507 1520/3071/1508 1522/3073/1510 1521/3074/1509
f 1508/3075/1496 1506/3076/1494 1524/3077/1512 1522/3078/1510 1520/3079/1508 1518/3080/1506 1516/3081/1504 1514/3082/1502 1512/3083/1500 1510/3084/1498
f 1521/3074/1509 1522/3073/1510 1524/3085/1512 1523/3086/1511
f 1523/3086/1511 1524/3085/1512 1506/3087/1494 1505/3088/1493
f 1505/3089/1493 1507/3090/1495 1509/3091/1497 1511/3092/1499 1513/3093/1501 1515/3094/1503 1517/3095/1505 1519/3096/1507 1521/3097/1509 1523/3098/1511
o Socket.069
v -0.245000 0.080000 0.109000
v -0.245000 0.088000 0.109000
v -0.241473 0.080000 0.110146
v -0.241473 0.088000 0.110146
v -0.239294 0.080000 0.113146
v -0.239294 0.088000 0.113146
v -0.239294 0.080000 0.116854
v -0.239294 0.088000 0.116854
v -0.241473 0.080000 0.119854
v -0.241473 0.088000 0.119854
v -0.245000 0.080000 0.121000
v -0.245000 0.088000 0.121000
v -0.248527 0.080000 0.119854
v -0.248527 0.088000 0.119854
v -0.250706 0.080000 0.116854
v -0.250706 0.088000 0.116854
v -0.250706 0.080000 0.113146
v -0.250706 0.088000 0.113146
v -0.248527 0.080000 0.110146
v -0.248527 0.088000 0.110146
vn -0.0000 -0.6437 -0.7653
vn -0.0000 0.6437 -0.7653
vn 0.4498 -0.6437 -0.6191
vn 0.4498 0.6437 -0.6191
vn 0.7278 -0.6437 -0.2365
vn 0.7278 0.6437 -0.2365
vn 0.7278 -0.6437 0.2365
vn 0.7278 0.6437 0.2365
vn 0.4498 -0.6437 0.6191
vn 0.4498 0.6437 0.6191
vn -0.0000 -0.6437 0.7653
vn -0.0000 0.6437 0.7653
vn -0.4498 -0.6437 0.6191
vn -0.4498 0.6437 0.6191
vn -0.7278 -0.6437 0.2365
vn -0.7278 0.6437 0.2365
vn -0.7278 -0.6437 -0.2365
vn -0.7278 0.6437 -0.2365
vn -0.4498 -0.6437 -0.6191
vn -0.4498 0.6437 -0.6191
vt 1.000000 0.500000
vt 1.000000 1.000000
vt 0.900000 1.000000
vt 0.900000 0.500000
vt 0.800000 1.000000
vt 0.800000 0.500000
vt 0.700000 1.000000
vt 0.700000 0.500000
vt 0.600000 1.000000
vt 0.600000 0.500000
vt 0.500000 1.000000
vt 0.500000 0.500000
vt 0.400000 1.000000
vt 0.400000 0.500000
vt 0.300000 1.000000
vt 0.300000 0.500000
vt 0.200000 1.000000
vt 0.200000 0.500000
vt 0.391068 0.444164
vt 0.250000 0.490000
vt 0.108932 0.444164
vt 0.021746 0.324164
vt 0.021746 0.175836
vt 0.108932 0.055836
vt 0.250000 0.010000
vt 0.391068 0.055836
vt 0.478254 0.175836
vt 0.478254 0.324164
vt 0.100000 1.000000
vt 0.100000 0.500000
vt -0.000000 1.000000
vt -0.000000 0.500000
vt 0.750000 0.490000
vt 0.891068 0.444164
vt 0.978254 0.324164
vt 0.978254 0.175836
vt 0.891068 0.055836
vt 0.750000 0.010000
vt 0.608932 0.055836
vt 0.521746 0.175836
vt 0.521746 0.324164
vt 0.608932 0.444164
s 1
usemtl M_Graphite
f 1525/3099/1513 1526/3100/1514 1528/3101/1516 1527/3102/1515
f 1527/3102/1515 1528/3101/1516 1530/3103/1518 1529/3104/1517
f 1529/3104/1517 1530/3103/1518 1532/3105/1520 1531/3106/1519
f 1531/3106/1519 1532/3105/1520 1534/3107/1522 1533/3108/1521
f 1533/3108/1521 1534/3107/1522 1536/3109/1524 1535/3110/1523
f 1535/3110/1523 1536/3109/1524 1538/3111/1526 1537/3112/1525
f 1537/3112/1525 1538/3111/1526 1540/3113/1528 1539/3114/1527
f 1539/3114/1527 1540/3113/1528 1542/3115/1530 1541/3116/1529
f 1528/3117/1516 1526/3118/1514 1544/3119/1532 1542/3120/1530 1540/3121/1528 1538/3122/1526 1536/3123/1524 1534/3124/1522 1532/3125/1520 1530/3126/1518
f 1541/3116/1529 1542/3115/1530 1544/3127/1532 1543/3128/1531
f 1543/3128/1531 1544/3127/1532 1526/3129/1514 1525/3130/1513
f 1525/3131/1513 1527/3132/1515 1529/3133/1517 1531/3134/1519 1533/3135/1521 1535/3136/1523 1537/3137/1525 1539/3138/1527 1541/3139/1529 1543/3140/1531
o Socket.070
v -0.200000 0.080000 0.109000
v -0.200000 0.088000 0.109000
v -0.196473 0.080000 0.110146
v -0.196473 0.088000 0.110146
v -0.194294 0.080000 0.113146
v -0.194294 0.088000 0.113146
v -0.194294 0.080000 0.116854
v -0.194294 0.088000 0.116854
v -0.196473 0.080000 0.119854
v -0.196473 0.088000 0.119854
v -0.200000 0.080000 0.121000
v -0.200000 0.088000 0.121000
v -0.203527 0.080000 0.119854
v -0.203527 0.088000 0.119854
v -0.205706 0.080000 0.116854
v -0.205706 0.088000 0.116854
v -0.205706 0.080000 0.113146
v -0.205706 0.088000 0.113146
v -0.203527 0.080000 0.110146
v -0.203527 0.088000 0.110146
vn -0.0000 -0.6437 -0.7653
vn -0.0000 0.6437 -0.7653
vn 0.4498 -0.6437 -0.6191
vn 0.4498 0.6437 -0.6191
vn 0.7278 -0.6437 -0.2365
vn 0.7278 0.6437 -0.2365
vn 0.7278 -0.6437 0.2365
vn 0.7278 0.6437 0.2365
vn 0.4498 -0.6437 0.6191
vn 0.4498 0.6437 0.6191
vn -0.0000 -0.6437 0.7653
vn -0.0000 0.6437 0.7653
vn -0.4498 -0.6437 0.6191
vn -0.4498 0.6437 0.6191
vn -0.7278 -0.6437 0.2365
vn -0.7278 0.6437 0.2365
vn -0.7278 -0.6437 -0.2365
vn -0.7278 0.6437 -0.2365
vn -0.4498 -0.6437 -0.6191
vn -0.4498 0.6437 -0.6191
vt 1.000000 0.500000
vt 1.000000 1.000000
vt 0.900000 1.000000
vt 0.900000 0.500000
vt 0.800000 1.000000
vt 0.800000 0.500000
vt 0.700000 1.000000
vt 0.700000 0.500000
vt 0.600000 1.000000
vt 0.600000 0.500000
vt 0.500000 1.000000
vt 0.500000 0.500000
vt 0.400000 1.000000
vt 0.400000 0.500000
vt 0.300000 1.000000
vt 0.300000 0.500000
vt 0.200000 1.000000
vt 0.200000 0.500000
vt 0.391068 0.444164
vt 0.250000 0.490000
vt 0.108932 0.444164
vt 0.021746 0.324164
vt 0.021746 0.175836
vt 0.108932 0.055836
vt 0.250000 0.010000
vt 0.391068 0.055836
vt 0.478254 0.175836
vt 0.478254 0.324164
vt 0.100000 1.000000
vt 0.100000 0.500000
vt -0.000000 1.000000
vt -0.000000 0.500000
vt 0.750000 0.490000
vt 0.891068 0.444164
vt 0.978254 0.324164
vt 0.978254 0.175836
vt 0.891068 0.055836
vt 0.750000 0.010000
vt 0.608932 0.055836
vt 0.521746 0.175836
vt 0.521746 0.324164
vt 0.608932 0.444164
s 1
usemtl M_Graphite
f 1545/3141/1533 1546/3142/1534 1548/3143/1536 1547/3144/1535
f 1547/3144/1535 1548/3143/1536 1550/3145/1538 1549/3146/1537
f 1549/3146/1537 1550/3145/1538 1552/3147/1540 1551/3148/1539
f 1551/3148/1539 1552/3147/1540 1554/3149/1542 1553/3150/1541
f 1553/3150/1541 1554/3149/1542 1556/3151/1544 1555/3152/1543
f 1555/3152/1543 1556/3151/1544 1558/3153/1546 1557/3154/1545
f 1557/3154/1545 1558/3153/1546 1560/3155/1548 1559/3156/1547
f 1559/3156/1547 1560/3155/1548 1562/3157/1550 1561/3158/1549
f 1548/3159/1536 1546/3160/1534 1564/3161/1552 1562/3162/1550 1560/3163/1548 1558/3164/1546 1556/3165/1544 1554/3166/1542 1552/3167/1540 1550/3168/1538
f 1561/3158/1549 1562/3157/1550 1564/3169/1552 1563/3170/1551
f 1563/3170/1551 1564/3169/1552 1546/3171/1534 1545/3172/1533
f 1545/3173/1533 1547/3174/1535 1549/3175/1537 1551/3176/1539 1553/3177/1541 1555/3178/1543 1557/3179/1545 1559/3180/1547 1561/3181/1549 1563/3182/1551
o Socket.071
v -0.155000 0.080000 0.109000
v -0.155000 0.088000 0.109000
v -0.151473 0.080000 0.110146
v -0.151473 0.088000 0.110146
v -0.149294 0.080000 0.113146
v -0.149294 0.088000 0.113146
v -0.149294 0.080000 0.116854
v -0.149294 0.088000 0.116854
v -0.151473 0.080000 0.119854
v -0.151473 0.088000 0.119854
v -0.155000 0.080000 0.121000
v -0.155000 0.088000 0.121000
v -0.158527 0.080000 0.119854
v -0.158527 0.088000 0.119854
v -0.160706 0.080000 0.116854
v -0.160706 0.088000 0.116854
v -0.160706 0.080000 0.113146
v -0.160706 0.088000 0.113146
v -0.158527 0.080000 0.110146
v -0.158527 0.088000 0.110146
vn -0.0000 -0.6437 -0.7653
vn -0.0000 0.6437 -0.7653
vn 0.4498 -0.6437 -0.6191
vn 0.4498 0.6437 -0.6191
vn 0.7278 -0.6437 -0.2365
vn 0.7278 0.6437 -0.2365
vn 0.7278 -0.6437 0.2365
vn 0.7278 0.6437 0.2365
vn 0.4498 -0.6437 0.6191
vn 0.4498 0.6437 0.6191
vn -0.0000 -0.6437 0.7653
vn -0.0000 0.6437 0.7653
vn -0.4498 -0.6437 0.6191
vn -0.4498 0.6437 0.6191
vn -0.7278 -0.6437 0.2365
vn -0.7278 0.6437 0.2365
vn -0.7278 -0.6437 -0.2365
vn -0.7278 0.6437 -0.2365
vn -0.4498 -0.6437 -0.6191
vn -0.4498 0.6437 -0.6191
vt 1.000000 0.500000
vt 1.000000 1.000000
vt 0.900000 1.000000
vt 0.900000 0.500000
vt 0.800000 1.000000
vt 0.800000 0.500000
vt 0.700000 1.000000
vt 0.700000 0.500000
vt 0.600000 1.000000
vt 0.600000 0.500000
vt 0.500000 1.000000
vt 0.500000 0.500000
vt 0.400000 1.000000
vt 0.400000 0.500000
vt 0.300000 1.000000
vt 0.300000 0.500000
vt 0.200000 1.000000
vt 0.200000 0.500000
vt 0.391068 0.444164
vt 0.250000 0.490000
vt 0.108932 0.444164
vt 0.021746 0.324164
vt 0.021746 0.175836
vt 0.108932 0.055836
vt 0.250000 0.010000
vt 0.391068 0.055836
vt 0.478254 0.175836
vt 0.478254 0.324164
vt 0.100000 1.000000
vt 0.100000 0.500000
vt -0.000000 1.000000
vt -0.000000 0.500000
vt 0.750000 0.490000
vt 0.891068 0.444164
vt 0.978254 0.324164
vt 0.978254 0.175836
vt 0.891068 0.055836
vt 0.750000 0.010000
vt 0.608932 0.055836
vt 0.521746 0.175836
vt 0.521746 0.324164
vt 0.608932 0.444164
s 1
usemtl M_Graphite
f 1565/3183/1553 1566/3184/1554 1568/3185/1556 1567/3186/1555
f 1567/3186/1555 1568/3185/1556 1570/3187/1558 1569/3188/1557
f 1569/3188/1557 1570/3187/1558 1572/3189/1560 1571/3190/1559
f 1571/3190/1559 1572/3189/1560 1574/3191/1562 1573/3192/1561
f 1573/3192/1561 1574/3191/1562 1576/3193/1564 1575/3194/1563
f 1575/3194/1563 1576/3193/1564 1578/3195/1566 1577/3196/1565
f 1577/3196/1565 1578/3195/1566 1580/3197/1568 1579/3198/1567
f 1579/3198/1567 1580/3197/1568 1582/3199/1570 1581/3200/1569
f 1568/3201/1556 1566/3202/1554 1584/3203/1572 1582/3204/1570 1580/3205/1568 1578/3206/1566 1576/3207/1564 1574/3208/1562 1572/3209/1560 1570/3210/1558
f 1581/3200/1569 1582/3199/1570 1584/3211/1572 1583/3212/1571
f 1583/3212/1571 1584/3211/1572 1566/3213/1554 1565/3214/1553
f 1565/3215/1553 1567/3216/1555 1569/3217/1557 1571/3218/1559 1573/3219/1561 1575/3220/1563 1577/3221/1565 1579/3222/1567 1581/3223/1569 1583/3224/1571
o Socket.072
v -0.110000 0.080000 0.109000
v -0.110000 0.088000 0.109000
v -0.106473 0.080000 0.110146
v -0.106473 0.088000 0.110146
v -0.104294 0.080000 0.113146
v -0.104294 0.088000 0.113146
v -0.104294 0.080000 0.116854
v -0.104294 0.088000 0.116854
v -0.106473 0.080000 0.119854
v -0.106473 0.088000 0.119854
v -0.110000 0.080000 0.121000
v -0.110000 0.088000 0.121000
v -0.113527 0.080000 0.119854
v -0.113527 0.088000 0.119854
v -0.115706 0.080000 0.116854
v -0.115706 0.088000 0.116854
v -0.115706 0.080000 0.113146
v -0.115706 0.088000 0.113146
v -0.113527 0.080000 0.110146
v -0.113527 0.088000 0.110146
vn -0.0000 -0.6437 -0.7653
vn -0.0000 0.6437 -0.7653
vn 0.4498 -0.6437 -0.6191
vn 0.4498 0.6437 -0.6191
vn 0.7278 -0.6437 -0.2365
vn 0.7278 0.6437 -0.2365
vn 0.7278 -0.6437 0.2365
vn 0.7278 0.6437 0.2365
vn 0.4498 -0.6437 0.6191
vn 0.4498 0.6437 0.6191
vn -0.0000 -0.6437 0.7653
vn -0.0000 0.6437 0.7653
vn -0.4498 -0.6437 0.6191
vn -0.4498 0.6437 0.6191
vn -0.7278 -0.6437 0.2365
vn -0.7278 0.6437 0.2365
vn -0.7278 -0.6437 -0.2365
vn -0.7278 0.6437 -0.2365
vn -0.4498 -0.6437 -0.6191
vn -0.4498 0.6437 -0.6191
vt 1.000000 0.500000
vt 1.000000 1.000000
vt 0.900000 1.000000
vt 0.900000 0.500000
vt 0.800000 1.000000
vt 0.800000 0.500000
vt 0.700000 1.000000
vt 0.700000 0.500000
vt 0.600000 1.000000
vt 0.600000 0.500000
vt 0.500000 1.000000
vt 0.500000 0.500000
vt 0.400000 1.000000
vt 0.400000 0.500000
vt 0.300000 1.000000
vt 0.300000 0.500000
vt 0.200000 1.000000
vt 0.200000 0.500000
vt 0.391068 0.444164
vt 0.250000 0.490000
vt 0.108932 0.444164
vt 0.021746 0.324164
vt 0.021746 0.175836
vt 0.108932 0.055836
vt 0.250000 0.010000
vt 0.391068 0.055836
vt 0.478254 0.175836
vt 0.478254 0.324164
vt 0.100000 1.000000
vt 0.100000 0.500000
vt -0.000000 1.000000
vt -0.000000 0.500000
vt 0.750000 0.490000
vt 0.891068 0.444164
vt 0.978254 0.324164
vt 0.978254 0.175836
vt 0.891068 0.055836
vt 0.750000 0.010000
vt 0.608932 0.055836
vt 0.521746 0.175836
vt 0.521746 0.324164
vt 0.608932 0.444164
s 1
usemtl M_Graphite
f 1585/3225/1573 1586/3226/1574 1588/3227/1576 1587/3228/1575
f 1587/3228/1575 1588/3227/1576 1590/3229/1578 1589/3230/1577
f 1589/3230/1577 1590/3229/1578 1592/3231/1580 1591/3232/1579
f 1591/3232/1579 1592/3231/1580 1594/3233/1582 1593/3234/1581
f 1593/3234/1581 1594/3233/1582 1596/3235/1584 1595/3236/1583
f 1595/3236/1583 1596/3235/1584 1598/3237/1586 1597/3238/1585
f 1597/3238/1585 1598/3237/1586 1600/3239/1588 1599/3240/1587
f 1599/3240/1587 1600/3239/1588 1602/3241/1590 1601/3242/1589
f 1588/3243/1576 1586/3244/1574 1604/3245/1592 1602/3246/1590 1600/3247/1588 1598/3248/1586 1596/3249/1584 1594/3250/1582 1592/3251/1580 1590/3252/1578
f 1601/3242/1589 1602/3241/1590 1604/3253/1592 1603/3254/1591
f 1603/3254/1591 1604/3253/1592 1586/3255/1574 1585/3256/1573
f 1585/3257/1573 1587/3258/1575 1589/3259/1577 1591/3260/1579 1593/3261/1581 1595/3262/1583 1597/3263/1585 1599/3264/1587 1601/3265/1589 1603/3266/1591
o Socket.073
v -0.065000 0.080000 0.109000
v -0.065000 0.088000 0.109000
v -0.061473 0.080000 0.110146
v -0.061473 0.088000 0.110146
v -0.059294 0.080000 0.113146
v -0.059294 0.088000 0.113146
v -0.059294 0.080000 0.116854
v -0.059294 0.088000 0.116854
v -0.061473 0.080000 0.119854
v -0.061473 0.088000 0.119854
v -0.065000 0.080000 0.121000
v -0.065000 0.088000 0.121000
v -0.068527 0.080000 0.119854
v -0.068527 0.088000 0.119854
v -0.070706 0.080000 0.116854
v -0.070706 0.088000 0.116854
v -0.070706 0.080000 0.113146
v -0.070706 0.088000 0.113146
v -0.068527 0.080000 0.110146
v -0.068527 0.088000 0.110146
vn -0.0000 -0.6437 -0.7653
vn -0.0000 0.6437 -0.7653
vn 0.4498 -0.6437 -0.6191
vn 0.4498 0.6437 -0.6191
vn 0.7278 -0.6437 -0.2365
vn 0.7278 0.6437 -0.2365
vn 0.7278 -0.6437 0.2365
vn 0.7278 0.6437 0.2365
vn 0.4498 -0.6437 0.6191
vn 0.4498 0.6437 0.6191
vn -0.0000 -0.6437 0.7653
vn -0.0000 0.6437 0.7653
vn -0.4498 -0.6437 0.6191
vn -0.4498 0.6437 0.6191
vn -0.7278 -0.6437 0.2365
vn -0.7278 0.6437 0.2365
vn -0.7278 -0.6437 -0.2365
vn -0.7278 0.6437 -0.2365
vn -0.4498 -0.6437 -0.6191
vn -0.4498 0.6437 -0.6191
vt 1.000000 0.500000
vt 1.000000 1.000000
vt 0.900000 1.000000
vt 0.900000 0.500000
vt 0.800000 1.000000
vt 0.800000 0.500000
vt 0.700000 1.000000
vt 0.700000 0.500000
vt 0.600000 1.000000
vt 0.600000 0.500000
vt 0.500000 1.000000
vt 0.500000 0.500000
vt 0.400000 1.000000
vt 0.400000 0.500000
vt 0.300000 1.000000
vt 0.300000 0.500000
vt 0.200000 1.000000
vt 0.200000 0.500000
vt 0.391068 0.444164
vt 0.250000 0.490000
vt 0.108932 0.444164
vt 0.021746 0.324164
vt 0.021746 0.175836
vt 0.108932 0.055836
vt 0.250000 0.010000
vt 0.391068 0.055836
vt 0.478254 0.175836
vt 0.478254 0.324164
vt 0.100000 1.000000
vt 0.100000 0.500000
vt -0.000000 1.000000
vt -0.000000 0.500000
vt 0.750000 0.490000
vt 0.891068 0.444164
vt 0.978254 0.324164
vt 0.978254 0.175836
vt 0.891068 0.055836
vt 0.750000 0.010000
vt 0.608932 0.055836
vt 0.521746 0.175836
vt 0.521746 0.324164
vt 0.608932 0.444164
s 1
usemtl M_Graphite
f 1605/3267/1593 1606/3268/1594 1608/3269/1596 1607/3270/1595
f 1607/3270/1595 1608/3269/1596 1610/3271/1598 1609/3272/1597
f 1609/3272/1597 1610/3271/1598 1612/3273/1600 1611/3274/1599
f 1611/3274/1599 1612/3273/1600 1614/3275/1602 1613/3276/1601
f 1613/3276/1601 1614/3275/1602 1616/3277/1604 1615/3278/1603
f 1615/3278/1603 1616/3277/1604 1618/3279/1606 1617/3280/1605
f 1617/3280/1605 1618/3279/1606 1620/3281/1608 1619/3282/1607
f 1619/3282/1607 1620/3281/1608 1622/3283/1610 1621/3284/1609
f 1608/3285/1596 1606/3286/1594 1624/3287/1612 1622/3288/1610 1620/3289/1608 1618/3290/1606 1616/3291/1604 1614/3292/1602 1612/3293/1600 1610/3294/1598
f 1621/3284/1609 1622/3283/1610 1624/3295/1612 1623/3296/1611
f 1623/3296/1611 1624/3295/1612 1606/3297/1594 1605/3298/1593
f 1605/3299/1593 1607/3300/1595 1609/3301/1597 1611/3302/1599 1613/3303/1601 1615/3304/1603 1617/3305/1605 1619/3306/1607 1621/3307/1609 1623/3308/1611
o Socket.074
v -0.020000 0.080000 0.109000
v -0.020000 0.088000 0.109000
v -0.016473 0.080000 0.110146
v -0.016473 0.088000 0.110146
v -0.014294 0.080000 0.113146
v -0.014294 0.088000 0.113146
v -0.014294 0.080000 0.116854
v -0.014294 0.088000 0.116854
v -0.016473 0.080000 0.119854
v -0.016473 0.088000 0.119854
v -0.020000 0.080000 0.121000
v -0.020000 0.088000 0.121000
v -0.023527 0.080000 0.119854
v -0.023527 0.088000 0.119854
v -0.025706 0.080000 0.116854
v -0.025706 0.088000 0.116854
v -0.025706 0.080000 0.113146
v -0.025706 0.088000 0.113146
v -0.023527 0.080000 0.110146
v -0.023527 0.088000 0.110146
vn -0.0000 -0.6437 -0.7653
vn -0.0000 0.6437 -0.7653
vn 0.4498 -0.6437 -0.6191
vn 0.4498 0.6437 -0.6191
vn 0.7278 -0.6437 -0.2365
vn 0.7278 0.6437 -0.2365
vn 0.7278 -0.6437 0.2365
vn 0.7278 0.6437 0.2365
vn 0.4498 -0.6437 0.6191
vn 0.4498 0.6437 0.6191
vn -0.0000 -0.6437 0.7653
vn -0.0000 0.6437 0.7653
vn -0.4498 -0.6437 0.6191
vn -0.4498 0.6437 0.6191
vn -0.7278 -0.6437 0.2365
vn -0.7278 0.6437 0.2365
vn -0.7278 -0.6437 -0.2365
vn -0.7278 0.6437 -0.2365
vn -0.4498 -0.6437 -0.6191
vn -0.4498 0.6437 -0.6191
vt 1.000000 0.500000
vt 1.000000 1.000000
vt 0.900000 1.000000
vt 0.900000 0.500000
vt 0.800000 1.000000
vt 0.800000 0.500000
vt 0.700000 1.000000
vt 0.700000 0.500000
vt 0.600000 1.000000
vt 0.600000 0.500000
vt 0.500000 1.000000
vt 0.500000 0.500000
vt 0.400000 1.000000
vt 0.400000 0.500000
vt 0.300000 1.000000
vt 0.300000 0.500000
vt 0.200000 1.000000
vt 0.200000 0.500000
vt 0.391068 0.444164
vt 0.250000 0.490000
vt 0.108932 0.444164
vt 0.021746 0.324164
vt 0.021746 0.175836
vt 0.108932 0.055836
vt 0.250000 0.010000
vt 0.391068 0.055836
vt 0.478254 0.175836
vt 0.478254 0.324164
vt 0.100000 1.000000
vt 0.100000 0.500000
vt -0.000000 1.000000
vt -0.000000 0.500000
vt 0.750000 0.490000
vt 0.891068 0.444164
vt 0.978254 0.324164
vt 0.978254 0.175836
vt 0.891068 0.055836
vt 0.750000 0.010000
vt 0.608932 0.055836
vt 0.521746 0.175836
vt 0.521746 0.324164
vt 0.608932 0.444164
s 1
usemtl M_Graphite
f 1625/3309/1613 1626/3310/1614 1628/3311/1616 1627/3312/1615
f 1627/3312/1615 1628/3311/1616 1630/3313/1618 1629/3314/1617
f 1629/3314/1617 1630/3313/1618 1632/3315/1620 1631/3316/1619
f 1631/3316/1619 1632/3315/1620 1634/3317/1622 1633/3318/1621
f 1633/3318/1621 1634/3317/1622 1636/3319/1624 1635/3320/1623
f 1635/3320/1623 1636/3319/1624 1638/3321/1626 1637/3322/1625
f 1637/3322/1625 1638/3321/1626 1640/3323/1628 1639/3324/1627
f 1639/3324/1627 1640/3323/1628 1642/3325/1630 1641/3326/1629
f 1628/3327/1616 1626/3328/1614 1644/3329/1632 1642/3330/1630 1640/3331/1628 1638/3332/1626 1636/3333/1624 1634/3334/1622 1632/3335/1620 1630/3336/1618
f 1641/3326/1629 1642/3325/1630 1644/3337/1632 1643/3338/1631
f 1643/3338/1631 1644/3337/1632 1626/3339/1614 1625/3340/1613
f 1625/3341/1613 1627/3342/1615 1629/3343/1617 1631/3344/1619 1633/3345/1621 1635/3346/1623 1637/3347/1625 1639/3348/1627 1641/3349/1629 1643/3350/1631
o Socket.075
v 0.025000 0.080000 0.109000
v 0.025000 0.088000 0.109000
v 0.028527 0.080000 0.110146
v 0.028527 0.088000 0.110146
v 0.030706 0.080000 0.113146
v 0.030706 0.088000 0.113146
v 0.030706 0.080000 0.116854
v 0.030706 0.088000 0.116854
v 0.028527 0.080000 0.119854
v 0.028527 0.088000 0.119854
v 0.025000 0.080000 0.121000
v 0.025000 0.088000 0.121000
v 0.021473 0.080000 0.119854
v 0.021473 0.088000 0.119854
v 0.019294 0.080000 0.116854
v 0.019294 0.088000 0.116854
v 0.019294 0.080000 0.113146
v 0.019294 0.088000 0.113146
v 0.021473 0.080000 0.110146
v 0.021473 0.088000 0.110146
vn -0.0000 -0.6437 -0.7653
vn -0.0000 0.6437 -0.7653
vn 0.4498 -0.6437 -0.6191
vn 0.4498 0.6437 -0.6191
vn 0.7278 -0.6437 -0.2365
vn 0.7278 0.6437 -0.2365
vn 0.7278 -0.6437 0.2365
vn 0.7278 0.6437 0.2365
vn 0.4498 -0.6437 0.6191
vn 0.4498 0.6437 0.6191
vn -0.0000 -0.6437 0.7653
vn -0.0000 0.6437 0.7653
vn -0.4498 -0.6437 0.6191
vn -0.4498 0.6437 0.6191
vn -0.7278 -0.6437 0.2365
vn -0.7278 0.6437 0.2365
vn -0.7278 -0.6437 -0.2365
vn -0.7278 0.6437 -0.2365
vn -0.4498 -0.6437 -0.6191
vn -0.4498 0.6437 -0.6191
vt 1.000000 0.500000
vt 1.000000 1.000000
vt 0.900000 1.000000
vt 0.900000 0.500000
vt 0.800000 1.000000
vt 0.800000 0.500000
vt 0.700000 1.000000
vt 0.700000 0.500000
vt 0.600000 1.000000
vt 0.600000 0.500000
vt 0.500000 1.000000
vt 0.500000 0.500000
vt 0.400000 1.000000
vt 0.400000 0.500000
vt 0.300000 1.000000
vt 0.300000 0.500000
vt 0.200000 1.000000
vt 0.200000 0.500000
vt 0.391068 0.444164
vt 0.250000 0.490000
vt 0.108932 0.444164
vt 0.021746 0.324164
vt 0.021746 0.175836
vt 0.108932 0.055836
vt 0.250000 0.010000
vt 0.391068 0.055836
vt 0.478254 0.175836
vt 0.478254 0.324164
vt 0.100000 1.000000
vt 0.100000 0.500000
vt -0.000000 1.000000
vt -0.000000 0.500000
vt 0.750000 0.490000
vt 0.891068 0.444164
vt 0.978254 0.324164
vt 0.978254 0.175836
vt 0.891068 0.055836
vt 0.750000 0.010000
vt 0.608932 0.055836
vt 0.521746 0.175836
vt 0.521746 0.324164
vt 0.608932 0.444164
s 1
usemtl M_Graphite
f 1645/3351/1633 1646/3352/1634 1648/3353/1636 1647/3354/1635
f 1647/3354/1635 1648/3353/1636 1650/3355/1638 1649/3356/1637
f 1649/3356/1637 1650/3355/1638 1652/3357/1640 1651/3358/1639
f 1651/3358/1639 1652/3357/1640 1654/3359/1642 1653/3360/1641
f 1653/3360/1641 1654/3359/1642 1656/3361/1644 1655/3362/1643
f 1655/3362/1643 1656/3361/1644 1658/3363/1646 1657/3364/1645
f 1657/3364/1645 1658/3363/1646 1660/3365/1648 1659/3366/1647
f 1659/3366/1647 1660/3365/1648 1662/3367/1650 1661/3368/1649
f 1648/3369/1636 1646/3370/1634 1664/3371/1652 1662/3372/1650 1660/3373/1648 1658/3374/1646 1656/3375/1644 1654/3376/1642 1652/3377/1640 1650/3378/1638
f 1661/3368/1649 1662/3367/1650 1664/3379/1652 1663/3380/1651
f 1663/3380/1651 1664/3379/1652 1646/3381/1634 1645/3382/1633
f 1645/3383/1633 1647/3384/1635 1649/3385/1637 1651/3386/1639 1653/3387/1641 1655/3388/1643 1657/3389/1645 1659/3390/1647 1661/3391/1649 1663/3392/1651
o Socket.076
v 0.070000 0.080000 0.109000
v 0.070000 0.088000 0.109000
v 0.073527 0.080000 0.110146
v 0.073527 0.088000 0.110146
v 0.075706 0.080000 0.113146
v 0.075706 0.088000 0.113146
v 0.075706 0.080000 0.116854
v 0.075706 0.088000 0.116854
v 0.073527 0.080000 0.119854
v 0.073527 0.088000 0.119854
v 0.070000 0.080000 0.121000
v 0.070000 0.088000 0.121000
v 0.066473 0.080000 0.119854
v 0.066473 0.088000 0.119854
v 0.064294 0.080000 0.116854
v 0.064294 0.088000 0.116854
v 0.064294 0.080000 0.113146
v 0.064294 0.088000 0.113146
v 0.066473 0.080000 0.110146
v 0.066473 0.088000 0.110146
vn -0.0000 -0.6437 -0.7653
vn -0.0000 0.6437 -0.7653
vn 0.4498 -0.6437 -0.6191
vn 0.4498 0.6437 -0.6191
vn 0.7278 -0.6437 -0.2365
vn 0.7278 0.6437 -0.2365
vn 0.7278 -0.6437 0.2365
vn 0.7278 0.6437 0.2365
vn 0.4498 -0.6437 0.6191
vn 0.4498 0.6437 0.6191
vn -0.0000 -0.6437 0.7653
vn -0.0000 0.6437 0.7653
vn -0.4498 -0.6437 0.6191
vn -0.4498 0.6437 0.6191
vn -0.7278 -0.6437 0.2365
vn -0.7278 0.6437 0.2365
vn -0.7278 -0.6437 -0.2365
vn -0.7278 0.6437 -0.2365
vn -0.4498 -0.6437 -0.6191
vn -0.4498 0.6437 -0.6191
vt 1.000000 0.500000
vt 1.000000 1.000000
vt 0.900000 1.000000
vt 0.900000 0.500000
vt 0.800000 1.000000
vt 0.800000 0.500000
vt 0.700000 1.000000
vt 0.700000 0.500000
vt 0.600000 1.000000
vt 0.600000 0.500000
vt 0.500000 1.000000
vt 0.500000 0.500000
vt 0.400000 1.000000
vt 0.400000 0.500000
vt 0.300000 1.000000
vt 0.300000 0.500000
vt 0.200000 1.000000
vt 0.200000 0.500000
vt 0.391068 0.444164
vt 0.250000 0.490000
vt 0.108932 0.444164
vt 0.021746 0.324164
vt 0.021746 0.175836
vt 0.108932 0.055836
vt 0.250000 0.010000
vt 0.391068 0.055836
vt 0.478254 0.175836
vt 0.478254 0.324164
vt 0.100000 1.000000
vt 0.100000 0.500000
vt -0.000000 1.000000
vt -0.000000 0.500000
vt 0.750000 0.490000
vt 0.891068 0.444164
vt 0.978254 0.324164
vt 0.978254 0.175836
vt 0.891068 0.055836
vt 0.750000 0.010000
vt 0.608932 0.055836
vt 0.521746 0.175836
vt 0.521746 0.324164
vt 0.608932 0.444164
s 1
usemtl M_Graphite
f 1665/3393/1653 1666/3394/1654 1668/3395/1656 1667/3396/1655
f 1667/3396/1655 1668/3395/1656 1670/3397/1658 1669/3398/1657
f 1669/3398/1657 1670/3397/1658 1672/3399/1660 1671/3400/1659
f 1671/3400/1659 1672/3399/1660 1674/3401/1662 1673/3402/1661
f 1673/3402/1661 1674/3401/1662 1676/3403/1664 1675/3404/1663
f 1675/3404/1663 1676/3403/1664 1678/3405/1666 1677/3406/1665
f 1677/3406/1665 1678/3405/1666 1680/3407/1668 1679/3408/1667
f 1679/3408/1667 1680/3407/1668 1682/3409/1670 1681/3410/1669
f 1668/3411/1656 1666/3412/1654 1684/3413/1672 1682/3414/1670 1680/3415/1668 1678/3416/1666 1676/3417/1664 1674/3418/1662 1672/3419/1660 1670/3420/1658
f 1681/3410/1669 1682/3409/1670 1684/3421/1672 1683/3422/1671
f 1683/3422/1671 1684/3421/1672 1666/3423/1654 1665/3424/1653
f 1665/3425/1653 1667/3426/1655 1669/3427/1657 1671/3428/1659 1673/3429/1661 1675/3430/1663 1677/3431/1665 1679/3432/1667 1681/3433/1669 1683/3434/1671
o Socket.077
v 0.115000 0.080000 0.109000
v 0.115000 0.088000 0.109000
v 0.118527 0.080000 0.110146
v 0.118527 0.088000 0.110146
v 0.120706 0.080000 0.113146
v 0.120706 0.088000 0.113146
v 0.120706 0.080000 0.116854
v 0.120706 0.088000 0.116854
v 0.118527 0.080000 0.119854
v 0.118527 0.088000 0.119854
v 0.115000 0.080000 0.121000
v 0.115000 0.088000 0.121000
v 0.111473 0.080000 0.119854
v 0.111473 0.088000 0.119854
v 0.109294 0.080000 0.116854
v 0.109294 0.088000 0.116854
v 0.109294 0.080000 0.113146
v 0.109294 0.088000 0.113146
v 0.111473 0.080000 0.110146
v 0.111473 0.088000 0.110146
vn -0.0000 -0.6437 -0.7653
vn -0.0000 0.6437 -0.7653
vn 0.4498 -0.6437 -0.6191
vn 0.4498 0.6437 -0.6191
vn 0.7278 -0.6437 -0.2365
vn 0.7278 0.6437 -0.2365
vn 0.7278 -0.6437 0.2365
vn 0.7278 0.6437 0.2365
vn 0.4498 -0.6437 0.6191
vn 0.4498 0.6437 0.6191
vn -0.0000 -0.6437 0.7653
vn -0.0000 0.6437 0.7653
vn -0.4498 -0.6437 0.6191
vn -0.4498 0.6437 0.6191
vn -0.7278 -0.6437 0.2365
vn -0.7278 0.6437 0.2365
vn -0.7278 -0.6437 -0.2365
vn -0.7278 0.6437 -0.2365
vn -0.4498 -0.6437 -0.6191
vn -0.4498 0.6437 -0.6191
vt 1.000000 0.500000
vt 1.000000 1.000000
vt 0.900000 1.000000
vt 0.900000 0.500000
vt 0.800000 1.000000
vt 0.800000 0.500000
vt 0.700000 1.000000
vt 0.700000 0.500000
vt 0.600000 1.000000
vt 0.600000 0.500000
vt 0.500000 1.000000
vt 0.500000 0.500000
vt 0.400000 1.000000
vt 0.400000 0.500000
vt 0.300000 1.000000
vt 0.300000 0.500000
vt 0.200000 1.000000
vt 0.200000 0.500000
vt 0.391068 0.444164
vt 0.250000 0.490000
vt 0.108932 0.444164
vt 0.021746 0.324164
vt 0.021746 0.175836
vt 0.108932 0.055836
vt 0.250000 0.010000
vt 0.391068 0.055836
vt 0.478254 0.175836
vt 0.478254 0.324164
vt 0.100000 1.000000
vt 0.100000 0.500000
vt -0.000000 1.000000
vt -0.000000 0.500000
vt 0.750000 0.490000
vt 0.891068 0.444164
vt 0.978254 0.324164
vt 0.978254 0.175836
vt 0.891068 0.055836
vt 0.750000 0.010000
vt 0.608932 0.055836
vt 0.521746 0.175836
vt 0.521746 0.324164
vt 0.608932 0.444164
s 1
usemtl M_Graphite
f 1685/3435/1673 1686/3436/1674 1688/3437/1676 1687/3438/1675
f 1687/3438/1675 1688/3437/1676 1690/3439/1678 1689/3440/1677
f 1689/3440/1677 1690/3439/1678 1692/3441/1680 1691/3442/1679
f 1691/3442/1679 1692/3441/1680 1694/3443/1682 1693/3444/1681
f 1693/3444/1681 1694/3443/1682 1696/3445/1684 1695/3446/1683
f 1695/3446/1683 1696/3445/1684 1698/3447/1686 1697/3448/1685
f 1697/3448/1685 1698/3447/1686 1700/3449/1688 1699/3450/1687
f 1699/3450/1687 1700/3449/1688 1702/3451/1690 1701/3452/1689
f 1688/3453/1676 1686/3454/1674 1704/3455/1692 1702/3456/1690 1700/3457/1688 1698/3458/1686 1696/3459/1684 1694/3460/1682 1692/3461/1680 1690/3462/1678
f 1701/3452/1689 1702/3451/1690 1704/3463/1692 1703/3464/1691
f 1703/3464/1691 1704/3463/1692 1686/3465/1674 1685/3466/1673
f 1685/3467/1673 1687/3468/1675 1689/3469/1677 1691/3470/1679 1693/3471/1681 1695/3472/1683 1697/3473/1685 1699/3474/1687 1701/3475/1689 1703/3476/1691
o Socket.078
v 0.160000 0.080000 0.109000
v 0.160000 0.088000 0.109000
v 0.163527 0.080000 0.110146
v 0.163527 0.088000 0.110146
v 0.165706 0.080000 0.113146
v 0.165706 0.088000 0.113146
v 0.165706 0.080000 0.116854
v 0.165706 0.088000 0.116854
v 0.163527 0.080000 0.119854
v 0.163527 0.088000 0.119854
v 0.160000 0.080000 0.121000
v 0.160000 0.088000 0.121000
v 0.156473 0.080000 0.119854
v 0.156473 0.088000 0.119854
v 0.154294 0.080000 0.116854
v 0.154294 0.088000 0.116854
v 0.154294 0.080000 0.113146
v 0.154294 0.088000 0.113146
v 0.156473 0.080000 0.110146
v 0.156473 0.088000 0.110146
vn -0.0000 -0.6437 -0.7653
vn -0.0000 0.6437 -0.7653
vn 0.4498 -0.6437 -0.6191
vn 0.4498 0.6437 -0.6191
vn 0.7278 -0.6437 -0.2365
vn 0.7278 0.6437 -0.2365
vn 0.7278 -0.6437 0.2365
vn 0.7278 0.6437 0.2365
vn 0.4498 -0.6437 0.6191
vn 0.4498 0.6437 0.6191
vn -0.0000 -0.6437 0.7653
vn -0.0000 0.6437 0.7653
vn -0.4498 -0.6437 0.6191
vn -0.4498 0.6437 0.6191
vn -0.7278 -0.6437 0.2365
vn -0.7278 0.6437 0.2365
vn -0.7278 -0.6437 -0.2365
vn -0.7278 0.6437 -0.2365
vn -0.4498 -0.6437 -0.6191
vn -0.4498 0.6437 -0.6191
vt 1.000000 0.500000
vt 1.000000 1.000000
vt 0.900000 1.000000
vt 0.900000 0.500000
vt 0.800000 1.000000
vt 0.800000 0.500000
vt 0.700000 1.000000
vt 0.700000 0.500000
vt 0.600000 1.000000
vt 0.600000 0.500000
vt 0.500000 1.000000
vt 0.500000 0.500000
vt 0.400000 1.000000
vt 0.400000 0.500000
vt 0.300000 1.000000
vt 0.300000 0.500000
vt 0.200000 1.000000
vt 0.200000 0.500000
vt 0.391068 0.444164
vt 0.250000 0.490000
vt 0.108932 0.444164
vt 0.021746 0.324164
vt 0.021746 0.175836
vt 0.108932 0.055836
vt 0.250000 0.010000
vt 0.391068 0.055836
vt 0.478254 0.175836
vt 0.478254 0.324164
vt 0.100000 1.000000
vt 0.100000 0.500000
vt -0.000000 1.000000
vt -0.000000 0.500000
vt 0.750000 0.490000
vt 0.891068 0.444164
vt 0.978254 0.324164
vt 0.978254 0.175836
vt 0.891068 0.055836
vt 0.750000 0.010000
vt 0.608932 0.055836
vt 0.521746 0.175836
vt 0.521746 0.324164
vt 0.608932 0.444164
s 1
usemtl M_Graphite
f 1705/3477/1693 1706/3478/1694 1708/3479/1696 1707/3480/1695
f 1707/3480/1695 1708/3479/1696 1710/3481/1698 1709/3482/1697
f 1709/3482/1697 1710/3481/1698 1712/3483/1700 1711/3484/1699
f 1711/3484/1699 1712/3483/1700 1714/3485/1702 1713/3486/1701
f 1713/3486/1701 1714/3485/1702 1716/3487/1704 1715/3488/1703
f 1715/3488/1703 1716/3487/1704 1718/3489/1706 1717/3490/1705
f 1717/3490/1705 1718/3489/1706 1720/3491/1708 1719/3492/1707
f 1719/3492/1707 1720/3491/1708 1722/3493/1710 1721/3494/1709
f 1708/3495/1696 1706/3496/1694 1724/3497/1712 1722/3498/1710 1720/3499/1708 1718/3500/1706 1716/3501/1704 1714/3502/1702 1712/3503/1700 1710/3504/1698
f 1721/3494/1709 1722/3493/1710 1724/3505/1712 1723/3506/1711
f 1723/3506/1711 1724/3505/1712 1706/3507/1694 1705/3508/1693
f 1705/3509/1693 1707/3510/1695 1709/3511/1697 1711/3512/1699 1713/3513/1701 1715/3514/1703 1717/3515/1705 1719/3516/1707 1721/3517/1709 1723/3518/1711
o Socket.079
v 0.205000 0.080000 0.109000
v 0.205000 0.088000 0.109000
v 0.208527 0.080000 0.110146
v 0.208527 0.088000 0.110146
v 0.210706 0.080000 0.113146
v 0.210706 0.088000 0.113146
v 0.210706 0.080000 0.116854
v 0.210706 0.088000 0.116854
v 0.208527 0.080000 0.119854
v 0.208527 0.088000 0.119854
v 0.205000 0.080000 0.121000
v 0.205000 0.088000 0.121000
v 0.201473 0.080000 0.119854
v 0.201473 0.088000 0.119854
v 0.199294 0.080000 0.116854
v 0.199294 0.088000 0.116854
v 0.199294 0.080000 0.113146
v 0.199294 0.088000 0.113146
v 0.201473 0.080000 0.110146
v 0.201473 0.088000 0.110146
vn -0.0000 -0.6437 -0.7653
vn -0.0000 0.6437 -0.7653
vn 0.4498 -0.6437 -0.6191
vn 0.4498 0.6437 -0.6191
vn 0.7278 -0.6437 -0.2365
vn 0.7278 0.6437 -0.2365
vn 0.7278 -0.6437 0.2365
vn 0.7278 0.6437 0.2365
vn 0.4498 -0.6437 0.6191
vn 0.4498 0.6437 0.6191
vn -0.0000 -0.6437 0.7653
vn -0.0000 0.6437 0.7653
vn -0.4498 -0.6437 0.6191
vn -0.4498 0.6437 0.6191
vn -0.7278 -0.6437 0.2365
vn -0.7278 0.6437 0.2365
vn -0.7278 -0.6437 -0.2365
vn -0.7278 0.6437 -0.2365
vn -0.4498 -0.6437 -0.6191
vn -0.4498 0.6437 -0.6191
vt 1.000000 0.500000
vt 1.000000 1.000000
vt 0.900000 1.000000
vt 0.900000 0.500000
vt 0.800000 1.000000
vt 0.800000 0.500000
vt 0.700000 1.000000
vt 0.700000 0.500000
vt 0.600000 1.000000
vt 0.600000 0.500000
vt 0.500000 1.000000
vt 0.500000 0.500000
vt 0.400000 1.000000
vt 0.400000 0.500000
vt 0.300000 1.000000
vt 0.300000 0.500000
vt 0.200000 1.000000
vt 0.200000 0.500000
vt 0.391068 0.444164
vt 0.250000 0.490000
vt 0.108932 0.444164
vt 0.021746 0.324164
vt 0.021746 0.175836
vt 0.108932 0.055836
vt 0.250000 0.010000
vt 0.391068 0.055836
vt 0.478254 0.175836
vt 0.478254 0.324164
vt 0.100000 1.000000
vt 0.100000 0.500000
vt -0.000000 1.000000
vt -0.000000 0.500000
vt 0.750000 0.490000
vt 0.891068 0.444164
vt 0.978254 0.324164
vt 0.978254 0.175836
vt 0.891068 0.055836
vt 0.750000 0.010000
vt 0.608932 0.055836
vt 0.521746 0.175836
vt 0.521746 0.324164
vt 0.608932 0.444164
s 1
usemtl M_Graphite
f 1725/3519/1713 1726/3520/1714 1728/3521/1716 1727/3522/1715
f 1727/3522/1715 1728/3521/1716 1730/3523/1718 1729/3524/1717
f 1729/3524/1717 1730/3523/1718 1732/3525/1720 1731/3526/1719
f 1731/3526/1719 1732/3525/1720 1734/3527/1722 1733/3528/1721
f 1733/3528/1721 1734/3527/1722 1736/3529/1724 1735/3530/1723
f 1735/3530/1723 1736/3529/1724 1738/3531/1726 1737/3532/1725
f 1737/3532/1725 1738/3531/1726 1740/3533/1728 1739/3534/1727
f 1739/3534/1727 1740/3533/1728 1742/3535/1730 1741/3536/1729
f 1728/3537/1716 1726/3538/1714 1744/3539/1732 1742/3540/1730 1740/3541/1728 1738/3542/1726 1736/3543/1724 1734/3544/1722 1732/3545/1720 1730/3546/1718
f 1741/3536/1729 1742/3535/1730 1744/3547/1732 1743/3548/1731
f 1743/3548/1731 1744/3547/1732 1726/3549/1714 1725/3550/1713
f 1725/3551/1713 1727/3552/1715 1729/3553/1717 1731/3554/1719 1733/3555/1721 1735/3556/1723 1737/3557/1725 1739/3558/1727 1741/3559/1729 1743/3560/1731
o Socket.080
v 0.250000 0.080000 0.109000
v 0.250000 0.088000 0.109000
v 0.253527 0.080000 0.110146
v 0.253527 0.088000 0.110146
v 0.255706 0.080000 0.113146
v 0.255706 0.088000 0.113146
v 0.255706 0.080000 0.116854
v 0.255706 0.088000 0.116854
v 0.253527 0.080000 0.119854
v 0.253527 0.088000 0.119854
v 0.250000 0.080000 0.121000
v 0.250000 0.088000 0.121000
v 0.246473 0.080000 0.119854
v 0.246473 0.088000 0.119854
v 0.244294 0.080000 0.116854
v 0.244294 0.088000 0.116854
v 0.244294 0.080000 0.113146
v 0.244294 0.088000 0.113146
v 0.246473 0.080000 0.110146
v 0.246473 0.088000 0.110146
vn -0.0000 -0.6437 -0.7653
vn -0.0000 0.6437 -0.7653
vn 0.4498 -0.6437 -0.6191
vn 0.4498 0.6437 -0.6191
vn 0.7278 -0.6437 -0.2365
vn 0.7278 0.6437 -0.2365
vn 0.7278 -0.6437 0.2365
vn 0.7278 0.6437 0.2365
vn 0.4498 -0.6437 0.6191
vn 0.4498 0.6437 0.6191
vn -0.0000 -0.6437 0.7653
vn -0.0000 0.6437 0.7653
vn -0.4498 -0.6437 0.6191
vn -0.4498 0.6437 0.6191
vn -0.7278 -0.6437 0.2365
vn -0.7278 0.6437 0.2365
vn -0.7278 -0.6437 -0.2365
vn -0.7278 0.6437 -0.2365
vn -0.4498 -0.6437 -0.6191
vn -0.4498 0.6437 -0.6191
vt 1.000000 0.500000
vt 1.000000 1.000000
vt 0.900000 1.000000
vt 0.900000 0.500000
vt 0.800000 1.000000
vt 0.800000 0.500000
vt 0.700000 1.000000
vt 0.700000 0.500000
vt 0.600000 1.000000
vt 0.600000 0.500000
vt 0.500000 1.000000
vt 0.500000 0.500000
vt 0.400000 1.000000
vt 0.400000 0.500000
vt 0.300000 1.000000
vt 0.300000 0.500000
vt 0.200000 1.000000
vt 0.200000 0.500000
vt 0.391068 0.444164
vt 0.250000 0.490000
vt 0.108932 0.444164
vt 0.021746 0.324164
vt 0.021746 0.175836
vt 0.108932 0.055836
vt 0.250000 0.010000
vt 0.391068 0.055836
vt 0.478254 0.175836
vt 0.478254 0.324164
vt 0.100000 1.000000
vt 0.100000 0.500000
vt -0.000000 1.000000
vt -0.000000 0.500000
vt 0.750000 0.490000
vt 0.891068 0.444164
vt 0.978254 0.324164
vt 0.978254 0.175836
vt 0.891068 0.055836
vt 0.750000 0.010000
vt 0.608932 0.055836
vt 0.521746 0.175836
vt 0.521746 0.324164
vt 0.608932 0.444164
s 1
usemtl M_Graphite
f 1745/3561/1733 1746/3562/1734 1748/3563/1736 1747/3564/1735
f 1747/3564/1735 1748/3563/1736 1750/3565/1738 1749/3566/1737
f 1749/3566/1737 1750/3565/1738 1752/3567/1740 1751/3568/1739
f 1751/3568/1739 1752/3567/1740 1754/3569/1742 1753/3570/1741
f 1753/3570/1741 1754/3569/1742 1756/3571/1744 1755/3572/1743
f 1755/3572/1743 1756/3571/1744 1758/3573/1746 1757/3574/1745
f 1757/3574/1745 1758/3573/1746 1760/3575/1748 1759/3576/1747
f 1759/3576/1747 1760/3575/1748 1762/3577/1750 1761/3578/1749
f 1748/3579/1736 1746/3580/1734 1764/3581/1752 1762/3582/1750 1760/3583/1748 1758/3584/1746 1756/3585/1744 1754/3586/1742 1752/3587/1740 1750/3588/1738
f 1761/3578/1749 1762/3577/1750 1764/3589/1752 1763/3590/1751
f 1763/3590/1751 1764/3589/1752 1746/3591/1734 1745/3592/1733
f 1745/3593/1733 1747/3594/1735 1749/3595/1737 1751/3596/1739 1753/3597/1741 1755/3598/1743 1757/3599/1745 1759/3600/1747 1761/3601/1749 1763/3602/1751
o Socket.081
v 0.295000 0.080000 0.109000
v 0.295000 0.088000 0.109000
v 0.298527 0.080000 0.110146
v 0.298527 0.088000 0.110146
v 0.300706 0.080000 0.113146
v 0.300706 0.088000 0.113146
v 0.300706 0.080000 0.116854
v 0.300706 0.088000 0.116854
v 0.298527 0.080000 0.119854
v 0.298527 0.088000 0.119854
v 0.295000 0.080000 0.121000
v 0.295000 0.088000 0.121000
v 0.291473 0.080000 0.119854
v 0.291473 0.088000 0.119854
v 0.289294 0.080000 0.116854
v 0.289294 0.088000 0.116854
v 0.289294 0.080000 0.113146
v 0.289294 0.088000 0.113146
v 0.291473 0.080000 0.110146
v 0.291473 0.088000 0.110146
vn -0.0000 -0.6437 -0.7653
vn -0.0000 0.6437 -0.7653
vn 0.4498 -0.6437 -0.6191
vn 0.4498 0.6437 -0.6191
vn 0.7278 -0.6437 -0.2365
vn 0.7278 0.6437 -0.2365
vn 0.7278 -0.6437 0.2365
vn 0.7278 0.6437 0.2365
vn 0.4498 -0.6437 0.6191
vn 0.4498 0.6437 0.6191
vn -0.0000 -0.6437 0.7653
vn -0.0000 0.6437 0.7653
vn -0.4498 -0.6437 0.6191
vn -0.4498 0.6437 0.6191
vn -0.7278 -0.6437 0.2365
vn -0.7278 0.6437 0.2365
vn -0.7278 -0.6437 -0.2365
vn -0.7278 0.6437 -0.2365
vn -0.4498 -0.6437 -0.6191
vn -0.4498 0.6437 -0.6191
vt 1.000000 0.500000
vt 1.000000 1.000000
vt 0.900000 1.000000
vt 0.900000 0.500000
vt 0.800000 1.000000
vt 0.800000 0.500000
vt 0.700000 1.000000
vt 0.700000 0.500000
vt 0.600000 1.000000
vt 0.600000 0.500000
vt 0.500000 1.000000
vt 0.500000 0.500000
vt 0.400000 1.000000
vt 0.400000 0.500000
vt 0.300000 1.000000
vt 0.300000 0.500000
vt 0.200000 1.000000
vt 0.200000 0.500000
vt 0.391068 0.444164
vt 0.250000 0.490000
vt 0.108932 0.444164
vt 0.021746 0.324164
vt 0.021746 0.175836
vt 0.108932 0.055836
vt 0.250000 0.010000
vt 0.391068 0.055836
vt 0.478254 0.175836
vt 0.478254 0.324164
vt 0.100000 1.000000
vt 0.100000 0.500000
vt -0.000000 1.000000
vt -0.000000 0.500000
vt 0.750000 0.490000
vt 0.891068 0.444164
vt 0.978254 0.324164
vt 0.978254 0.175836
vt 0.891068 0.055836
vt 0.750000 0.010000
vt 0.608932 0.055836
vt 0.521746 0.175836
vt 0.521746 0.324164
vt 0.608932 0.444164
s 1
usemtl M_Graphite
f 1765/3603/1753 1766/3604/1754 1768/3605/1756 1767/3606/1755
f 1767/3606/1755 1768/3605/1756 1770/3607/1758 1769/3608/1757
f 1769/3608/1757 1770/3607/1758 1772/3609/1760 1771/3610/1759
f 1771/3610/1759 1772/3609/1760 1774/3611/1762 1773/3612/1761
f 1773/3612/1761 1774/3611/1762 1776/3613/1764 1775/3614/1763
f 1775/3614/1763 1776/3613/1764 1778/3615/1766 1777/3616/1765
f 1777/3616/1765 1778/3615/1766 1780/3617/1768 1779/3618/1767
f 1779/3618/1767 1780/3617/1768 1782/3619/1770 1781/3620/1769
f 1768/3621/1756 1766/3622/1754 1784/3623/1772 1782/3624/1770 1780/3625/1768 1778/3626/1766 1776/3627/1764 1774/3628/1762 1772/3629/1760 1770/3630/1758
f 1781/3620/1769 1782/3619/1770 1784/3631/1772 1783/3632/1771
f 1783/3632/1771 1784/3631/1772 1766/3633/1754 1765/3634/1753
f 1765/3635/1753 1767/3636/1755 1769/3637/1757 1771/3638/1759 1773/3639/1761 1775/3640/1763 1777/3641/1765 1779/3642/1767 1781/3643/1769 1783/3644/1771
o Socket.082
v 0.340000 0.080000 0.109000
v 0.340000 0.088000 0.109000
v 0.343527 0.080000 0.110146
v 0.343527 0.088000 0.110146
v 0.345706 0.080000 0.113146
v 0.345706 0.088000 0.113146
v 0.345706 0.080000 0.116854
v 0.345706 0.088000 0.116854
v 0.343527 0.080000 0.119854
v 0.343527 0.088000 0.119854
v 0.340000 0.080000 0.121000
v 0.340000 0.088000 0.121000
v 0.336473 0.080000 0.119854
v 0.336473 0.088000 0.119854
v 0.334294 0.080000 0.116854
v 0.334294 0.088000 0.116854
v 0.334294 0.080000 0.113146
v 0.334294 0.088000 0.113146
v 0.336473 0.080000 0.110146
v 0.336473 0.088000 0.110146
vn -0.0000 -0.6437 -0.7653
vn -0.0000 0.6437 -0.7653
vn 0.4498 -0.6437 -0.6191
vn 0.4498 0.6437 -0.6191
vn 0.7278 -0.6437 -0.2365
vn 0.7278 0.6437 -0.2365
vn 0.7278 -0.6437 0.2365
vn 0.7278 0.6437 0.2365
vn 0.4498 -0.6437 0.6191
vn 0.4498 0.6437 0.6191
vn -0.0000 -0.6437 0.7653
vn -0.0000 0.6437 0.7653
vn -0.4498 -0.6437 0.6191
vn -0.4498 0.6437 0.6191
vn -0.7278 -0.6437 0.2365
vn -0.7278 0.6437 0.2365
vn -0.7278 -0.6437 -0.2365
vn -0.7278 0.6437 -0.2365
vn -0.4498 -0.6437 -0.6191
vn -0.4498 0.6437 -0.6191
vt 1.000000 0.500000
vt 1.000000 1.000000
vt 0.900000 1.000000
vt 0.900000 0.500000
vt 0.800000 1.000000
vt 0.800000 0.500000
vt 0.700000 1.000000
vt 0.700000 0.500000
vt 0.600000 1.000000
vt 0.600000 0.500000
vt 0.500000 1.000000
vt 0.500000 0.500000
vt 0.400000 1.000000
vt 0.400000 0.500000
vt 0.300000 1.000000
vt 0.300000 0.500000
vt 0.200000 1.000000
vt 0.200000 0.500000
vt 0.391068 0.444164
vt 0.250000 0.490000
vt 0.108932 0.444164
vt 0.021746 0.324164
vt 0.021746 0.175836
vt 0.108932 0.055836
vt 0.250000 0.010000
vt 0.391068 0.055836
vt 0.478254 0.175836
vt 0.478254 0.324164
vt 0.100000 1.000000
vt 0.100000 0.500000
vt -0.000000 1.000000
vt -0.000000 0.500000
vt 0.750000 0.490000
vt 0.891068 0.444164
vt 0.978254 0.324164
vt 0.978254 0.175836
vt 0.891068 0.055836
vt 0.750000 0.010000
vt 0.608932 0.055836
vt 0.521746 0.175836
vt 0.521746 0.324164
vt 0.608932 0.444164
s 1
usemtl M_Graphite
f 1785/3645/1773 1786/3646/1774 1788/3647/1776 1787/3648/1775
f 1787/3648/1775 1788/3647/1776 1790/3649/1778 1789/3650/1777
f 1789/3650/1777 1790/3649/1778 1792/3651/1780 1791/3652/1779
f 1791/3652/1779 1792/3651/1780 1794/3653/1782 1793/3654/1781
f 1793/3654/1781 1794/3653/1782 1796/3655/1784 1795/3656/1783
f 1795/3656/1783 1796/3655/1784 1798/3657/1786 1797/3658/1785
f 1797/3658/1785 1798/3657/1786 1800/3659/1788 1799/3660/1787
f 1799/3660/1787 1800/3659/1788 1802/3661/1790 1801/3662/1789
f 1788/3663/1776 1786/3664/1774 1804/3665/1792 1802/3666/1790 1800/3667/1788 1798/3668/1786 1796/3669/1784 1794/3670/1782 1792/3671/1780 1790/3672/1778
f 1801/3662/1789 1802/3661/1790 1804/3673/1792 1803/3674/1791
f 1803/3674/1791 1804/3673/1792 1786/3675/1774 1785/3676/1773
f 1785/3677/1773 1787/3678/1775 1789/3679/1777 1791/3680/1779 1793/3681/1781 1795/3682/1783 1797/3683/1785 1799/3684/1787 1801/3685/1789 1803/3686/1791
o Socket.083
v 0.385000 0.080000 0.109000
v 0.385000 0.088000 0.109000
v 0.388527 0.080000 0.110146
v 0.388527 0.088000 0.110146
v 0.390706 0.080000 0.113146
v 0.390706 0.088000 0.113146
v 0.390706 0.080000 0.116854
v 0.390706 0.088000 0.116854
v 0.388527 0.080000 0.119854
v 0.388527 0.088000 0.119854
v 0.385000 0.080000 0.121000
v 0.385000 0.088000 0.121000
v 0.381473 0.080000 0.119854
v 0.381473 0.088000 0.119854
v 0.379294 0.080000 0.116854
v 0.379294 0.088000 0.116854
v 0.379294 0.080000 0.113146
v 0.379294 0.088000 0.113146
v 0.381473 0.080000 0.110146
v 0.381473 0.088000 0.110146
vn -0.0000 -0.6437 -0.7653
vn -0.0000 0.6437 -0.7653
vn 0.4498 -0.6437 -0.6191
vn 0.4498 0.6437 -0.6191
vn 0.7278 -0.6437 -0.2365
vn 0.7278 0.6437 -0.2365
vn 0.7278 -0.6437 0.2365
vn 0.7278 0.6437 0.2365
vn 0.4498 -0.6437 0.6191
vn 0.4498 0.6437 0.6191
vn -0.0000 -0.6437 0.7653
vn -0.0000 0.6437 0.7653
vn -0.4498 -0.6437 0.6191
vn -0.4498 0.6437 0.6191
vn -0.7278 -0.6437 0.2365
vn -0.7278 0.6437 0.2365
vn -0.7278 -0.6437 -0.2365
vn -0.7278 0.6437 -0.2365
vn -0.4498 -0.6437 -0.6191
vn -0.4498 0.6437 -0.6191
vt 1.000000 0.500000
vt 1.000000 1.000000
vt 0.900000 1.000000
vt 0.900000 0.500000
vt 0.800000 1.000000
vt 0.800000 0.500000
vt 0.700000 1.000000
vt 0.700000 0.500000
vt 0.600000 1.000000
vt 0.600000 0.500000
vt 0.500000 1.000000
vt 0.500000 0.500000
vt 0.400000 1.000000
vt 0.400000 0.500000
vt 0.300000 1.000000
vt 0.300000 0.500000
vt 0.200000 1.000000
vt 0.200000 0.500000
vt 0.391068 0.444164
vt 0.250000 0.490000
vt 0.108932 0.444164
vt 0.021746 0.324164
vt 0.021746 0.175836
vt 0.108932 0.055836
vt 0.250000 0.010000
vt 0.391068 0.055836
vt 0.478254 0.175836
vt 0.478254 0.324164
vt 0.100000 1.000000
vt 0.100000 0.500000
vt -0.000000 1.000000
vt -0.000000 0.500000
vt 0.750000 0.490000
vt 0.891068 0.444164
vt 0.978254 0.324164
vt 0.978254 0.175836
vt 0.891068 0.055836
vt 0.750000 0.010000
vt 0.608932 0.055836
vt 0.521746 0.175836
vt 0.521746 0.324164
vt 0.608932 0.444164
s 1
usemtl M_Graphite
f 1805/3687/1793 1806/3688/1794 1808/3689/1796 1807/3690/1795
f 1807/3690/1795 1808/3689/1796 1810/3691/1798 1809/3692/1797
f 1809/3692/1797 1810/3691/1798 1812/3693/1800 1811/3694/1799
f 1811/3694/1799 1812/3693/1800 1814/3695/1802 1813/3696/1801
f 1813/3696/1801 1814/3695/1802 1816/3697/1804 1815/3698/1803
f 1815/3698/1803 1816/3697/1804 1818/3699/1806 1817/3700/1805
f 1817/3700/1805 1818/3699/1806 1820/3701/1808 1819/3702/1807
f 1819/3702/1807 1820/3701/1808 1822/3703/1810 1821/3704/1809
f 1808/3705/1796 1806/3706/1794 1824/3707/1812 1822/3708/1810 1820/3709/1808 1818/3710/1806 1816/3711/1804 1814/3712/1802 1812/3713/1800 1810/3714/1798
f 1821/3704/1809 1822/3703/1810 1824/3715/1812 1823/3716/1811
f 1823/3716/1811 1824/3715/1812 1806/3717/1794 1805/3718/1793
f 1805/3719/1793 1807/3720/1795 1809/3721/1797 1811/3722/1799 1813/3723/1801 1815/3724/1803 1817/3725/1805 1819/3726/1807 1821/3727/1809 1823/3728/1811
o Socket.084
v 0.430000 0.080000 0.109000
v 0.430000 0.088000 0.109000
v 0.433527 0.080000 0.110146
v 0.433527 0.088000 0.110146
v 0.435706 0.080000 0.113146
v 0.435706 0.088000 0.113146
v 0.435706 0.080000 0.116854
v 0.435706 0.088000 0.116854
v 0.433527 0.080000 0.119854
v 0.433527 0.088000 0.119854
v 0.430000 0.080000 0.121000
v 0.430000 0.088000 0.121000
v 0.426473 0.080000 0.119854
v 0.426473 0.088000 0.119854
v 0.424294 0.080000 0.116854
v 0.424294 0.088000 0.116854
v 0.424294 0.080000 0.113146
v 0.424294 0.088000 0.113146
v 0.426473 0.080000 0.110146
v 0.426473 0.088000 0.110146
vn -0.0000 -0.6437 -0.7653
vn -0.0000 0.6437 -0.7653
vn 0.4498 -0.6437 -0.6191
vn 0.4498 0.6437 -0.6191
vn 0.7278 -0.6437 -0.2365
vn 0.7278 0.6437 -0.2365
vn 0.7278 -0.6437 0.2365
vn 0.7278 0.6437 0.2365
vn 0.4498 -0.6437 0.6191
vn 0.4498 0.6437 0.6191
vn -0.0000 -0.6437 0.7653
vn -0.0000 0.6437 0.7653
vn -0.4498 -0.6437 0.6191
vn -0.4498 0.6437 0.6191
vn -0.7278 -0.6437 0.2365
vn -0.7278 0.6437 0.2365
vn -0.7278 -0.6437 -0.2365
vn -0.7278 0.6437 -0.2365
vn -0.4498 -0.6437 -0.6191
vn -0.4498 0.6437 -0.6191
vt 1.000000 0.500000
vt 1.000000 1.000000
vt 0.900000 1.000000
vt 0.900000 0.500000
vt 0.800000 1.000000
vt 0.800000 0.500000
vt 0.700000 1.000000
vt 0.700000 0.500000
vt 0.600000 1.000000
vt 0.600000 0.500000
vt 0.500000 1.000000
vt 0.500000 0.500000
vt 0.400000 1.000000
vt 0.400000 0.500000
vt 0.300000 1.000000
vt 0.300000 0.500000
vt 0.200000 1.000000
vt 0.200000 0.500000
vt 0.391068 0.444164
vt 0.250000 0.490000
vt 0.108932 0.444164
vt 0.021746 0.324164
vt 0.021746 0.175836
vt 0.108932 0.055836
vt 0.250000 0.010000
vt 0.391068 0.055836
vt 0.478254 0.175836
vt 0.478254 0.324164
vt 0.100000 1.000000
vt 0.100000 0.500000
vt -0.000000 1.000000
vt -0.000000 0.500000
vt 0.750000 0.490000
vt 0.891068 0.444164
vt 0.978254 0.324164
vt 0.978254 0.175836
vt 0.891068 0.055836
vt 0.750000 0.010000
vt 0.608932 0.055836
vt 0.521746 0.175836
vt 0.521746 0.324164
vt 0.608932 0.444164
s 1
usemtl M_Graphite
f 1825/3729/1813 1826/3730/1814 1828/3731/1816 1827/3732/1815
f 1827/3732/1815 1828/3731/1816 1830/3733/1818 1829/3734/1817
f 1829/3734/1817 1830/3733/1818 1832/3735/1820 1831/3736/1819
f 1831/3736/1819 1832/3735/1820 1834/3737/1822 1833/3738/1821
f 1833/3738/1821 1834/3737/1822 1836/3739/1824 1835/3740/1823
f 1835/3740/1823 1836/3739/1824 1838/3741/1826 1837/3742/1825
f 1837/3742/1825 1838/3741/1826 1840/3743/1828 1839/3744/1827
f 1839/3744/1827 1840/3743/1828 1842/3745/1830 1841/3746/1829
f 1828/3747/1816 1826/3748/1814 1844/3749/1832 1842/3750/1830 1840/3751/1828 1838/3752/1826 1836/3753/1824 1834/3754/1822 1832/3755/1820 1830/3756/1818
f 1841/3746/1829 1842/3745/1830 1844/3757/1832 1843/3758/1831
f 1843/3758/1831 1844/3757/1832 1826/3759/1814 1825/3760/1813
f 1825/3761/1813 1827/3762/1815 1829/3763/1817 1831/3764/1819 1833/3765/1821 1835/3766/1823 1837/3767/1825 1839/3768/1827 1841/3769/1829 1843/3770/1831
o Socket.085
v 0.475000 0.080000 0.109000
v 0.475000 0.088000 0.109000
v 0.478527 0.080000 0.110146
v 0.478527 0.088000 0.110146
v 0.480706 0.080000 0.113146
v 0.480706 0.088000 0.113146
v 0.480706 0.080000 0.116854
v 0.480706 0.088000 0.116854
v 0.478527 0.080000 0.119854
v 0.478527 0.088000 0.119854
v 0.475000 0.080000 0.121000
v 0.475000 0.088000 0.121000
v 0.471473 0.080000 0.119854
v 0.471473 0.088000 0.119854
v 0.469294 0.080000 0.116854
v 0.469294 0.088000 0.116854
v 0.469294 0.080000 0.113146
v 0.469294 0.088000 0.113146
v 0.471473 0.080000 0.110146
v 0.471473 0.088000 0.110146
vn -0.0000 -0.6437 -0.7653
vn -0.0000 0.6437 -0.7653
vn 0.4498 -0.6437 -0.6191
vn 0.4498 0.6437 -0.6191
vn 0.7278 -0.6437 -0.2365
vn 0.7278 0.6437 -0.2365
vn 0.7278 -0.6437 0.2365
vn 0.7278 0.6437 0.2365
vn 0.4498 -0.6437 0.6191
vn 0.4498 0.6437 0.6191
vn -0.0000 -0.6437 0.7653
vn -0.0000 0.6437 0.7653
vn -0.4498 -0.6437 0.6191
vn -0.4498 0.6437 0.6191
vn -0.7278 -0.6437 0.2365
vn -0.7278 0.6437 0.2365
vn -0.7278 -0.6437 -0.2365
vn -0.7278 0.6437 -0.2365
vn -0.4498 -0.6437 -0.6191
vn -0.4498 0.6437 -0.6191
vt 1.000000 0.500000
vt 1.000000 1.000000
vt 0.900000 1.000000
vt 0.900000 0.500000
vt 0.800000 1.000000
vt 0.800000 0.500000
vt 0.700000 1.000000
vt 0.700000 0.500000
vt 0.600000 1.000000
vt 0.600000 0.500000
vt 0.500000 1.000000
vt 0.500000 0.500000
vt 0.400000 1.000000
vt 0.400000 0.500000
vt 0.300000 1.000000
vt 0.300000 0.500000
vt 0.200000 1.000000
vt 0.200000 0.500000
vt 0.391068 0.444164
vt 0.250000 0.490000
vt 0.108932 0.444164
vt 0.021746 0.324164
vt 0.021746 0.175836
vt 0.108932 0.055836
vt 0.250000 0.010000
vt 0.391068 0.055836
vt 0.478254 0.175836
vt 0.478254 0.324164
vt 0.100000 1.000000
vt 0.100000 0.500000
vt -0.000000 1.000000
vt -0.000000 0.500000
vt 0.750000 0.490000
vt 0.891068 0.444164
vt 0.978254 0.324164
vt 0.978254 0.175836
vt 0.891068 0.055836
vt 0.750000 0.010000
vt 0.608932 0.055836
vt 0.521746 0.175836
vt 0.521746 0.324164
vt 0.608932 0.444164
s 1
usemtl M_Graphite
f 1845/3771/1833 1846/3772/1834 1848/3773/1836 1847/3774/1835
f 1847/3774/1835 1848/3773/1836 1850/3775/1838 1849/3776/1837
f 1849/3776/1837 1850/3775/1838 1852/3777/1840 1851/3778/1839
f 1851/3778/1839 1852/3777/1840 1854/3779/1842 1853/3780/1841
f 1853/3780/1841 1854/3779/1842 1856/3781/1844 1855/3782/1843
f 1855/3782/1843 1856/3781/1844 1858/3783/1846 1857/3784/1845
f 1857/3784/1845 1858/3783/1846 1860/3785/1848 1859/3786/1847
f 1859/3786/1847 1860/3785/1848 1862/3787/1850 1861/3788/1849
f 1848/3789/1836 1846/3790/1834 1864/3791/1852 1862/3792/1850 1860/3793/1848 1858/3794/1846 1856/3795/1844 1854/3796/1842 1852/3797/1840 1850/3798/1838
f 1861/3788/1849 1862/3787/1850 1864/3799/1852 1863/3800/1851
f 1863/3800/1851 1864/3799/1852 1846/3801/1834 1845/3802/1833
f 1845/3803/1833 1847/3804/1835 1849/3805/1837 1851/3806/1839 1853/3807/1841 1855/3808/1843 1857/3809/1845 1859/3810/1847 1861/3811/1849 1863/3812/1851
o Socket.086
v 0.520000 0.080000 0.109000
v 0.520000 0.088000 0.109000
v 0.523527 0.080000 0.110146
v 0.523527 0.088000 0.110146
v 0.525706 0.080000 0.113146
v 0.525706 0.088000 0.113146
v 0.525706 0.080000 0.116854
v 0.525706 0.088000 0.116854
v 0.523527 0.080000 0.119854
v 0.523527 0.088000 0.119854
v 0.520000 0.080000 0.121000
v 0.520000 0.088000 0.121000
v 0.516473 0.080000 0.119854
v 0.516473 0.088000 0.119854
v 0.514294 0.080000 0.116854
v 0.514294 0.088000 0.116854
v 0.514294 0.080000 0.113146
v 0.514294 0.088000 0.113146
v 0.516473 0.080000 0.110146
v 0.516473 0.088000 0.110146
vn -0.0000 -0.6437 -0.7653
vn -0.0000 0.6437 -0.7653
vn 0.4498 -0.6437 -0.6191
vn 0.4498 0.6437 -0.6191
vn 0.7278 -0.6437 -0.2365
vn 0.7278 0.6437 -0.2365
vn 0.7278 -0.6437 0.2365
vn 0.7278 0.6437 0.2365
vn 0.4498 -0.6437 0.6191
vn 0.4498 0.6437 0.6191
vn -0.0000 -0.6437 0.7653
vn -0.0000 0.6437 0.7653
vn -0.4498 -0.6437 0.6191
vn -0.4498 0.6437 0.6191
vn -0.7278 -0.6437 0.2365
vn -0.7278 0.6437 0.2365
vn -0.7278 -0.6437 -0.2365
vn -0.7278 0.6437 -0.2365
vn -0.4498 -0.6437 -0.6191
vn -0.4498 0.6437 -0.6191
vt 1.000000 0.500000
vt 1.000000 1.000000
vt 0.900000 1.000000
vt 0.900000 0.500000
vt 0.800000 1.000000
vt 0.800000 0.500000
vt 0.700000 1.000000
vt 0.700000 0.500000
vt 0.600000 1.000000
vt 0.600000 0.500000
vt 0.500000 1.000000
vt 0.500000 0.500000
vt 0.400000 1.000000
vt 0.400000 0.500000
vt 0.300000 1.000000
vt 0.300000 0.500000
vt 0.200000 1.000000
vt 0.200000 0.500000
vt 0.391068 0.444164
vt 0.250000 0.490000
vt 0.108932 0.444164
vt 0.021746 0.324164
vt 0.021746 0.175836
vt 0.108932 0.055836
vt 0.250000 0.010000
vt 0.391068 0.055836
vt 0.478254 0.175836
vt 0.478254 0.324164
vt 0.100000 1.000000
vt 0.100000 0.500000
vt -0.000000 1.000000
vt -0.000000 0.500000
vt 0.750000 0.490000
vt 0.891068 0.444164
vt 0.978254 0.324164
vt 0.978254 0.175836
vt 0.891068 0.055836
vt 0.750000 0.010000
vt 0.608932 0.055836
vt 0.521746 0.175836
vt 0.521746 0.324164
vt 0.608932 0.444164
s 1
usemtl M_Graphite
f 1865/3813/1853 1866/3814/1854 1868/3815/1856 1867/3816/1855
f 1867/3816/1855 1868/3815/1856 1870/3817/1858 1869/3818/1857
f 1869/3818/1857 1870/3817/1858 1872/3819/1860 1871/3820/1859
f 1871/3820/1859 1872/3819/1860 1874/3821/1862 1873/3822/1861
f 1873/3822/1861 1874/3821/1862 1876/3823/1864 1875/3824/1863
f 1875/3824/1863 1876/3823/1864 1878/3825/1866 1877/3826/1865
f 1877/3826/1865 1878/3825/1866 1880/3827/1868 1879/3828/1867
f 1879/3828/1867 1880/3827/1868 1882/3829/1870 1881/3830/1869
f 1868/3831/1856 1866/3832/1854 1884/3833/1872 1882/3834/1870 1880/3835/1868 1878/3836/1866 1876/3837/1864 1874/3838/1862 1872/3839/1860 1870/3840/1858
f 1881/3830/1869 1882/3829/1870 1884/3841/1872 1883/3842/1871
f 1883/3842/1871 1884/3841/1872 1866/3843/1854 1865/3844/1853
f 1865/3845/1853 1867/3846/1855 1869/3847/1857 1871/3848/1859 1873/3849/1861 1875/3850/1863 1877/3851/1865 1879/3852/1867 1881/3853/1869 1883/3854/1871
o Socket.087
v 0.565000 0.080000 0.109000
v 0.565000 0.088000 0.109000
v 0.568527 0.080000 0.110146
v 0.568527 0.088000 0.110146
v 0.570706 0.080000 0.113146
v 0.570706 0.088000 0.113146
v 0.570706 0.080000 0.116854
v 0.570706 0.088000 0.116854
v 0.568527 0.080000 0.119854
v 0.568527 0.088000 0.119854
v 0.565000 0.080000 0.121000
v 0.565000 0.088000 0.121000
v 0.561473 0.080000 0.119854
v 0.561473 0.088000 0.119854
v 0.559294 0.080000 0.116854
v 0.559294 0.088000 0.116854
v 0.559294 0.080000 0.113146
v 0.559294 0.088000 0.113146
v 0.561473 0.080000 0.110146
v 0.561473 0.088000 0.110146
vn -0.0000 -0.6437 -0.7653
vn -0.0000 0.6437 -0.7653
vn 0.4498 -0.6437 -0.6191
vn 0.4498 0.6437 -0.6191
vn 0.7278 -0.6437 -0.2365
vn 0.7278 0.6437 -0.2365
vn 0.7278 -0.6437 0.2365
vn 0.7278 0.6437 0.2365
vn 0.4498 -0.6437 0.6191
vn 0.4498 0.6437 0.6191
vn -0.0000 -0.6437 0.7653
vn -0.0000 0.6437 0.7653
vn -0.4498 -0.6437 0.6191
vn -0.4498 0.6437 0.6191
vn -0.7278 -0.6437 0.2365
vn -0.7278 0.6437 0.2365
vn -0.7278 -0.6437 -0.2365
vn -0.7278 0.6437 -0.2365
vn -0.4498 -0.6437 -0.6191
vn -0.4498 0.6437 -0.6191
vt 1.000000 0.500000
vt 1.000000 1.000000
vt 0.900000 1.000000
vt 0.900000 0.500000
vt 0.800000 1.000000
vt 0.800000 0.500000
vt 0.700000 1.000000
vt 0.700000 0.500000
vt 0.600000 1.000000
vt 0.600000 0.500000
vt 0.500000 1.000000
vt 0.500000 0.500000
vt 0.400000 1.000000
vt 0.400000 0.500000
vt 0.300000 1.000000
vt 0.300000 0.500000
vt 0.200000 1.000000
vt 0.200000 0.500000
vt 0.391068 0.444164
vt 0.250000 0.490000
vt 0.108932 0.444164
vt 0.021746 0.324164
vt 0.021746 0.175836
vt 0.108932 0.055836
vt 0.250000 0.010000
vt 0.391068 0.055836
vt 0.478254 0.175836
vt 0.478254 0.324164
vt 0.100000 1.000000
vt 0.100000 0.500000
vt -0.000000 1.000000
vt -0.000000 0.500000
vt 0.750000 0.490000
vt 0.891068 0.444164
vt 0.978254 0.324164
vt 0.978254 0.175836
vt 0.891068 0.055836
vt 0.750000 0.010000
vt 0.608932 0.055836
vt 0.521746 0.175836
vt 0.521746 0.324164
vt 0.608932 0.444164
s 1
usemtl M_Graphite
f 1885/3855/1873 1886/3856/1874 1888/3857/1876 1887/3858/1875
f 1887/3858/1875 1888/3857/1876 1890/3859/1878 1889/3860/1877
f 1889/3860/1877 1890/3859/1878 1892/3861/1880 1891/3862/1879
f 1891/3862/1879 1892/3861/1880 1894/3863/1882 1893/3864/1881
f 1893/3864/1881 1894/3863/1882 1896/3865/1884 1895/3866/1883
f 1895/3866/1883 1896/3865/1884 1898/3867/1886 1897/3868/1885
f 1897/3868/1885 1898/3867/1886 1900/3869/1888 1899/3870/1887
f 1899/3870/1887 1900/3869/1888 1902/3871/1890 1901/3872/1889
f 1888/3873/1876 1886/3874/1874 1904/3875/1892 1902/3876/1890 1900/3877/1888 1898/3878/1886 1896/3879/1884 1894/3880/1882 1892/3881/1880 1890/3882/1878
f 1901/3872/1889 1902/3871/1890 1904/3883/1892 1903/3884/1891
f 1903/3884/1891 1904/3883/1892 1886/3885/1874 1885/3886/1873
f 1885/3887/1873 1887/3888/1875 1889/3889/1877 1891/3890/1879 1893/3891/1881 1895/3892/1883 1897/3893/1885 1899/3894/1887 1901/3895/1889 1903/3896/1891
o Socket.088
v 0.610000 0.080000 0.109000
v 0.610000 0.088000 0.109000
v 0.613527 0.080000 0.110146
v 0.613527 0.088000 0.110146
v 0.615706 0.080000 0.113146
v 0.615706 0.088000 0.113146
v 0.615706 0.080000 0.116854
v 0.615706 0.088000 0.116854
v 0.613527 0.080000 0.119854
v 0.613527 0.088000 0.119854
v 0.610000 0.080000 0.121000
v 0.610000 0.088000 0.121000
v 0.606473 0.080000 0.119854
v 0.606473 0.088000 0.119854
v 0.604294 0.080000 0.116854
v 0.604294 0.088000 0.116854
v 0.604294 0.080000 0.113146
v 0.604294 0.088000 0.113146
v 0.606473 0.080000 0.110146
v 0.606473 0.088000 0.110146
vn -0.0000 -0.6437 -0.7653
vn -0.0000 0.6437 -0.7653
vn 0.4498 -0.6437 -0.6191
vn 0.4498 0.6437 -0.6191
vn 0.7278 -0.6437 -0.2365
vn 0.7278 0.6437 -0.2365
vn 0.7278 -0.6437 0.2365
vn 0.7278 0.6437 0.2365
vn 0.4498 -0.6437 0.6191
vn 0.4498 0.6437 0.6191
vn -0.0000 -0.6437 0.7653
vn -0.0000 0.6437 0.7653
vn -0.4498 -0.6437 0.6191
vn -0.4498 0.6437 0.6191
vn -0.7278 -0.6437 0.2365
vn -0.7278 0.6437 0.2365
vn -0.7278 -0.6437 -0.2365
vn -0.7278 0.6437 -0.2365
vn -0.4498 -0.6437 -0.6191
vn -0.4498 0.6437 -0.6191
vt 1.000000 0.500000
vt 1.000000 1.000000
vt 0.900000 1.000000
vt 0.900000 0.500000
vt 0.800000 1.000000
vt 0.800000 0.500000
vt 0.700000 1.000000
vt 0.700000 0.500000
vt 0.600000 1.000000
vt 0.600000 0.500000
vt 0.500000 1.000000
vt 0.500000 0.500000
vt 0.400000 1.000000
vt 0.400000 0.500000
vt 0.300000 1.000000
vt 0.300000 0.500000
vt 0.200000 1.000000
vt 0.200000 0.500000
vt 0.391068 0.444164
vt 0.250000 0.490000
vt 0.108932 0.444164
vt 0.021746 0.324164
vt 0.021746 0.175836
vt 0.108932 0.055836
vt 0.250000 0.010000
vt 0.391068 0.055836
vt 0.478254 0.175836
vt 0.478254 0.324164
vt 0.100000 1.000000
vt 0.100000 0.500000
vt -0.000000 1.000000
vt -0.000000 0.500000
vt 0.750000 0.490000
vt 0.891068 0.444164
vt 0.978254 0.324164
vt 0.978254 0.175836
vt 0.891068 0.055836
vt 0.750000 0.010000
vt 0.608932 0.055836
vt 0.521746 0.175836
vt 0.521746 0.324164
vt 0.608932 0.444164
s 1
usemtl M_Graphite
f 1905/3897/1893 1906/3898/1894 1908/3899/1896 1907/3900/1895
f 1907/3900/1895 1908/3899/1896 1910/3901/1898 1909/3902/1897
f 1909/3902/1897 1910/3901/1898 1912/3903/1900 1911/3904/1899
f 1911/3904/1899 1912/3903/1900 1914/3905/1902 1913/3906/1901
f 1913/3906/1901 1914/3905/1902 1916/3907/1904 1915/3908/1903
f 1915/3908/1903 1916/3907/1904 1918/3909/1906 1917/3910/1905
f 1917/3910/1905 1918/3909/1906 1920/3911/1908 1919/3912/1907
f 1919/3912/1907 1920/3911/1908 1922/3913/1910 1921/3914/1909
f 1908/3915/1896 1906/3916/1894 1924/3917/1912 1922/3918/1910 1920/3919/1908 1918/3920/1906 1916/3921/1904 1914/3922/1902 1912/3923/1900 1910/3924/1898
f 1921/3914/1909 1922/3913/1910 1924/3925/1912 1923/3926/1911
f 1923/3926/1911 1924/3925/1912 1906/3927/1894 1905/3928/1893
f 1905/3929/1893 1907/3930/1895 1909/3931/1897 1911/3932/1899 1913/3933/1901 1915/3934/1903 1917/3935/1905 1919/3936/1907 1921/3937/1909 1923/3938/1911
o Socket.089
v 0.655000 0.080000 0.109000
v 0.655000 0.088000 0.109000
v 0.658527 0.080000 0.110146
v 0.658527 0.088000 0.110146
v 0.660706 0.080000 0.113146
v 0.660706 0.088000 0.113146
v 0.660706 0.080000 0.116854
v 0.660706 0.088000 0.116854
v 0.658527 0.080000 0.119854
v 0.658527 0.088000 0.119854
v 0.655000 0.080000 0.121000
v 0.655000 0.088000 0.121000
v 0.651473 0.080000 0.119854
v 0.651473 0.088000 0.119854
v 0.649294 0.080000 0.116854
v 0.649294 0.088000 0.116854
v 0.649294 0.080000 0.113146
v 0.649294 0.088000 0.113146
v 0.651473 0.080000 0.110146
v 0.651473 0.088000 0.110146
vn -0.0000 -0.6437 -0.7653
vn -0.0000 0.6437 -0.7653
vn 0.4498 -0.6437 -0.6191
vn 0.4498 0.6437 -0.6191
vn 0.7278 -0.6437 -0.2365
vn 0.7278 0.6437 -0.2365
vn 0.7278 -0.6437 0.2365
vn 0.7278 0.6437 0.2365
vn 0.4498 -0.6437 0.6191
vn 0.4498 0.6437 0.6191
vn -0.0000 -0.6437 0.7653
vn -0.0000 0.6437 0.7653
vn -0.4498 -0.6437 0.6191
vn -0.4498 0.6437 0.6191
vn -0.7278 -0.6437 0.2365
vn -0.7278 0.6437 0.2365
vn -0.7278 -0.6437 -0.2365
vn -0.7278 0.6437 -0.2365
vn -0.4498 -0.6437 -0.6191
vn -0.4498 0.6437 -0.6191
vt 1.000000 0.500000
vt 1.000000 1.000000
vt 0.900000 1.000000
vt 0.900000 0.500000
vt 0.800000 1.000000
vt 0.800000 0.500000
vt 0.700000 1.000000
vt 0.700000 0.500000
vt 0.600000 1.000000
vt 0.600000 0.500000
vt 0.500000 1.000000
vt 0.500000 0.500000
vt 0.400000 1.000000
vt 0.400000 0.500000
vt 0.300000 1.000000
vt 0.300000 0.500000
vt 0.200000 1.000000
vt 0.200000 0.500000
vt 0.391068 0.444164
vt 0.250000 0.490000
vt 0.108932 0.444164
vt 0.021746 0.324164
vt 0.021746 0.175836
vt 0.108932 0.055836
vt 0.250000 0.010000
vt 0.391068 0.055836
vt 0.478254 0.175836
vt 0.478254 0.324164
vt 0.100000 1.000000
vt 0.100000 0.500000
vt -0.000000 1.000000
vt -0.000000 0.500000
vt 0.750000 0.490000
vt 0.891068 0.444164
vt 0.978254 0.324164
vt 0.978254 0.175836
vt 0.891068 0.055836
vt 0.750000 0.010000
vt 0.608932 0.055836
vt 0.521746 0.175836
vt 0.521746 0.324164
vt 0.608932 0.444164
s 1
usemtl M_Graphite
f 1925/3939/1913 1926/3940/1914 1928/3941/1916 1927/3942/1915
f 1927/3942/1915 1928/3941/1916 1930/3943/1918 1929/3944/1917
f 1929/3944/1917 1930/3943/1918 1932/3945/1920 1931/3946/1919
f 1931/3946/1919 1932/3945/1920 1934/3947/1922 1933/3948/1921
f 1933/3948/1921 1934/3947/1922 1936/3949/1924 1935/3950/1923
f 1935/3950/1923 1936/3949/1924 1938/3951/1926 1937/3952/1925
f 1937/3952/1925 1938/3951/1926 1940/3953/1928 1939/3954/1927
f 1939/3954/1927 1940/3953/1928 1942/3955/1930 1941/3956/1929
f 1928/3957/1916 1926/3958/1914 1944/3959/1932 1942/3960/1930 1940/3961/1928 1938/3962/1926 1936/3963/1924 1934/3964/1922 1932/3965/1920 1930/3966/1918
f 1941/3956/1929 1942/3955/1930 1944/3967/1932 1943/3968/1931
f 1943/3968/1931 1944/3967/1932 1926/3969/1914 1925/3970/1913
f 1925/3971/1913 1927/3972/1915 1929/3973/1917 1931/3974/1919 1933/3975/1921 1935/3976/1923 1937/3977/1925 1939/3978/1927 1941/3979/1929 1943/3980/1931
o Socket.090
v -0.650000 0.080000 0.064000
v -0.650000 0.088000 0.064000
v -0.646473 0.080000 0.065146
v -0.646473 0.088000 0.065146
v -0.644294 0.080000 0.068146
v -0.644294 0.088000 0.068146
v -0.644294 0.080000 0.071854
v -0.644294 0.088000 0.071854
v -0.646473 0.080000 0.074854
v -0.646473 0.088000 0.074854
v -0.650000 0.080000 0.076000
v -0.650000 0.088000 0.076000
v -0.653527 0.080000 0.074854
v -0.653527 0.088000 0.074854
v -0.655706 0.080000 0.071854
v -0.655706 0.088000 0.071854
v -0.655706 0.080000 0.068146
v -0.655706 0.088000 0.068146
v -0.653527 0.080000 0.065146
v -0.653527 0.088000 0.065146
vn -0.0000 -0.6437 -0.7653
vn -0.0000 0.6437 -0.7653
vn 0.4498 -0.6437 -0.6191
vn 0.4498 0.6437 -0.6191
vn 0.7278 -0.6437 -0.2365
vn 0.7278 0.6437 -0.2365
vn 0.7278 -0.6437 0.2365
vn 0.7278 0.6437 0.2365
vn 0.4498 -0.6437 0.6191
vn 0.4498 0.6437 0.6191
vn -0.0000 -0.6437 0.7653
vn -0.0000 0.6437 0.7653
vn -0.4498 -0.6437 0.6191
vn -0.4498 0.6437 0.6191
vn -0.7278 -0.6437 0.2365
vn -0.7278 0.6437 0.2365
vn -0.7278 -0.6437 -0.2365
vn -0.7278 0.6437 -0.2365
vn -0.4498 -0.6437 -0.6191
vn -0.4498 0.6437 -0.6191
vt 1.000000 0.500000
vt 1.000000 1.000000
vt 0.900000 1.000000
vt 0.900000 0.500000
vt 0.800000 1.000000
vt 0.800000 0.500000
vt 0.700000 1.000000
vt 0.700000 0.500000
vt 0.600000 1.000000
vt 0.600000 0.500000
vt 0.500000 1.000000
vt 0.500000 0.500000
vt 0.400000 1.000000
vt 0.400000 0.500000
vt 0.300000 1.000000
vt 0.300000 0.500000
vt 0.200000 1.000000
vt 0.200000 0.500000
vt 0.391068 0.444164
vt 0.250000 0.490000
vt 0.108932 0.444164
vt 0.021746 0.324164
vt 0.021746 0.175836
vt 0.108932 0.055836
vt 0.250000 0.010000
vt 0.391068 0.055836
vt 0.478254 0.175836
vt 0.478254 0.324164
vt 0.100000 1.000000
vt 0.100000 0.500000
vt -0.000000 1.000000
vt -0.000000 0.500000
vt 0.750000 0.490000
vt 0.891068 0.444164
vt 0.978254 0.324164
vt 0.978254 0.175836
vt 0.891068 0.055836
vt 0.750000 0.010000
vt 0.608932 0.055836
vt 0.521746 0.175836
vt 0.521746 0.324164
vt 0.608932 0.444164
s 1
usemtl M_Graphite
f 1945/3981/1933 1946/3982/1934 1948/3983/1936 1947/3984/1935
f 1947/3984/1935 1948/3983/1936 1950/3985/1938 1949/3986/1937
f 1949/3986/1937 1950/3985/1938 1952/3987/1940 1951/3988/1939
f 1951/3988/1939 1952/3987/1940 1954/3989/1942 1953/3990/1941
f 1953/3990/1941 1954/3989/1942 1956/3991/1944 1955/3992/1943
f 1955/3992/1943 1956/3991/1944 1958/3993/1946 1957/3994/1945
f 1957/3994/1945 1958/3993/1946 1960/3995/1948 1959/3996/1947
f 1959/3996/1947 1960/3995/1948 1962/3997/1950 1961/3998/1949
f 1948/3999/1936 1946/4000/1934 1964/4001/1952 1962/4002/1950 1960/4003/1948 1958/4004/1946 1956/4005/1944 1954/4006/1942 1952/4007/1940 1950/4008/1938
f 1961/3998/1949 1962/3997/1950 1964/4009/1952 1963/4010/1951
f 1963/4010/1951 1964/4009/1952 1946/4011/1934 1945/4012/1933
f 1945/4013/1933 1947/4014/1935 1949/4015/1937 1951/4016/1939 1953/4017/1941 1955/4018/1943 1957/4019/1945 1959/4020/1947 1961/4021/1949 1963/4022/1951
o Socket.091
v -0.605000 0.080000 0.064000
v -0.605000 0.088000 0.064000
v -0.601473 0.080000 0.065146
v -0.601473 0.088000 0.065146
v -0.599294 0.080000 0.068146
v -0.599294 0.088000 0.068146
v -0.599294 0.080000 0.071854
v -0.599294 0.088000 0.071854
v -0.601473 0.080000 0.074854
v -0.601473 0.088000 0.074854
v -0.605000 0.080000 0.076000
v -0.605000 0.088000 0.076000
v -0.608527 0.080000 0.074854
v -0.608527 0.088000 0.074854
v -0.610706 0.080000 0.071854
v -0.610706 0.088000 0.071854
v -0.610706 0.080000 0.068146
v -0.610706 0.088000 0.068146
v -0.608527 0.080000 0.065146
v -0.608527 0.088000 0.065146
vn -0.0000 -0.6437 -0.7653
vn -0.0000 0.6437 -0.7653
vn 0.4498 -0.6437 -0.6191
vn 0.4498 0.6437 -0.6191
vn 0.7278 -0.6437 -0.2365
vn 0.7278 0.6437 -0.2365
vn 0.7278 -0.6437 0.2365
vn 0.7278 0.6437 0.2365
vn 0.4498 -0.6437 0.6191
vn 0.4498 0.6437 0.6191
vn -0.0000 -0.6437 0.7653
vn -0.0000 0.6437 0.7653
vn -0.4498 -0.6437 0.6191
vn -0.4498 0.6437 0.6191
vn -0.7278 -0.6437 0.2365
vn -0.7278 0.6437 0.2365
vn -0.7278 -0.6437 -0.2365
vn -0.7278 0.6437 -0.2365
vn -0.4498 -0.6437 -0.6191
vn -0.4498 0.6437 -0.6191
vt 1.000000 0.500000
vt 1.000000 1.000000
vt 0.900000 1.000000
vt 0.900000 0.500000
vt 0.800000 1.000000
vt 0.800000 0.500000
vt 0.700000 1.000000
vt 0.700000 0.500000
vt 0.600000 1.000000
vt 0.600000 0.500000
vt 0.500000 1.000000
vt 0.500000 0.500000
vt 0.400000 1.000000
vt 0.400000 0.500000
vt 0.300000 1.000000
vt 0.300000 0.500000
vt 0.200000 1.000000
vt 0.200000 0.500000
vt 0.391068 0.444164
vt 0.250000 0.490000
vt 0.108932 0.444164
vt 0.021746 0.324164
vt 0.021746 0.175836
vt 0.108932 0.055836
vt 0.250000 0.010000
vt 0.391068 0.055836
vt 0.478254 0.175836
vt 0.478254 0.324164
vt 0.100000 1.000000
vt 0.100000 0.500000
vt -0.000000 1.000000
vt -0.000000 0.500000
vt 0.750000 0.490000
vt 0.891068 0.444164
vt 0.978254 0.324164
vt 0.978254 0.175836
vt 0.891068 0.055836
vt 0.750000 0.010000
vt 0.608932 0.055836
vt 0.521746 0.175836
vt 0.521746 0.324164
vt 0.608932 0.444164
s 1
usemtl M_Graphite
f 1965/4023/1953 1966/4024/1954 1968/4025/1956 1967/4026/1955
f 1967/4026/1955 1968/4025/1956 1970/4027/1958 1969/4028/1957
f 1969/4028/1957 1970/4027/1958 1972/4029/1960 1971/4030/1959
f 1971/4030/1959 1972/4029/1960 1974/4031/1962 1973/4032/1961
f 1973/4032/1961 1974/4031/1962 1976/4033/1964 1975/4034/1963
f 1975/4034/1963 1976/4033/1964 1978/4035/1966 1977/4036/1965
f 1977/4036/1965 1978/4035/1966 1980/4037/1968 1979/4038/1967
f 1979/4038/1967 1980/4037/1968 1982/4039/1970 1981/4040/1969
f 1968/4041/1956 1966/4042/1954 1984/4043/1972 1982/4044/1970 1980/4045/1968 1978/4046/1966 1976/4047/1964 1974/4048/1962 1972/4049/1960 1970/4050/1958
f 1981/4040/1969 1982/4039/1970 1984/4051/1972 1983/4052/1971
f 1983/4052/1971 1984/4051/1972 1966/4053/1954 1965/4054/1953
f 1965/4055/1953 1967/4056/1955 1969/4057/1957 1971/4058/1959 1973/4059/1961 1975/4060/1963 1977/4061/1965 1979/4062/1967 1981/4063/1969 1983/4064/1971
o Socket.092
v -0.560000 0.080000 0.064000
v -0.560000 0.088000 0.064000
v -0.556473 0.080000 0.065146
v -0.556473 0.088000 0.065146
v -0.554294 0.080000 0.068146
v -0.554294 0.088000 0.068146
v -0.554294 0.080000 0.071854
v -0.554294 0.088000 0.071854
v -0.556473 0.080000 0.074854
v -0.556473 0.088000 0.074854
v -0.560000 0.080000 0.076000
v -0.560000 0.088000 0.076000
v -0.563527 0.080000 0.074854
v -0.563527 0.088000 0.074854
v -0.565706 0.080000 0.071854
v -0.565706 0.088000 0.071854
v -0.565706 0.080000 0.068146
v -0.565706 0.088000 0.068146
v -0.563527 0.080000 0.065146
v -0.563527 0.088000 0.065146
vn -0.0000 -0.6437 -0.7653
vn -0.0000 0.6437 -0.7653
vn 0.4498 -0.6437 -0.6191
vn 0.4498 0.6437 -0.6191
vn 0.7278 -0.6437 -0.2365
vn 0.7278 0.6437 -0.2365
vn 0.7278 -0.6437 0.2365
vn 0.7278 0.6437 0.2365
vn 0.4498 -0.6437 0.6191
vn 0.4498 0.6437 0.6191
vn -0.0000 -0.6437 0.7653
vn -0.0000 0.6437 0.7653
vn -0.4498 -0.6437 0.6191
vn -0.4498 0.6437 0.6191
vn -0.7278 -0.6437 0.2365
vn -0.7278 0.6437 0.2365
vn -0.7278 -0.6437 -0.2365
vn -0.7278 0.6437 -0.2365
vn -0.4498 -0.6437 -0.6191
vn -0.4498 0.6437 -0.6191
vt 1.000000 0.500000
vt 1.000000 1.000000
vt 0.900000 1.000000
vt 0.900000 0.500000
vt 0.800000 1.000000
vt 0.800000 0.500000
vt 0.700000 1.000000
vt 0.700000 0.500000
vt 0.600000 1.000000
vt 0.600000 0.500000
vt 0.500000 1.000000
vt 0.500000 0.500000
vt 0.400000 1.000000
vt 0.400000 0.500000
vt 0.300000 1.000000
vt 0.300000 0.500000
vt 0.200000 1.000000
vt 0.200000 0.500000
vt 0.391068 0.444164
vt 0.250000 0.490000
vt 0.108932 0.444164
vt 0.021746 0.324164
vt 0.021746 0.175836
vt 0.108932 0.055836
vt 0.250000 0.010000
vt 0.391068 0.055836
vt 0.478254 0.175836
vt 0.478254 0.324164
vt 0.100000 1.000000
vt 0.100000 0.500000
vt -0.000000 1.000000
vt -0.000000 0.500000
vt 0.750000 0.490000
vt 0.891068 0.444164
vt 0.978254 0.324164
vt 0.978254 0.175836
vt 0.891068 0.055836
vt 0.750000 0.010000
vt 0.608932 0.055836
vt 0.521746 0.175836
vt 0.521746 0.324164
vt 0.608932 0.444164
s 1
usemtl M_Graphite
f 1985/4065/1973 1986/4066/1974 1988/4067/1976 1987/4068/1975
f 1987/4068/1975 1988/4067/1976 1990/4069/1978 1989/4070/1977
f 1989/4070/1977 1990/4069/1978 1992/4071/1980 1991/4072/1979
f 1991/4072/1979 1992/4071/1980 1994/4073/1982 1993/4074/1981
f 1993/4074/1981 1994/4073/1982 1996/4075/1984 1995/4076/1983
f 1995/4076/1983 1996/4075/1984 1998/4077/1986 1997/4078/1985
f 1997/4078/1985 1998/4077/1986 2000/4079/1988 1999/4080/1987
f 1999/4080/1987 2000/4079/1988 2002/4081/1990 2001/4082/1989
f 1988/4083/1976 1986/4084/1974 2004/4085/1992 2002/4086/1990 2000/4087/1988 1998/4088/1986 1996/4089/1984 1994/4090/1982 1992/4091/1980 1990/4092/1978
f 2001/4082/1989 2002/4081/1990 2004/4093/1992 2003/4094/1991
f 2003/4094/1991 2004/4093/1992 1986/4095/1974 1985/4096/1973
f 1985/4097/1973 1987/4098/1975 1989/4099/1977 1991/4100/1979 1993/4101/1981 1995/4102/1983 1997/4103/1985 1999/4104/1987 2001/4105/1989 2003/4106/1991
o Socket.093
v -0.515000 0.080000 0.064000
v -0.515000 0.088000 0.064000
v -0.511473 0.080000 0.065146
v -0.511473 0.088000 0.065146
v -0.509294 0.080000 0.068146
v -0.509294 0.088000 0.068146
v -0.509294 0.080000 0.071854
v -0.509294 0.088000 0.071854
v -0.511473 0.080000 0.074854
v -0.511473 0.088000 0.074854
v -0.515000 0.080000 0.076000
v -0.515000 0.088000 0.076000
v -0.518527 0.080000 0.074854
v -0.518527 0.088000 0.074854
v -0.520706 0.080000 0.071854
v -0.520706 0.088000 0.071854
v -0.520706 0.080000 0.068146
v -0.520706 0.088000 0.068146
v -0.518527 0.080000 0.065146
v -0.518527 0.088000 0.065146
vn -0.0000 -0.6437 -0.7653
vn -0.0000 0.6437 -0.7653
vn 0.4498 -0.6437 -0.6191
vn 0.4498 0.6437 -0.6191
vn 0.7278 -0.6437 -0.2365
vn 0.7278 0.6437 -0.2365
vn 0.7278 -0.6437 0.2365
vn 0.7278 0.6437 0.2365
vn 0.4498 -0.6437 0.6191
vn 0.4498 0.6437 0.6191
vn -0.0000 -0.6437 0.7653
vn -0.0000 0.6437 0.7653
vn -0.4498 -0.6437 0.6191
vn -0.4498 0.6437 0.6191
vn -0.7278 -0.6437 0.2365
vn -0.7278 0.6437 0.2365
vn -0.7278 -0.6437 -0.2365
vn -0.7278 0.6437 -0.2365
vn -0.4498 -0.6437 -0.6191
vn -0.4498 0.6437 -0.6191
vt 1.000000 0.500000
vt 1.000000 1.000000
vt 0.900000 1.000000
vt 0.900000 0.500000
vt 0.800000 1.000000
vt 0.800000 0.500000
vt 0.700000 1.000000
vt 0.700000 0.500000
vt 0.600000 1.000000
vt 0.600000 0.500000
vt 0.500000 1.000000
vt 0.500000 0.500000
vt 0.400000 1.000000
vt 0.400000 0.500000
vt 0.300000 1.000000
vt 0.300000 0.500000
vt 0.200000 1.000000
vt 0.200000 0.500000
vt 0.391068 0.444164
vt 0.250000 0.490000
vt 0.108932 0.444164
vt 0.021746 0.324164
vt 0.021746 0.175836
vt 0.108932 0.055836
vt 0.250000 0.010000
vt 0.391068 0.055836
vt 0.478254 0.175836
vt 0.478254 0.324164
vt 0.100000 1.000000
vt 0.100000 0.500000
vt -0.000000 1.000000
vt -0.000000 0.500000
vt 0.750000 0.490000
vt 0.891068 0.444164
vt 0.978254 0.324164
vt 0.978254 0.175836
vt 0.891068 0.055836
vt 0.750000 0.010000
vt 0.608932 0.055836
vt 0.521746 0.175836
vt 0.521746 0.324164
vt 0.608932 0.444164
s 1
usemtl M_Graphite
f 2005/4107/1993 2006/4108/1994 2008/4109/1996 2007/4110/1995
f 2007/4110/1995 2008/4109/1996 2010/4111/1998 2009/4112/1997
f 2009/4112/1997 2010/4111/1998 2012/4113/2000 2011/4114/1999
f 2011/4114/1999 2012/4113/2000 2014/4115/2002 2013/4116/2001
f 2013/4116/2001 2014/4115/2002 2016/4117/2004 2015/4118/2003
f 2015/4118/2003 2016/4117/2004 2018/4119/2006 2017/4120/2005
f 2017/4120/2005 2018/4119/2006 2020/4121/2008 2019/4122/2007
f 2019/4122/2007 2020/4121/2008 2022/4123/2010 2021/4124/2009
f 2008/4125/1996 2006/4126/1994 2024/4127/2012 2022/4128/2010 2020/4129/2008 2018/4130/2006 2016/4131/2004 2014/4132/2002 2012/4133/2000 2010/4134/1998
f 2021/4124/2009 2022/4123/2010 2024/4135/2012 2023/4136/2011
f 2023/4136/2011 2024/4135/2012 2006/4137/1994 2005/4138/1993
f 2005/4139/1993 2007/4140/1995 2009/4141/1997 2011/4142/1999 2013/4143/2001 2015/4144/2003 2017/4145/2005 2019/4146/2007 2021/4147/2009 2023/4148/2011
o Socket.094
v -0.470000 0.080000 0.064000
v -0.470000 0.088000 0.064000
v -0.466473 0.080000 0.065146
v -0.466473 0.088000 0.065146
v -0.464294 0.080000 0.068146
v -0.464294 0.088000 0.068146
v -0.464294 0.080000 0.071854
v -0.464294 0.088000 0.071854
v -0.466473 0.080000 0.074854
v -0.466473 0.088000 0.074854
v -0.470000 0.080000 0.076000
v -0.470000 0.088000 0.076000
v -0.473527 0.080000 0.074854
v -0.473527 0.088000 0.074854
v -0.475706 0.080000 0.071854
v -0.475706 0.088000 0.071854
v -0.475706 0.080000 0.068146
v -0.475706 0.088000 0.068146
v -0.473527 0.080000 0.065146
v -0.473527 0.088000 0.065146
vn -0.0000 -0.6437 -0.7653
vn -0.0000 0.6437 -0.7653
vn 0.4498 -0.6437 -0.6191
vn 0.4498 0.6437 -0.6191
vn 0.7278 -0.6437 -0.2365
vn 0.7278 0.6437 -0.2365
vn 0.7278 -0.6437 0.2365
vn 0.7278 0.6437 0.2365
vn 0.4498 -0.6437 0.6191
vn 0.4498 0.6437 0.6191
vn -0.0000 -0.6437 0.7653
vn -0.0000 0.6437 0.7653
vn -0.4498 -0.6437 0.6191
vn -0.4498 0.6437 0.6191
vn -0.7278 -0.6437 0.2365
vn -0.7278 0.6437 0.2365
vn -0.7278 -0.6437 -0.2365
vn -0.7278 0.6437 -0.2365
vn -0.4498 -0.6437 -0.6191
vn -0.4498 0.6437 -0.6191
vt 1.000000 0.500000
vt 1.000000 1.000000
vt 0.900000 1.000000
vt 0.900000 0.500000
vt 0.800000 1.000000
vt 0.800000 0.500000
vt 0.700000 1.000000
vt 0.700000 0.500000
vt 0.600000 1.000000
vt 0.600000 0.500000
vt 0.500000 1.000000
vt 0.500000 0.500000
vt 0.400000 1.000000
vt 0.400000 0.500000
vt 0.300000 1.000000
vt 0.300000 0.500000
vt 0.200000 1.000000
vt 0.200000 0.500000
vt 0.391068 0.444164
vt 0.250000 0.490000
vt 0.108932 0.444164
vt 0.021746 0.324164
vt 0.021746 0.175836
vt 0.108932 0.055836
vt 0.250000 0.010000
vt 0.391068 0.055836
vt 0.478254 0.175836
vt 0.478254 0.324164
vt 0.100000 1.000000
vt 0.100000 0.500000
vt -0.000000 1.000000
vt -0.000000 0.500000
vt 0.750000 0.490000
vt 0.891068 0.444164
vt 0.978254 0.324164
vt 0.978254 0.175836
vt 0.891068 0.055836
vt 0.750000 0.010000
vt 0.608932 0.055836
vt 0.521746 0.175836
vt 0.521746 0.324164
vt 0.608932 0.444164
s 1
usemtl M_Graphite
f 2025/4149/2013 2026/4150/2014 2028/4151/2016 2027/4152/2015
f 2027/4152/2015 2028/4151/2016 2030/4153/2018 2029/4154/2017
f 2029/4154/2017 2030/4153/2018 2032/4155/2020 2031/4156/2019
f 2031/4156/2019 2032/4155/2020 2034/4157/2022 2033/4158/2021
f 2033/4158/2021 2034/4157/2022 2036/4159/2024 2035/4160/2023
f 2035/4160/2023 2036/4159/2024 2038/4161/2026 2037/4162/2025
f 2037/4162/2025 2038/4161/2026 2040/4163/2028 2039/4164/2027
f 2039/4164/2027 2040/4163/2028 2042/4165/2030 2041/4166/2029
f 2028/4167/2016 2026/4168/2014 2044/4169/2032 2042/4170/2030 2040/4171/2028 2038/4172/2026 2036/4173/2024 2034/4174/2022 2032/4175/2020 2030/4176/2018
f 2041/4166/2029 2042/4165/2030 2044/4177/2032 2043/4178/2031
f 2043/4178/2031 2044/4177/2032 2026/4179/2014 2025/4180/2013
f 2025/4181/2013 2027/4182/2015 2029/4183/2017 2031/4184/2019 2033/4185/2021 2035/4186/2023 2037/4187/2025 2039/4188/2027 2041/4189/2029 2043/4190/2031
o Socket.095
v -0.425000 0.080000 0.064000
v -0.425000 0.088000 0.064000
v -0.421473 0.080000 0.065146
v -0.421473 0.088000 0.065146
v -0.419294 0.080000 0.068146
v -0.419294 0.088000 0.068146
v -0.419294 0.080000 0.071854
v -0.419294 0.088000 0.071854
v -0.421473 0.080000 0.074854
v -0.421473 0.088000 0.074854
v -0.425000 0.080000 0.076000
v -0.425000 0.088000 0.076000
v -0.428527 0.080000 0.074854
v -0.428527 0.088000 0.074854
v -0.430706 0.080000 0.071854
v -0.430706 0.088000 0.071854
v -0.430706 0.080000 0.068146
v -0.430706 0.088000 0.068146
v -0.428527 0.080000 0.065146
v -0.428527 0.088000 0.065146
vn -0.0000 -0.6437 -0.7653
vn -0.0000 0.6437 -0.7653
vn 0.4498 -0.6437 -0.6191
vn 0.4498 0.6437 -0.6191
vn 0.7278 -0.6437 -0.2365
vn 0.7278 0.6437 -0.2365
vn 0.7278 -0.6437 0.2365
vn 0.7278 0.6437 0.2365
vn 0.4498 -0.6437 0.6191
vn 0.4498 0.6437 0.6191
vn -0.0000 -0.6437 0.7653
vn -0.0000 0.6437 0.7653
vn -0.4498 -0.6437 0.6191
vn -0.4498 0.6437 0.6191
vn -0.7278 -0.6437 0.2365
vn -0.7278 0.6437 0.2365
vn -0.7278 -0.6437 -0.2365
vn -0.7278 0.6437 -0.2365
vn -0.4498 -0.6437 -0.6191
vn -0.4498 0.6437 -0.6191
vt 1.000000 0.500000
vt 1.000000 1.000000
vt 0.900000 1.000000
vt 0.900000 0.500000
vt 0.800000 1.000000
vt 0.800000 0.500000
vt 0.700000 1.000000
vt 0.700000 0.500000
vt 0.600000 1.000000
vt 0.600000 0.500000
vt 0.500000 1.000000
vt 0.500000 0.500000
vt 0.400000 1.000000
vt 0.400000 0.500000
vt 0.300000 1.000000
vt 0.300000 0.500000
vt 0.200000 1.000000
vt 0.200000 0.500000
vt 0.391068 0.444164
vt 0.250000 0.490000
vt 0.108932 0.444164
vt 0.021746 0.324164
vt 0.021746 0.175836
vt 0.108932 0.055836
vt 0.250000 0.010000
vt 0.391068 0.055836
vt 0.478254 0.175836
vt 0.478254 0.324164
vt 0.100000 1.000000
vt 0.100000 0.500000
vt -0.000000 1.000000
vt -0.000000 0.500000
vt 0.750000 0.490000
vt 0.891068 0.444164
vt 0.978254 0.324164
vt 0.978254 0.175836
vt 0.891068 0.055836
vt 0.750000 0.010000
vt 0.608932 0.055836
vt 0.521746 0.175836
vt 0.521746 0.324164
vt 0.608932 0.444164
s 1
usemtl M_Graphite
f 2045/4191/2033 2046/4192/2034 2048/4193/2036 2047/4194/2035
f 2047/4194/2035 2048/4193/2036 2050/4195/2038 2049/4196/2037
f 2049/4196/2037 2050/4195/2038 2052/4197/2040 2051/4198/2039
f 2051/4198/2039 2052/4197/2040 2054/4199/2042 2053/4200/2041
f 2053/4200/2041 2054/4199/2042 2056/4201/2044 2055/4202/2043
f 2055/4202/2043 2056/4201/2044 2058/4203/2046 2057/4204/2045
f 2057/4204/2045 2058/4203/2046 2060/4205/2048 2059/4206/2047
f 2059/4206/2047 2060/4205/2048 2062/4207/2050 2061/4208/2049
f 2048/4209/2036 2046/4210/2034 2064/4211/2052 2062/4212/2050 2060/4213/2048 2058/4214/2046 2056/4215/2044 2054/4216/2042 2052/4217/2040 2050/4218/2038
f 2061/4208/2049 2062/4207/2050 2064/4219/2052 2063/4220/2051
f 2063/4220/2051 2064/4219/2052 2046/4221/2034 2045/4222/2033
f 2045/4223/2033 2047/4224/2035 2049/4225/2037 2051/4226/2039 2053/4227/2041 2055/4228/2043 2057/4229/2045 2059/4230/2047 2061/4231/2049 2063/4232/2051
o Socket.096
v -0.380000 0.080000 0.064000
v -0.380000 0.088000 0.064000
v -0.376473 0.080000 0.065146
v -0.376473 0.088000 0.065146
v -0.374294 0.080000 0.068146
v -0.374294 0.088000 0.068146
v -0.374294 0.080000 0.071854
v -0.374294 0.088000 0.071854
v -0.376473 0.080000 0.074854
v -0.376473 0.088000 0.074854
v -0.380000 0.080000 0.076000
v -0.380000 0.088000 0.076000
v -0.383527 0.080000 0.074854
v -0.383527 0.088000 0.074854
v -0.385706 0.080000 0.071854
v -0.385706 0.088000 0.071854
v -0.385706 0.080000 0.068146
v -0.385706 0.088000 0.068146
v -0.383527 0.080000 0.065146
v -0.383527 0.088000 0.065146
vn -0.0000 -0.6437 -0.7653
vn -0.0000 0.6437 -0.7653
vn 0.4498 -0.6437 -0.6191
vn 0.4498 0.6437 -0.6191
vn 0.7278 -0.6437 -0.2365
vn 0.7278 0.6437 -0.2365
vn 0.7278 -0.6437 0.2365
vn 0.7278 0.6437 0.2365
vn 0.4498 -0.6437 0.6191
vn 0.4498 0.6437 0.6191
vn -0.0000 -0.6437 0.7653
vn -0.0000 0.6437 0.7653
vn -0.4498 -0.6437 0.6191
vn -0.4498 0.6437 0.6191
vn -0.7278 -0.6437 0.2365
vn -0.7278 0.6437 0.2365
vn -0.7278 -0.6437 -0.2365
vn -0.7278 0.6437 -0.2365
vn -0.4498 -0.6437 -0.6191
vn -0.4498 0.6437 -0.6191
vt 1.000000 0.500000
vt 1.000000 1.000000
vt 0.900000 1.000000
vt 0.900000 0.500000
vt 0.800000 1.000000
vt 0.800000 0.500000
vt 0.700000 1.000000
vt 0.700000 0.500000
vt 0.600000 1.000000
vt 0.600000 0.500000
vt 0.500000 1.000000
vt 0.500000 0.500000
vt 0.400000 1.000000
vt 0.400000 0.500000
vt 0.300000 1.000000
vt 0.300000 0.500000
vt 0.200000 1.000000
vt 0.200000 0.500000
vt 0.391068 0.444164
vt 0.250000 0.490000
vt 0.108932 0.444164
vt 0.021746 0.324164
vt 0.021746 0.175836
vt 0.108932 0.055836
vt 0.250000 0.010000
vt 0.391068 0.055836
vt 0.478254 0.175836
vt 0.478254 0.324164
vt 0.100000 1.000000
vt 0.100000 0.500000
vt -0.000000 1.000000
vt -0.000000 0.500000
vt 0.750000 0.490000
vt 0.891068 0.444164
vt 0.978254 0.324164
vt 0.978254 0.175836
vt 0.891068 0.055836
vt 0.750000 0.010000
vt 0.608932 0.055836
vt 0.521746 0.175836
vt 0.521746 0.324164
vt 0.608932 0.444164
s 1
usemtl M_Graphite
f 2065/4233/2053 2066/4234/2054 2068/4235/2056 2067/4236/2055
f 2067/4236/2055 2068/4235/2056 2070/4237/2058 2069/4238/2057
f 2069/4238/2057 2070/4237/2058 2072/4239/2060 2071/4240/2059
f 2071/4240/2059 2072/4239/2060 2074/4241/2062 2073/4242/2061
f 2073/4242/2061 2074/4241/2062 2076/4243/2064 2075/4244/2063
f 2075/4244/2063 2076/4243/2064 2078/4245/2066 2077/4246/2065
f 2077/4246/2065 2078/4245/2066 2080/4247/2068 2079/4248/2067
f 2079/4248/2067 2080/4247/2068 2082/4249/2070 2081/4250/2069
f 2068/4251/2056 2066/4252/2054 2084/4253/2072 2082/4254/2070 2080/4255/2068 2078/4256/2066 2076/4257/2064 2074/4258/2062 2072/4259/2060 2070/4260/2058
f 2081/4250/2069 2082/4249/2070 2084/4261/2072 2083/4262/2071
f 2083/4262/2071 2084/4261/2072 2066/4263/2054 2065/4264/2053
f 2065/4265/2053 2067/4266/2055 2069/4267/2057 2071/4268/2059 2073/4269/2061 2075/4270/2063 2077/4271/2065 2079/4272/2067 2081/4273/2069 2083/4274/2071
o Socket.097
v -0.335000 0.080000 0.064000
v -0.335000 0.088000 0.064000
v -0.331473 0.080000 0.065146
v -0.331473 0.088000 0.065146
v -0.329294 0.080000 0.068146
v -0.329294 0.088000 0.068146
v -0.329294 0.080000 0.071854
v -0.329294 0.088000 0.071854
v -0.331473 0.080000 0.074854
v -0.331473 0.088000 0.074854
v -0.335000 0.080000 0.076000
v -0.335000 0.088000 0.076000
v -0.338527 0.080000 0.074854
v -0.338527 0.088000 0.074854
v -0.340706 0.080000 0.071854
v -0.340706 0.088000 0.071854
v -0.340706 0.080000 0.068146
v -0.340706 0.088000 0.068146
v -0.338527 0.080000 0.065146
v -0.338527 0.088000 0.065146
vn -0.0000 -0.6437 -0.7653
vn -0.0000 0.6437 -0.7653
vn 0.4498 -0.6437 -0.6191
vn 0.4498 0.6437 -0.6191
vn 0.7278 -0.6437 -0.2365
vn 0.7278 0.6437 -0.2365
vn 0.7278 -0.6437 0.2365
vn 0.7278 0.6437 0.2365
vn 0.4498 -0.6437 0.6191
vn 0.4498 0.6437 0.6191
vn -0.0000 -0.6437 0.7653
vn -0.0000 0.6437 0.7653
vn -0.4498 -0.6437 0.6191
vn -0.4498 0.6437 0.6191
vn -0.7278 -0.6437 0.2365
vn -0.7278 0.6437 0.2365
vn -0.7278 -0.6437 -0.2365
vn -0.7278 0.6437 -0.2365
vn -0.4498 -0.6437 -0.6191
vn -0.4498 0.6437 -0.6191
vt 1.000000 0.500000
vt 1.000000 1.000000
vt 0.900000 1.000000
vt 0.900000 0.500000
vt 0.800000 1.000000
vt 0.800000 0.500000
vt 0.700000 1.000000
vt 0.700000 0.500000
vt 0.600000 1.000000
vt 0.600000 0.500000
vt 0.500000 1.000000
vt 0.500000 0.500000
vt 0.400000 1.000000
vt 0.400000 0.500000
vt 0.300000 1.000000
vt 0.300000 0.500000
vt 0.200000 1.000000
vt 0.200000 0.500000
vt 0.391068 0.444164
vt 0.250000 0.490000
vt 0.108932 0.444164
vt 0.021746 0.324164
vt 0.021746 0.175836
vt 0.108932 0.055836
vt 0.250000 0.010000
vt 0.391068 0.055836
vt 0.478254 0.175836
vt 0.478254 0.324164
vt 0.100000 1.000000
vt 0.100000 0.500000
vt -0.000000 1.000000
vt -0.000000 0.500000
vt 0.750000 0.490000
vt 0.891068 0.444164
vt 0.978254 0.324164
vt 0.978254 0.175836
vt 0.891068 0.055836
vt 0.750000 0.010000
vt 0.608932 0.055836
vt 0.521746 0.175836
vt 0.521746 0.324164
vt 0.608932 0.444164
s 1
usemtl M_Graphite
f 2085/4275/2073 2086/4276/2074 2088/4277/2076 2087/4278/2075
f 2087/4278/2075 2088/4277/2076 2090/4279/2078 2089/4280/2077
f 2089/4280/2077 2090/4279/2078 2092/4281/2080 2091/4282/2079
f 2091/4282/2079 2092/4281/2080 2094/4283/2082 2093/4284/2081
f 2093/4284/2081 2094/4283/2082 2096/4285/2084 2095/4286/2083
f 2095/4286/2083 2096/4285/2084 2098/4287/2086 2097/4288/2085
f 2097/4288/2085 2098/4287/2086 2100/4289/2088 2099/4290/2087
f 2099/4290/2087 2100/4289/2088 2102/4291/2090 2101/4292/2089
f 2088/4293/2076 2086/4294/2074 2104/4295/2092 2102/4296/2090 2100/4297/2088 2098/4298/2086 2096/4299/2084 2094/4300/2082 2092/4301/2080 2090/4302/2078
f 2101/4292/2089 2102/4291/2090 2104/4303/2092 2103/4304/2091
f 2103/4304/2091 2104/4303/2092 2086/4305/2074 2085/4306/2073
f 2085/4307/2073 2087/4308/2075 2089/4309/2077 2091/4310/2079 2093/4311/2081 2095/4312/2083 2097/4313/2085 2099/4314/2087 2101/4315/2089 2103/4316/2091
o Socket.098
v -0.290000 0.080000 0.064000
v -0.290000 0.088000 0.064000
v -0.286473 0.080000 0.065146
v -0.286473 0.088000 0.065146
v -0.284294 0.080000 0.068146
v -0.284294 0.088000 0.068146
v -0.284294 0.080000 0.071854
v -0.284294 0.088000 0.071854
v -0.286473 0.080000 0.074854
v -0.286473 0.088000 0.074854
v -0.290000 0.080000 0.076000
v -0.290000 0.088000 0.076000
v -0.293527 0.080000 0.074854
v -0.293527 0.088000 0.074854
v -0.295706 0.080000 0.071854
v -0.295706 0.088000 0.071854
v -0.295706 0.080000 0.068146
v -0.295706 0.088000 0.068146
v -0.293527 0.080000 0.065146
v -0.293527 0.088000 0.065146
vn -0.0000 -0.6437 -0.7653
vn -0.0000 0.6437 -0.7653
vn 0.4498 -0.6437 -0.6191
vn 0.4498 0.6437 -0.6191
vn 0.7278 -0.6437 -0.2365
vn 0.7278 0.6437 -0.2365
vn 0.7278 -0.6437 0.2365
vn 0.7278 0.6437 0.2365
vn 0.4498 -0.6437 0.6191
vn 0.4498 0.6437 0.6191
vn -0.0000 -0.6437 0.7653
vn -0.0000 0.6437 0.7653
vn -0.4498 -0.6437 0.6191
vn -0.4498 0.6437 0.6191
vn -0.7278 -0.6437 0.2365
vn -0.7278 0.6437 0.2365
vn -0.7278 -0.6437 -0.2365
vn -0.7278 0.6437 -0.2365
vn -0.4498 -0.6437 -0.6191
vn -0.4498 0.6437 -0.6191
vt 1.000000 0.500000
vt 1.000000 1.000000
vt 0.900000 1.000000
vt 0.900000 0.500000
vt 0.800000 1.000000
vt 0.800000 0.500000
vt 0.700000 1.000000
vt 0.700000 0.500000
vt 0.600000 1.000000
vt 0.600000 0.500000
vt 0.500000 1.000000
vt 0.500000 0.500000
vt 0.400000 1.000000
vt 0.400000 0.500000
vt 0.300000 1.000000
vt 0.300000 0.500000
vt 0.200000 1.000000
vt 0.200000 0.500000
vt 0.391068 0.444164
vt 0.250000 0.490000
vt 0.108932 0.444164
vt 0.021746 0.324164
vt 0.021746 0.175836
vt 0.108932 0.055836
vt 0.250000 0.010000
vt 0.391068 0.055836
vt 0.478254 0.175836
vt 0.478254 0.324164
vt 0.100000 1.000000
vt 0.100000 0.500000
vt -0.000000 1.000000
vt -0.000000 0.500000
vt 0.750000 0.490000
vt 0.891068 0.444164
vt 0.978254 0.324164
vt 0.978254 0.175836
vt 0.891068 0.055836
vt 0.750000 0.010000
vt 0.608932 0.055836
vt 0.521746 0.175836
vt 0.521746 0.324164
vt 0.608932 0.444164
s 1
usemtl M_Graphite
f 2105/4317/2093 2106/4318/2094 2108/4319/2096 2107/4320/2095
f 2107/4320/2095 2108/4319/2096 2110/4321/2098 2109/4322/2097
f 2109/4322/2097 2110/4321/2098 2112/4323/2100 2111/4324/2099
f 2111/4324/2099 2112/4323/2100 2114/4325/2102 2113/4326/2101
f 2113/4326/2101 2114/4325/2102 2116/4327/2104 2115/4328/2103
f 2115/4328/2103 2116/4327/2104 2118/4329/2106 2117/4330/2105
f 2117/4330/2105 2118/4329/2106 2120/4331/2108 2119/4332/2107
f 2119/4332/2107 2120/4331/2108 2122/4333/2110 2121/4334/2109
f 2108/4335/2096 2106/4336/2094 2124/4337/2112 2122/4338/2110 2120/4339/2108 2118/4340/2106 2116/4341/2104 2114/4342/2102 2112/4343/2100 2110/4344/2098
f 2121/4334/2109 2122/4333/2110 2124/4345/2112 2123/4346/2111
f 2123/4346/2111 2124/4345/2112 2106/4347/2094 2105/4348/2093
f 2105/4349/2093 2107/4350/2095 2109/4351/2097 2111/4352/2099 2113/4353/2101 2115/4354/2103 2117/4355/2105 2119/4356/2107 2121/4357/2109 2123/4358/2111
o Socket.099
v -0.245000 0.080000 0.064000
v -0.245000 0.088000 0.064000
v -0.241473 0.080000 0.065146
v -0.241473 0.088000 0.065146
v -0.239294 0.080000 0.068146
v -0.239294 0.088000 0.068146
v -0.239294 0.080000 0.071854
v -0.239294 0.088000 0.071854
v -0.241473 0.080000 0.074854
v -0.241473 0.088000 0.074854
v -0.245000 0.080000 0.076000
v -0.245000 0.088000 0.076000
v -0.248527 0.080000 0.074854
v -0.248527 0.088000 0.074854
v -0.250706 0.080000 0.071854
v -0.250706 0.088000 0.071854
v -0.250706 0.080000 0.068146
v -0.250706 0.088000 0.068146
v -0.248527 0.080000 0.065146
v -0.248527 0.088000 0.065146
vn -0.0000 -0.6437 -0.7653
vn -0.0000 0.6437 -0.7653
vn 0.4498 -0.6437 -0.6191
vn 0.4498 0.6437 -0.6191
vn 0.7278 -0.6437 -0.2365
vn 0.7278 0.6437 -0.2365
vn 0.7278 -0.6437 0.2365
vn 0.7278 0.6437 0.2365
vn 0.4498 -0.6437 0.6191
vn 0.4498 0.6437 0.6191
vn -0.0000 -0.6437 0.7653
vn -0.0000 0.6437 0.7653
vn -0.4498 -0.6437 0.6191
vn -0.4498 0.6437 0.6191
vn -0.7278 -0.6437 0.2365
vn -0.7278 0.6437 0.2365
vn -0.7278 -0.6437 -0.2365
vn -0.7278 0.6437 -0.2365
vn -0.4498 -0.6437 -0.6191
vn -0.4498 0.6437 -0.6191
vt 1.000000 0.500000
vt 1.000000 1.000000
vt 0.900000 1.000000
vt 0.900000 0.500000
vt 0.800000 1.000000
vt 0.800000 0.500000
vt 0.700000 1.000000
vt 0.700000 0.500000
vt 0.600000 1.000000
vt 0.600000 0.500000
vt 0.500000 1.000000
vt 0.500000 0.500000
vt 0.400000 1.000000
vt 0.400000 0.500000
vt 0.300000 1.000000
vt 0.300000 0.500000
vt 0.200000 1.000000
vt 0.200000 0.500000
vt 0.391068 0.444164
vt 0.250000 0.490000
vt 0.108932 0.444164
vt 0.021746 0.324164
vt 0.021746 0.175836
vt 0.108932 0.055836
vt 0.250000 0.010000
vt 0.391068 0.055836
vt 0.478254 0.175836
vt 0.478254 0.324164
vt 0.100000 1.000000
vt 0.100000 0.500000
vt -0.000000 1.000000
vt -0.000000 0.500000
vt 0.750000 0.490000
vt 0.891068 0.444164
vt 0.978254 0.324164
vt 0.978254 0.175836
vt 0.891068 0.055836
vt 0.750000 0.010000
vt 0.608932 0.055836
vt 0.521746 0.175836
vt 0.521746 0.324164
vt 0.608932 0.444164
s 1
usemtl M_Graphite
f 2125/4359/2113 2126/4360/2114 2128/4361/2116 2127/4362/2115
f 2127/4362/2115 2128/4361/2116 2130/4363/2118 2129/4364/2117
f 2129/4364/2117 2130/4363/2118 2132/4365/2120 2131/4366/2119
f 2131/4366/2119 2132/4365/2120 2134/4367/2122 2133/4368/2121
f 2133/4368/2121 2134/4367/2122 2136/4369/2124 2135/4370/2123
f 2135/4370/2123 2136/4369/2124 2138/4371/2126 2137/4372/2125
f 2137/4372/2125 2138/4371/2126 2140/4373/2128 2139/4374/2127
f 2139/4374/2127 2140/4373/2128 2142/4375/2130 2141/4376/2129
f 2128/4377/2116 2126/4378/2114 2144/4379/2132 2142/4380/2130 2140/4381/2128 2138/4382/2126 2136/4383/2124 2134/4384/2122 2132/4385/2120 2130/4386/2118
f 2141/4376/2129 2142/4375/2130 2144/4387/2132 2143/4388/2131
f 2143/4388/2131 2144/4387/2132 2126/4389/2114 2125/4390/2113
f 2125/4391/2113 2127/4392/2115 2129/4393/2117 2131/4394/2119 2133/4395/2121 2135/4396/2123 2137/4397/2125 2139/4398/2127 2141/4399/2129 2143/4400/2131
o Socket.100
v -0.200000 0.080000 0.064000
v -0.200000 0.088000 0.064000
v -0.196473 0.080000 0.065146
v -0.196473 0.088000 0.065146
v -0.194294 0.080000 0.068146
v -0.194294 0.088000 0.068146
v -0.194294 0.080000 0.071854
v -0.194294 0.088000 0.071854
v -0.196473 0.080000 0.074854
v -0.196473 0.088000 0.074854
v -0.200000 0.080000 0.076000
v -0.200000 0.088000 0.076000
v -0.203527 0.080000 0.074854
v -0.203527 0.088000 0.074854
v -0.205706 0.080000 0.071854
v -0.205706 0.088000 0.071854
v -0.205706 0.080000 0.068146
v -0.205706 0.088000 0.068146
v -0.203527 0.080000 0.065146
v -0.203527 0.088000 0.065146
vn -0.0000 -0.6437 -0.7653
vn -0.0000 0.6437 -0.7653
vn 0.4498 -0.6437 -0.6191
vn 0.4498 0.6437 -0.6191
vn 0.7278 -0.6437 -0.2365
vn 0.7278 0.6437 -0.2365
vn 0.7278 -0.6437 0.2365
vn 0.7278 0.6437 0.2365
vn 0.4498 -0.6437 0.6191
vn 0.4498 0.6437 0.6191
vn -0.0000 -0.6437 0.7653
vn -0.0000 0.6437 0.7653
vn -0.4498 -0.6437 0.6191
vn -0.4498 0.6437 0.6191
vn -0.7278 -0.6437 0.2365
vn -0.7278 0.6437 0.2365
vn -0.7278 -0.6437 -0.2365
vn -0.7278 0.6437 -0.2365
vn -0.4498 -0.6437 -0.6191
vn -0.4498 0.6437 -0.6191
vt 1.000000 0.500000
vt 1.000000 1.000000
vt 0.900000 1.000000
vt 0.900000 0.500000
vt 0.800000 1.000000
vt 0.800000 0.500000
vt 0.700000 1.000000
vt 0.700000 0.500000
vt 0.600000 1.000000
vt 0.600000 0.500000
vt 0.500000 1.000000
vt 0.500000 0.500000
vt 0.400000 1.000000
vt 0.400000 0.500000
vt 0.300000 1.000000
vt 0.300000 0.500000
vt 0.200000 1.000000
vt 0.200000 0.500000
vt 0.391068 0.444164
vt 0.250000 0.490000
vt 0.108932 0.444164
vt 0.021746 0.324164
vt 0.021746 0.175836
vt 0.108932 0.055836
vt 0.250000 0.010000
vt 0.391068 0.055836
vt 0.478254 0.175836
vt 0.478254 0.324164
vt 0.100000 1.000000
vt 0.100000 0.500000
vt -0.000000 1.000000
vt -0.000000 0.500000
vt 0.750000 0.490000
vt 0.891068 0.444164
vt 0.978254 0.324164
vt 0.978254 0.175836
vt 0.891068 0.055836
vt 0.750000 0.010000
vt 0.608932 0.055836
vt 0.521746 0.175836
vt 0.521746 0.324164
vt 0.608932 0.444164
s 1
usemtl M_Graphite
f 2145/4401/2133 2146/4402/2134 2148/4403/2136 2147/4404/2135
f 2147/4404/2135 2148/4403/2136 2150/4405/2138 2149/4406/2137
f 2149/4406/2137 2150/4405/2138 2152/4407/2140 2151/4408/2139
f 2151/4408/2139 2152/4407/2140 2154/4409/2142 2153/4410/2141
f 2153/4410/2141 2154/4409/2142 2156/4411/2144 2155/4412/2143
f 2155/4412/2143 2156/4411/2144 2158/4413/2146 2157/4414/2145
f 2157/4414/2145 2158/4413/2146 2160/4415/2148 2159/4416/2147
f 2159/4416/2147 2160/4415/2148 2162/4417/2150 2161/4418/2149
f 2148/4419/2136 2146/4420/2134 2164/4421/2152 2162/4422/2150 2160/4423/2148 2158/4424/2146 2156/4425/2144 2154/4426/2142 2152/4427/2140 2150/4428/2138
f 2161/4418/2149 2162/4417/2150 2164/4429/2152 2163/4430/2151
f 2163/4430/2151 2164/4429/2152 2146/4431/2134 2145/4432/2133
f 2145/4433/2133 2147/4434/2135 2149/4435/2137 2151/4436/2139 2153/4437/2141 2155/4438/2143 2157/4439/2145 2159/4440/2147 2161/4441/2149 2163/4442/2151
o Socket.101
v -0.155000 0.080000 0.064000
v -0.155000 0.088000 0.064000
v -0.151473 0.080000 0.065146
v -0.151473 0.088000 0.065146
v -0.149294 0.080000 0.068146
v -0.149294 0.088000 0.068146
v -0.149294 0.080000 0.071854
v -0.149294 0.088000 0.071854
v -0.151473 0.080000 0.074854
v -0.151473 0.088000 0.074854
v -0.155000 0.080000 0.076000
v -0.155000 0.088000 0.076000
v -0.158527 0.080000 0.074854
v -0.158527 0.088000 0.074854
v -0.160706 0.080000 0.071854
v -0.160706 0.088000 0.071854
v -0.160706 0.080000 0.068146
v -0.160706 0.088000 0.068146
v -0.158527 0.080000 0.065146
v -0.158527 0.088000 0.065146
vn -0.0000 -0.6437 -0.7653
vn -0.0000 0.6437 -0.7653
vn 0.4498 -0.6437 -0.6191
vn 0.4498 0.6437 -0.6191
vn 0.7278 -0.6437 -0.2365
vn 0.7278 0.6437 -0.2365
vn 0.7278 -0.6437 0.2365
vn 0.7278 0.6437 0.2365
vn 0.4498 -0.6437 0.6191
vn 0.4498 0.6437 0.6191
vn -0.0000 -0.6437 0.7653
vn -0.0000 0.6437 0.7653
vn -0.4498 -0.6437 0.6191
vn -0.4498 0.6437 0.6191
vn -0.7278 -0.6437 0.2365
vn -0.7278 0.6437 0.2365
vn -0.7278 -0.6437 -0.2365
vn -0.7278 0.6437 -0.2365
vn -0.4498 -0.6437 -0.6191
vn -0.4498 0.6437 -0.6191
vt 1.000000 0.500000
vt 1.000000 1.000000
vt 0.900000 1.000000
vt 0.900000 0.500000
vt 0.800000 1.000000
vt 0.800000 0.500000
vt 0.700000 1.000000
vt 0.700000 0.500000
vt 0.600000 1.000000
vt 0.600000 0.500000
vt 0.500000 1.000000
vt 0.500000 0.500000
vt 0.400000 1.000000
vt 0.400000 0.500000
vt 0.300000 1.000000
vt 0.300000 0.500000
vt 0.200000 1.000000
vt 0.200000 0.500000
vt 0.391068 0.444164
vt 0.250000 0.490000
vt 0.108932 0.444164
vt 0.021746 0.324164
vt 0.021746 0.175836
vt 0.108932 0.055836
vt 0.250000 0.010000
vt 0.391068 0.055836
vt 0.478254 0.175836
vt 0.478254 0.324164
vt 0.100000 1.000000
vt 0.100000 0.500000
vt -0.000000 1.000000
vt -0.000000 0.500000
vt 0.750000 0.490000
vt 0.891068 0.444164
vt 0.978254 0.324164
vt 0.978254 0.175836
vt 0.891068 0.055836
vt 0.750000 0.010000
vt 0.608932 0.055836
vt 0.521746 0.175836
vt 0.521746 0.324164
vt 0.608932 0.444164
s 1
usemtl M_Graphite
f 2165/4443/2153 2166/4444/2154 2168/4445/2156 2167/4446/2155
f 2167/4446/2155 2168/4445/2156 2170/4447/2158 2169/4448/2157
f 2169/4448/2157 2170/4447/2158 2172/4449/2160 2171/4450/2159
f 2171/4450/2159 2172/4449/2160 2174/4451/2162 2173/4452/2161
f 2173/4452/2161 2174/4451/2162 2176/4453/2164 2175/4454/2163
f 2175/4454/2163 2176/4453/2164 2178/4455/2166 2177/4456/2165
f 2177/4456/2165 2178/4455/2166 2180/4457/2168 2179/4458/2167
f 2179/4458/2167 2180/4457/2168 2182/4459/2170 2181/4460/2169
f 2168/4461/2156 2166/4462/2154 2184/4463/2172 2182/4464/2170 2180/4465/2168 2178/4466/2166 2176/4467/2164 2174/4468/2162 2172/4469/2160 2170/4470/2158
f 2181/4460/2169 2182/4459/2170 2184/4471/2172 2183/4472/2171
f 2183/4472/2171 2184/4471/2172 2166/4473/2154 2165/4474/2153
f 2165/4475/2153 2167/4476/2155 2169/4477/2157 2171/4478/2159 2173/4479/2161 2175/4480/2163 2177/4481/2165 2179/4482/2167 2181/4483/2169 2183/4484/2171
o Socket.102
v -0.110000 0.080000 0.064000
v -0.110000 0.088000 0.064000
v -0.106473 0.080000 0.065146
v -0.106473 0.088000 0.065146
v -0.104294 0.080000 0.068146
v -0.104294 0.088000 0.068146
v -0.104294 0.080000 0.071854
v -0.104294 0.088000 0.071854
v -0.106473 0.080000 0.074854
v -0.106473 0.088000 0.074854
v -0.110000 0.080000 0.076000
v -0.110000 0.088000 0.076000
v -0.113527 0.080000 0.074854
v -0.113527 0.088000 0.074854
v -0.115706 0.080000 0.071854
v -0.115706 0.088000 0.071854
v -0.115706 0.080000 0.068146
v -0.115706 0.088000 0.068146
v -0.113527 0.080000 0.065146
v -0.113527 0.088000 0.065146
vn -0.0000 -0.6437 -0.7653
vn -0.0000 0.6437 -0.7653
vn 0.4498 -0.6437 -0.6191
vn 0.4498 0.6437 -0.6191
vn 0.7278 -0.6437 -0.2365
vn 0.7278 0.6437 -0.2365
vn 0.7278 -0.6437 0.2365
vn 0.7278 0.6437 0.2365
vn 0.4498 -0.6437 0.6191
vn 0.4498 0.6437 0.6191
vn -0.0000 -0.6437 0.7653
vn -0.0000 0.6437 0.7653
vn -0.4498 -0.6437 0.6191
vn -0.4498 0.6437 0.6191
vn -0.7278 -0.6437 0.2365
vn -0.7278 0.6437 0.2365
vn -0.7278 -0.6437 -0.2365
vn -0.7278 0.6437 -0.2365
vn -0.4498 -0.6437 -0.6191
vn -0.4498 0.6437 -0.6191
vt 1.000000 0.500000
vt 1.000000 1.000000
vt 0.900000 1.000000
vt 0.900000 0.500000
vt 0.800000 1.000000
vt 0.800000 0.500000
vt 0.700000 1.000000
vt 0.700000 0.500000
vt 0.600000 1.000000
vt 0.600000 0.500000
vt 0.500000 1.000000
vt 0.500000 0.500000
vt 0.400000 1.000000
vt 0.400000 0.500000
vt 0.300000 1.000000
vt 0.300000 0.500000
vt 0.200000 1.000000
vt 0.200000 0.500000
vt 0.391068 0.444164
vt 0.250000 0.490000
vt 0.108932 0.444164
vt 0.021746 0.324164
vt 0.021746 0.175836
vt 0.108932 0.055836
vt 0.250000 0.010000
vt 0.391068 0.055836
vt 0.478254 0.175836
vt 0.478254 0.324164
vt 0.100000 1.000000
vt 0.100000 0.500000
vt -0.000000 1.000000
vt -0.000000 0.500000
vt 0.750000 0.490000
vt 0.891068 0.444164
vt 0.978254 0.324164
vt 0.978254 0.175836
vt 0.891068 0.055836
vt 0.750000 0.010000
vt 0.608932 0.055836
vt 0.521746 0.175836
vt 0.521746 0.324164
vt 0.608932 0.444164
s 1
usemtl M_Graphite
f 2185/4485/2173 2186/4486/2174 2188/4487/2176 2187/4488/2175
f 2187/4488/2175 2188/4487/2176 2190/4489/2178 2189/4490/2177
f 2189/4490/2177 2190/4489/2178 2192/4491/2180 2191/4492/2179
f 2191/4492/2179 2192/4491/2180 2194/4493/2182 2193/4494/2181
f 2193/4494/2181 2194/4493/2182 2196/4495/2184 2195/4496/2183
f 2195/4496/2183 2196/4495/2184 2198/4497/2186 2197/4498/2185
f 2197/4498/2185 2198/4497/2186 2200/4499/2188 2199/4500/2187
f 2199/4500/2187 2200/4499/2188 2202/4501/2190 2201/4502/2189
f 2188/4503/2176 2186/4504/2174 2204/4505/2192 2202/4506/2190 2200/4507/2188 2198/4508/2186 2196/4509/2184 2194/4510/2182 2192/4511/2180 2190/4512/2178
f 2201/4502/2189 2202/4501/2190 2204/4513/2192 2203/4514/2191
f 2203/4514/2191 2204/4513/2192 2186/4515/2174 2185/4516/2173
f 2185/4517/2173 2187/4518/2175 2189/4519/2177 2191/4520/2179 2193/4521/2181 2195/4522/2183 2197/4523/2185 2199/4524/2187 2201/4525/2189 2203/4526/2191
o Socket.103
v -0.065000 0.080000 0.064000
v -0.065000 0.088000 0.064000
v -0.061473 0.080000 0.065146
v -0.061473 0.088000 0.065146
v -0.059294 0.080000 0.068146
v -0.059294 0.088000 0.068146
v -0.059294 0.080000 0.071854
v -0.059294 0.088000 0.071854
v -0.061473 0.080000 0.074854
v -0.061473 0.088000 0.074854
v -0.065000 0.080000 0.076000
v -0.065000 0.088000 0.076000
v -0.068527 0.080000 0.074854
v -0.068527 0.088000 0.074854
v -0.070706 0.080000 0.071854
v -0.070706 0.088000 0.071854
v -0.070706 0.080000 0.068146
v -0.070706 0.088000 0.068146
v -0.068527 0.080000 0.065146
v -0.068527 0.088000 0.065146
vn -0.0000 -0.6437 -0.7653
vn -0.0000 0.6437 -0.7653
vn 0.4498 -0.6437 -0.6191
vn 0.4498 0.6437 -0.6191
vn 0.7278 -0.6437 -0.2365
vn 0.7278 0.6437 -0.2365
vn 0.7278 -0.6437 0.2365
vn 0.7278 0.6437 0.2365
vn 0.4498 -0.6437 0.6191
vn 0.4498 0.6437 0.6191
vn -0.0000 -0.6437 0.7653
vn -0.0000 0.6437 0.7653
vn -0.4498 -0.6437 0.6191
vn -0.4498 0.6437 0.6191
vn -0.7278 -0.6437 0.2365
vn -0.7278 0.6437 0.2365
vn -0.7278 -0.6437 -0.2365
vn -0.7278 0.6437 -0.2365
vn -0.4498 -0.6437 -0.6191
vn -0.4498 0.6437 -0.6191
vt 1.000000 0.500000
vt 1.000000 1.000000
vt 0.900000 1.000000
vt 0.900000 0.500000
vt 0.800000 1.000000
vt 0.800000 0.500000
vt 0.700000 1.000000
vt 0.700000 0.500000
vt 0.600000 1.000000
vt 0.600000 0.500000
vt 0.500000 1.000000
vt 0.500000 0.500000
vt 0.400000 1.000000
vt 0.400000 0.500000
vt 0.300000 1.000000
vt 0.300000 0.500000
vt 0.200000 1.000000
vt 0.200000 0.500000
vt 0.391068 0.444164
vt 0.250000 0.490000
vt 0.108932 0.444164
vt 0.021746 0.324164
vt 0.021746 0.175836
vt 0.108932 0.055836
vt 0.250000 0.010000
vt 0.391068 0.055836
vt 0.478254 0.175836
vt 0.478254 0.324164
vt 0.100000 1.000000
vt 0.100000 0.500000
vt -0.000000 1.000000
vt -0.000000 0.500000
vt 0.750000 0.490000
vt 0.891068 0.444164
vt 0.978254 0.324164
vt 0.978254 0.175836
vt 0.891068 0.055836
vt 0.750000 0.010000
vt 0.608932 0.055836
vt 0.521746 0.175836
vt 0.521746 0.324164
vt 0.608932 0.444164
s 1
usemtl M_Graphite
f 2205/4527/2193 2206/4528/2194 2208/4529/2196 2207/4530/2195
f 2207/4530/2195 2208/4529/2196 2210/4531/2198 2209/4532/2197
f 2209/4532/2197 2210/4531/2198 2212/4533/2200 2211/4534/2199
f 2211/4534/2199 2212/4533/2200 2214/4535/2202 2213/4536/2201
f 2213/4536/2201 2214/4535/2202 2216/4537/2204 2215/4538/2203
f 2215/4538/2203 2216/4537/2204 2218/4539/2206 2217/4540/2205
f 2217/4540/2205 2218/4539/2206 2220/4541/2208 2219/4542/2207
f 2219/4542/2207 2220/4541/2208 2222/4543/2210 2221/4544/2209
f 2208/4545/2196 2206/4546/2194 2224/4547/2212 2222/4548/2210 2220/4549/2208 2218/4550/2206 2216/4551/2204 2214/4552/2202 2212/4553/2200 2210/4554/2198
f 2221/4544/2209 2222/4543/2210 2224/4555/2212 2223/4556/2211
f 2223/4556/2211 2224/4555/2212 2206/4557/2194 2205/4558/2193
f 2205/4559/2193 2207/4560/2195 2209/4561/2197 2211/4562/2199 2213/4563/2201 2215/4564/2203 2217/4565/2205 2219/4566/2207 2221/4567/2209 2223/4568/2211
o Socket.104
v -0.020000 0.080000 0.064000
v -0.020000 0.088000 0.064000
v -0.016473 0.080000 0.065146
v -0.016473 0.088000 0.065146
v -0.014294 0.080000 0.068146
v -0.014294 0.088000 0.068146
v -0.014294 0.080000 0.071854
v -0.014294 0.088000 0.071854
v -0.016473 0.080000 0.074854
v -0.016473 0.088000 0.074854
v -0.020000 0.080000 0.076000
v -0.020000 0.088000 0.076000
v -0.023527 0.080000 0.074854
v -0.023527 0.088000 0.074854
v -0.025706 0.080000 0.071854
v -0.025706 0.088000 0.071854
v -0.025706 0.080000 0.068146
v -0.025706 0.088000 0.068146
v -0.023527 0.080000 0.065146
v -0.023527 0.088000 0.065146
vn -0.0000 -0.6437 -0.7653
vn -0.0000 0.6437 -0.7653
vn 0.4498 -0.6437 -0.6191
vn 0.4498 0.6437 -0.6191
vn 0.7278 -0.6437 -0.2365
vn 0.7278 0.6437 -0.2365
vn 0.7278 -0.6437 0.2365
vn 0.7278 0.6437 0.2365
vn 0.4498 -0.6437 0.6191
vn 0.4498 0.6437 0.6191
vn -0.0000 -0.6437 0.7653
vn -0.0000 0.6437 0.7653
vn -0.4498 -0.6437 0.6191
vn -0.4498 0.6437 0.6191
vn -0.7278 -0.6437 0.2365
vn -0.7278 0.6437 0.2365
vn -0.7278 -0.6437 -0.2365
vn -0.7278 0.6437 -0.2365
vn -0.4498 -0.6437 -0.6191
vn -0.4498 0.6437 -0.6191
vt 1.000000 0.500000
vt 1.000000 1.000000
vt 0.900000 1.000000
vt 0.900000 0.500000
vt 0.800000 1.000000
vt 0.800000 0.500000
vt 0.700000 1.000000
vt 0.700000 0.500000
vt 0.600000 1.000000
vt 0.600000 0.500000
vt 0.500000 1.000000
vt 0.500000 0.500000
vt 0.400000 1.000000
vt 0.400000 0.500000
vt 0.300000 1.000000
vt 0.300000 0.500000
vt 0.200000 1.000000
vt 0.200000 0.500000
vt 0.391068 0.444164
vt 0.250000 0.490000
vt 0.108932 0.444164
vt 0.021746 0.324164
vt 0.021746 0.175836
vt 0.108932 0.055836
vt 0.250000 0.010000
vt 0.391068 0.055836
vt 0.478254 0.175836
vt 0.478254 0.324164
vt 0.100000 1.000000
vt 0.100000 0.500000
vt -0.000000 1.000000
vt -0.000000 0.500000
vt 0.750000 0.490000
vt 0.891068 0.444164
vt 0.978254 0.324164
vt 0.978254 0.175836
vt 0.891068 0.055836
vt 0.750000 0.010000
vt 0.608932 0.055836
vt 0.521746 0.175836
vt 0.521746 0.324164
vt 0.608932 0.444164
s 1
usemtl M_Graphite
f 2225/4569/2213 2226/4570/2214 2228/4571/2216 2227/4572/2215
f 2227/4572/2215 2228/4571/2216 2230/4573/2218 2229/4574/2217
f 2229/4574/2217 2230/4573/2218 2232/4575/2220 2231/4576/2219
f 2231/4576/2219 2232/4575/2220 2234/4577/2222 2233/4578/2221
f 2233/4578/2221 2234/4577/2222 2236/4579/2224 2235/4580/2223
f 2235/4580/2223 2236/4579/2224 2238/4581/2226 2237/4582/2225
f 2237/4582/2225 2238/4581/2226 2240/4583/2228 2239/4584/2227
f 2239/4584/2227 2240/4583/2228 2242/4585/2230 2241/4586/2229
f 2228/4587/2216 2226/4588/2214 2244/4589/2232 2242/4590/2230 2240/4591/2228 2238/4592/2226 2236/4593/2224 2234/4594/2222 2232/4595/2220 2230/4596/2218
f 2241/4586/2229 2242/4585/2230 2244/4597/2232 2243/4598/2231
f 2243/4598/2231 2244/4597/2232 2226/4599/2214 2225/4600/2213
f 2225/4601/2213 2227/4602/2215 2229/4603/2217 2231/4604/2219 2233/4605/2221 2235/4606/2223 2237/4607/2225 2239/4608/2227 2241/4609/2229 2243/4610/2231
o Socket.105
v 0.025000 0.080000 0.064000
v 0.025000 0.088000 0.064000
v 0.028527 0.080000 0.065146
v 0.028527 0.088000 0.065146
v 0.030706 0.080000 0.068146
v 0.030706 0.088000 0.068146
v 0.030706 0.080000 0.071854
v 0.030706 0.088000 0.071854
v 0.028527 0.080000 0.074854
v 0.028527 0.088000 0.074854
v 0.025000 0.080000 0.076000
v 0.025000 0.088000 0.076000
v 0.021473 0.080000 0.074854
v 0.021473 0.088000 0.074854
v 0.019294 0.080000 0.071854
v 0.019294 0.088000 0.071854
v 0.019294 0.080000 0.068146
v 0.019294 0.088000 0.068146
v 0.021473 0.080000 0.065146
v 0.021473 0.088000 0.065146
vn -0.0000 -0.6437 -0.7653
vn -0.0000 0.6437 -0.7653
vn 0.4498 -0.6437 -0.6191
vn 0.4498 0.6437 -0.6191
vn 0.7278 -0.6437 -0.2365
vn 0.7278 0.6437 -0.2365
vn 0.7278 -0.6437 0.2365
vn 0.7278 0.6437 0.2365
vn 0.4498 -0.6437 0.6191
vn 0.4498 0.6437 0.6191
vn -0.0000 -0.6437 0.7653
vn -0.0000 0.6437 0.7653
vn -0.4498 -0.6437 0.6191
vn -0.4498 0.6437 0.6191
vn -0.7278 -0.6437 0.2365
vn -0.7278 0.6437 0.2365
vn -0.7278 -0.6437 -0.2365
vn -0.7278 0.6437 -0.2365
vn -0.4498 -0.6437 -0.6191
vn -0.4498 0.6437 -0.6191
vt 1.000000 0.500000
vt 1.000000 1.000000
vt 0.900000 1.000000
vt 0.900000 0.500000
vt 0.800000 1.000000
vt 0.800000 0.500000
vt 0.700000 1.000000
vt 0.700000 0.500000
vt 0.600000 1.000000
vt 0.600000 0.500000
vt 0.500000 1.000000
vt 0.500000 0.500000
vt 0.400000 1.000000
vt 0.400000 0.500000
vt 0.300000 1.000000
vt 0.300000 0.500000
vt 0.200000 1.000000
vt 0.200000 0.500000
vt 0.391068 0.444164
vt 0.250000 0.490000
vt 0.108932 0.444164
vt 0.021746 0.324164
vt 0.021746 0.175836
vt 0.108932 0.055836
vt 0.250000 0.010000
vt 0.391068 0.055836
vt 0.478254 0.175836
vt 0.478254 0.324164
vt 0.100000 1.000000
vt 0.100000 0.500000
vt -0.000000 1.000000
vt -0.000000 0.500000
vt 0.750000 0.490000
vt 0.891068 0.444164
vt 0.978254 0.324164
vt 0.978254 0.175836
vt 0.891068 0.055836
vt 0.750000 0.010000
vt 0.608932 0.055836
vt 0.521746 0.175836
vt 0.521746 0.324164
vt 0.608932 0.444164
s 1
usemtl M_Graphite
f 2245/4611/2233 2246/4612/2234 2248/4613/2236 2247/4614/2235
f 2247/4614/2235 2248/4613/2236 2250/4615/2238 2249/4616/2237
f 2249/4616/2237 2250/4615/2238 2252/4617/2240 2251/4618/2239
f 2251/4618/2239 2252/4617/2240 2254/4619/2242 2253/4620/2241
f 2253/4620/2241 2254/4619/2242 2256/4621/2244 2255/4622/2243
f 2255/4622/2243 2256/4621/2244 2258/4623/2246 2257/4624/2245
f 2257/4624/2245 2258/4623/2246 2260/4625/2248 2259/4626/2247
f 2259/4626/2247 2260/4625/2248 2262/4627/2250 2261/4628/2249
f 2248/4629/2236 2246/4630/2234 2264/4631/2252 2262/4632/2250 2260/4633/2248 2258/4634/2246 2256/4635/2244 2254/4636/2242 2252/4637/2240 2250/4638/2238
f 2261/4628/2249 2262/4627/2250 2264/4639/2252 2263/4640/2251
f 2263/4640/2251 2264/4639/2252 2246/4641/2234 2245/4642/2233
f 2245/4643/2233 2247/4644/2235 2249/4645/2237 2251/4646/2239 2253/4647/2241 2255/4648/2243 2257/4649/2245 2259/4650/2247 2261/4651/2249 2263/4652/2251
o Socket.106
v 0.070000 0.080000 0.064000
v 0.070000 0.088000 0.064000
v 0.073527 0.080000 0.065146
v 0.073527 0.088000 0.065146
v 0.075706 0.080000 0.068146
v 0.075706 0.088000 0.068146
v 0.075706 0.080000 0.071854
v 0.075706 0.088000 0.071854
v 0.073527 0.080000 0.074854
v 0.073527 0.088000 0.074854
v 0.070000 0.080000 0.076000
v 0.070000 0.088000 0.076000
v 0.066473 0.080000 0.074854
v 0.066473 0.088000 0.074854
v 0.064294 0.080000 0.071854
v 0.064294 0.088000 0.071854
v 0.064294 0.080000 0.068146
v 0.064294 0.088000 0.068146
v 0.066473 0.080000 0.065146
v 0.066473 0.088000 0.065146
vn -0.0000 -0.6437 -0.7653
vn -0.0000 0.6437 -0.7653
vn 0.4498 -0.6437 -0.6191
vn 0.4498 0.6437 -0.6191
vn 0.7278 -0.6437 -0.2365
vn 0.7278 0.6437 -0.2365
vn 0.7278 -0.6437 0.2365
vn 0.7278 0.6437 0.2365
vn 0.4498 -0.6437 0.6191
vn 0.4498 0.6437 0.6191
vn -0.0000 -0.6437 0.7653
vn -0.0000 0.6437 0.7653
vn -0.4498 -0.6437 0.6191
vn -0.4498 0.6437 0.6191
vn -0.7278 -0.6437 0.2365
vn -0.7278 0.6437 0.2365
vn -0.7278 -0.6437 -0.2365
vn -0.7278 0.6437 -0.2365
vn -0.4498 -0.6437 -0.6191
vn -0.4498 0.6437 -0.6191
vt 1.000000 0.500000
vt 1.000000 1.000000
vt 0.900000 1.000000
vt 0.900000 0.500000
vt 0.800000 1.000000
vt 0.800000 0.500000
vt 0.700000 1.000000
vt 0.700000 0.500000
vt 0.600000 1.000000
vt 0.600000 0.500000
vt 0.500000 1.000000
vt 0.500000 0.500000
vt 0.400000 1.000000
vt 0.400000 0.500000
vt 0.300000 1.000000
vt 0.300000 0.500000
vt 0.200000 1.000000
vt 0.200000 0.500000
vt 0.391068 0.444164
vt 0.250000 0.490000
vt 0.108932 0.444164
vt 0.021746 0.324164
vt 0.021746 0.175836
vt 0.108932 0.055836
vt 0.250000 0.010000
vt 0.391068 0.055836
vt 0.478254 0.175836
vt 0.478254 0.324164
vt 0.100000 1.000000
vt 0.100000 0.500000
vt -0.000000 1.000000
vt -0.000000 0.500000
vt 0.750000 0.490000
vt 0.891068 0.444164
vt 0.978254 0.324164
vt 0.978254 0.175836
vt 0.891068 0.055836
vt 0.750000 0.010000
vt 0.608932 0.055836
vt 0.521746 0.175836
vt 0.521746 0.324164
vt 0.608932 0.444164
s 1
usemtl M_Graphite
f 2265/4653/2253 2266/4654/2254 2268/4655/2256 2267/4656/2255
f 2267/4656/2255 2268/4655/2256 2270/4657/2258 2269/4658/2257
f 2269/4658/2257 2270/4657/2258 2272/4659/2260 2271/4660/2259
f 2271/4660/2259 2272/4659/2260 2274/4661/2262 2273/4662/2261
f 2273/4662/2261 2274/4661/2262 2276/4663/2264 2275/4664/2263
f 2275/4664/2263 2276/4663/2264 2278/4665/2266 2277/4666/2265
f 2277/4666/2265 2278/4665/2266 2280/4667/2268 2279/4668/2267
f 2279/4668/2267 2280/4667/2268 2282/4669/2270 2281/4670/2269
f 2268/4671/2256 2266/4672/2254 2284/4673/2272 2282/4674/2270 2280/4675/2268 2278/4676/2266 2276/4677/2264 2274/4678/2262 2272/4679/2260 2270/4680/2258
f 2281/4670/2269 2282/4669/2270 2284/4681/2272 2283/4682/2271
f 2283/4682/2271 2284/4681/2272 2266/4683/2254 2265/4684/2253
f 2265/4685/2253 2267/4686/2255 2269/4687/2257 2271/4688/2259 2273/4689/2261 2275/4690/2263 2277/4691/2265 2279/4692/2267 2281/4693/2269 2283/4694/2271
o Socket.107
v 0.115000 0.080000 0.064000
v 0.115000 0.088000 0.064000
v 0.118527 0.080000 0.065146
v 0.118527 0.088000 0.065146
v 0.120706 0.080000 0.068146
v 0.120706 0.088000 0.068146
v 0.120706 0.080000 0.071854
v 0.120706 0.088000 0.071854
v 0.118527 0.080000 0.074854
v 0.118527 0.088000 0.074854
v 0.115000 0.080000 0.076000
v 0.115000 0.088000 0.076000
v 0.111473 0.080000 0.074854
v 0.111473 0.088000 0.074854
v 0.109294 0.080000 0.071854
v 0.109294 0.088000 0.071854
v 0.109294 0.080000 0.068146
v 0.109294 0.088000 0.068146
v 0.111473 0.080000 0.065146
v 0.111473 0.088000 0.065146
vn -0.0000 -0.6437 -0.7653
vn -0.0000 0.6437 -0.7653
vn 0.4498 -0.6437 -0.6191
vn 0.4498 0.6437 -0.6191
vn 0.7278 -0.6437 -0.2365
vn 0.7278 0.6437 -0.2365
vn 0.7278 -0.6437 0.2365
vn 0.7278 0.6437 0.2365
vn 0.4498 -0.6437 0.6191
vn 0.4498 0.6437 0.6191
vn -0.0000 -0.6437 0.7653
vn -0.0000 0.6437 0.7653
vn -0.4498 -0.6437 0.6191
vn -0.4498 0.6437 0.6191
vn -0.7278 -0.6437 0.2365
vn -0.7278 0.6437 0.2365
vn -0.7278 -0.6437 -0.2365
vn -0.7278 0.6437 -0.2365
vn -0.4498 -0.6437 -0.6191
vn -0.4498 0.6437 -0.6191
vt 1.000000 0.500000
vt 1.000000 1.000000
vt 0.900000 1.000000
vt 0.900000 0.500000
vt 0.800000 1.000000
vt 0.800000 0.500000
vt 0.700000 1.000000
vt 0.700000 0.500000
vt 0.600000 1.000000
vt 0.600000 0.500000
vt 0.500000 1.000000
vt 0.500000 0.500000
vt 0.400000 1.000000
vt 0.400000 0.500000
vt 0.300000 1.000000
vt 0.300000 0.500000
vt 0.200000 1.000000
vt 0.200000 0.500000
vt 0.391068 0.444164
vt 0.250000 0.490000
vt 0.108932 0.444164
vt 0.021746 0.324164
vt 0.021746 0.175836
vt 0.108932 0.055836
vt 0.250000 0.010000
vt 0.391068 0.055836
vt 0.478254 0.175836
vt 0.478254 0.324164
vt 0.100000 1.000000
vt 0.100000 0.500000
vt -0.000000 1.000000
vt -0.000000 0.500000
vt 0.750000 0.490000
vt 0.891068 0.444164
vt 0.978254 0.324164
vt 0.978254 0.175836
vt 0.891068 0.055836
vt 0.750000 0.010000
vt 0.608932 0.055836
vt 0.521746 0.175836
vt 0.521746 0.324164
vt 0.608932 0.444164
s 1
usemtl M_Graphite
f 2285/4695/2273 2286/4696/2274 2288/4697/2276 2287/4698/2275
f 2287/4698/2275 2288/4697/2276 2290/4699/2278 2289/4700/2277
f 2289/4700/2277 2290/4699/2278 2292/4701/2280 2291/4702/2279
f 2291/4702/2279 2292/4701/2280 2294/4703/2282 2293/4704/2281
f 2293/4704/2281 2294/4703/2282 2296/4705/2284 2295/4706/2283
f 2295/4706/2283 2296/4705/2284 2298/4707/2286 2297/4708/2285
f 2297/4708/2285 2298/4707/2286 2300/4709/2288 2299/4710/2287
f 2299/4710/2287 2300/4709/2288 2302/4711/2290 2301/4712/2289
f 2288/4713/2276 2286/4714/2274 2304/4715/2292 2302/4716/2290 2300/4717/2288 2298/4718/2286 2296/4719/2284 2294/4720/2282 2292/4721/2280 2290/4722/2278
f 2301/4712/2289 2302/4711/2290 2304/4723/2292 2303/4724/2291
f 2303/4724/2291 2304/4723/2292 2286/4725/2274 2285/4726/2273
f 2285/4727/2273 2287/4728/2275 2289/4729/2277 2291/4730/2279 2293/4731/2281 2295/4732/2283 2297/4733/2285 2299/4734/2287 2301/4735/2289 2303/4736/2291
o Socket.108
v 0.160000 0.080000 0.064000
v 0.160000 0.088000 0.064000
v 0.163527 0.080000 0.065146
v 0.163527 0.088000 0.065146
v 0.165706 0.080000 0.068146
v 0.165706 0.088000 0.068146
v 0.165706 0.080000 0.071854
v 0.165706 0.088000 0.071854
v 0.163527 0.080000 0.074854
v 0.163527 0.088000 0.074854
v 0.160000 0.080000 0.076000
v 0.160000 0.088000 0.076000
v 0.156473 0.080000 0.074854
v 0.156473 0.088000 0.074854
v 0.154294 0.080000 0.071854
v 0.154294 0.088000 0.071854
v 0.154294 0.080000 0.068146
v 0.154294 0.088000 0.068146
v 0.156473 0.080000 0.065146
v 0.156473 0.088000 0.065146
vn -0.0000 -0.6437 -0.7653
vn -0.0000 0.6437 -0.7653
vn 0.4498 -0.6437 -0.6191
vn 0.4498 0.6437 -0.6191
vn 0.7278 -0.6437 -0.2365
vn 0.7278 0.6437 -0.2365
vn 0.7278 -0.6437 0.2365
vn 0.7278 0.6437 0.2365
vn 0.4498 -0.6437 0.6191
vn 0.4498 0.6437 0.6191
vn -0.0000 -0.6437 0.7653
vn -0.0000 0.6437 0.7653
vn -0.4498 -0.6437 0.6191
vn -0.4498 0.6437 0.6191
vn -0.7278 -0.6437 0.2365
vn -0.7278 0.6437 0.2365
vn -0.7278 -0.6437 -0.2365
vn -0.7278 0.6437 -0.2365
vn -0.4498 -0.6437 -0.6191
vn -0.4498 0.6437 -0.6191
vt 1.000000 0.500000
vt 1.000000 1.000000
vt 0.900000 1.000000
vt 0.900000 0.500000
vt 0.800000 1.000000
vt 0.800000 0.500000
vt 0.700000 1.000000
vt 0.700000 0.500000
vt 0.600000 1.000000
vt 0.600000 0.500000
vt 0.500000 1.000000
vt 0.500000 0.500000
vt 0.400000 1.000000
vt 0.400000 0.500000
vt 0.300000 1.000000
vt 0.300000 0.500000
vt 0.200000 1.000000
vt 0.200000 0.500000
vt 0.391068 0.444164
vt 0.250000 0.490000
vt 0.108932 0.444164
vt 0.021746 0.324164
vt 0.021746 0.175836
vt 0.108932 0.055836
vt 0.250000 0.010000
vt 0.391068 0.055836
vt 0.478254 0.175836
vt 0.478254 0.324164
vt 0.100000 1.000000
vt 0.100000 0.500000
vt -0.000000 1.000000
vt -0.000000 0.500000
vt 0.750000 0.490000
vt 0.891068 0.444164
vt 0.978254 0.324164
vt 0.978254 0.175836
vt 0.891068 0.055836
vt 0.750000 0.010000
vt 0.608932 0.055836
vt 0.521746 0.175836
vt 0.521746 0.324164
vt 0.608932 0.444164
s 1
usemtl M_Graphite
f 2305/4737/2293 2306/4738/2294 2308/4739/2296 2307/4740/2295
f 2307/4740/2295 2308/4739/2296 2310/4741/2298 2309/4742/2297
f 2309/4742/2297 2310/4741/2298 2312/4743/2300 2311/4744/2299
f 2311/4744/2299 2312/4743/2300 2314/4745/2302 2313/4746/2301
f 2313/4746/2301 2314/4745/2302 2316/4747/2304 2315/4748/2303
f 2315/4748/2303 2316/4747/2304 2318/4749/2306 2317/4750/2305
f 2317/4750/2305 2318/4749/2306 2320/4751/2308 2319/4752/2307
f 2319/4752/2307 2320/4751/2308 2322/4753/2310 2321/4754/2309
f 2308/4755/2296 2306/4756/2294 2324/4757/2312 2322/4758/2310 2320/4759/2308 2318/4760/2306 2316/4761/2304 2314/4762/2302 2312/4763/2300 2310/4764/2298
f 2321/4754/2309 2322/4753/2310 2324/4765/2312 2323/4766/2311
f 2323/4766/2311 2324/4765/2312 2306/4767/2294 2305/4768/2293
f 2305/4769/2293 2307/4770/2295 2309/4771/2297 2311/4772/2299 2313/4773/2301 2315/4774/2303 2317/4775/2305 2319/4776/2307 2321/4777/2309 2323/4778/2311
o Socket.109
v 0.205000 0.080000 0.064000
v 0.205000 0.088000 0.064000
v 0.208527 0.080000 0.065146
v 0.208527 0.088000 0.065146
v 0.210706 0.080000 0.068146
v 0.210706 0.088000 0.068146
v 0.210706 0.080000 0.071854
v 0.210706 0.088000 0.071854
v 0.208527 0.080000 0.074854
v 0.208527 0.088000 0.074854
v 0.205000 0.080000 0.076000
v 0.205000 0.088000 0.076000
v 0.201473 0.080000 0.074854
v 0.201473 0.088000 0.074854
v 0.199294 0.080000 0.071854
v 0.199294 0.088000 0.071854
v 0.199294 0.080000 0.068146
v 0.199294 0.088000 0.068146
v 0.201473 0.080000 0.065146
v 0.201473 0.088000 0.065146
vn -0.0000 -0.6437 -0.7653
vn -0.0000 0.6437 -0.7653
vn 0.4498 -0.6437 -0.6191
vn 0.4498 0.6437 -0.6191
vn 0.7278 -0.6437 -0.2365
vn 0.7278 0.6437 -0.2365
vn 0.7278 -0.6437 0.2365
vn 0.7278 0.6437 0.2365
vn 0.4498 -0.6437 0.6191
vn 0.4498 0.6437 0.6191
vn -0.0000 -0.6437 0.7653
vn -0.0000 0.6437 0.7653
vn -0.4498 -0.6437 0.6191
vn -0.4498 0.6437 0.6191
vn -0.7278 -0.6437 0.2365
vn -0.7278 0.6437 0.2365
vn -0.7278 -0.6437 -0.2365
vn -0.7278 0.6437 -0.2365
vn -0.4498 -0.6437 -0.6191
vn -0.4498 0.6437 -0.6191
vt 1.000000 0.500000
vt 1.000000 1.000000
vt 0.900000 1.000000
vt 0.900000 0.500000
vt 0.800000 1.000000
vt 0.800000 0.500000
vt 0.700000 1.000000
vt 0.700000 0.500000
vt 0.600000 1.000000
vt 0.600000 0.500000
vt 0.500000 1.000000
vt 0.500000 0.500000
vt 0.400000 1.000000
vt 0.400000 0.500000
vt 0.300000 1.000000
vt 0.300000 0.500000
vt 0.200000 1.000000
vt 0.200000 0.500000
vt 0.391068 0.444164
vt 0.250000 0.490000
vt 0.108932 0.444164
vt 0.021746 0.324164
vt 0.021746 0.175836
vt 0.108932 0.055836
vt 0.250000 0.010000
vt 0.391068 0.055836
vt 0.478254 0.175836
vt 0.478254 0.324164
vt 0.100000 1.000000
vt 0.100000 0.500000
vt -0.000000 1.000000
vt -0.000000 0.500000
vt 0.750000 0.490000
vt 0.891068 0.444164
vt 0.978254 0.324164
vt 0.978254 0.175836
vt 0.891068 0.055836
vt 0.750000 0.010000
vt 0.608932 0.055836
vt 0.521746 0.175836
vt 0.521746 0.324164
vt 0.608932 0.444164
s 1
usemtl M_Graphite
f 2325/4779/2313 2326/4780/2314 2328/4781/2316 2327/4782/2315
f 2327/4782/2315 2328/4781/2316 2330/4783/2318 2329/4784/2317
f 2329/4784/2317 2330/4783/2318 2332/4785/2320 2331/4786/2319
f 2331/4786/2319 2332/4785/2320 2334/4787/2322 2333/4788/2321
f 2333/4788/2321 2334/4787/2322 2336/4789/2324 2335/4790/2323
f 2335/4790/2323 2336/4789/2324 2338/4791/2326 2337/4792/2325
f 2337/4792/2325 2338/4791/2326 2340/4793/2328 2339/4794/2327
f 2339/4794/2327 2340/4793/2328 2342/4795/2330 2341/4796/2329
f 2328/4797/2316 2326/4798/2314 2344/4799/2332 2342/4800/2330 2340/4801/2328 2338/4802/2326 2336/4803/2324 2334/4804/2322 2332/4805/2320 2330/4806/2318
f 2341/4796/2329 2342/4795/2330 2344/4807/2332 2343/4808/2331
f 2343/4808/2331 2344/4807/2332 2326/4809/2314 2325/4810/2313
f 2325/4811/2313 2327/4812/2315 2329/4813/2317 2331/4814/2319 2333/4815/2321 2335/4816/2323 2337/4817/2325 2339/4818/2327 2341/4819/2329 2343/4820/2331
o Socket.110
v 0.250000 0.080000 0.064000
v 0.250000 0.088000 0.064000
v 0.253527 0.080000 0.065146
v 0.253527 0.088000 0.065146
v 0.255706 0.080000 0.068146
v 0.255706 0.088000 0.068146
v 0.255706 0.080000 0.071854
v 0.255706 0.088000 0.071854
v 0.253527 0.080000 0.074854
v 0.253527 0.088000 0.074854
v 0.250000 0.080000 0.076000
v 0.250000 0.088000 0.076000
v 0.246473 0.080000 0.074854
v 0.246473 0.088000 0.074854
v 0.244294 0.080000 0.071854
v 0.244294 0.088000 0.071854
v 0.244294 0.080000 0.068146
v 0.244294 0.088000 0.068146
v 0.246473 0.080000 0.065146
v 0.246473 0.088000 0.065146
vn -0.0000 -0.6437 -0.7653
vn -0.0000 0.6437 -0.7653
vn 0.4498 -0.6437 -0.6191
vn 0.4498 0.6437 -0.6191
vn 0.7278 -0.6437 -0.2365
vn 0.7278 0.6437 -0.2365
vn 0.7278 -0.6437 0.2365
vn 0.7278 0.6437 0.2365
vn 0.4498 -0.6437 0.6191
vn 0.4498 0.6437 0.6191
vn -0.0000 -0.6437 0.7653
vn -0.0000 0.6437 0.7653
vn -0.4498 -0.6437 0.6191
vn -0.4498 0.6437 0.6191
vn -0.7278 -0.6437 0.2365
vn -0.7278 0.6437 0.2365
vn -0.7278 -0.6437 -0.2365
vn -0.7278 0.6437 -0.2365
vn -0.4498 -0.6437 -0.6191
vn -0.4498 0.6437 -0.6191
vt 1.000000 0.500000
vt 1.000000 1.000000
vt 0.900000 1.000000
vt 0.900000 0.500000
vt 0.800000 1.000000
vt 0.800000 0.500000
vt 0.700000 1.000000
vt 0.700000 0.500000
vt 0.600000 1.000000
vt 0.600000 0.500000
vt 0.500000 1.000000
vt 0.500000 0.500000
vt 0.400000 1.000000
vt 0.400000 0.500000
vt 0.300000 1.000000
vt 0.300000 0.500000
vt 0.200000 1.000000
vt 0.200000 0.500000
vt 0.391068 0.444164
vt 0.250000 0.490000
vt 0.108932 0.444164
vt 0.021746 0.324164
vt 0.021746 0.175836
vt 0.108932 0.055836
vt 0.250000 0.010000
vt 0.391068 0.055836
vt 0.478254 0.175836
vt 0.478254 0.324164
vt 0.100000 1.000000
vt 0.100000 0.500000
vt -0.000000 1.000000
vt -0.000000 0.500000
vt 0.750000 0.490000
vt 0.891068 0.444164
vt 0.978254 0.324164
vt 0.978254 0.175836
vt 0.891068 0.055836
vt 0.750000 0.010000
vt 0.608932 0.055836
vt 0.521746 0.175836
vt 0.521746 0.324164
vt 0.608932 0.444164
s 1
usemtl M_Graphite
f 2345/4821/2333 2346/4822/2334 2348/4823/2336 2347/4824/2335
f 2347/4824/2335 2348/4823/2336 2350/4825/2338 2349/4826/2337
f 2349/4826/2337 2350/4825/2338 2352/4827/2340 2351/4828/2339
f 2351/4828/2339 2352/4827/2340 2354/4829/2342 2353/4830/2341
f 2353/4830/2341 2354/4829/2342 2356/4831/2344 2355/4832/2343
f 2355/4832/2343 2356/4831/2344 2358/4833/2346 2357/4834/2345
f 2357/4834/2345 2358/4833/2346 2360/4835/2348 2359/4836/2347
f 2359/4836/2347 2360/4835/2348 2362/4837/2350 2361/4838/2349
f 2348/4839/2336 2346/4840/2334 2364/4841/2352 2362/4842/2350 2360/4843/2348 2358/4844/2346 2356/4845/2344 2354/4846/2342 2352/4847/2340 2350/4848/2338
f 2361/4838/2349 2362/4837/2350 2364/4849/2352 2363/4850/2351
f 2363/4850/2351 2364/4849/2352 2346/4851/2334 2345/4852/2333
f 2345/4853/2333 2347/4854/2335 2349/4855/2337 2351/4856/2339 2353/4857/2341 2355/4858/2343 2357/4859/2345 2359/4860/2347 2361/4861/2349 2363/4862/2351
o Socket.111
v 0.295000 0.080000 0.064000
v 0.295000 0.088000 0.064000
v 0.298527 0.080000 0.065146
v 0.298527 0.088000 0.065146
v 0.300706 0.080000 0.068146
v 0.300706 0.088000 0.068146
v 0.300706 0.080000 0.071854
v 0.300706 0.088000 0.071854
v 0.298527 0.080000 0.074854
v 0.298527 0.088000 0.074854
v 0.295000 0.080000 0.076000
v 0.295000 0.088000 0.076000
v 0.291473 0.080000 0.074854
v 0.291473 0.088000 0.074854
v 0.289294 0.080000 0.071854
v 0.289294 0.088000 0.071854
v 0.289294 0.080000 0.068146
v 0.289294 0.088000 0.068146
v 0.291473 0.080000 0.065146
v 0.291473 0.088000 0.065146
vn -0.0000 -0.6437 -0.7653
vn -0.0000 0.6437 -0.7653
vn 0.4498 -0.6437 -0.6191
vn 0.4498 0.6437 -0.6191
vn 0.7278 -0.6437 -0.2365
vn 0.7278 0.6437 -0.2365
vn 0.7278 -0.6437 0.2365
vn 0.7278 0.6437 0.2365
vn 0.4498 -0.6437 0.6191
vn 0.4498 0.6437 0.6191
vn -0.0000 -0.6437 0.7653
vn -0.0000 0.6437 0.7653
vn -0.4498 -0.6437 0.6191
vn -0.4498 0.6437 0.6191
vn -0.7278 -0.6437 0.2365
vn -0.7278 0.6437 0.2365
vn -0.7278 -0.6437 -0.2365
vn -0.7278 0.6437 -0.2365
vn -0.4498 -0.6437 -0.6191
vn -0.4498 0.6437 -0.6191
vt 1.000000 0.500000
vt 1.000000 1.000000
vt 0.900000 1.000000
vt 0.900000 0.500000
vt 0.800000 1.000000
vt 0.800000 0.500000
vt 0.700000 1.000000
vt 0.700000 0.500000
vt 0.600000 1.000000
vt 0.600000 0.500000
vt 0.500000 1.000000
vt 0.500000 0.500000
vt 0.400000 1.000000
vt 0.400000 0.500000
vt 0.300000 1.000000
vt 0.300000 0.500000
vt 0.200000 1.000000
vt 0.200000 0.500000
vt 0.391068 0.444164
vt 0.250000 0.490000
vt 0.108932 0.444164
vt 0.021746 0.324164
vt 0.021746 0.175836
vt 0.108932 0.055836
vt 0.250000 0.010000
vt 0.391068 0.055836
vt 0.478254 0.175836
vt 0.478254 0.324164
vt 0.100000 1.000000
vt 0.100000 0.500000
vt -0.000000 1.000000
vt -0.000000 0.500000
vt 0.750000 0.490000
vt 0.891068 0.444164
vt 0.978254 0.324164
vt 0.978254 0.175836
vt 0.891068 0.055836
vt 0.750000 0.010000
vt 0.608932 0.055836
vt 0.521746 0.175836
vt 0.521746 0.324164
vt 0.608932 0.444164
s 1
usemtl M_Graphite
f 2365/4863/2353 2366/4864/2354 2368/4865/2356 2367/4866/2355
f 2367/4866/2355 2368/4865/2356 2370/4867/2358 2369/4868/2357
f 2369/4868/2357 2370/4867/2358 2372/4869/2360 2371/4870/2359
f 2371/4870/2359 2372/4869/2360 2374/4871/2362 2373/4872/2361
f 2373/4872/2361 2374/4871/2362 2376/4873/2364 2375/4874/2363
f 2375/4874/2363 2376/4873/2364 2378/4875/2366 2377/4876/2365
f 2377/4876/2365 2378/4875/2366 2380/4877/2368 2379/4878/2367
f 2379/4878/2367 2380/4877/2368 2382/4879/2370 2381/4880/2369
f 2368/4881/2356 2366/4882/2354 2384/4883/2372 2382/4884/2370 2380/4885/2368 2378/4886/2366 2376/4887/2364 2374/4888/2362 2372/4889/2360 2370/4890/2358
f 2381/4880/2369 2382/4879/2370 2384/4891/2372 2383/4892/2371
f 2383/4892/2371 2384/4891/2372 2366/4893/2354 2365/4894/2353
f 2365/4895/2353 2367/4896/2355 2369/4897/2357 2371/4898/2359 2373/4899/2361 2375/4900/2363 2377/4901/2365 2379/4902/2367 2381/4903/2369 2383/4904/2371
o Socket.112
v 0.340000 0.080000 0.064000
v 0.340000 0.088000 0.064000
v 0.343527 0.080000 0.065146
v 0.343527 0.088000 0.065146
v 0.345706 0.080000 0.068146
v 0.345706 0.088000 0.068146
v 0.345706 0.080000 0.071854
v 0.345706 0.088000 0.071854
v 0.343527 0.080000 0.074854
v 0.343527 0.088000 0.074854
v 0.340000 0.080000 0.076000
v 0.340000 0.088000 0.076000
v 0.336473 0.080000 0.074854
v 0.336473 0.088000 0.074854
v 0.334294 0.080000 0.071854
v 0.334294 0.088000 0.071854
v 0.334294 0.080000 0.068146
v 0.334294 0.088000 0.068146
v 0.336473 0.080000 0.065146
v 0.336473 0.088000 0.065146
vn -0.0000 -0.6437 -0.7653
vn -0.0000 0.6437 -0.7653
vn 0.4498 -0.6437 -0.6191
vn 0.4498 0.6437 -0.6191
vn 0.7278 -0.6437 -0.2365
vn 0.7278 0.6437 -0.2365
vn 0.7278 -0.6437 0.2365
vn 0.7278 0.6437 0.2365
vn 0.4498 -0.6437 0.6191
vn 0.4498 0.6437 0.6191
vn -0.0000 -0.6437 0.7653
vn -0.0000 0.6437 0.7653
vn -0.4498 -0.6437 0.6191
vn -0.4498 0.6437 0.6191
vn -0.7278 -0.6437 0.2365
vn -0.7278 0.6437 0.2365
vn -0.7278 -0.6437 -0.2365
vn -0.7278 0.6437 -0.2365
vn -0.4498 -0.6437 -0.6191
vn -0.4498 0.6437 -0.6191
vt 1.000000 0.500000
vt 1.000000 1.000000
vt 0.900000 1.000000
vt 0.900000 0.500000
vt 0.800000 1.000000
vt 0.800000 0.500000
vt 0.700000 1.000000
vt 0.700000 0.500000
vt 0.600000 1.000000
vt 0.600000 0.500000
vt 0.500000 1.000000
vt 0.500000 0.500000
vt 0.400000 1.000000
vt 0.400000 0.500000
vt 0.300000 1.000000
vt 0.300000 0.500000
vt 0.200000 1.000000
vt 0.200000 0.500000
vt 0.391068 0.444164
vt 0.250000 0.490000
vt 0.108932 0.444164
vt 0.021746 0.324164
vt 0.021746 0.175836
vt 0.108932 0.055836
vt 0.250000 0.010000
vt 0.391068 0.055836
vt 0.478254 0.175836
vt 0.478254 0.324164
vt 0.100000 1.000000
vt 0.100000 0.500000
vt -0.000000 1.000000
vt -0.000000 0.500000
vt 0.750000 0.490000
vt 0.891068 0.444164
vt 0.978254 0.324164
vt 0.978254 0.175836
vt 0.891068 0.055836
vt 0.750000 0.010000
vt 0.608932 0.055836
vt 0.521746 0.175836
vt 0.521746 0.324164
vt 0.608932 0.444164
s 1
usemtl M_Graphite
f 2385/4905/2373 2386/4906/2374 2388/4907/2376 2387/4908/2375
f 2387/4908/2375 2388/4907/2376 2390/4909/2378 2389/4910/2377
f 2389/4910/2377 2390/4909/2378 2392/4911/2380 2391/4912/2379
f 2391/4912/2379 2392/4911/2380 2394/4913/2382 2393/4914/2381
f 2393/4914/2381 2394/4913/2382 2396/4915/2384 2395/4916/2383
f 2395/4916/2383 2396/4915/2384 2398/4917/2386 2397/4918/2385
f 2397/4918/2385 2398/4917/2386 2400/4919/2388 2399/4920/2387
f 2399/4920/2387 2400/4919/2388 2402/4921/2390 2401/4922/2389
f 2388/4923/2376 2386/4924/2374 2404/4925/2392 2402/4926/2390 2400/4927/2388 2398/4928/2386 2396/4929/2384 2394/4930/2382 2392/4931/2380 2390/4932/2378
f 2401/4922/2389 2402/4921/2390 2404/4933/2392 2403/4934/2391
f 2403/4934/2391 2404/4933/2392 2386/4935/2374 2385/4936/2373
f 2385/4937/2373 2387/4938/2375 2389/4939/2377 2391/4940/2379 2393/4941/2381 2395/4942/2383 2397/4943/2385 2399/4944/2387 2401/4945/2389 2403/4946/2391
o Socket.113
v 0.385000 0.080000 0.064000
v 0.385000 0.088000 0.064000
v 0.388527 0.080000 0.065146
v 0.388527 0.088000 0.065146
v 0.390706 0.080000 0.068146
v 0.390706 0.088000 0.068146
v 0.390706 0.080000 0.071854
v 0.390706 0.088000 0.071854
v 0.388527 0.080000 0.074854
v 0.388527 0.088000 0.074854
v 0.385000 0.080000 0.076000
v 0.385000 0.088000 0.076000
v 0.381473 0.080000 0.074854
v 0.381473 0.088000 0.074854
v 0.379294 0.080000 0.071854
v 0.379294 0.088000 0.071854
v 0.379294 0.080000 0.068146
v 0.379294 0.088000 0.068146
v 0.381473 0.080000 0.065146
v 0.381473 0.088000 0.065146
vn -0.0000 -0.6437 -0.7653
vn -0.0000 0.6437 -0.7653
vn 0.4498 -0.6437 -0.6191
vn 0.4498 0.6437 -0.6191
vn 0.7278 -0.6437 -0.2365
vn 0.7278 0.6437 -0.2365
vn 0.7278 -0.6437 0.2365
vn 0.7278 0.6437 0.2365
vn 0.4498 -0.6437 0.6191
vn 0.4498 0.6437 0.6191
vn -0.0000 -0.6437 0.7653
vn -0.0000 0.6437 0.7653
vn -0.4498 -0.6437 0.6191
vn -0.4498 0.6437 0.6191
vn -0.7278 -0.6437 0.2365
vn -0.7278 0.6437 0.2365
vn -0.7278 -0.6437 -0.2365
vn -0.7278 0.6437 -0.2365
vn -0.4498 -0.6437 -0.6191
vn -0.4498 0.6437 -0.6191
vt 1.000000 0.500000
vt 1.000000 1.000000
vt 0.900000 1.000000
vt 0.900000 0.500000
vt 0.800000 1.000000
vt 0.800000 0.500000
vt 0.700000 1.000000
vt 0.700000 0.500000
vt 0.600000 1.000000
vt 0.600000 0.500000
vt 0.500000 1.000000
vt 0.500000 0.500000
vt 0.400000 1.000000
vt 0.400000 0.500000
vt 0.300000 1.000000
vt 0.300000 0.500000
vt 0.200000 1.000000
vt 0.200000 0.500000
vt 0.391068 0.444164
vt 0.250000 0.490000
vt 0.108932 0.444164
vt 0.021746 0.324164
vt 0.021746 0.175836
vt 0.108932 0.055836
vt 0.250000 0.010000
vt 0.391068 0.055836
vt 0.478254 0.175836
vt 0.478254 0.324164
vt 0.100000 1.000000
vt 0.100000 0.500000
vt -0.000000 1.000000
vt -0.000000 0.500000
vt 0.750000 0.490000
vt 0.891068 0.444164
vt 0.978254 0.324164
vt 0.978254 0.175836
vt 0.891068 0.055836
vt 0.750000 0.010000
vt 0.608932 0.055836
vt 0.521746 0.175836
vt 0.521746 0.324164
vt 0.608932 0.444164
s 1
usemtl M_Graphite
f 2405/4947/2393 2406/4948/2394 2408/4949/2396 2407/4950/2395
f 2407/4950/2395 2408/4949/2396 2410/4951/2398 2409/4952/2397
f 2409/4952/2397 2410/4951/2398 2412/4953/2400 2411/4954/2399
f 2411/4954/2399 2412/4953/2400 2414/4955/2402 2413/4956/2401
f 2413/4956/2401 2414/4955/2402 2416/4957/2404 2415/4958/2403
f 2415/4958/2403 2416/4957/2404 2418/4959/2406 2417/4960/2405
f 2417/4960/2405 2418/4959/2406 2420/4961/2408 2419/4962/2407
f 2419/4962/2407 2420/4961/2408 2422/4963/2410 2421/4964/2409
f 2408/4965/2396 2406/4966/2394 2424/4967/2412 2422/4968/2410 2420/4969/2408 2418/4970/2406 2416/4971/2404 2414/4972/2402 2412/4973/2400 2410/4974/2398
f 2421/4964/2409 2422/4963/2410 2424/4975/2412 2423/4976/2411
f 2423/4976/2411 2424/4975/2412 2406/4977/2394 2405/4978/2393
f 2405/4979/2393 2407/4980/2395 2409/4981/2397 2411/4982/2399 2413/4983/2401 2415/4984/2403 2417/4985/2405 2419/4986/2407 2421/4987/2409 2423/4988/2411
o Socket.114
v 0.430000 0.080000 0.064000
v 0.430000 0.088000 0.064000
v 0.433527 0.080000 0.065146
v 0.433527 0.088000 0.065146
v 0.435706 0.080000 0.068146
v 0.435706 0.088000 0.068146
v 0.435706 0.080000 0.071854
v 0.435706 0.088000 0.071854
v 0.433527 0.080000 0.074854
v 0.433527 0.088000 0.074854
v 0.430000 0.080000 0.076000
v 0.430000 0.088000 0.076000
v 0.426473 0.080000 0.074854
v 0.426473 0.088000 0.074854
v 0.424294 0.080000 0.071854
v 0.424294 0.088000 0.071854
v 0.424294 0.080000 0.068146
v 0.424294 0.088000 0.068146
v 0.426473 0.080000 0.065146
v 0.426473 0.088000 0.065146
vn -0.0000 -0.6437 -0.7653
vn -0.0000 0.6437 -0.7653
vn 0.4498 -0.6437 -0.6191
vn 0.4498 0.6437 -0.6191
vn 0.7278 -0.6437 -0.2365
vn 0.7278 0.6437 -0.2365
vn 0.7278 -0.6437 0.2365
vn 0.7278 0.6437 0.2365
vn 0.4498 -0.6437 0.6191
vn 0.4498 0.6437 0.6191
vn -0.0000 -0.6437 0.7653
vn -0.0000 0.6437 0.7653
vn -0.4498 -0.6437 0.6191
vn -0.4498 0.6437 0.6191
vn -0.7278 -0.6437 0.2365
vn -0.7278 0.6437 0.2365
vn -0.7278 -0.6437 -0.2365
vn -0.7278 0.6437 -0.2365
vn -0.4498 -0.6437 -0.6191
vn -0.4498 0.6437 -0.6191
vt 1.000000 0.500000
vt 1.000000 1.000000
vt 0.900000 1.000000
vt 0.900000 0.500000
vt 0.800000 1.000000
vt 0.800000 0.500000
vt 0.700000 1.000000
vt 0.700000 0.500000
vt 0.600000 1.000000
vt 0.600000 0.500000
vt 0.500000 1.000000
vt 0.500000 0.500000
vt 0.400000 1.000000
vt 0.400000 0.500000
vt 0.300000 1.000000
vt 0.300000 0.500000
vt 0.200000 1.000000
vt 0.200000 0.500000
vt 0.391068 0.444164
vt 0.250000 0.490000
vt 0.108932 0.444164
vt 0.021746 0.324164
vt 0.021746 0.175836
vt 0.108932 0.055836
vt 0.250000 0.010000
vt 0.391068 0.055836
vt 0.478254 0.175836
vt 0.478254 0.324164
vt 0.100000 1.000000
vt 0.100000 0.500000
vt -0.000000 1.000000
vt -0.000000 0.500000
vt 0.750000 0.490000
vt 0.891068 0.444164
vt 0.978254 0.324164
vt 0.978254 0.175836
vt 0.891068 0.055836
vt 0.750000 0.010000
vt 0.608932 0.055836
vt 0.521746 0.175836
vt 0.521746 0.324164
vt 0.608932 0.444164
s 1
usemtl M_Graphite
f 2425/4989/2413 2426/4990/2414 2428/4991/2416 2427/4992/2415
f 2427/4992/2415 2428/4991/2416 2430/4993/2418 2429/4994/2417
f 2429/4994/2417 2430/4993/2418 2432/4995/2420 2431/4996/2419
f 2431/4996/2419 2432/4995/2420 2434/4997/2422 2433/4998/2421
f 2433/4998/2421 2434/4997/2422 2436/4999/2424 2435/5000/2423
f 2435/5000/2423 2436/4999/2424 2438/5001/2426 2437/5002/2425
f 2437/5002/2425 2438/5001/2426 2440/5003/2428 2439/5004/2427
f 2439/5004/2427 2440/5003/2428 2442/5005/2430 2441/5006/2429
f 2428/5007/2416 2426/5008/2414 2444/5009/2432 2442/5010/2430 2440/5011/2428 2438/5012/2426 2436/5013/2424 2434/5014/2422 2432/5015/2420 2430/5016/2418
f 2441/5006/2429 2442/5005/2430 2444/5017/2432 2443/5018/2431
f 2443/5018/2431 2444/5017/2432 2426/5019/2414 2425/5020/2413
f 2425/5021/2413 2427/5022/2415 2429/5023/2417 2431/5024/2419 2433/5025/2421 2435/5026/2423 2437/5027/2425 2439/5028/2427 2441/5029/2429 2443/5030/2431
o Socket.115
v 0.475000 0.080000 0.064000
v 0.475000 0.088000 0.064000
v 0.478527 0.080000 0.065146
v 0.478527 0.088000 0.065146
v 0.480706 0.080000 0.068146
v 0.480706 0.088000 0.068146
v 0.480706 0.080000 0.071854
v 0.480706 0.088000 0.071854
v 0.478527 0.080000 0.074854
v 0.478527 0.088000 0.074854
v 0.475000 0.080000 0.076000
v 0.475000 0.088000 0.076000
v 0.471473 0.080000 0.074854
v 0.471473 0.088000 0.074854
v 0.469294 0.080000 0.071854
v 0.469294 0.088000 0.071854
v 0.469294 0.080000 0.068146
v 0.469294 0.088000 0.068146
v 0.471473 0.080000 0.065146
v 0.471473 0.088000 0.065146
vn -0.0000 -0.6437 -0.7653
vn -0.0000 0.6437 -0.7653
vn 0.4498 -0.6437 -0.6191
vn 0.4498 0.6437 -0.6191
vn 0.7278 -0.6437 -0.2365
vn 0.7278 0.6437 -0.2365
vn 0.7278 -0.6437 0.2365
vn 0.7278 0.6437 0.2365
vn 0.4498 -0.6437 0.6191
vn 0.4498 0.6437 0.6191
vn -0.0000 -0.6437 0.7653
vn -0.0000 0.6437 0.7653
vn -0.4498 -0.6437 0.6191
vn -0.4498 0.6437 0.6191
vn -0.7278 -0.6437 0.2365
vn -0.7278 0.6437 0.2365
vn -0.7278 -0.6437 -0.2365
vn -0.7278 0.6437 -0.2365
vn -0.4498 -0.6437 -0.6191
vn -0.4498 0.6437 -0.6191
vt 1.000000 0.500000
vt 1.000000 1.000000
vt 0.900000 1.000000
vt 0.900000 0.500000
vt 0.800000 1.000000
vt 0.800000 0.500000
vt 0.700000 1.000000
vt 0.700000 0.500000
vt 0.600000 1.000000
vt 0.600000 0.500000
vt 0.500000 1.000000
vt 0.500000 0.500000
vt 0.400000 1.000000
vt 0.400000 0.500000
vt 0.300000 1.000000
vt 0.300000 0.500000
vt 0.200000 1.000000
vt 0.200000 0.500000
vt 0.391068 0.444164
vt 0.250000 0.490000
vt 0.108932 0.444164
vt 0.021746 0.324164
vt 0.021746 0.175836
vt 0.108932 0.055836
vt 0.250000 0.010000
vt 0.391068 0.055836
vt 0.478254 0.175836
vt 0.478254 0.324164
vt 0.100000 1.000000
vt 0.100000 0.500000
vt -0.000000 1.000000
vt -0.000000 0.500000
vt 0.750000 0.490000
vt 0.891068 0.444164
vt 0.978254 0.324164
vt 0.978254 0.175836
vt 0.891068 0.055836
vt 0.750000 0.010000
vt 0.608932 0.055836
vt 0.521746 0.175836
vt 0.521746 0.324164
vt 0.608932 0.444164
s 1
usemtl M_Graphite
f 2445/5031/2433 2446/5032/2434 2448/5033/2436 2447/5034/2435
f 2447/5034/2435 2448/5033/2436 2450/5035/2438 2449/5036/2437
f 2449/5036/2437 2450/5035/2438 2452/5037/2440 2451/5038/2439
f 2451/5038/2439 2452/5037/2440 2454/5039/2442 2453/5040/2441
f 2453/5040/2441 2454/5039/2442 2456/5041/2444 2455/5042/2443
f 2455/5042/2443 2456/5041/2444 2458/5043/2446 2457/5044/2445
f 2457/5044/2445 2458/5043/2446 2460/5045/2448 2459/5046/2447
f 2459/5046/2447 2460/5045/2448 2462/5047/2450 2461/5048/2449
f 2448/5049/2436 2446/5050/2434 2464/5051/2452 2462/5052/2450 2460/5053/2448 2458/5054/2446 2456/5055/2444 2454/5056/2442 2452/5057/2440 2450/5058/2438
f 2461/5048/2449 2462/5047/2450 2464/5059/2452 2463/5060/2451
f 2463/5060/2451 2464/5059/2452 2446/5061/2434 2445/5062/2433
f 2445/5063/2433 2447/5064/2435 2449/5065/2437 2451/5066/2439 2453/5067/2441 2455/5068/2443 2457/5069/2445 2459/5070/2447 2461/5071/2449 2463/5072/2451
o Socket.116
v 0.520000 0.080000 0.064000
v 0.520000 0.088000 0.064000
v 0.523527 0.080000 0.065146
v 0.523527 0.088000 0.065146
v 0.525706 0.080000 0.068146
v 0.525706 0.088000 0.068146
v 0.525706 0.080000 0.071854
v 0.525706 0.088000 0.071854
v 0.523527 0.080000 0.074854
v 0.523527 0.088000 0.074854
v 0.520000 0.080000 0.076000
v 0.520000 0.088000 0.076000
v 0.516473 0.080000 0.074854
v 0.516473 0.088000 0.074854
v 0.514294 0.080000 0.071854
v 0.514294 0.088000 0.071854
v 0.514294 0.080000 0.068146
v 0.514294 0.088000 0.068146
v 0.516473 0.080000 0.065146
v 0.516473 0.088000 0.065146
vn -0.0000 -0.6437 -0.7653
vn -0.0000 0.6437 -0.7653
vn 0.4498 -0.6437 -0.6191
vn 0.4498 0.6437 -0.6191
vn 0.7278 -0.6437 -0.2365
vn 0.7278 0.6437 -0.2365
vn 0.7278 -0.6437 0.2365
vn 0.7278 0.6437 0.2365
vn 0.4498 -0.6437 0.6191
vn 0.4498 0.6437 0.6191
vn -0.0000 -0.6437 0.7653
vn -0.0000 0.6437 0.7653
vn -0.4498 -0.6437 0.6191
vn -0.4498 0.6437 0.6191
vn -0.7278 -0.6437 0.2365
vn -0.7278 0.6437 0.2365
vn -0.7278 -0.6437 -0.2365
vn -0.7278 0.6437 -0.2365
vn -0.4498 -0.6437 -0.6191
vn -0.4498 0.6437 -0.6191
vt 1.000000 0.500000
vt 1.000000 1.000000
vt 0.900000 1.000000
vt 0.900000 0.500000
vt 0.800000 1.000000
vt 0.800000 0.500000
vt 0.700000 1.000000
vt 0.700000 0.500000
vt 0.600000 1.000000
vt 0.600000 0.500000
vt 0.500000 1.000000
vt 0.500000 0.500000
vt 0.400000 1.000000
vt 0.400000 0.500000
vt 0.300000 1.000000
vt 0.300000 0.500000
vt 0.200000 1.000000
vt 0.200000 0.500000
vt 0.391068 0.444164
vt 0.250000 0.490000
vt 0.108932 0.444164
vt 0.021746 0.324164
vt 0.021746 0.175836
vt 0.108932 0.055836
vt 0.250000 0.010000
vt 0.391068 0.055836
vt 0.478254 0.175836
vt 0.478254 0.324164
vt 0.100000 1.000000
vt 0.100000 0.500000
vt -0.000000 1.000000
vt -0.000000 0.500000
vt 0.750000 0.490000
vt 0.891068 0.444164
vt 0.978254 0.324164
vt 0.978254 0.175836
vt 0.891068 0.055836
vt 0.750000 0.010000
vt 0.608932 0.055836
vt 0.521746 0.175836
vt 0.521746 0.324164
vt 0.608932 0.444164
s 1
usemtl M_Graphite
f 2465/5073/2453 2466/5074/2454 2468/5075/2456 2467/5076/2455
f 2467/5076/2455 2468/5075/2456 2470/5077/2458 2469/5078/2457
f 2469/5078/2457 2470/5077/2458 2472/5079/2460 2471/5080/2459
f 2471/5080/2459 2472/5079/2460 2474/5081/2462 2473/5082/2461
f 2473/5082/2461 2474/5081/2462 2476/5083/2464 2475/5084/2463
f 2475/5084/2463 2476/5083/2464 2478/5085/2466 2477/5086/2465
f 2477/5086/2465 2478/5085/2466 2480/5087/2468 2479/5088/2467
f 2479/5088/2467 2480/5087/2468 2482/5089/2470 2481/5090/2469
f 2468/5091/2456 2466/5092/2454 2484/5093/2472 2482/5094/2470 2480/5095/2468 2478/5096/2466 2476/5097/2464 2474/5098/2462 2472/5099/2460 2470/5100/2458
f 2481/5090/2469 2482/5089/2470 2484/5101/2472 2483/5102/2471
f 2483/5102/2471 2484/5101/2472 2466/5103/2454 2465/5104/2453
f 2465/5105/2453 2467/5106/2455 2469/5107/2457 2471/5108/2459 2473/5109/2461 2475/5110/2463 2477/5111/2465 2479/5112/2467 2481/5113/2469 2483/5114/2471
o Socket.117
v 0.565000 0.080000 0.064000
v 0.565000 0.088000 0.064000
v 0.568527 0.080000 0.065146
v 0.568527 0.088000 0.065146
v 0.570706 0.080000 0.068146
v 0.570706 0.088000 0.068146
v 0.570706 0.080000 0.071854
v 0.570706 0.088000 0.071854
v 0.568527 0.080000 0.074854
v 0.568527 0.088000 0.074854
v 0.565000 0.080000 0.076000
v 0.565000 0.088000 0.076000
v 0.561473 0.080000 0.074854
v 0.561473 0.088000 0.074854
v 0.559294 0.080000 0.071854
v 0.559294 0.088000 0.071854
v 0.559294 0.080000 0.068146
v 0.559294 0.088000 0.068146
v 0.561473 0.080000 0.065146
v 0.561473 0.088000 0.065146
vn -0.0000 -0.6437 -0.7653
vn -0.0000 0.6437 -0.7653
vn 0.4498 -0.6437 -0.6191
vn 0.4498 0.6437 -0.6191
vn 0.7278 -0.6437 -0.2365
vn 0.7278 0.6437 -0.2365
vn 0.7278 -0.6437 0.2365
vn 0.7278 0.6437 0.2365
vn 0.4498 -0.6437 0.6191
vn 0.4498 0.6437 0.6191
vn -0.0000 -0.6437 0.7653
vn -0.0000 0.6437 0.7653
vn -0.4498 -0.6437 0.6191
vn -0.4498 0.6437 0.6191
vn -0.7278 -0.6437 0.2365
vn -0.7278 0.6437 0.2365
vn -0.7278 -0.6437 -0.2365
vn -0.7278 0.6437 -0.2365
vn -0.4498 -0.6437 -0.6191
vn -0.4498 0.6437 -0.6191
vt 1.000000 0.500000
vt 1.000000 1.000000
vt 0.900000 1.000000
vt 0.900000 0.500000
vt 0.800000 1.000000
vt 0.800000 0.500000
vt 0.700000 1.000000
vt 0.700000 0.500000
vt 0.600000 1.000000
vt 0.600000 0.500000
vt 0.500000 1.000000
vt 0.500000 0.500000
vt 0.400000 1.000000
vt 0.400000 0.500000
vt 0.300000 1.000000
vt 0.300000 0.500000
vt 0.200000 1.000000
vt 0.200000 0.500000
vt 0.391068 0.444164
vt 0.250000 0.490000
vt 0.108932 0.444164
vt 0.021746 0.324164
vt 0.021746 0.175836
vt 0.108932 0.055836
vt 0.250000 0.010000
vt 0.391068 0.055836
vt 0.478254 0.175836
vt 0.478254 0.324164
vt 0.100000 1.000000
vt 0.100000 0.500000
vt -0.000000 1.000000
vt -0.000000 0.500000
vt 0.750000 0.490000
vt 0.891068 0.444164
vt 0.978254 0.324164
vt 0.978254 0.175836
vt 0.891068 0.055836
vt 0.750000 0.010000
vt 0.608932 0.055836
vt 0.521746 0.175836
vt 0.521746 0.324164
vt 0.608932 0.444164
s 1
usemtl M_Graphite
f 2485/5115/2473 2486/5116/2474 2488/5117/2476 2487/5118/2475
f 2487/5118/2475 2488/5117/2476 2490/5119/2478 2489/5120/2477
f 2489/5120/2477 2490/5119/2478 2492/5121/2480 2491/5122/2479
f 2491/5122/2479 2492/5121/2480 2494/5123/2482 2493/5124/2481
f 2493/5124/2481 2494/5123/2482 2496/5125/2484 2495/5126/2483
f 2495/5126/2483 2496/5125/2484 2498/5127/2486 2497/5128/2485
f 2497/5128/2485 2498/5127/2486 2500/5129/2488 2499/5130/2487
f 2499/5130/2487 2500/5129/2488 2502/5131/2490 2501/5132/2489
f 2488/5133/2476 2486/5134/2474 2504/5135/2492 2502/5136/2490 2500/5137/2488 2498/5138/2486 2496/5139/2484 2494/5140/2482 2492/5141/2480 2490/5142/2478
f 2501/5132/2489 2502/5131/2490 2504/5143/2492 2503/5144/2491
f 2503/5144/2491 2504/5143/2492 2486/5145/2474 2485/5146/2473
f 2485/5147/2473 2487/5148/2475 2489/5149/2477 2491/5150/2479 2493/5151/2481 2495/5152/2483 2497/5153/2485 2499/5154/2487 2501/5155/2489 2503/5156/2491
o Socket.118
v 0.610000 0.080000 0.064000
v 0.610000 0.088000 0.064000
v 0.613527 0.080000 0.065146
v 0.613527 0.088000 0.065146
v 0.615706 0.080000 0.068146
v 0.615706 0.088000 0.068146
v 0.615706 0.080000 0.071854
v 0.615706 0.088000 0.071854
v 0.613527 0.080000 0.074854
v 0.613527 0.088000 0.074854
v 0.610000 0.080000 0.076000
v 0.610000 0.088000 0.076000
v 0.606473 0.080000 0.074854
v 0.606473 0.088000 0.074854
v 0.604294 0.080000 0.071854
v 0.604294 0.088000 0.071854
v 0.604294 0.080000 0.068146
v 0.604294 0.088000 0.068146
v 0.606473 0.080000 0.065146
v 0.606473 0.088000 0.065146
vn -0.0000 -0.6437 -0.7653
vn -0.0000 0.6437 -0.7653
vn 0.4498 -0.6437 -0.6191
vn 0.4498 0.6437 -0.6191
vn 0.7278 -0.6437 -0.2365
vn 0.7278 0.6437 -0.2365
vn 0.7278 -0.6437 0.2365
vn 0.7278 0.6437 0.2365
vn 0.4498 -0.6437 0.6191
vn 0.4498 0.6437 0.6191
vn -0.0000 -0.6437 0.7653
vn -0.0000 0.6437 0.7653
vn -0.4498 -0.6437 0.6191
vn -0.4498 0.6437 0.6191
vn -0.7278 -0.6437 0.2365
vn -0.7278 0.6437 0.2365
vn -0.7278 -0.6437 -0.2365
vn -0.7278 0.6437 -0.2365
vn -0.4498 -0.6437 -0.6191
vn -0.4498 0.6437 -0.6191
vt 1.000000 0.500000
vt 1.000000 1.000000
vt 0.900000 1.000000
vt 0.900000 0.500000
vt 0.800000 1.000000
vt 0.800000 0.500000
vt 0.700000 1.000000
vt 0.700000 0.500000
vt 0.600000 1.000000
vt 0.600000 0.500000
vt 0.500000 1.000000
vt 0.500000 0.500000
vt 0.400000 1.000000
vt 0.400000 0.500000
vt 0.300000 1.000000
vt 0.300000 0.500000
vt 0.200000 1.000000
vt 0.200000 0.500000
vt 0.391068 0.444164
vt 0.250000 0.490000
vt 0.108932 0.444164
vt 0.021746 0.324164
vt 0.021746 0.175836
vt 0.108932 0.055836
vt 0.250000 0.010000
vt 0.391068 0.055836
vt 0.478254 0.175836
vt 0.478254 0.324164
vt 0.100000 1.000000
vt 0.100000 0.500000
vt -0.000000 1.000000
vt -0.000000 0.500000
vt 0.750000 0.490000
vt 0.891068 0.444164
vt 0.978254 0.324164
vt 0.978254 0.175836
vt 0.891068 0.055836
vt 0.750000 0.010000
vt 0.608932 0.055836
vt 0.521746 0.175836
vt 0.521746 0.324164
vt 0.608932 0.444164
s 1
usemtl M_Graphite
f 2505/5157/2493 2506/5158/2494 2508/5159/2496 2507/5160/2495
f 2507/5160/2495 2508/5159/2496 2510/5161/2498 2509/5162/2497
f 2509/5162/2497 2510/5161/2498 2512/5163/2500 2511/5164/2499
f 2511/5164/2499 2512/5163/2500 2514/5165/2502 2513/5166/2501
f 2513/5166/2501 2514/5165/2502 2516/5167/2504 2515/5168/2503
f 2515/5168/2503 2516/5167/2504 2518/5169/2506 2517/5170/2505
f 2517/5170/2505 2518/5169/2506 2520/5171/2508 2519/5172/2507
f 2519/5172/2507 2520/5171/2508 2522/5173/2510 2521/5174/2509
f 2508/5175/2496 2506/5176/2494 2524/5177/2512 2522/5178/2510 2520/5179/2508 2518/5180/2506 2516/5181/2504 2514/5182/2502 2512/5183/2500 2510/5184/2498
f 2521/5174/2509 2522/5173/2510 2524/5185/2512 2523/5186/2511
f 2523/5186/2511 2524/5185/2512 2506/5187/2494 2505/5188/2493
f 2505/5189/2493 2507/5190/2495 2509/5191/2497 2511/5192/2499 2513/5193/2501 2515/5194/2503 2517/5195/2505 2519/5196/2507 2521/5197/2509 2523/5198/2511
o Socket.119
v 0.655000 0.080000 0.064000
v 0.655000 0.088000 0.064000
v 0.658527 0.080000 0.065146
v 0.658527 0.088000 0.065146
v 0.660706 0.080000 0.068146
v 0.660706 0.088000 0.068146
v 0.660706 0.080000 0.071854
v 0.660706 0.088000 0.071854
v 0.658527 0.080000 0.074854
v 0.658527 0.088000 0.074854
v 0.655000 0.080000 0.076000
v 0.655000 0.088000 0.076000
v 0.651473 0.080000 0.074854
v 0.651473 0.088000 0.074854
v 0.649294 0.080000 0.071854
v 0.649294 0.088000 0.071854
v 0.649294 0.080000 0.068146
v 0.649294 0.088000 0.068146
v 0.651473 0.080000 0.065146
v 0.651473 0.088000 0.065146
vn -0.0000 -0.6437 -0.7653
vn -0.0000 0.6437 -0.7653
vn 0.4498 -0.6437 -0.6191
vn 0.4498 0.6437 -0.6191
vn 0.7278 -0.6437 -0.2365
vn 0.7278 0.6437 -0.2365
vn 0.7278 -0.6437 0.2365
vn 0.7278 0.6437 0.2365
vn 0.4498 -0.6437 0.6191
vn 0.4498 0.6437 0.6191
vn -0.0000 -0.6437 0.7653
vn -0.0000 0.6437 0.7653
vn -0.4498 -0.6437 0.6191
vn -0.4498 0.6437 0.6191
vn -0.7278 -0.6437 0.2365
vn -0.7278 0.6437 0.2365
vn -0.7278 -0.6437 -0.2365
vn -0.7278 0.6437 -0.2365
vn -0.4498 -0.6437 -0.6191
vn -0.4498 0.6437 -0.6191
vt 1.000000 0.500000
vt 1.000000 1.000000
vt 0.900000 1.000000
vt 0.900000 0.500000
vt 0.800000 1.000000
vt 0.800000 0.500000
vt 0.700000 1.000000
vt 0.700000 0.500000
vt 0.600000 1.000000
vt 0.600000 0.500000
vt 0.500000 1.000000
vt 0.500000 0.500000
vt 0.400000 1.000000
vt 0.400000 0.500000
vt 0.300000 1.000000
vt 0.300000 0.500000
vt 0.200000 1.000000
vt 0.200000 0.500000
vt 0.391068 0.444164
vt 0.250000 0.490000
vt 0.108932 0.444164
vt 0.021746 0.324164
vt 0.021746 0.175836
vt 0.108932 0.055836
vt 0.250000 0.010000
vt 0.391068 0.055836
vt 0.478254 0.175836
vt 0.478254 0.324164
vt 0.100000 1.000000
vt 0.100000 0.500000
vt -0.000000 1.000000
vt -0.000000 0.500000
vt 0.750000 0.490000
vt 0.891068 0.444164
vt 0.978254 0.324164
vt 0.978254 0.175836
vt 0.891068 0.055836
vt 0.750000 0.010000
vt 0.608932 0.055836
vt 0.521746 0.175836
vt 0.521746 0.324164
vt 0.608932 0.444164
s 1
usemtl M_Graphite
f 2525/5199/2513 2526/5200/2514 2528/5201/2516 2527/5202/2515
f 2527/5202/2515 2528/5201/2516 2530/5203/2518 2529/5204/2517
f 2529/5204/2517 2530/5203/2518 2532/5205/2520 2531/5206/2519
f 2531/5206/2519 2532/5205/2520 2534/5207/2522 2533/5208/2521
f 2533/5208/2521 2534/5207/2522 2536/5209/2524 2535/5210/2523
f 2535/5210/2523 2536/5209/2524 2538/5211/2526 2537/5212/2525
f 2537/5212/2525 2538/5211/2526 2540/5213/2528 2539/5214/2527
f 2539/5214/2527 2540/5213/2528 2542/5215/2530 2541/5216/2529
f 2528/5217/2516 2526/5218/2514 2544/5219/2532 2542/5220/2530 2540/5221/2528 2538/5222/2526 2536/5223/2524 2534/5224/2522 2532/5225/2520 2530/5226/2518
f 2541/5216/2529 2542/5215/2530 2544/5227/2532 2543/5228/2531
f 2543/5228/2531 2544/5227/2532 2526/5229/2514 2525/5230/2513
f 2525/5231/2513 2527/5232/2515 2529/5233/2517 2531/5234/2519 2533/5235/2521 2535/5236/2523 2537/5237/2525 2539/5238/2527 2541/5239/2529 2543/5240/2531
o Socket.120
v -0.650000 0.080000 0.019000
v -0.650000 0.088000 0.019000
v -0.646473 0.080000 0.020146
v -0.646473 0.088000 0.020146
v -0.644294 0.080000 0.023146
v -0.644294 0.088000 0.023146
v -0.644294 0.080000 0.026854
v -0.644294 0.088000 0.026854
v -0.646473 0.080000 0.029854
v -0.646473 0.088000 0.029854
v -0.650000 0.080000 0.031000
v -0.650000 0.088000 0.031000
v -0.653527 0.080000 0.029854
v -0.653527 0.088000 0.029854
v -0.655706 0.080000 0.026854
v -0.655706 0.088000 0.026854
v -0.655706 0.080000 0.023146
v -0.655706 0.088000 0.023146
v -0.653527 0.080000 0.020146
v -0.653527 0.088000 0.020146
vn -0.0000 -0.6437 -0.7653
vn -0.0000 0.6437 -0.7653
vn 0.4498 -0.6437 -0.6191
vn 0.4498 0.6437 -0.6191
vn 0.7278 -0.6437 -0.2365
vn 0.7278 0.6437 -0.2365
vn 0.7278 -0.6437 0.2365
vn 0.7278 0.6437 0.2365
vn 0.4498 -0.6437 0.6191
vn 0.4498 0.6437 0.6191
vn -0.0000 -0.6437 0.7653
vn -0.0000 0.6437 0.7653
vn -0.4498 -0.6437 0.6191
vn -0.4498 0.6437 0.6191
vn -0.7278 -0.6437 0.2365
vn -0.7278 0.6437 0.2365
vn -0.7278 -0.6437 -0.2365
vn -0.7278 0.6437 -0.2365
vn -0.4498 -0.6437 -0.6191
vn -0.4498 0.6437 -0.6191
vt 1.000000 0.500000
vt 1.000000 1.000000
vt 0.900000 1.000000
vt 0.900000 0.500000
vt 0.800000 1.000000
vt 0.800000 0.500000
vt 0.700000 1.000000
vt 0.700000 0.500000
vt 0.600000 1.000000
vt 0.600000 0.500000
vt 0.500000 1.000000
vt 0.500000 0.500000
vt 0.400000 1.000000
vt 0.400000 0.500000
vt 0.300000 1.000000
vt 0.300000 0.500000
vt 0.200000 1.000000
vt 0.200000 0.500000
vt 0.391068 0.444164
vt 0.250000 0.490000
vt 0.108932 0.444164
vt 0.021746 0.324164
vt 0.021746 0.175836
vt 0.108932 0.055836
vt 0.250000 0.010000
vt 0.391068 0.055836
vt 0.478254 0.175836
vt 0.478254 0.324164
vt 0.100000 1.000000
vt 0.100000 0.500000
vt -0.000000 1.000000
vt -0.000000 0.500000
vt 0.750000 0.490000
vt 0.891068 0.444164
vt 0.978254 0.324164
vt 0.978254 0.175836
vt 0.891068 0.055836
vt 0.750000 0.010000
vt 0.608932 0.055836
vt 0.521746 0.175836
vt 0.521746 0.324164
vt 0.608932 0.444164
s 1
usemtl M_Graphite
f 2545/5241/2533 2546/5242/2534 2548/5243/2536 2547/5244/2535
f 2547/5244/2535 2548/5243/2536 2550/5245/2538 2549/5246/2537
f 2549/5246/2537 2550/5245/2538 2552/5247/2540 2551/5248/2539
f 2551/5248/2539 2552/5247/2540 2554/5249/2542 2553/5250/2541
f 2553/5250/2541 2554/5249/2542 2556/5251/2544 2555/5252/2543
f 2555/5252/2543 2556/5251/2544 2558/5253/2546 2557/5254/2545
f 2557/5254/2545 2558/5253/2546 2560/5255/2548 2559/5256/2547
f 2559/5256/2547 2560/5255/2548 2562/5257/2550 2561/5258/2549
f 2548/5259/2536 2546/5260/2534 2564/5261/2552 2562/5262/2550 2560/5263/2548 2558/5264/2546 2556/5265/2544 2554/5266/2542 2552/5267/2540 2550/5268/2538
f 2561/5258/2549 2562/5257/2550 2564/5269/2552 2563/5270/2551
f 2563/5270/2551 2564/5269/2552 2546/5271/2534 2545/5272/2533
f 2545/5273/2533 2547/5274/2535 2549/5275/2537 2551/5276/2539 2553/5277/2541 2555/5278/2543 2557/5279/2545 2559/5280/2547 2561/5281/2549 2563/5282/2551
o Socket.121
v -0.605000 0.080000 0.019000
v -0.605000 0.088000 0.019000
v -0.601473 0.080000 0.020146
v -0.601473 0.088000 0.020146
v -0.599294 0.080000 0.023146
v -0.599294 0.088000 0.023146
v -0.599294 0.080000 0.026854
v -0.599294 0.088000 0.026854
v -0.601473 0.080000 0.029854
v -0.601473 0.088000 0.029854
v -0.605000 0.080000 0.031000
v -0.605000 0.088000 0.031000
v -0.608527 0.080000 0.029854
v -0.608527 0.088000 0.029854
v -0.610706 0.080000 0.026854
v -0.610706 0.088000 0.026854
v -0.610706 0.080000 0.023146
v -0.610706 0.088000 0.023146
v -0.608527 0.080000 0.020146
v -0.608527 0.088000 0.020146
vn -0.0000 -0.6437 -0.7653
vn -0.0000 0.6437 -0.7653
vn 0.4498 -0.6437 -0.6191
vn 0.4498 0.6437 -0.6191
vn 0.7278 -0.6437 -0.2365
vn 0.7278 0.6437 -0.2365
vn 0.7278 -0.6437 0.2365
vn 0.7278 0.6437 0.2365
vn 0.4498 -0.6437 0.6191
vn 0.4498 0.6437 0.6191
vn -0.0000 -0.6437 0.7653
vn -0.0000 0.6437 0.7653
vn -0.4498 -0.6437 0.6191
vn -0.4498 0.6437 0.6191
vn -0.7278 -0.6437 0.2365
vn -0.7278 0.6437 0.2365
vn -0.7278 -0.6437 -0.2365
vn -0.7278 0.6437 -0.2365
vn -0.4498 -0.6437 -0.6191
vn -0.4498 0.6437 -0.6191
vt 1.000000 0.500000
vt 1.000000 1.000000
vt 0.900000 1.000000
vt 0.900000 0.500000
vt 0.800000 1.000000
vt 0.800000 0.500000
vt 0.700000 1.000000
vt 0.700000 0.500000
vt 0.600000 1.000000
vt 0.600000 0.500000
vt 0.500000 1.000000
vt 0.500000 0.500000
vt 0.400000 1.000000
vt 0.400000 0.500000
vt 0.300000 1.000000
vt 0.300000 0.500000
vt 0.200000 1.000000
vt 0.200000 0.500000
vt 0.391068 0.444164
vt 0.250000 0.490000
vt 0.108932 0.444164
vt 0.021746 0.324164
vt 0.021746 0.175836
vt 0.108932 0.055836
vt 0.250000 0.010000
vt 0.391068 0.055836
vt 0.478254 0.175836
vt 0.478254 0.324164
vt 0.100000 1.000000
vt 0.100000 0.500000
vt -0.000000 1.000000
vt -0.000000 0.500000
vt 0.750000 0.490000
vt 0.891068 0.444164
vt 0.978254 0.324164
vt 0.978254 0.175836
vt 0.891068 0.055836
vt 0.750000 0.010000
vt 0.608932 0.055836
vt 0.521746 0.175836
vt 0.521746 0.324164
vt 0.608932 0.444164
s 1
usemtl M_Graphite
f 2565/5283/2553 2566/5284/2554 2568/5285/2556 2567/5286/2555
f 2567/5286/2555 2568/5285/2556 2570/5287/2558 2569/5288/2557
f 2569/5288/2557 2570/5287/2558 2572/5289/2560 2571/5290/2559
f 2571/5290/2559 2572/5289/2560 2574/5291/2562 2573/5292/2561
f 2573/5292/2561 2574/5291/2562 2576/5293/2564 2575/5294/2563
f 2575/5294/2563 2576/5293/2564 2578/5295/2566 2577/5296/2565
f 2577/5296/2565 2578/5295/2566 2580/5297/2568 2579/5298/2567
f 2579/5298/2567 2580/5297/2568 2582/5299/2570 2581/5300/2569
f 2568/5301/2556 2566/5302/2554 2584/5303/2572 2582/5304/2570 2580/5305/2568 2578/5306/2566 2576/5307/2564 2574/5308/2562 2572/5309/2560 2570/5310/2558
f 2581/5300/2569 2582/5299/2570 2584/5311/2572 2583/5312/2571
f 2583/5312/2571 2584/5311/2572 2566/5313/2554 2565/5314/2553
f 2565/5315/2553 2567/5316/2555 2569/5317/2557 2571/5318/2559 2573/5319/2561 2575/5320/2563 2577/5321/2565 2579/5322/2567 2581/5323/2569 2583/5324/2571
o Socket.122
v -0.560000 0.080000 0.019000
v -0.560000 0.088000 0.019000
v -0.556473 0.080000 0.020146
v -0.556473 0.088000 0.020146
v -0.554294 0.080000 0.023146
v -0.554294 0.088000 0.023146
v -0.554294 0.080000 0.026854
v -0.554294 0.088000 0.026854
v -0.556473 0.080000 0.029854
v -0.556473 0.088000 0.029854
v -0.560000 0.080000 0.031000
v -0.560000 0.088000 0.031000
v -0.563527 0.080000 0.029854
v -0.563527 0.088000 0.029854
v -0.565706 0.080000 0.026854
v -0.565706 0.088000 0.026854
v -0.565706 0.080000 0.023146
v -0.565706 0.088000 0.023146
v -0.563527 0.080000 0.020146
v -0.563527 0.088000 0.020146
vn -0.0000 -0.6437 -0.7653
vn -0.0000 0.6437 -0.7653
vn 0.4498 -0.6437 -0.6191
vn 0.4498 0.6437 -0.6191
vn 0.7278 -0.6437 -0.2365
vn 0.7278 0.6437 -0.2365
vn 0.7278 -0.6437 0.2365
vn 0.7278 0.6437 0.2365
vn 0.4498 -0.6437 0.6191
vn 0.4498 0.6437 0.6191
vn -0.0000 -0.6437 0.7653
vn -0.0000 0.6437 0.7653
vn -0.4498 -0.6437 0.6191
vn -0.4498 0.6437 0.6191
vn -0.7278 -0.6437 0.2365
vn -0.7278 0.6437 0.2365
vn -0.7278 -0.6437 -0.2365
vn -0.7278 0.6437 -0.2365
vn -0.4498 -0.6437 -0.6191
vn -0.4498 0.6437 -0.6191
vt 1.000000 0.500000
vt 1.000000 1.000000
vt 0.900000 1.000000
vt 0.900000 0.500000
vt 0.800000 1.000000
vt 0.800000 0.500000
vt 0.700000 1.000000
vt 0.700000 0.500000
vt 0.600000 1.000000
vt 0.600000 0.500000
vt 0.500000 1.000000
vt 0.500000 0.500000
vt 0.400000 1.000000
vt 0.400000 0.500000
vt 0.300000 1.000000
vt 0.300000 0.500000
vt 0.200000 1.000000
vt 0.200000 0.500000
vt 0.391068 0.444164
vt 0.250000 0.490000
vt 0.108932 0.444164
vt 0.021746 0.324164
vt 0.021746 0.175836
vt 0.108932 0.055836
vt 0.250000 0.010000
vt 0.391068 0.055836
vt 0.478254 0.175836
vt 0.478254 0.324164
vt 0.100000 1.000000
vt 0.100000 0.500000
vt -0.000000 1.000000
vt -0.000000 0.500000
vt 0.750000 0.490000
vt 0.891068 0.444164
vt 0.978254 0.324164
vt 0.978254 0.175836
vt 0.891068 0.055836
vt 0.750000 0.010000
vt 0.608932 0.055836
vt 0.521746 0.175836
vt 0.521746 0.324164
vt 0.608932 0.444164
s 1
usemtl M_Graphite
f 2585/5325/2573 2586/5326/2574 2588/5327/2576 2587/5328/2575
f 2587/5328/2575 2588/5327/2576 2590/5329/2578 2589/5330/2577
f 2589/5330/2577 2590/5329/2578 2592/5331/2580 2591/5332/2579
f 2591/5332/2579 2592/5331/2580 2594/5333/2582 2593/5334/2581
f 2593/5334/2581 2594/5333/2582 2596/5335/2584 2595/5336/2583
f 2595/5336/2583 2596/5335/2584 2598/5337/2586 2597/5338/2585
f 2597/5338/2585 2598/5337/2586 2600/5339/2588 2599/5340/2587
f 2599/5340/2587 2600/5339/2588 2602/5341/2590 2601/5342/2589
f 2588/5343/2576 2586/5344/2574 2604/5345/2592 2602/5346/2590 2600/5347/2588 2598/5348/2586 2596/5349/2584 2594/5350/2582 2592/5351/2580 2590/5352/2578
f 2601/5342/2589 2602/5341/2590 2604/5353/2592 2603/5354/2591
f 2603/5354/2591 2604/5353/2592 2586/5355/2574 2585/5356/2573
f 2585/5357/2573 2587/5358/2575 2589/5359/2577 2591/5360/2579 2593/5361/2581 2595/5362/2583 2597/5363/2585 2599/5364/2587 2601/5365/2589 2603/5366/2591
o Socket.123
v -0.515000 0.080000 0.019000
v -0.515000 0.088000 0.019000
v -0.511473 0.080000 0.020146
v -0.511473 0.088000 0.020146
v -0.509294 0.080000 0.023146
v -0.509294 0.088000 0.023146
v -0.509294 0.080000 0.026854
v -0.509294 0.088000 0.026854
v -0.511473 0.080000 0.029854
v -0.511473 0.088000 0.029854
v -0.515000 0.080000 0.031000
v -0.515000 0.088000 0.031000
v -0.518527 0.080000 0.029854
v -0.518527 0.088000 0.029854
v -0.520706 0.080000 0.026854
v -0.520706 0.088000 0.026854
v -0.520706 0.080000 0.023146
v -0.520706 0.088000 0.023146
v -0.518527 0.080000 0.020146
v -0.518527 0.088000 0.020146
vn -0.0000 -0.6437 -0.7653
vn -0.0000 0.6437 -0.7653
vn 0.4498 -0.6437 -0.6191
vn 0.4498 0.6437 -0.6191
vn 0.7278 -0.6437 -0.2365
vn 0.7278 0.6437 -0.2365
vn 0.7278 -0.6437 0.2365
vn 0.7278 0.6437 0.2365
vn 0.4498 -0.6437 0.6191
vn 0.4498 0.6437 0.6191
vn -0.0000 -0.6437 0.7653
vn -0.0000 0.6437 0.7653
vn -0.4498 -0.6437 0.6191
vn -0.4498 0.6437 0.6191
vn -0.7278 -0.6437 0.2365
vn -0.7278 0.6437 0.2365
vn -0.7278 -0.6437 -0.2365
vn -0.7278 0.6437 -0.2365
vn -0.4498 -0.6437 -0.6191
vn -0.4498 0.6437 -0.6191
vt 1.000000 0.500000
vt 1.000000 1.000000
vt 0.900000 1.000000
vt 0.900000 0.500000
vt 0.800000 1.000000
vt 0.800000 0.500000
vt 0.700000 1.000000
vt 0.700000 0.500000
vt 0.600000 1.000000
vt 0.600000 0.500000
vt 0.500000 1.000000
vt 0.500000 0.500000
vt 0.400000 1.000000
vt 0.400000 0.500000
vt 0.300000 1.000000
vt 0.300000 0.500000
vt 0.200000 1.000000
vt 0.200000 0.500000
vt 0.391068 0.444164
vt 0.250000 0.490000
vt 0.108932 0.444164
vt 0.021746 0.324164
vt 0.021746 0.175836
vt 0.108932 0.055836
vt 0.250000 0.010000
vt 0.391068 0.055836
vt 0.478254 0.175836
vt 0.478254 0.324164
vt 0.100000 1.000000
vt 0.100000 0.500000
vt -0.000000 1.000000
vt -0.000000 0.500000
vt 0.750000 0.490000
vt 0.891068 0.444164
vt 0.978254 0.324164
vt 0.978254 0.175836
vt 0.891068 0.055836
vt 0.750000 0.010000
vt 0.608932 0.055836
vt 0.521746 0.175836
vt 0.521746 0.324164
vt 0.608932 0.444164
s 1
usemtl M_Graphite
f 2605/5367/2593 2606/5368/2594 2608/5369/2596 2607/5370/2595
f 2607/5370/2595 2608/5369/2596 2610/5371/2598 2609/5372/2597
f 2609/5372/2597 2610/5371/2598 2612/5373/2600 2611/5374/2599
f 2611/5374/2599 2612/5373/2600 2614/5375/2602 2613/5376/2601
f 2613/5376/2601 2614/5375/2602 2616/5377/2604 2615/5378/2603
f 2615/5378/2603 2616/5377/2604 2618/5379/2606 2617/5380/2605
f 2617/5380/2605 2618/5379/2606 2620/5381/2608 2619/5382/2607
f 2619/5382/2607 2620/5381/2608 2622/5383/2610 2621/5384/2609
f 2608/5385/2596 2606/5386/2594 2624/5387/2612 2622/5388/2610 2620/5389/2608 2618/5390/2606 2616/5391/2604 2614/5392/2602 2612/5393/2600 2610/5394/2598
f 2621/5384/2609 2622/5383/2610 2624/5395/2612 2623/5396/2611
f 2623/5396/2611 2624/5395/2612 2606/5397/2594 2605/5398/2593
f 2605/5399/2593 2607/5400/2595 2609/5401/2597 2611/5402/2599 2613/5403/2601 2615/5404/2603 2617/5405/2605 2619/5406/2607 2621/5407/2609 2623/5408/2611
o Socket.124
v -0.470000 0.080000 0.019000
v -0.470000 0.088000 0.019000
v -0.466473 0.080000 0.020146
v -0.466473 0.088000 0.020146
v -0.464294 0.080000 0.023146
v -0.464294 0.088000 0.023146
v -0.464294 0.080000 0.026854
v -0.464294 0.088000 0.026854
v -0.466473 0.080000 0.029854
v -0.466473 0.088000 0.029854
v -0.470000 0.080000 0.031000
v -0.470000 0.088000 0.031000
v -0.473527 0.080000 0.029854
v -0.473527 0.088000 0.029854
v -0.475706 0.080000 0.026854
v -0.475706 0.088000 0.026854
v -0.475706 0.080000 0.023146
v -0.475706 0.088000 0.023146
v -0.473527 0.080000 0.020146
v -0.473527 0.088000 0.020146
vn -0.0000 -0.6437 -0.7653
vn -0.0000 0.6437 -0.7653
vn 0.4498 -0.6437 -0.6191
vn 0.4498 0.6437 -0.6191
vn 0.7278 -0.6437 -0.2365
vn 0.7278 0.6437 -0.2365
vn 0.7278 -0.6437 0.2365
vn 0.7278 0.6437 0.2365
vn 0.4498 -0.6437 0.6191
vn 0.4498 0.6437 0.6191
vn -0.0000 -0.6437 0.7653
vn -0.0000 0.6437 0.7653
vn -0.4498 -0.6437 0.6191
vn -0.4498 0.6437 0.6191
vn -0.7278 -0.6437 0.2365
vn -0.7278 0.6437 0.2365
vn -0.7278 -0.6437 -0.2365
vn -0.7278 0.6437 -0.2365
vn -0.4498 -0.6437 -0.6191
vn -0.4498 0.6437 -0.6191
vt 1.000000 0.500000
vt 1.000000 1.000000
vt 0.900000 1.000000
vt 0.900000 0.500000
vt 0.800000 1.000000
vt 0.800000 0.500000
vt 0.700000 1.000000
vt 0.700000 0.500000
vt 0.600000 1.000000
vt 0.600000 0.500000
vt 0.500000 1.000000
vt 0.500000 0.500000
vt 0.400000 1.000000
vt 0.400000 0.500000
vt 0.300000 1.000000
vt 0.300000 0.500000
vt 0.200000 1.000000
vt 0.200000 0.500000
vt 0.391068 0.444164
vt 0.250000 0.490000
vt 0.108932 0.444164
vt 0.021746 0.324164
vt 0.021746 0.175836
vt 0.108932 0.055836
vt 0.250000 0.010000
vt 0.391068 0.055836
vt 0.478254 0.175836
vt 0.478254 0.324164
vt 0.100000 1.000000
vt 0.100000 0.500000
vt -0.000000 1.000000
vt -0.000000 0.500000
vt 0.750000 0.490000
vt 0.891068 0.444164
vt 0.978254 0.324164
vt 0.978254 0.175836
vt 0.891068 0.055836
vt 0.750000 0.010000
vt 0.608932 0.055836
vt 0.521746 0.175836
vt 0.521746 0.324164
vt 0.608932 0.444164
s 1
usemtl M_Graphite
f 2625/5409/2613 2626/5410/2614 2628/5411/2616 2627/5412/2615
f 2627/5412/2615 2628/5411/2616 2630/5413/2618 2629/5414/2617
f 2629/5414/2617 2630/5413/2618 2632/5415/2620 2631/5416/2619
f 2631/5416/2619 2632/5415/2620 2634/5417/2622 2633/5418/2621
f 2633/5418/2621 2634/5417/2622 2636/5419/2624 2635/5420/2623
f 2635/5420/2623 2636/5419/2624 2638/5421/2626 2637/5422/2625
f 2637/5422/2625 2638/5421/2626 2640/5423/2628 2639/5424/2627
f 2639/5424/2627 2640/5423/2628 2642/5425/2630 2641/5426/2629
f 2628/5427/2616 2626/5428/2614 2644/5429/2632 2642/5430/2630 2640/5431/2628 2638/5432/2626 2636/5433/2624 2634/5434/2622 2632/5435/2620 2630/5436/2618
f 2641/5426/2629 2642/5425/2630 2644/5437/2632 2643/5438/2631
f 2643/5438/2631 2644/5437/2632 2626/5439/2614 2625/5440/2613
f 2625/5441/2613 2627/5442/2615 2629/5443/2617 2631/5444/2619 2633/5445/2621 2635/5446/2623 2637/5447/2625 2639/5448/2627 2641/5449/2629 2643/5450/2631
o Socket.125
v -0.425000 0.080000 0.019000
v -0.425000 0.088000 0.019000
v -0.421473 0.080000 0.020146
v -0.421473 0.088000 0.020146
v -0.419294 0.080000 0.023146
v -0.419294 0.088000 0.023146
v -0.419294 0.080000 0.026854
v -0.419294 0.088000 0.026854
v -0.421473 0.080000 0.029854
v -0.421473 0.088000 0.029854
v -0.425000 0.080000 0.031000
v -0.425000 0.088000 0.031000
v -0.428527 0.080000 0.029854
v -0.428527 0.088000 0.029854
v -0.430706 0.080000 0.026854
v -0.430706 0.088000 0.026854
v -0.430706 0.080000 0.023146
v -0.430706 0.088000 0.023146
v -0.428527 0.080000 0.020146
v -0.428527 0.088000 0.020146
vn -0.0000 -0.6437 -0.7653
vn -0.0000 0.6437 -0.7653
vn 0.4498 -0.6437 -0.6191
vn 0.4498 0.6437 -0.6191
vn 0.7278 -0.6437 -0.2365
vn 0.7278 0.6437 -0.2365
vn 0.7278 -0.6437 0.2365
vn 0.7278 0.6437 0.2365
vn 0.4498 -0.6437 0.6191
vn 0.4498 0.6437 0.6191
vn -0.0000 -0.6437 0.7653
vn -0.0000 0.6437 0.7653
vn -0.4498 -0.6437 0.6191
vn -0.4498 0.6437 0.6191
vn -0.7278 -0.6437 0.2365
vn -0.7278 0.6437 0.2365
vn -0.7278 -0.6437 -0.2365
vn -0.7278 0.6437 -0.2365
vn -0.4498 -0.6437 -0.6191
vn -0.4498 0.6437 -0.6191
vt 1.000000 0.500000
vt 1.000000 1.000000
vt 0.900000 1.000000
vt 0.900000 0.500000
vt 0.800000 1.000000
vt 0.800000 0.500000
vt 0.700000 1.000000
vt 0.700000 0.500000
vt 0.600000 1.000000
vt 0.600000 0.500000
vt 0.500000 1.000000
vt 0.500000 0.500000
vt 0.400000 1.000000
vt 0.400000 0.500000
vt 0.300000 1.000000
vt 0.300000 0.500000
vt 0.200000 1.000000
vt 0.200000 0.500000
vt 0.391068 0.444164
vt 0.250000 0.490000
vt 0.108932 0.444164
vt 0.021746 0.324164
vt 0.021746 0.175836
vt 0.108932 0.055836
vt 0.250000 0.010000
vt 0.391068 0.055836
vt 0.478254 0.175836
vt 0.478254 0.324164
vt 0.100000 1.000000
vt 0.100000 0.500000
vt -0.000000 1.000000
vt -0.000000 0.500000
vt 0.750000 0.490000
vt 0.891068 0.444164
vt 0.978254 0.324164
vt 0.978254 0.175836
vt 0.891068 0.055836
vt 0.750000 0.010000
vt 0.608932 0.055836
vt 0.521746 0.175836
vt 0.521746 0.324164
vt 0.608932 0.444164
s 1
usemtl M_Graphite
f 2645/5451/2633 2646/5452/2634 2648/5453/2636 2647/5454/2635
f 2647/5454/2635 2648/5453/2636 2650/5455/2638 2649/5456/2637
f 2649/5456/2637 2650/5455/2638 2652/5457/2640 2651/5458/2639
f 2651/5458/2639 2652/5457/2640 2654/5459/2642 2653/5460/2641
f 2653/5460/2641 2654/5459/2642 2656/5461/2644 2655/5462/2643
f 2655/5462/2643 2656/5461/2644 2658/5463/2646 2657/5464/2645
f 2657/5464/2645 2658/5463/2646 2660/5465/2648 2659/5466/2647
f 2659/5466/2647 2660/5465/2648 2662/5467/2650 2661/5468/2649
f 2648/5469/2636 2646/5470/2634 2664/5471/2652 2662/5472/2650 2660/5473/2648 2658/5474/2646 2656/5475/2644 2654/5476/2642 2652/5477/2640 2650/5478/2638
f 2661/5468/2649 2662/5467/2650 2664/5479/2652 2663/5480/2651
f 2663/5480/2651 2664/5479/2652 2646/5481/2634 2645/5482/2633
f 2645/5483/2633 2647/5484/2635 2649/5485/2637 2651/5486/2639 2653/5487/2641 2655/5488/2643 2657/5489/2645 2659/5490/2647 2661/5491/2649 2663/5492/2651
o Socket.126
v -0.380000 0.080000 0.019000
v -0.380000 0.088000 0.019000
v -0.376473 0.080000 0.020146
v -0.376473 0.088000 0.020146
v -0.374294 0.080000 0.023146
v -0.374294 0.088000 0.023146
v -0.374294 0.080000 0.026854
v -0.374294 0.088000 0.026854
v -0.376473 0.080000 0.029854
v -0.376473 0.088000 0.029854
v -0.380000 0.080000 0.031000
v -0.380000 0.088000 0.031000
v -0.383527 0.080000 0.029854
v -0.383527 0.088000 0.029854
v -0.385706 0.080000 0.026854
v -0.385706 0.088000 0.026854
v -0.385706 0.080000 0.023146
v -0.385706 0.088000 0.023146
v -0.383527 0.080000 0.020146
v -0.383527 0.088000 0.020146
vn -0.0000 -0.6437 -0.7653
vn -0.0000 0.6437 -0.7653
vn 0.4498 -0.6437 -0.6191
vn 0.4498 0.6437 -0.6191
vn 0.7278 -0.6437 -0.2365
vn 0.7278 0.6437 -0.2365
vn 0.7278 -0.6437 0.2365
vn 0.7278 0.6437 0.2365
vn 0.4498 -0.6437 0.6191
vn 0.4498 0.6437 0.6191
vn -0.0000 -0.6437 0.7653
vn -0.0000 0.6437 0.7653
vn -0.4498 -0.6437 0.6191
vn -0.4498 0.6437 0.6191
vn -0.7278 -0.6437 0.2365
vn -0.7278 0.6437 0.2365
vn -0.7278 -0.6437 -0.2365
vn -0.7278 0.6437 -0.2365
vn -0.4498 -0.6437 -0.6191
vn -0.4498 0.6437 -0.6191
vt 1.000000 0.500000
vt 1.000000 1.000000
vt 0.900000 1.000000
vt 0.900000 0.500000
vt 0.800000 1.000000
vt 0.800000 0.500000
vt 0.700000 1.000000
vt 0.700000 0.500000
vt 0.600000 1.000000
vt 0.600000 0.500000
vt 0.500000 1.000000
vt 0.500000 0.500000
vt 0.400000 1.000000
vt 0.400000 0.500000
vt 0.300000 1.000000
vt 0.300000 0.500000
vt 0.200000 1.000000
vt 0.200000 0.500000
vt 0.391068 0.444164
vt 0.250000 0.490000
vt 0.108932 0.444164
vt 0.021746 0.324164
vt 0.021746 0.175836
vt 0.108932 0.055836
vt 0.250000 0.010000
vt 0.391068 0.055836
vt 0.478254 0.175836
vt 0.478254 0.324164
vt 0.100000 1.000000
vt 0.100000 0.500000
vt -0.000000 1.000000
vt -0.000000 0.500000
vt 0.750000 0.490000
vt 0.891068 0.444164
vt 0.978254 0.324164
vt 0.978254 0.175836
vt 0.891068 0.055836
vt 0.750000 0.010000
vt 0.608932 0.055836
vt 0.521746 0.175836
vt 0.521746 0.324164
vt 0.608932 0.444164
s 1
usemtl M_Graphite
f 2665/5493/2653 2666/5494/2654 2668/5495/2656 2667/5496/2655
f 2667/5496/2655 2668/5495/2656 2670/5497/2658 2669/5498/2657
f 2669/5498/2657 2670/5497/2658 2672/5499/2660 2671/5500/2659
f 2671/5500/2659 2672/5499/2660 2674/5501/2662 2673/5502/2661
f 2673/5502/2661 2674/5501/2662 2676/5503/2664 2675/5504/2663
f 2675/5504/2663 2676/5503/2664 2678/5505/2666 2677/5506/2665
f 2677/5506/2665 2678/5505/2666 2680/5507/2668 2679/5508/2667
f 2679/5508/2667 2680/5507/2668 2682/5509/2670 2681/5510/2669
f 2668/5511/2656 2666/5512/2654 2684/5513/2672 2682/5514/2670 2680/5515/2668 2678/5516/2666 2676/5517/2664 2674/5518/2662 2672/5519/2660 2670/5520/2658
f 2681/5510/2669 2682/5509/2670 2684/5521/2672 2683/5522/2671
f 2683/5522/2671 2684/5521/2672 2666/5523/2654 2665/5524/2653
f 2665/5525/2653 2667/5526/2655 2669/5527/2657 2671/5528/2659 2673/5529/2661 2675/5530/2663 2677/5531/2665 2679/5532/2667 2681/5533/2669 2683/5534/2671
o Socket.127
v -0.335000 0.080000 0.019000
v -0.335000 0.088000 0.019000
v -0.331473 0.080000 0.020146
v -0.331473 0.088000 0.020146
v -0.329294 0.080000 0.023146
v -0.329294 0.088000 0.023146
v -0.329294 0.080000 0.026854
v -0.329294 0.088000 0.026854
v -0.331473 0.080000 0.029854
v -0.331473 0.088000 0.029854
v -0.335000 0.080000 0.031000
v -0.335000 0.088000 0.031000
v -0.338527 0.080000 0.029854
v -0.338527 0.088000 0.029854
v -0.340706 0.080000 0.026854
v -0.340706 0.088000 0.026854
v -0.340706 0.080000 0.023146
v -0.340706 0.088000 0.023146
v -0.338527 0.080000 0.020146
v -0.338527 0.088000 0.020146
vn -0.0000 -0.6437 -0.7653
vn -0.0000 0.6437 -0.7653
vn 0.4498 -0.6437 -0.6191
vn 0.4498 0.6437 -0.6191
vn 0.7278 -0.6437 -0.2365
vn 0.7278 0.6437 -0.2365
vn 0.7278 -0.6437 0.2365
vn 0.7278 0.6437 0.2365
vn 0.4498 -0.6437 0.6191
vn 0.4498 0.6437 0.6191
vn -0.0000 -0.6437 0.7653
vn -0.0000 0.6437 0.7653
vn -0.4498 -0.6437 0.6191
vn -0.4498 0.6437 0.6191
vn -0.7278 -0.6437 0.2365
vn -0.7278 0.6437 0.2365
vn -0.7278 -0.6437 -0.2365
vn -0.7278 0.6437 -0.2365
vn -0.4498 -0.6437 -0.6191
vn -0.4498 0.6437 -0.6191
vt 1.000000 0.500000
vt 1.000000 1.000000
vt 0.900000 1.000000
vt 0.900000 0.500000
vt 0.800000 1.000000
vt 0.800000 0.500000
vt 0.700000 1.000000
vt 0.700000 0.500000
vt 0.600000 1.000000
vt 0.600000 0.500000
vt 0.500000 1.000000
vt 0.500000 0.500000
vt 0.400000 1.000000
vt 0.400000 0.500000
vt 0.300000 1.000000
vt 0.300000 0.500000
vt 0.200000 1.000000
vt 0.200000 0.500000
vt 0.391068 0.444164
vt 0.250000 0.490000
vt 0.108932 0.444164
vt 0.021746 0.324164
vt 0.021746 0.175836
vt 0.108932 0.055836
vt 0.250000 0.010000
vt 0.391068 0.055836
vt 0.478254 0.175836
vt 0.478254 0.324164
vt 0.100000 1.000000
vt 0.100000 0.500000
vt -0.000000 1.000000
vt -0.000000 0.500000
vt 0.750000 0.490000
vt 0.891068 0.444164
vt 0.978254 0.324164
vt 0.978254 0.175836
vt 0.891068 0.055836
vt 0.750000 0.010000
vt 0.608932 0.055836
vt 0.521746 0.175836
vt 0.521746 0.324164
vt 0.608932 0.444164
s 1
usemtl M_Graphite
f 2685/5535/2673 2686/5536/2674 2688/5537/2676 2687/5538/2675
f 2687/5538/2675 2688/5537/2676 2690/5539/2678 2689/5540/2677
f 2689/5540/2677 2690/5539/2678 2692/5541/2680 2691/5542/2679
f 2691/5542/2679 2692/5541/2680 2694/5543/2682 2693/5544/2681
f 2693/5544/2681 2694/5543/2682 2696/5545/2684 2695/5546/2683
f 2695/5546/2683 2696/5545/2684 2698/5547/2686 2697/5548/2685
f 2697/5548/2685 2698/5547/2686 2700/5549/2688 2699/5550/2687
f 2699/5550/2687 2700/5549/2688 2702/5551/2690 2701/5552/2689
f 2688/5553/2676 2686/5554/2674 2704/5555/2692 2702/5556/2690 2700/5557/2688 2698/5558/2686 2696/5559/2684 2694/5560/2682 2692/5561/2680 2690/5562/2678
f 2701/5552/2689 2702/5551/2690 2704/5563/2692 2703/5564/2691
f 2703/5564/2691 2704/5563/2692 2686/5565/2674 2685/5566/2673
f 2685/5567/2673 2687/5568/2675 2689/5569/2677 2691/5570/2679 2693/5571/2681 2695/5572/2683 2697/5573/2685 2699/5574/2687 2701/5575/2689 2703/5576/2691
o Socket.128
v -0.290000 0.080000 0.019000
v -0.290000 0.088000 0.019000
v -0.286473 0.080000 0.020146
v -0.286473 0.088000 0.020146
v -0.284294 0.080000 0.023146
v -0.284294 0.088000 0.023146
v -0.284294 0.080000 0.026854
v -0.284294 0.088000 0.026854
v -0.286473 0.080000 0.029854
v -0.286473 0.088000 0.029854
v -0.290000 0.080000 0.031000
v -0.290000 0.088000 0.031000
v -0.293527 0.080000 0.029854
v -0.293527 0.088000 0.029854
v -0.295706 0.080000 0.026854
v -0.295706 0.088000 0.026854
v -0.295706 0.080000 0.023146
v -0.295706 0.088000 0.023146
v -0.293527 0.080000 0.020146
v -0.293527 0.088000 0.020146
vn -0.0000 -0.6437 -0.7653
vn -0.0000 0.6437 -0.7653
vn 0.4498 -0.6437 -0.6191
vn 0.4498 0.6437 -0.6191
vn 0.7278 -0.6437 -0.2365
vn 0.7278 0.6437 -0.2365
vn 0.7278 -0.6437 0.2365
vn 0.7278 0.6437 0.2365
vn 0.4498 -0.6437 0.6191
vn 0.4498 0.6437 0.6191
vn -0.0000 -0.6437 0.7653
vn -0.0000 0.6437 0.7653
vn -0.4498 -0.6437 0.6191
vn -0.4498 0.6437 0.6191
vn -0.7278 -0.6437 0.2365
vn -0.7278 0.6437 0.2365
vn -0.7278 -0.6437 -0.2365
vn -0.7278 0.6437 -0.2365
vn -0.4498 -0.6437 -0.6191
vn -0.4498 0.6437 -0.6191
vt 1.000000 0.500000
vt 1.000000 1.000000
vt 0.900000 1.000000
vt 0.900000 0.500000
vt 0.800000 1.000000
vt 0.800000 0.500000
vt 0.700000 1.000000
vt 0.700000 0.500000
vt 0.600000 1.000000
vt 0.600000 0.500000
vt 0.500000 1.000000
vt 0.500000 0.500000
vt 0.400000 1.000000
vt 0.400000 0.500000
vt 0.300000 1.000000
vt 0.300000 0.500000
vt 0.200000 1.000000
vt 0.200000 0.500000
vt 0.391068 0.444164
vt 0.250000 0.490000
vt 0.108932 0.444164
vt 0.021746 0.324164
vt 0.021746 0.175836
vt 0.108932 0.055836
vt 0.250000 0.010000
vt 0.391068 0.055836
vt 0.478254 0.175836
vt 0.478254 0.324164
vt 0.100000 1.000000
vt 0.100000 0.500000
vt -0.000000 1.000000
vt -0.000000 0.500000
vt 0.750000 0.490000
vt 0.891068 0.444164
vt 0.978254 0.324164
vt 0.978254 0.175836
vt 0.891068 0.055836
vt 0.750000 0.010000
vt 0.608932 0.055836
vt 0.521746 0.175836
vt 0.521746 0.324164
vt 0.608932 0.444164
s 1
usemtl M_Graphite
f 2705/5577/2693 2706/5578/2694 2708/5579/2696 2707/5580/2695
f 2707/5580/2695 2708/5579/2696 2710/5581/2698 2709/5582/2697
f 2709/5582/2697 2710/5581/2698 2712/5583/2700 2711/5584/2699
f 2711/5584/2699 2712/5583/2700 2714/5585/2702 2713/5586/2701
f 2713/5586/2701 2714/5585/2702 2716/5587/2704 2715/5588/2703
f 2715/5588/2703 2716/5587/2704 2718/5589/2706 2717/5590/2705
f 2717/5590/2705 2718/5589/2706 2720/5591/2708 2719/5592/2707
f 2719/5592/2707 2720/5591/2708 2722/5593/2710 2721/5594/2709
f 2708/5595/2696 2706/5596/2694 2724/5597/2712 2722/5598/2710 2720/5599/2708 2718/5600/2706 2716/5601/2704 2714/5602/2702 2712/5603/2700 2710/5604/2698
f 2721/5594/2709 2722/5593/2710 2724/5605/2712 2723/5606/2711
f 2723/5606/2711 2724/5605/2712 2706/5607/2694 2705/5608/2693
f 2705/5609/2693 2707/5610/2695 2709/5611/2697 2711/5612/2699 2713/5613/2701 2715/5614/2703 2717/5615/2705 2719/5616/2707 2721/5617/2709 2723/5618/2711
o Socket.129
v -0.245000 0.080000 0.019000
v -0.245000 0.088000 0.019000
v -0.241473 0.080000 0.020146
v -0.241473 0.088000 0.020146
v -0.239294 0.080000 0.023146
v -0.239294 0.088000 0.023146
v -0.239294 0.080000 0.026854
v -0.239294 0.088000 0.026854
v -0.241473 0.080000 0.029854
v -0.241473 0.088000 0.029854
v -0.245000 0.080000 0.031000
v -0.245000 0.088000 0.031000
v -0.248527 0.080000 0.029854
v -0.248527 0.088000 0.029854
v -0.250706 0.080000 0.026854
v -0.250706 0.088000 0.026854
v -0.250706 0.080000 0.023146
v -0.250706 0.088000 0.023146
v -0.248527 0.080000 0.020146
v -0.248527 0.088000 0.020146
vn -0.0000 -0.6437 -0.7653
vn -0.0000 0.6437 -0.7653
vn 0.4498 -0.6437 -0.6191
vn 0.4498 0.6437 -0.6191
vn 0.7278 -0.6437 -0.2365
vn 0.7278 0.6437 -0.2365
vn 0.7278 -0.6437 0.2365
vn 0.7278 0.6437 0.2365
vn 0.4498 -0.6437 0.6191
vn 0.4498 0.6437 0.6191
vn -0.0000 -0.6437 0.7653
vn -0.0000 0.6437 0.7653
vn -0.4498 -0.6437 0.6191
vn -0.4498 0.6437 0.6191
vn -0.7278 -0.6437 0.2365
vn -0.7278 0.6437 0.2365
vn -0.7278 -0.6437 -0.2365
vn -0.7278 0.6437 -0.2365
vn -0.4498 -0.6437 -0.6191
vn -0.4498 0.6437 -0.6191
vt 1.000000 0.500000
vt 1.000000 1.000000
vt 0.900000 1.000000
vt 0.900000 0.500000
vt 0.800000 1.000000
vt 0.800000 0.500000
vt 0.700000 1.000000
vt 0.700000 0.500000
vt 0.600000 1.000000
vt 0.600000 0.500000
vt 0.500000 1.000000
vt 0.500000 0.500000
vt 0.400000 1.000000
vt 0.400000 0.500000
vt 0.300000 1.000000
vt 0.300000 0.500000
vt 0.200000 1.000000
vt 0.200000 0.500000
vt 0.391068 0.444164
vt 0.250000 0.490000
vt 0.108932 0.444164
vt 0.021746 0.324164
vt 0.021746 0.175836
vt 0.108932 0.055836
vt 0.250000 0.010000
vt 0.391068 0.055836
vt 0.478254 0.175836
vt 0.478254 0.324164
vt 0.100000 1.000000
vt 0.100000 0.500000
vt -0.000000 1.000000
vt -0.000000 0.500000
vt 0.750000 0.490000
vt 0.891068 0.444164
vt 0.978254 0.324164
vt 0.978254 0.175836
vt 0.891068 0.055836
vt 0.750000 0.010000
vt 0.608932 0.055836
vt 0.521746 0.175836
vt 0.521746 0.324164
vt 0.608932 0.444164
s 1
usemtl M_Graphite
f 2725/5619/2713 2726/5620/2714 2728/5621/2716 2727/5622/2715
f 2727/5622/2715 2728/5621/2716 2730/5623/2718 2729/5624/2717
f 2729/5624/2717 2730/5623/2718 2732/5625/2720 2731/5626/2719
f 2731/5626/2719 2732/5625/2720 2734/5627/2722 2733/5628/2721
f 2733/5628/2721 2734/5627/2722 2736/5629/2724 2735/5630/2723
f 2735/5630/2723 2736/5629/2724 2738/5631/2726 2737/5632/2725
f 2737/5632/2725 2738/5631/2726 2740/5633/2728 2739/5634/2727
f 2739/5634/2727 2740/5633/2728 2742/5635/2730 2741/5636/2729
f 2728/5637/2716 2726/5638/2714 2744/5639/2732 2742/5640/2730 2740/5641/2728 2738/5642/2726 2736/5643/2724 2734/5644/2722 2732/5645/2720 2730/5646/2718
f 2741/5636/2729 2742/5635/2730 2744/5647/2732 2743/5648/2731
f 2743/5648/2731 2744/5647/2732 2726/5649/2714 2725/5650/2713
f 2725/5651/2713 2727/5652/2715 2729/5653/2717 2731/5654/2719 2733/5655/2721 2735/5656/2723 2737/5657/2725 2739/5658/2727 2741/5659/2729 2743/5660/2731
o Socket.130
v -0.200000 0.080000 0.019000
v -0.200000 0.088000 0.019000
v -0.196473 0.080000 0.020146
v -0.196473 0.088000 0.020146
v -0.194294 0.080000 0.023146
v -0.194294 0.088000 0.023146
v -0.194294 0.080000 0.026854
v -0.194294 0.088000 0.026854
v -0.196473 0.080000 0.029854
v -0.196473 0.088000 0.029854
v -0.200000 0.080000 0.031000
v -0.200000 0.088000 0.031000
v -0.203527 0.080000 0.029854
v -0.203527 0.088000 0.029854
v -0.205706 0.080000 0.026854
v -0.205706 0.088000 0.026854
v -0.205706 0.080000 0.023146
v -0.205706 0.088000 0.023146
v -0.203527 0.080000 0.020146
v -0.203527 0.088000 0.020146
vn -0.0000 -0.6437 -0.7653
vn -0.0000 0.6437 -0.7653
vn 0.4498 -0.6437 -0.6191
vn 0.4498 0.6437 -0.6191
vn 0.7278 -0.6437 -0.2365
vn 0.7278 0.6437 -0.2365
vn 0.7278 -0.6437 0.2365
vn 0.7278 0.6437 0.2365
vn 0.4498 -0.6437 0.6191
vn 0.4498 0.6437 0.6191
vn -0.0000 -0.6437 0.7653
vn -0.0000 0.6437 0.7653
vn -0.4498 -0.6437 0.6191
vn -0.4498 0.6437 0.6191
vn -0.7278 -0.6437 0.2365
vn -0.7278 0.6437 0.2365
vn -0.7278 -0.6437 -0.2365
vn -0.7278 0.6437 -0.2365
vn -0.4498 -0.6437 -0.6191
vn -0.4498 0.6437 -0.6191
vt 1.000000 0.500000
vt 1.000000 1.000000
vt 0.900000 1.000000
vt 0.900000 0.500000
vt 0.800000 1.000000
vt 0.800000 0.500000
vt 0.700000 1.000000
vt 0.700000 0.500000
vt 0.600000 1.000000
vt 0.600000 0.500000
vt 0.500000 1.000000
vt 0.500000 0.500000
vt 0.400000 1.000000
vt 0.400000 0.500000
vt 0.300000 1.000000
vt 0.300000 0.500000
vt 0.200000 1.000000
vt 0.200000 0.500000
vt 0.391068 0.444164
vt 0.250000 0.490000
vt 0.108932 0.444164
vt 0.021746 0.324164
vt 0.021746 0.175836
vt 0.108932 0.055836
vt 0.250000 0.010000
vt 0.391068 0.055836
vt 0.478254 0.175836
vt 0.478254 0.324164
vt 0.100000 1.000000
vt 0.100000 0.500000
vt -0.000000 1.000000
vt -0.000000 0.500000
vt 0.750000 0.490000
vt 0.891068 0.444164
vt 0.978254 0.324164
vt 0.978254 0.175836
vt 0.891068 0.055836
vt 0.750000 0.010000
vt 0.608932 0.055836
vt 0.521746 0.175836
vt 0.521746 0.324164
vt 0.608932 0.444164
s 1
usemtl M_Graphite
f 2745/5661/2733 2746/5662/2734 2748/5663/2736 2747/5664/2735
f 2747/5664/2735 2748/5663/2736 2750/5665/2738 2749/5666/2737
f 2749/5666/2737 2750/5665/2738 2752/5667/2740 2751/5668/2739
f 2751/5668/2739 2752/5667/2740 2754/5669/2742 2753/5670/2741
f 2753/5670/2741 2754/5669/2742 2756/5671/2744 2755/5672/2743
f 2755/5672/2743 2756/5671/2744 2758/5673/2746 2757/5674/2745
f 2757/5674/2745 2758/5673/2746 2760/5675/2748 2759/5676/2747
f 2759/5676/2747 2760/5675/2748 2762/5677/2750 2761/5678/2749
f 2748/5679/2736 2746/5680/2734 2764/5681/2752 2762/5682/2750 2760/5683/2748 2758/5684/2746 2756/5685/2744 2754/5686/2742 2752/5687/2740 2750/5688/2738
f 2761/5678/2749 2762/5677/2750 2764/5689/2752 2763/5690/2751
f 2763/5690/2751 2764/5689/2752 2746/5691/2734 2745/5692/2733
f 2745/5693/2733 2747/5694/2735 2749/5695/2737 2751/5696/2739 2753/5697/2741 2755/5698/2743 2757/5699/2745 2759/5700/2747 2761/5701/2749 2763/5702/2751
o Socket.131
v -0.155000 0.080000 0.019000
v -0.155000 0.088000 0.019000
v -0.151473 0.080000 0.020146
v -0.151473 0.088000 0.020146
v -0.149294 0.080000 0.023146
v -0.149294 0.088000 0.023146
v -0.149294 0.080000 0.026854
v -0.149294 0.088000 0.026854
v -0.151473 0.080000 0.029854
v -0.151473 0.088000 0.029854
v -0.155000 0.080000 0.031000
v -0.155000 0.088000 0.031000
v -0.158527 0.080000 0.029854
v -0.158527 0.088000 0.029854
v -0.160706 0.080000 0.026854
v -0.160706 0.088000 0.026854
v -0.160706 0.080000 0.023146
v -0.160706 0.088000 0.023146
v -0.158527 0.080000 0.020146
v -0.158527 0.088000 0.020146
vn -0.0000 -0.6437 -0.7653
vn -0.0000 0.6437 -0.7653
vn 0.4498 -0.6437 -0.6191
vn 0.4498 0.6437 -0.6191
vn 0.7278 -0.6437 -0.2365
vn 0.7278 0.6437 -0.2365
vn 0.7278 -0.6437 0.2365
vn 0.7278 0.6437 0.2365
vn 0.4498 -0.6437 0.6191
vn 0.4498 0.6437 0.6191
vn -0.0000 -0.6437 0.7653
vn -0.0000 0.6437 0.7653
vn -0.4498 -0.6437 0.6191
vn -0.4498 0.6437 0.6191
vn -0.7278 -0.6437 0.2365
vn -0.7278 0.6437 0.2365
vn -0.7278 -0.6437 -0.2365
vn -0.7278 0.6437 -0.2365
vn -0.4498 -0.6437 -0.6191
vn -0.4498 0.6437 -0.6191
vt 1.000000 0.500000
vt 1.000000 1.000000
vt 0.900000 1.000000
vt 0.900000 0.500000
vt 0.800000 1.000000
vt 0.800000 0.500000
vt 0.700000 1.000000
vt 0.700000 0.500000
vt 0.600000 1.000000
vt 0.600000 0.500000
vt 0.500000 1.000000
vt 0.500000 0.500000
vt 0.400000 1.000000
vt 0.400000 0.500000
vt 0.300000 1.000000
vt 0.300000 0.500000
vt 0.200000 1.000000
vt 0.200000 0.500000
vt 0.391068 0.444164
vt 0.250000 0.490000
vt 0.108932 0.444164
vt 0.021746 0.324164
vt 0.021746 0.175836
vt 0.108932 0.055836
vt 0.250000 0.010000
vt 0.391068 0.055836
vt 0.478254 0.175836
vt 0.478254 0.324164
vt 0.100000 1.000000
vt 0.100000 0.500000
vt -0.000000 1.000000
vt -0.000000 0.500000
vt 0.750000 0.490000
vt 0.891068 0.444164
vt 0.978254 0.324164
vt 0.978254 0.175836
vt 0.891068 0.055836
vt 0.750000 0.010000
vt 0.608932 0.055836
vt 0.521746 0.175836
vt 0.521746 0.324164
vt 0.608932 0.444164
s 1
usemtl M_Graphite
f 2765/5703/2753 2766/5704/2754 2768/5705/2756 2767/5706/2755
f 2767/5706/2755 2768/5705/2756 2770/5707/2758 2769/5708/2757
f 2769/5708/2757 2770/5707/2758 2772/5709/2760 2771/5710/2759
f 2771/5710/2759 2772/5709/2760 2774/5711/2762 2773/5712/2761
f 2773/5712/2761 2774/5711/2762 2776/5713/2764 2775/5714/2763
f 2775/5714/2763 2776/5713/2764 2778/5715/2766 2777/5716/2765
f 2777/5716/2765 2778/5715/2766 2780/5717/2768 2779/5718/2767
f 2779/5718/2767 2780/5717/2768 2782/5719/2770 2781/5720/2769
f 2768/5721/2756 2766/5722/2754 2784/5723/2772 2782/5724/2770 2780/5725/2768 2778/5726/2766 2776/5727/2764 2774/5728/2762 2772/5729/2760 2770/5730/2758
f 2781/5720/2769 2782/5719/2770 2784/5731/2772 2783/5732/2771
f 2783/5732/2771 2784/5731/2772 2766/5733/2754 2765/5734/2753
f 2765/5735/2753 2767/5736/2755 2769/5737/2757 2771/5738/2759 2773/5739/2761 2775/5740/2763 2777/5741/2765 2779/5742/2767 2781/5743/2769 2783/5744/2771
o Socket.132
v -0.110000 0.080000 0.019000
v -0.110000 0.088000 0.019000
v -0.106473 0.080000 0.020146
v -0.106473 0.088000 0.020146
v -0.104294 0.080000 0.023146
v -0.104294 0.088000 0.023146
v -0.104294 0.080000 0.026854
v -0.104294 0.088000 0.026854
v -0.106473 0.080000 0.029854
v -0.106473 0.088000 0.029854
v -0.110000 0.080000 0.031000
v -0.110000 0.088000 0.031000
v -0.113527 0.080000 0.029854
v -0.113527 0.088000 0.029854
v -0.115706 0.080000 0.026854
v -0.115706 0.088000 0.026854
v -0.115706 0.080000 0.023146
v -0.115706 0.088000 0.023146
v -0.113527 0.080000 0.020146
v -0.113527 0.088000 0.020146
vn -0.0000 -0.6437 -0.7653
vn -0.0000 0.6437 -0.7653
vn 0.4498 -0.6437 -0.6191
vn 0.4498 0.6437 -0.6191
vn 0.7278 -0.6437 -0.2365
vn 0.7278 0.6437 -0.2365
vn 0.7278 -0.6437 0.2365
vn 0.7278 0.6437 0.2365
vn 0.4498 -0.6437 0.6191
vn 0.4498 0.6437 0.6191
vn -0.0000 -0.6437 0.7653
vn -0.0000 0.6437 0.7653
vn -0.4498 -0.6437 0.6191
vn -0.4498 0.6437 0.6191
vn -0.7278 -0.6437 0.2365
vn -0.7278 0.6437 0.2365
vn -0.7278 -0.6437 -0.2365
vn -0.7278 0.6437 -0.2365
vn -0.4498 -0.6437 -0.6191
vn -0.4498 0.6437 -0.6191
vt 1.000000 0.500000
vt 1.000000 1.000000
vt 0.900000 1.000000
vt 0.900000 0.500000
vt 0.800000 1.000000
vt 0.800000 0.500000
vt 0.700000 1.000000
vt 0.700000 0.500000
vt 0.600000 1.000000
vt 0.600000 0.500000
vt 0.500000 1.000000
vt 0.500000 0.500000
vt 0.400000 1.000000
vt 0.400000 0.500000
vt 0.300000 1.000000
vt 0.300000 0.500000
vt 0.200000 1.000000
vt 0.200000 0.500000
vt 0.391068 0.444164
vt 0.250000 0.490000
vt 0.108932 0.444164
vt 0.021746 0.324164
vt 0.021746 0.175836
vt 0.108932 0.055836
vt 0.250000 0.010000
vt 0.391068 0.055836
vt 0.478254 0.175836
vt 0.478254 0.324164
vt 0.100000 1.000000
vt 0.100000 0.500000
vt -0.000000 1.000000
vt -0.000000 0.500000
vt 0.750000 0.490000
vt 0.891068 0.444164
vt 0.978254 0.324164
vt 0.978254 0.175836
vt 0.891068 0.055836
vt 0.750000 0.010000
vt 0.608932 0.055836
vt 0.521746 0.175836
vt 0.521746 0.324164
vt 0.608932 0.444164
s 1
usemtl M_Graphite
f 2785/5745/2773 2786/5746/2774 2788/5747/2776 2787/5748/2775
f 2787/5748/2775 2788/5747/2776 2790/5749/2778 2789/5750/2777
f 2789/5750/2777 2790/5749/2778 2792/5751/2780 2791/5752/2779
f 2791/5752/2779 2792/5751/2780 2794/5753/2782 2793/5754/2781
f 2793/5754/2781 2794/5753/2782 2796/5755/2784 2795/5756/2783
f 2795/5756/2783 2796/5755/2784 2798/5757/2786 2797/5758/2785
f 2797/5758/2785 2798/5757/2786 2800/5759/2788 2799/5760/2787
f 2799/5760/2787 2800/5759/2788 2802/5761/2790 2801/5762/2789
f 2788/5763/2776 2786/5764/2774 2804/5765/2792 2802/5766/2790 2800/5767/2788 2798/5768/2786 2796/5769/2784 2794/5770/2782 2792/5771/2780 2790/5772/2778
f 2801/5762/2789 2802/5761/2790 2804/5773/2792 2803/5774/2791
f 2803/5774/2791 2804/5773/2792 2786/5775/2774 2785/5776/2773
f 2785/5777/2773 2787/5778/2775 2789/5779/2777 2791/5780/2779 2793/5781/2781 2795/5782/2783 2797/5783/2785 2799/5784/2787 2801/5785/2789 2803/5786/2791
o Socket.133
v -0.065000 0.080000 0.019000
v -0.065000 0.088000 0.019000
v -0.061473 0.080000 0.020146
v -0.061473 0.088000 0.020146
v -0.059294 0.080000 0.023146
v -0.059294 0.088000 0.023146
v -0.059294 0.080000 0.026854
v -0.059294 0.088000 0.026854
v -0.061473 0.080000 0.029854
v -0.061473 0.088000 0.029854
v -0.065000 0.080000 0.031000
v -0.065000 0.088000 0.031000
v -0.068527 0.080000 0.029854
v -0.068527 0.088000 0.029854
v -0.070706 0.080000 0.026854
v -0.070706 0.088000 0.026854
v -0.070706 0.080000 0.023146
v -0.070706 0.088000 0.023146
v -0.068527 0.080000 0.020146
v -0.068527 0.088000 0.020146
vn -0.0000 -0.6437 -0.7653
vn -0.0000 0.6437 -0.7653
vn 0.4498 -0.6437 -0.6191
vn 0.4498 0.6437 -0.6191
vn 0.7278 -0.6437 -0.2365
vn 0.7278 0.6437 -0.2365
vn 0.7278 -0.6437 0.2365
vn 0.7278 0.6437 0.2365
vn 0.4498 -0.6437 0.6191
vn 0.4498 0.6437 0.6191
vn -0.0000 -0.6437 0.7653
vn -0.0000 0.6437 0.7653
vn -0.4498 -0.6437 0.6191
vn -0.4498 0.6437 0.6191
vn -0.7278 -0.6437 0.2365
vn -0.7278 0.6437 0.2365
vn -0.7278 -0.6437 -0.2365
vn -0.7278 0.6437 -0.2365
vn -0.4498 -0.6437 -0.6191
vn -0.4498 0.6437 -0.6191
vt 1.000000 0.500000
vt 1.000000 1.000000
vt 0.900000 1.000000
vt 0.900000 0.500000
vt 0.800000 1.000000
vt 0.800000 0.500000
vt 0.700000 1.000000
vt 0.700000 0.500000
vt 0.600000 1.000000
vt 0.600000 0.500000
vt 0.500000 1.000000
vt 0.500000 0.500000
vt 0.400000 1.000000
vt 0.400000 0.500000
vt 0.300000 1.000000
vt 0.300000 0.500000
vt 0.200000 1.000000
vt 0.200000 0.500000
vt 0.391068 0.444164
vt 0.250000 0.490000
vt 0.108932 0.444164
vt 0.021746 0.324164
vt 0.021746 0.175836
vt 0.108932 0.055836
vt 0.250000 0.010000
vt 0.391068 0.055836
vt 0.478254 0.175836
vt 0.478254 0.324164
vt 0.100000 1.000000
vt 0.100000 0.500000
vt -0.000000 1.000000
vt -0.000000 0.500000
vt 0.750000 0.490000
vt 0.891068 0.444164
vt 0.978254 0.324164
vt 0.978254 0.175836
vt 0.891068 0.055836
vt 0.750000 0.010000
vt 0.608932 0.055836
vt 0.521746 0.175836
vt 0.521746 0.324164
vt 0.608932 0.444164
s 1
usemtl M_Graphite
f 2805/5787/2793 2806/5788/2794 2808/5789/2796 2807/5790/2795
f 2807/5790/2795 2808/5789/2796 2810/5791/2798 2809/5792/2797
f 2809/5792/2797 2810/5791/2798 2812/5793/2800 2811/5794/2799
f 2811/5794/2799 2812/5793/2800 2814/5795/2802 2813/5796/2801
f 2813/5796/2801 2814/5795/2802 2816/5797/2804 2815/5798/2803
f 2815/5798/2803 2816/5797/2804 2818/5799/2806 2817/5800/2805
f 2817/5800/2805 2818/5799/2806 2820/5801/2808 2819/5802/2807
f 2819/5802/2807 2820/5801/2808 2822/5803/2810 2821/5804/2809
f 2808/5805/2796 2806/5806/2794 2824/5807/2812 2822/5808/2810 2820/5809/2808 2818/5810/2806 2816/5811/2804 2814/5812/2802 2812/5813/2800 2810/5814/2798
f 2821/5804/2809 2822/5803/2810 2824/5815/2812 2823/5816/2811
f 2823/5816/2811 2824/5815/2812 2806/5817/2794 2805/5818/2793
f 2805/5819/2793 2807/5820/2795 2809/5821/2797 2811/5822/2799 2813/5823/2801 2815/5824/2803 2817/5825/2805 2819/5826/2807 2821/5827/2809 2823/5828/2811
o Socket.134
v -0.020000 0.080000 0.019000
v -0.020000 0.088000 0.019000
v -0.016473 0.080000 0.020146
v -0.016473 0.088000 0.020146
v -0.014294 0.080000 0.023146
v -0.014294 0.088000 0.023146
v -0.014294 0.080000 0.026854
v -0.014294 0.088000 0.026854
v -0.016473 0.080000 0.029854
v -0.016473 0.088000 0.029854
v -0.020000 0.080000 0.031000
v -0.020000 0.088000 0.031000
v -0.023527 0.080000 0.029854
v -0.023527 0.088000 0.029854
v -0.025706 0.080000 0.026854
v -0.025706 0.088000 0.026854
v -0.025706 0.080000 0.023146
v -0.025706 0.088000 0.023146
v -0.023527 0.080000 0.020146
v -0.023527 0.088000 0.020146
vn -0.0000 -0.6437 -0.7653
vn -0.0000 0.6437 -0.7653
vn 0.4498 -0.6437 -0.6191
vn 0.4498 0.6437 -0.6191
vn 0.7278 -0.6437 -0.2365
vn 0.7278 0.6437 -0.2365
vn 0.7278 -0.6437 0.2365
vn 0.7278 0.6437 0.2365
vn 0.4498 -0.6437 0.6191
vn 0.4498 0.6437 0.6191
vn -0.0000 -0.6437 0.7653
vn -0.0000 0.6437 0.7653
vn -0.4498 -0.6437 0.6191
vn -0.4498 0.6437 0.6191
vn -0.7278 -0.6437 0.2365
vn -0.7278 0.6437 0.2365
vn -0.7278 -0.6437 -0.2365
vn -0.7278 0.6437 -0.2365
vn -0.4498 -0.6437 -0.6191
vn -0.4498 0.6437 -0.6191
vt 1.000000 0.500000
vt 1.000000 1.000000
vt 0.900000 1.000000
vt 0.900000 0.500000
vt 0.800000 1.000000
vt 0.800000 0.500000
vt 0.700000 1.000000
vt 0.700000 0.500000
vt 0.600000 1.000000
vt 0.600000 0.500000
vt 0.500000 1.000000
vt 0.500000 0.500000
vt 0.400000 1.000000
vt 0.400000 0.500000
vt 0.300000 1.000000
vt 0.300000 0.500000
vt 0.200000 1.000000
vt 0.200000 0.500000
vt 0.391068 0.444164
vt 0.250000 0.490000
vt 0.108932 0.444164
vt 0.021746 0.324164
vt 0.021746 0.175836
vt 0.108932 0.055836
vt 0.250000 0.010000
vt 0.391068 0.055836
vt 0.478254 0.175836
vt 0.478254 0.324164
vt 0.100000 1.000000
vt 0.100000 0.500000
vt -0.000000 1.000000
vt -0.000000 0.500000
vt 0.750000 0.490000
vt 0.891068 0.444164
vt 0.978254 0.324164
vt 0.978254 0.175836
vt 0.891068 0.055836
vt 0.750000 0.010000
vt 0.608932 0.055836
vt 0.521746 0.175836
vt 0.521746 0.324164
vt 0.608932 0.444164
s 1
usemtl M_Graphite
f 2825/5829/2813 2826/5830/2814 2828/5831/2816 2827/5832/2815
f 2827/5832/2815 2828/5831/2816 2830/5833/2818 2829/5834/2817
f 2829/5834/2817 2830/5833/2818 2832/5835/2820 2831/5836/2819
f 2831/5836/2819 2832/5835/2820 2834/5837/2822 2833/5838/2821
f 2833/5838/2821 2834/5837/2822 2836/5839/2824 2835/5840/2823
f 2835/5840/2823 2836/5839/2824 2838/5841/2826 2837/5842/2825
f 2837/5842/2825 2838/5841/2826 2840/5843/2828 2839/5844/2827
f 2839/5844/2827 2840/5843/2828 2842/5845/2830 2841/5846/2829
f 2828/5847/2816 2826/5848/2814 2844/5849/2832 2842/5850/2830 2840/5851/2828 2838/5852/2826 2836/5853/2824 2834/5854/2822 2832/5855/2820 2830/5856/2818
f 2841/5846/2829 2842/5845/2830 2844/5857/2832 2843/5858/2831
f 2843/5858/2831 2844/5857/2832 2826/5859/2814 2825/5860/2813
f 2825/5861/2813 2827/5862/2815 2829/5863/2817 2831/5864/2819 2833/5865/2821 2835/5866/2823 2837/5867/2825 2839/5868/2827 2841/5869/2829 2843/5870/2831
o Socket.135
v 0.025000 0.080000 0.019000
v 0.025000 0.088000 0.019000
v 0.028527 0.080000 0.020146
v 0.028527 0.088000 0.020146
v 0.030706 0.080000 0.023146
v 0.030706 0.088000 0.023146
v 0.030706 0.080000 0.026854
v 0.030706 0.088000 0.026854
v 0.028527 0.080000 0.029854
v 0.028527 0.088000 0.029854
v 0.025000 0.080000 0.031000
v 0.025000 0.088000 0.031000
v 0.021473 0.080000 0.029854
v 0.021473 0.088000 0.029854
v 0.019294 0.080000 0.026854
v 0.019294 0.088000 0.026854
v 0.019294 0.080000 0.023146
v 0.019294 0.088000 0.023146
v 0.021473 0.080000 0.020146
v 0.021473 0.088000 0.020146
vn -0.0000 -0.6437 -0.7653
vn -0.0000 0.6437 -0.7653
vn 0.4498 -0.6437 -0.6191
vn 0.4498 0.6437 -0.6191
vn 0.7278 -0.6437 -0.2365
vn 0.7278 0.6437 -0.2365
vn 0.7278 -0.6437 0.2365
vn 0.7278 0.6437 0.2365
vn 0.4498 -0.6437 0.6191
vn 0.4498 0.6437 0.6191
vn -0.0000 -0.6437 0.7653
vn -0.0000 0.6437 0.7653
vn -0.4498 -0.6437 0.6191
vn -0.4498 0.6437 0.6191
vn -0.7278 -0.6437 0.2365
vn -0.7278 0.6437 0.2365
vn -0.7278 -0.6437 -0.2365
vn -0.7278 0.6437 -0.2365
vn -0.4498 -0.6437 -0.6191
vn -0.4498 0.6437 -0.6191
vt 1.000000 0.500000
vt 1.000000 1.000000
vt 0.900000 1.000000
vt 0.900000 0.500000
vt 0.800000 1.000000
vt 0.800000 0.500000
vt 0.700000 1.000000
vt 0.700000 0.500000
vt 0.600000 1.000000
vt 0.600000 0.500000
vt 0.500000 1.000000
vt 0.500000 0.500000
vt 0.400000 1.000000
vt 0.400000 0.500000
vt 0.300000 1.000000
vt 0.300000 0.500000
vt 0.200000 1.000000
vt 0.200000 0.500000
vt 0.391068 0.444164
vt 0.250000 0.490000
vt 0.108932 0.444164
vt 0.021746 0.324164
vt 0.021746 0.175836
vt 0.108932 0.055836
vt 0.250000 0.010000
vt 0.391068 0.055836
vt 0.478254 0.175836
vt 0.478254 0.324164
vt 0.100000 1.000000
vt 0.100000 0.500000
vt -0.000000 1.000000
vt -0.000000 0.500000
vt 0.750000 0.490000
vt 0.891068 0.444164
vt 0.978254 0.324164
vt 0.978254 0.175836
vt 0.891068 0.055836
vt 0.750000 0.010000
vt 0.608932 0.055836
vt 0.521746 0.175836
vt 0.521746 0.324164
vt 0.608932 0.444164
s 1
usemtl M_Graphite
f 2845/5871/2833 2846/5872/2834 2848/5873/2836 2847/5874/2835
f 2847/5874/2835 2848/5873/2836 2850/5875/2838 2849/5876/2837
f 2849/5876/2837 2850/5875/2838 2852/5877/2840 2851/5878/2839
f 2851/5878/2839 2852/5877/2840 2854/5879/2842 2853/5880/2841
f 2853/5880/2841 2854/5879/2842 2856/5881/2844 2855/5882/2843
f 2855/5882/2843 2856/5881/2844 2858/5883/2846 2857/5884/2845
f 2857/5884/2845 2858/5883/2846 2860/5885/2848 2859/5886/2847
f 2859/5886/2847 2860/5885/2848 2862/5887/2850 2861/5888/2849
f 2848/5889/2836 2846/5890/2834 2864/5891/2852 2862/5892/2850 2860/5893/2848 2858/5894/2846 2856/5895/2844 2854/5896/2842 2852/5897/2840 2850/5898/2838
f 2861/5888/2849 2862/5887/2850 2864/5899/2852 2863/5900/2851
f 2863/5900/2851 2864/5899/2852 2846/5901/2834 2845/5902/2833
f 2845/5903/2833 2847/5904/2835 2849/5905/2837 2851/5906/2839 2853/5907/2841 2855/5908/2843 2857/5909/2845 2859/5910/2847 2861/5911/2849 2863/5912/2851
o Socket.136
v 0.070000 0.080000 0.019000
v 0.070000 0.088000 0.019000
v 0.073527 0.080000 0.020146
v 0.073527 0.088000 0.020146
v 0.075706 0.080000 0.023146
v 0.075706 0.088000 0.023146
v 0.075706 0.080000 0.026854
v 0.075706 0.088000 0.026854
v 0.073527 0.080000 0.029854
v 0.073527 0.088000 0.029854
v 0.070000 0.080000 0.031000
v 0.070000 0.088000 0.031000
v 0.066473 0.080000 0.029854
v 0.066473 0.088000 0.029854
v 0.064294 0.080000 0.026854
v 0.064294 0.088000 0.026854
v 0.064294 0.080000 0.023146
v 0.064294 0.088000 0.023146
v 0.066473 0.080000 0.020146
v 0.066473 0.088000 0.020146
vn -0.0000 -0.6437 -0.7653
vn -0.0000 0.6437 -0.7653
vn 0.4498 -0.6437 -0.6191
vn 0.4498 0.6437 -0.6191
vn 0.7278 -0.6437 -0.2365
vn 0.7278 0.6437 -0.2365
vn 0.7278 -0.6437 0.2365
vn 0.7278 0.6437 0.2365
vn 0.4498 -0.6437 0.6191
vn 0.4498 0.6437 0.6191
vn -0.0000 -0.6437 0.7653
vn -0.0000 0.6437 0.7653
vn -0.4498 -0.6437 0.6191
vn -0.4498 0.6437 0.6191
vn -0.7278 -0.6437 0.2365
vn -0.7278 0.6437 0.2365
vn -0.7278 -0.6437 -0.2365
vn -0.7278 0.6437 -0.2365
vn -0.4498 -0.6437 -0.6191
vn -0.4498 0.6437 -0.6191
vt 1.000000 0.500000
vt 1.000000 1.000000
vt 0.900000 1.000000
vt 0.900000 0.500000
vt 0.800000 1.000000
vt 0.800000 0.500000
vt 0.700000 1.000000
vt 0.700000 0.500000
vt 0.600000 1.000000
vt 0.600000 0.500000
vt 0.500000 1.000000
vt 0.500000 0.500000
vt 0.400000 1.000000
vt 0.400000 0.500000
vt 0.300000 1.000000
vt 0.300000 0.500000
vt 0.200000 1.000000
vt 0.200000 0.500000
vt 0.391068 0.444164
vt 0.250000 0.490000
vt 0.108932 0.444164
vt 0.021746 0.324164
vt 0.021746 0.175836
vt 0.108932 0.055836
vt 0.250000 0.010000
vt 0.391068 0.055836
vt 0.478254 0.175836
vt 0.478254 0.324164
vt 0.100000 1.000000
vt 0.100000 0.500000
vt -0.000000 1.000000
vt -0.000000 0.500000
vt 0.750000 0.490000
vt 0.891068 0.444164
vt 0.978254 0.324164
vt 0.978254 0.175836
vt 0.891068 0.055836
vt 0.750000 0.010000
vt 0.608932 0.055836
vt 0.521746 0.175836
vt 0.521746 0.324164
vt 0.608932 0.444164
s 1
usemtl M_Graphite
f 2865/5913/2853 2866/5914/2854 2868/5915/2856 2867/5916/2855
f 2867/5916/2855 2868/5915/2856 2870/5917/2858 2869/5918/2857
f 2869/5918/2857 2870/5917/2858 2872/5919/2860 2871/5920/2859
f 2871/5920/2859 2872/5919/2860 2874/5921/2862 2873/5922/2861
f 2873/5922/2861 2874/5921/2862 2876/5923/2864 2875/5924/2863
f 2875/5924/2863 2876/5923/2864 2878/5925/2866 2877/5926/2865
f 2877/5926/2865 2878/5925/2866 2880/5927/2868 2879/5928/2867
f 2879/5928/2867 2880/5927/2868 2882/5929/2870 2881/5930/2869
f 2868/5931/2856 2866/5932/2854 2884/5933/2872 2882/5934/2870 2880/5935/2868 2878/5936/2866 2876/5937/2864 2874/5938/2862 2872/5939/2860 2870/5940/2858
f 2881/5930/2869 2882/5929/2870 2884/5941/2872 2883/5942/2871
f 2883/5942/2871 2884/5941/2872 2866/5943/2854 2865/5944/2853
f 2865/5945/2853 2867/5946/2855 2869/5947/2857 2871/5948/2859 2873/5949/2861 2875/5950/2863 2877/5951/2865 2879/5952/2867 2881/5953/2869 2883/5954/2871
o Socket.137
v 0.115000 0.080000 0.019000
v 0.115000 0.088000 0.019000
v 0.118527 0.080000 0.020146
v 0.118527 0.088000 0.020146
v 0.120706 0.080000 0.023146
v 0.120706 0.088000 0.023146
v 0.120706 0.080000 0.026854
v 0.120706 0.088000 0.026854
v 0.118527 0.080000 0.029854
v 0.118527 0.088000 0.029854
v 0.115000 0.080000 0.031000
v 0.115000 0.088000 0.031000
v 0.111473 0.080000 0.029854
v 0.111473 0.088000 0.029854
v 0.109294 0.080000 0.026854
v 0.109294 0.088000 0.026854
v 0.109294 0.080000 0.023146
v 0.109294 0.088000 0.023146
v 0.111473 0.080000 0.020146
v 0.111473 0.088000 0.020146
vn -0.0000 -0.6437 -0.7653
vn -0.0000 0.6437 -0.7653
vn 0.4498 -0.6437 -0.6191
vn 0.4498 0.6437 -0.6191
vn 0.7278 -0.6437 -0.2365
vn 0.7278 0.6437 -0.2365
vn 0.7278 -0.6437 0.2365
vn 0.7278 0.6437 0.2365
vn 0.4498 -0.6437 0.6191
vn 0.4498 0.6437 0.6191
vn -0.0000 -0.6437 0.7653
vn -0.0000 0.6437 0.7653
vn -0.4498 -0.6437 0.6191
vn -0.4498 0.6437 0.6191
vn -0.7278 -0.6437 0.2365
vn -0.7278 0.6437 0.2365
vn -0.7278 -0.6437 -0.2365
vn -0.7278 0.6437 -0.2365
vn -0.4498 -0.6437 -0.6191
vn -0.4498 0.6437 -0.6191
vt 1.000000 0.500000
vt 1.000000 1.000000
vt 0.900000 1.000000
vt 0.900000 0.500000
vt 0.800000 1.000000
vt 0.800000 0.500000
vt 0.700000 1.000000
vt 0.700000 0.500000
vt 0.600000 1.000000
vt 0.600000 0.500000
vt 0.500000 1.000000
vt 0.500000 0.500000
vt 0.400000 1.000000
vt 0.400000 0.500000
vt 0.300000 1.000000
vt 0.300000 0.500000
vt 0.200000 1.000000
vt 0.200000 0.500000
vt 0.391068 0.444164
vt 0.250000 0.490000
vt 0.108932 0.444164
vt 0.021746 0.324164
vt 0.021746 0.175836
vt 0.108932 0.055836
vt 0.250000 0.010000
vt 0.391068 0.055836
vt 0.478254 0.175836
vt 0.478254 0.324164
vt 0.100000 1.000000
vt 0.100000 0.500000
vt -0.000000 1.000000
vt -0.000000 0.500000
vt 0.750000 0.490000
vt 0.891068 0.444164
vt 0.978254 0.324164
vt 0.978254 0.175836
vt 0.891068 0.055836
vt 0.750000 0.010000
vt 0.608932 0.055836
vt 0.521746 0.175836
vt 0.521746 0.324164
vt 0.608932 0.444164
s 1
usemtl M_Graphite
f 2885/5955/2873 2886/5956/2874 2888/5957/2876 2887/5958/2875
f 2887/5958/2875 2888/5957/2876 2890/5959/2878 2889/5960/2877
f 2889/5960/2877 2890/5959/2878 2892/5961/2880 2891/5962/2879
f 2891/5962/2879 2892/5961/2880 2894/5963/2882 2893/5964/2881
f 2893/5964/2881 2894/5963/2882 2896/5965/2884 2895/5966/2883
f 2895/5966/2883 2896/5965/2884 2898/5967/2886 2897/5968/2885
f 2897/5968/2885 2898/5967/2886 2900/5969/2888 2899/5970/2887
f 2899/5970/2887 2900/5969/2888 2902/5971/2890 2901/5972/2889
f 2888/5973/2876 2886/5974/2874 2904/5975/2892 2902/5976/2890 2900/5977/2888 2898/5978/2886 2896/5979/2884 2894/5980/2882 2892/5981/2880 2890/5982/2878
f 2901/5972/2889 2902/5971/2890 2904/5983/2892 2903/5984/2891
f 2903/5984/2891 2904/5983/2892 2886/5985/2874 2885/5986/2873
f 2885/5987/2873 2887/5988/2875 2889/5989/2877 2891/5990/2879 2893/5991/2881 2895/5992/2883 2897/5993/2885 2899/5994/2887 2901/5995/2889 2903/5996/2891
o Socket.138
v 0.160000 0.080000 0.019000
v 0.160000 0.088000 0.019000
v 0.163527 0.080000 0.020146
v 0.163527 0.088000 0.020146
v 0.165706 0.080000 0.023146
v 0.165706 0.088000 0.023146
v 0.165706 0.080000 0.026854
v 0.165706 0.088000 0.026854
v 0.163527 0.080000 0.029854
v 0.163527 0.088000 0.029854
v 0.160000 0.080000 0.031000
v 0.160000 0.088000 0.031000
v 0.156473 0.080000 0.029854
v 0.156473 0.088000 0.029854
v 0.154294 0.080000 0.026854
v 0.154294 0.088000 0.026854
v 0.154294 0.080000 0.023146
v 0.154294 0.088000 0.023146
v 0.156473 0.080000 0.020146
v 0.156473 0.088000 0.020146
vn -0.0000 -0.6437 -0.7653
vn -0.0000 0.6437 -0.7653
vn 0.4498 -0.6437 -0.6191
vn 0.4498 0.6437 -0.6191
vn 0.7278 -0.6437 -0.2365
vn 0.7278 0.6437 -0.2365
vn 0.7278 -0.6437 0.2365
vn 0.7278 0.6437 0.2365
vn 0.4498 -0.6437 0.6191
vn 0.4498 0.6437 0.6191
vn -0.0000 -0.6437 0.7653
vn -0.0000 0.6437 0.7653
vn -0.4498 -0.6437 0.6191
vn -0.4498 0.6437 0.6191
vn -0.7278 -0.6437 0.2365
vn -0.7278 0.6437 0.2365
vn -0.7278 -0.6437 -0.2365
vn -0.7278 0.6437 -0.2365
vn -0.4498 -0.6437 -0.6191
vn -0.4498 0.6437 -0.6191
vt 1.000000 0.500000
vt 1.000000 1.000000
vt 0.900000 1.000000
vt 0.900000 0.500000
vt 0.800000 1.000000
vt 0.800000 0.500000
vt 0.700000 1.000000
vt 0.700000 0.500000
vt 0.600000 1.000000
vt 0.600000 0.500000
vt 0.500000 1.000000
vt 0.500000 0.500000
vt 0.400000 1.000000
vt 0.400000 0.500000
vt 0.300000 1.000000
vt 0.300000 0.500000
vt 0.200000 1.000000
vt 0.200000 0.500000
vt 0.391068 0.444164
vt 0.250000 0.490000
vt 0.108932 0.444164
vt 0.021746 0.324164
vt 0.021746 0.175836
vt 0.108932 0.055836
vt 0.250000 0.010000
vt 0.391068 0.055836
vt 0.478254 0.175836
vt 0.478254 0.324164
vt 0.100000 1.000000
vt 0.100000 0.500000
vt -0.000000 1.000000
vt -0.000000 0.500000
vt 0.750000 0.490000
vt 0.891068 0.444164
vt 0.978254 0.324164
vt 0.978254 0.175836
vt 0.891068 0.055836
vt 0.750000 0.010000
vt 0.608932 0.055836
vt 0.521746 0.175836
vt 0.521746 0.324164
vt 0.608932 0.444164
s 1
usemtl M_Graphite
f 2905/5997/2893 2906/5998/2894 2908/5999/2896 2907/6000/2895
f 2907/6000/2895 2908/5999/2896 2910/6001/2898 2909/6002/2897
f 2909/6002/2897 2910/6001/2898 2912/6003/2900 2911/6004/2899
f 2911/6004/2899 2912/6003/2900 2914/6005/2902 2913/6006/2901
f 2913/6006/2901 2914/6005/2902 2916/6007/2904 2915/6008/2903
f 2915/6008/2903 2916/6007/2904 2918/6009/2906 2917/6010/2905
f 2917/6010/2905 2918/6009/2906 2920/6011/2908 2919/6012/2907
f 2919/6012/2907 2920/6011/2908 2922/6013/2910 2921/6014/2909
f 2908/6015/2896 2906/6016/2894 2924/6017/2912 2922/6018/2910 2920/6019/2908 2918/6020/2906 2916/6021/2904 2914/6022/2902 2912/6023/2900 2910/6024/2898
f 2921/6014/2909 2922/6013/2910 2924/6025/2912 2923/6026/2911
f 2923/6026/2911 2924/6025/2912 2906/6027/2894 2905/6028/2893
f 2905/6029/2893 2907/6030/2895 2909/6031/2897 2911/6032/2899 2913/6033/2901 2915/6034/2903 2917/6035/2905 2919/6036/2907 2921/6037/2909 2923/6038/2911
o Socket.139
v 0.205000 0.080000 0.019000
v 0.205000 0.088000 0.019000
v 0.208527 0.080000 0.020146
v 0.208527 0.088000 0.020146
v 0.210706 0.080000 0.023146
v 0.210706 0.088000 0.023146
v 0.210706 0.080000 0.026854
v 0.210706 0.088000 0.026854
v 0.208527 0.080000 0.029854
v 0.208527 0.088000 0.029854
v 0.205000 0.080000 0.031000
v 0.205000 0.088000 0.031000
v 0.201473 0.080000 0.029854
v 0.201473 0.088000 0.029854
v 0.199294 0.080000 0.026854
v 0.199294 0.088000 0.026854
v 0.199294 0.080000 0.023146
v 0.199294 0.088000 0.023146
v 0.201473 0.080000 0.020146
v 0.201473 0.088000 0.020146
vn -0.0000 -0.6437 -0.7653
vn -0.0000 0.6437 -0.7653
vn 0.4498 -0.6437 -0.6191
vn 0.4498 0.6437 -0.6191
vn 0.7278 -0.6437 -0.2365
vn 0.7278 0.6437 -0.2365
vn 0.7278 -0.6437 0.2365
vn 0.7278 0.6437 0.2365
vn 0.4498 -0.6437 0.6191
vn 0.4498 0.6437 0.6191
vn -0.0000 -0.6437 0.7653
vn -0.0000 0.6437 0.7653
vn -0.4498 -0.6437 0.6191
vn -0.4498 0.6437 0.6191
vn -0.7278 -0.6437 0.2365
vn -0.7278 0.6437 0.2365
vn -0.7278 -0.6437 -0.2365
vn -0.7278 0.6437 -0.2365
vn -0.4498 -0.6437 -0.6191
vn -0.4498 0.6437 -0.6191
vt 1.000000 0.500000
vt 1.000000 1.000000
vt 0.900000 1.000000
vt 0.900000 0.500000
vt 0.800000 1.000000
vt 0.800000 0.500000
vt 0.700000 1.000000
vt 0.700000 0.500000
vt 0.600000 1.000000
vt 0.600000 0.500000
vt 0.500000 1.000000
vt 0.500000 0.500000
vt 0.400000 1.000000
vt 0.400000 0.500000
vt 0.300000 1.000000
vt 0.300000 0.500000
vt 0.200000 1.000000
vt 0.200000 0.500000
vt 0.391068 0.444164
vt 0.250000 0.490000
vt 0.108932 0.444164
vt 0.021746 0.324164
vt 0.021746 0.175836
vt 0.108932 0.055836
vt 0.250000 0.010000
vt 0.391068 0.055836
vt 0.478254 0.175836
vt 0.478254 0.324164
vt 0.100000 1.000000
vt 0.100000 0.500000
vt -0.000000 1.000000
vt -0.000000 0.500000
vt 0.750000 0.490000
vt 0.891068 0.444164
vt 0.978254 0.324164
vt 0.978254 0.175836
vt 0.891068 0.055836
vt 0.750000 0.010000
vt 0.608932 0.055836
vt 0.521746 0.175836
vt 0.521746 0.324164
vt 0.608932 0.444164
s 1
usemtl M_Graphite
f 2925/6039/2913 2926/6040/2914 2928/6041/2916 2927/6042/2915
f 2927/6042/2915 2928/6041/2916 2930/6043/2918 2929/6044/2917
f 2929/6044/2917 2930/6043/2918 2932/6045/2920 2931/6046/2919
f 2931/6046/2919 2932/6045/2920 2934/6047/2922 2933/6048/2921
f 2933/6048/2921 2934/6047/2922 2936/6049/2924 2935/6050/2923
f 2935/6050/2923 2936/6049/2924 2938/6051/2926 2937/6052/2925
f 2937/6052/2925 2938/6051/2926 2940/6053/2928 2939/6054/2927
f 2939/6054/2927 2940/6053/2928 2942/6055/2930 2941/6056/2929
f 2928/6057/2916 2926/6058/2914 2944/6059/2932 2942/6060/2930 2940/6061/2928 2938/6062/2926 2936/6063/2924 2934/6064/2922 2932/6065/2920 2930/6066/2918
f 2941/6056/2929 2942/6055/2930 2944/6067/2932 2943/6068/2931
f 2943/6068/2931 2944/6067/2932 2926/6069/2914 2925/6070/2913
f 2925/6071/2913 2927/6072/2915 2929/6073/2917 2931/6074/2919 2933/6075/2921 2935/6076/2923 2937/6077/2925 2939/6078/2927 2941/6079/2929 2943/6080/2931
o Socket.140
v 0.250000 0.080000 0.019000
v 0.250000 0.088000 0.019000
v 0.253527 0.080000 0.020146
v 0.253527 0.088000 0.020146
v 0.255706 0.080000 0.023146
v 0.255706 0.088000 0.023146
v 0.255706 0.080000 0.026854
v 0.255706 0.088000 0.026854
v 0.253527 0.080000 0.029854
v 0.253527 0.088000 0.029854
v 0.250000 0.080000 0.031000
v 0.250000 0.088000 0.031000
v 0.246473 0.080000 0.029854
v 0.246473 0.088000 0.029854
v 0.244294 0.080000 0.026854
v 0.244294 0.088000 0.026854
v 0.244294 0.080000 0.023146
v 0.244294 0.088000 0.023146
v 0.246473 0.080000 0.020146
v 0.246473 0.088000 0.020146
vn -0.0000 -0.6437 -0.7653
vn -0.0000 0.6437 -0.7653
vn 0.4498 -0.6437 -0.6191
vn 0.4498 0.6437 -0.6191
vn 0.7278 -0.6437 -0.2365
vn 0.7278 0.6437 -0.2365
vn 0.7278 -0.6437 0.2365
vn 0.7278 0.6437 0.2365
vn 0.4498 -0.6437 0.6191
vn 0.4498 0.6437 0.6191
vn -0.0000 -0.6437 0.7653
vn -0.0000 0.6437 0.7653
vn -0.4498 -0.6437 0.6191
vn -0.4498 0.6437 0.6191
vn -0.7278 -0.6437 0.2365
vn -0.7278 0.6437 0.2365
vn -0.7278 -0.6437 -0.2365
vn -0.7278 0.6437 -0.2365
vn -0.4498 -0.6437 -0.6191
vn -0.4498 0.6437 -0.6191
vt 1.000000 0.500000
vt 1.000000 1.000000
vt 0.900000 1.000000
vt 0.900000 0.500000
vt 0.800000 1.000000
vt 0.800000 0.500000
vt 0.700000 1.000000
vt 0.700000 0.500000
vt 0.600000 1.000000
vt 0.600000 0.500000
vt 0.500000 1.000000
vt 0.500000 0.500000
vt 0.400000 1.000000
vt 0.400000 0.500000
vt 0.300000 1.000000
vt 0.300000 0.500000
vt 0.200000 1.000000
vt 0.200000 0.500000
vt 0.391068 0.444164
vt 0.250000 0.490000
vt 0.108932 0.444164
vt 0.021746 0.324164
vt 0.021746 0.175836
vt 0.108932 0.055836
vt 0.250000 0.010000
vt 0.391068 0.055836
vt 0.478254 0.175836
vt 0.478254 0.324164
vt 0.100000 1.000000
vt 0.100000 0.500000
vt -0.000000 1.000000
vt -0.000000 0.500000
vt 0.750000 0.490000
vt 0.891068 0.444164
vt 0.978254 0.324164
vt 0.978254 0.175836
vt 0.891068 0.055836
vt 0.750000 0.010000
vt 0.608932 0.055836
vt 0.521746 0.175836
vt 0.521746 0.324164
vt 0.608932 0.444164
s 1
usemtl M_Graphite
f 2945/6081/2933 2946/6082/2934 2948/6083/2936 2947/6084/2935
f 2947/6084/2935 2948/6083/2936 2950/6085/2938 2949/6086/2937
f 2949/6086/2937 2950/6085/2938 2952/6087/2940 2951/6088/2939
f 2951/6088/2939 2952/6087/2940 2954/6089/2942 2953/6090/2941
f 2953/6090/2941 2954/6089/2942 2956/6091/2944 2955/6092/2943
f 2955/6092/2943 2956/6091/2944 2958/6093/2946 2957/6094/2945
f 2957/6094/2945 2958/6093/2946 2960/6095/2948 2959/6096/2947
f 2959/6096/2947 2960/6095/2948 2962/6097/2950 2961/6098/2949
f 2948/6099/2936 2946/6100/2934 2964/6101/2952 2962/6102/2950 2960/6103/2948 2958/6104/2946 2956/6105/2944 2954/6106/2942 2952/6107/2940 2950/6108/2938
f 2961/6098/2949 2962/6097/2950 2964/6109/2952 2963/6110/2951
f 2963/6110/2951 2964/6109/2952 2946/6111/2934 2945/6112/2933
f 2945/6113/2933 2947/6114/2935 2949/6115/2937 2951/6116/2939 2953/6117/2941 2955/6118/2943 2957/6119/2945 2959/6120/2947 2961/6121/2949 2963/6122/2951
o Socket.141
v 0.295000 0.080000 0.019000
v 0.295000 0.088000 0.019000
v 0.298527 0.080000 0.020146
v 0.298527 0.088000 0.020146
v 0.300706 0.080000 0.023146
v 0.300706 0.088000 0.023146
v 0.300706 0.080000 0.026854
v 0.300706 0.088000 0.026854
v 0.298527 0.080000 0.029854
v 0.298527 0.088000 0.029854
v 0.295000 0.080000 0.031000
v 0.295000 0.088000 0.031000
v 0.291473 0.080000 0.029854
v 0.291473 0.088000 0.029854
v 0.289294 0.080000 0.026854
v 0.289294 0.088000 0.026854
v 0.289294 0.080000 0.023146
v 0.289294 0.088000 0.023146
v 0.291473 0.080000 0.020146
v 0.291473 0.088000 0.020146
vn -0.0000 -0.6437 -0.7653
vn -0.0000 0.6437 -0.7653
vn 0.4498 -0.6437 -0.6191
vn 0.4498 0.6437 -0.6191
vn 0.7278 -0.6437 -0.2365
vn 0.7278 0.6437 -0.2365
vn 0.7278 -0.6437 0.2365
vn 0.7278 0.6437 0.2365
vn 0.4498 -0.6437 0.6191
vn 0.4498 0.6437 0.6191
vn -0.0000 -0.6437 0.7653
vn -0.0000 0.6437 0.7653
vn -0.4498 -0.6437 0.6191
vn -0.4498 0.6437 0.6191
vn -0.7278 -0.6437 0.2365
vn -0.7278 0.6437 0.2365
vn -0.7278 -0.6437 -0.2365
vn -0.7278 0.6437 -0.2365
vn -0.4498 -0.6437 -0.6191
vn -0.4498 0.6437 -0.6191
vt 1.000000 0.500000
vt 1.000000 1.000000
vt 0.900000 1.000000
vt 0.900000 0.500000
vt 0.800000 1.000000
vt 0.800000 0.500000
vt 0.700000 1.000000
vt 0.700000 0.500000
vt 0.600000 1.000000
vt 0.600000 0.500000
vt 0.500000 1.000000
vt 0.500000 0.500000
vt 0.400000 1.000000
vt 0.400000 0.500000
vt 0.300000 1.000000
vt 0.300000 0.500000
vt 0.200000 1.000000
vt 0.200000 0.500000
vt 0.391068 0.444164
vt 0.250000 0.490000
vt 0.108932 0.444164
vt 0.021746 0.324164
vt 0.021746 0.175836
vt 0.108932 0.055836
vt 0.250000 0.010000
vt 0.391068 0.055836
vt 0.478254 0.175836
vt 0.478254 0.324164
vt 0.100000 1.000000
vt 0.100000 0.500000
vt -0.000000 1.000000
vt -0.000000 0.500000
vt 0.750000 0.490000
vt 0.891068 0.444164
vt 0.978254 0.324164
vt 0.978254 0.175836
vt 0.891068 0.055836
vt 0.750000 0.010000
vt 0.608932 0.055836
vt 0.521746 0.175836
vt 0.521746 0.324164
vt 0.608932 0.444164
s 1
usemtl M_Graphite
f 2965/6123/2953 2966/6124/2954 2968/6125/2956 2967/6126/2955
f 2967/6126/2955 2968/6125/2956 2970/6127/2958 2969/6128/2957
f 2969/6128/2957 2970/6127/2958 2972/6129/2960 2971/6130/2959
f 2971/6130/2959 2972/6129/2960 2974/6131/2962 2973/6132/2961
f 2973/6132/2961 2974/6131/2962 2976/6133/2964 2975/6134/2963
f 2975/6134/2963 2976/6133/2964 2978/6135/2966 2977/6136/2965
f 2977/6136/2965 2978/6135/2966 2980/6137/2968 2979/6138/2967
f 2979/6138/2967 2980/6137/2968 2982/6139/2970 2981/6140/2969
f 2968/6141/2956 2966/6142/2954 2984/6143/2972 2982/6144/2970 2980/6145/2968 2978/6146/2966 2976/6147/2964 2974/6148/2962 2972/6149/2960 2970/6150/2958
f 2981/6140/2969 2982/6139/2970 2984/6151/2972 2983/6152/2971
f 2983/6152/2971 2984/6151/2972 2966/6153/2954 2965/6154/2953
f 2965/6155/2953 2967/6156/2955 2969/6157/2957 2971/6158/2959 2973/6159/2961 2975/6160/2963 2977/6161/2965 2979/6162/2967 2981/6163/2969 2983/6164/2971
o Socket.142
v 0.340000 0.080000 0.019000
v 0.340000 0.088000 0.019000
v 0.343527 0.080000 0.020146
v 0.343527 0.088000 0.020146
v 0.345706 0.080000 0.023146
v 0.345706 0.088000 0.023146
v 0.345706 0.080000 0.026854
v 0.345706 0.088000 0.026854
v 0.343527 0.080000 0.029854
v 0.343527 0.088000 0.029854
v 0.340000 0.080000 0.031000
v 0.340000 0.088000 0.031000
v 0.336473 0.080000 0.029854
v 0.336473 0.088000 0.029854
v 0.334294 0.080000 0.026854
v 0.334294 0.088000 0.026854
v 0.334294 0.080000 0.023146
v 0.334294 0.088000 0.023146
v 0.336473 0.080000 0.020146
v 0.336473 0.088000 0.020146
vn -0.0000 -0.6437 -0.7653
vn -0.0000 0.6437 -0.7653
vn 0.4498 -0.6437 -0.6191
vn 0.4498 0.6437 -0.6191
vn 0.7278 -0.6437 -0.2365
vn 0.7278 0.6437 -0.2365
vn 0.7278 -0.6437 0.2365
vn 0.7278 0.6437 0.2365
vn 0.4498 -0.6437 0.6191
vn 0.4498 0.6437 0.6191
vn -0.0000 -0.6437 0.7653
vn -0.0000 0.6437 0.7653
vn -0.4498 -0.6437 0.6191
vn -0.4498 0.6437 0.6191
vn -0.7278 -0.6437 0.2365
vn -0.7278 0.6437 0.2365
vn -0.7278 -0.6437 -0.2365
vn -0.7278 0.6437 -0.2365
vn -0.4498 -0.6437 -0.6191
vn -0.4498 0.6437 -0.6191
vt 1.000000 0.500000
vt 1.000000 1.000000
vt 0.900000 1.000000
vt 0.900000 0.500000
vt 0.800000 1.000000
vt 0.800000 0.500000
vt 0.700000 1.000000
vt 0.700000 0.500000
vt 0.600000 1.000000
vt 0.600000 0.500000
vt 0.500000 1.000000
vt 0.500000 0.500000
vt 0.400000 1.000000
vt 0.400000 0.500000
vt 0.300000 1.000000
vt 0.300000 0.500000
vt 0.200000 1.000000
vt 0.200000 0.500000
vt 0.391068 0.444164
vt 0.250000 0.490000
vt 0.108932 0.444164
vt 0.021746 0.324164
vt 0.021746 0.175836
vt 0.108932 0.055836
vt 0.250000 0.010000
vt 0.391068 0.055836
vt 0.478254 0.175836
vt 0.478254 0.324164
vt 0.100000 1.000000
vt 0.100000 0.500000
vt -0.000000 1.000000
vt -0.000000 0.500000
vt 0.750000 0.490000
vt 0.891068 0.444164
vt 0.978254 0.324164
vt 0.978254 0.175836
vt 0.891068 0.055836
vt 0.750000 0.010000
vt 0.608932 0.055836
vt 0.521746 0.175836
vt 0.521746 0.324164
vt 0.608932 0.444164
s 1
usemtl M_Graphite
f 2985/6165/2973 2986/6166/2974 2988/6167/2976 2987/6168/2975
f 2987/6168/2975 2988/6167/2976 2990/6169/2978 2989/6170/2977
f 2989/6170/2977 2990/6169/2978 2992/6171/2980 2991/6172/2979
f 2991/6172/2979 2992/6171/2980 2994/6173/2982 2993/6174/2981
f 2993/6174/2981 2994/6173/2982 2996/6175/2984 2995/6176/2983
f 2995/6176/2983 2996/6175/2984 2998/6177/2986 2997/6178/2985
f 2997/6178/2985 2998/6177/2986 3000/6179/2988 2999/6180/2987
f 2999/6180/2987 3000/6179/2988 3002/6181/2990 3001/6182/2989
f 2988/6183/2976 2986/6184/2974 3004/6185/2992 3002/6186/2990 3000/6187/2988 2998/6188/2986 2996/6189/2984 2994/6190/2982 2992/6191/2980 2990/6192/2978
f 3001/6182/2989 3002/6181/2990 3004/6193/2992 3003/6194/2991
f 3003/6194/2991 3004/6193/2992 2986/6195/2974 2985/6196/2973
f 2985/6197/2973 2987/6198/2975 2989/6199/2977 2991/6200/2979 2993/6201/2981 2995/6202/2983 2997/6203/2985 2999/6204/2987 3001/6205/2989 3003/6206/2991
o Socket.143
v 0.385000 0.080000 0.019000
v 0.385000 0.088000 0.019000
v 0.388527 0.080000 0.020146
v 0.388527 0.088000 0.020146
v 0.390706 0.080000 0.023146
v 0.390706 0.088000 0.023146
v 0.390706 0.080000 0.026854
v 0.390706 0.088000 0.026854
v 0.388527 0.080000 0.029854
v 0.388527 0.088000 0.029854
v 0.385000 0.080000 0.031000
v 0.385000 0.088000 0.031000
v 0.381473 0.080000 0.029854
v 0.381473 0.088000 0.029854
v 0.379294 0.080000 0.026854
v 0.379294 0.088000 0.026854
v 0.379294 0.080000 0.023146
v 0.379294 0.088000 0.023146
v 0.381473 0.080000 0.020146
v 0.381473 0.088000 0.020146
vn -0.0000 -0.6437 -0.7653
vn -0.0000 0.6437 -0.7653
vn 0.4498 -0.6437 -0.6191
vn 0.4498 0.6437 -0.6191
vn 0.7278 -0.6437 -0.2365
vn 0.7278 0.6437 -0.2365
vn 0.7278 -0.6437 0.2365
vn 0.7278 0.6437 0.2365
vn 0.4498 -0.6437 0.6191
vn 0.4498 0.6437 0.6191
vn -0.0000 -0.6437 0.7653
vn -0.0000 0.6437 0.7653
vn -0.4498 -0.6437 0.6191
vn -0.4498 0.6437 0.6191
vn -0.7278 -0.6437 0.2365
vn -0.7278 0.6437 0.2365
vn -0.7278 -0.6437 -0.2365
vn -0.7278 0.6437 -0.2365
vn -0.4498 -0.6437 -0.6191
vn -0.4498 0.6437 -0.6191
vt 1.000000 0.500000
vt 1.000000 1.000000
vt 0.900000 1.000000
vt 0.900000 0.500000
vt 0.800000 1.000000
vt 0.800000 0.500000
vt 0.700000 1.000000
vt 0.700000 0.500000
vt 0.600000 1.000000
vt 0.600000 0.500000
vt 0.500000 1.000000
vt 0.500000 0.500000
vt 0.400000 1.000000
vt 0.400000 0.500000
vt 0.300000 1.000000
vt 0.300000 0.500000
vt 0.200000 1.000000
vt 0.200000 0.500000
vt 0.391068 0.444164
vt 0.250000 0.490000
vt 0.108932 0.444164
vt 0.021746 0.324164
vt 0.021746 0.175836
vt 0.108932 0.055836
vt 0.250000 0.010000
vt 0.391068 0.055836
vt 0.478254 0.175836
vt 0.478254 0.324164
vt 0.100000 1.000000
vt 0.100000 0.500000
vt -0.000000 1.000000
vt -0.000000 0.500000
vt 0.750000 0.490000
vt 0.891068 0.444164
vt 0.978254 0.324164
vt 0.978254 0.175836
vt 0.891068 0.055836
vt 0.750000 0.010000
vt 0.608932 0.055836
vt 0.521746 0.175836
vt 0.521746 0.324164
vt 0.608932 0.444164
s 1
usemtl M_Graphite
f 3005/6207/2993 3006/6208/2994 3008/6209/2996 3007/6210/2995
f 3007/6210/2995 3008/6209/2996 3010/6211/2998 3009/6212/2997
f 3009/6212/2997 3010/6211/2998 3012/6213/3000 3011/6214/2999
f 3011/6214/2999 3012/6213/3000 3014/6215/3002 3013/6216/3001
f 3013/6216/3001 3014/6215/3002 3016/6217/3004 3015/6218/3003
f 3015/6218/3003 3016/6217/3004 3018/6219/3006 3017/6220/3005
f 3017/6220/3005 3018/6219/3006 3020/6221/3008 3019/6222/3007
f 3019/6222/3007 3020/6221/3008 3022/6223/3010 3021/6224/3009
f 3008/6225/2996 3006/6226/2994 3024/6227/3012 3022/6228/3010 3020/6229/3008 3018/6230/3006 3016/6231/3004 3014/6232/3002 3012/6233/3000 3010/6234/2998
f 3021/6224/3009 3022/6223/3010 3024/6235/3012 3023/6236/3011
f 3023/6236/3011 3024/6235/3012 3006/6237/2994 3005/6238/2993
f 3005/6239/2993 3007/6240/2995 3009/6241/2997 3011/6242/2999 3013/6243/3001 3015/6244/3003 3017/6245/3005 3019/6246/3007 3021/6247/3009 3023/6248/3011
o Socket.144
v 0.430000 0.080000 0.019000
v 0.430000 0.088000 0.019000
v 0.433527 0.080000 0.020146
v 0.433527 0.088000 0.020146
v 0.435706 0.080000 0.023146
v 0.435706 0.088000 0.023146
v 0.435706 0.080000 0.026854
v 0.435706 0.088000 0.026854
v 0.433527 0.080000 0.029854
v 0.433527 0.088000 0.029854
v 0.430000 0.080000 0.031000
v 0.430000 0.088000 0.031000
v 0.426473 0.080000 0.029854
v 0.426473 0.088000 0.029854
v 0.424294 0.080000 0.026854
v 0.424294 0.088000 0.026854
v 0.424294 0.080000 0.023146
v 0.424294 0.088000 0.023146
v 0.426473 0.080000 0.020146
v 0.426473 0.088000 0.020146
vn -0.0000 -0.6437 -0.7653
vn -0.0000 0.6437 -0.7653
vn 0.4498 -0.6437 -0.6191
vn 0.4498 0.6437 -0.6191
vn 0.7278 -0.6437 -0.2365
vn 0.7278 0.6437 -0.2365
vn 0.7278 -0.6437 0.2365
vn 0.7278 0.6437 0.2365
vn 0.4498 -0.6437 0.6191
vn 0.4498 0.6437 0.6191
vn -0.0000 -0.6437 0.7653
vn -0.0000 0.6437 0.7653
vn -0.4498 -0.6437 0.6191
vn -0.4498 0.6437 0.6191
vn -0.7278 -0.6437 0.2365
vn -0.7278 0.6437 0.2365
vn -0.7278 -0.6437 -0.2365
vn -0.7278 0.6437 -0.2365
vn -0.4498 -0.6437 -0.6191
vn -0.4498 0.6437 -0.6191
vt 1.000000 0.500000
vt 1.000000 1.000000
vt 0.900000 1.000000
vt 0.900000 0.500000
vt 0.800000 1.000000
vt 0.800000 0.500000
vt 0.700000 1.000000
vt 0.700000 0.500000
vt 0.600000 1.000000
vt 0.600000 0.500000
vt 0.500000 1.000000
vt 0.500000 0.500000
vt 0.400000 1.000000
vt 0.400000 0.500000
vt 0.300000 1.000000
vt 0.300000 0.500000
vt 0.200000 1.000000
vt 0.200000 0.500000
vt 0.391068 0.444164
vt 0.250000 0.490000
vt 0.108932 0.444164
vt 0.021746 0.324164
vt 0.021746 0.175836
vt 0.108932 0.055836
vt 0.250000 0.010000
vt 0.391068 0.055836
vt 0.478254 0.175836
vt 0.478254 0.324164
vt 0.100000 1.000000
vt 0.100000 0.500000
vt -0.000000 1.000000
vt -0.000000 0.500000
vt 0.750000 0.490000
vt 0.891068 0.444164
vt 0.978254 0.324164
vt 0.978254 0.175836
vt 0.891068 0.055836
vt 0.750000 0.010000
vt 0.608932 0.055836
vt 0.521746 0.175836
vt 0.521746 0.324164
vt 0.608932 0.444164
s 1
usemtl M_Graphite
f 3025/6249/3013 3026/6250/3014 3028/6251/3016 3027/6252/3015
f 3027/6252/3015 3028/6251/3016 3030/6253/3018 3029/6254/3017
f 3029/6254/3017 3030/6253/3018 3032/6255/3020 3031/6256/3019
f 3031/6256/3019 3032/6255/3020 3034/6257/3022 3033/6258/3021
f 3033/6258/3021 3034/6257/3022 3036/6259/3024 3035/6260/3023
f 3035/6260/3023 3036/6259/3024 3038/6261/3026 3037/6262/3025
f 3037/6262/3025 3038/6261/3026 3040/6263/3028 3039/6264/3027
f 3039/6264/3027 3040/6263/3028 3042/6265/3030 3041/6266/3029
f 3028/6267/3016 3026/6268/3014 3044/6269/3032 3042/6270/3030 3040/6271/3028 3038/6272/3026 3036/6273/3024 3034/6274/3022 3032/6275/3020 3030/6276/3018
f 3041/6266/3029 3042/6265/3030 3044/6277/3032 3043/6278/3031
f 3043/6278/3031 3044/6277/3032 3026/6279/3014 3025/6280/3013
f 3025/6281/3013 3027/6282/3015 3029/6283/3017 3031/6284/3019 3033/6285/3021 3035/6286/3023 3037/6287/3025 3039/6288/3027 3041/6289/3029 3043/6290/3031
o Socket.145
v 0.475000 0.080000 0.019000
v 0.475000 0.088000 0.019000
v 0.478527 0.080000 0.020146
v 0.478527 0.088000 0.020146
v 0.480706 0.080000 0.023146
v 0.480706 0.088000 0.023146
v 0.480706 0.080000 0.026854
v 0.480706 0.088000 0.026854
v 0.478527 0.080000 0.029854
v 0.478527 0.088000 0.029854
v 0.475000 0.080000 0.031000
v 0.475000 0.088000 0.031000
v 0.471473 0.080000 0.029854
v 0.471473 0.088000 0.029854
v 0.469294 0.080000 0.026854
v 0.469294 0.088000 0.026854
v 0.469294 0.080000 0.023146
v 0.469294 0.088000 0.023146
v 0.471473 0.080000 0.020146
v 0.471473 0.088000 0.020146
vn -0.0000 -0.6437 -0.7653
vn -0.0000 0.6437 -0.7653
vn 0.4498 -0.6437 -0.6191
vn 0.4498 0.6437 -0.6191
vn 0.7278 -0.6437 -0.2365
vn 0.7278 0.6437 -0.2365
vn 0.7278 -0.6437 0.2365
vn 0.7278 0.6437 0.2365
vn 0.4498 -0.6437 0.6191
vn 0.4498 0.6437 0.6191
vn -0.0000 -0.6437 0.7653
vn -0.0000 0.6437 0.7653
vn -0.4498 -0.6437 0.6191
vn -0.4498 0.6437 0.6191
vn -0.7278 -0.6437 0.2365
vn -0.7278 0.6437 0.2365
vn -0.7278 -0.6437 -0.2365
vn -0.7278 0.6437 -0.2365
vn -0.4498 -0.6437 -0.6191
vn -0.4498 0.6437 -0.6191
vt 1.000000 0.500000
vt 1.000000 1.000000
vt 0.900000 1.000000
vt 0.900000 0.500000
vt 0.800000 1.000000
vt 0.800000 0.500000
vt 0.700000 1.000000
vt 0.700000 0.500000
vt 0.600000 1.000000
vt 0.600000 0.500000
vt 0.500000 1.000000
vt 0.500000 0.500000
vt 0.400000 1.000000
vt 0.400000 0.500000
vt 0.300000 1.000000
vt 0.300000 0.500000
vt 0.200000 1.000000
vt 0.200000 0.500000
vt 0.391068 0.444164
vt 0.250000 0.490000
vt 0.108932 0.444164
vt 0.021746 0.324164
vt 0.021746 0.175836
vt 0.108932 0.055836
vt 0.250000 0.010000
vt 0.391068 0.055836
vt 0.478254 0.175836
vt 0.478254 0.324164
vt 0.100000 1.000000
vt 0.100000 0.500000
vt -0.000000 1.000000
vt -0.000000 0.500000
vt 0.750000 0.490000
vt 0.891068 0.444164
vt 0.978254 0.324164
vt 0.978254 0.175836
vt 0.891068 0.055836
vt 0.750000 0.010000
vt 0.608932 0.055836
vt 0.521746 0.175836
vt 0.521746 0.324164
vt 0.608932 0.444164
s 1
usemtl M_Graphite
f 3045/6291/3033 3046/6292/3034 3048/6293/3036 3047/6294/3035
f 3047/6294/3035 3048/6293/3036 3050/6295/3038 3049/6296/3037
f 3049/6296/3037 3050/6295/3038 3052/6297/3040 3051/6298/3039
f 3051/6298/3039 3052/6297/3040 3054/6299/3042 3053/6300/3041
f 3053/6300/3041 3054/6299/3042 3056/6301/3044 3055/6302/3043
f 3055/6302/3043 3056/6301/3044 3058/6303/3046 3057/6304/3045
f 3057/6304/3045 3058/6303/3046 3060/6305/3048 3059/6306/3047
f 3059/6306/3047 3060/6305/3048 3062/6307/3050 3061/6308/3049
f 3048/6309/3036 3046/6310/3034 3064/6311/3052 3062/6312/3050 3060/6313/3048 3058/6314/3046 3056/6315/3044 3054/6316/3042 3052/6317/3040 3050/6318/3038
f 3061/6308/3049 3062/6307/3050 3064/6319/3052 3063/6320/3051
f 3063/6320/3051 3064/6319/3052 3046/6321/3034 3045/6322/3033
f 3045/6323/3033 3047/6324/3035 3049/6325/3037 3051/6326/3039 3053/6327/3041 3055/6328/3043 3057/6329/3045 3059/6330/3047 3061/6331/3049 3063/6332/3051
o Socket.146
v 0.520000 0.080000 0.019000
v 0.520000 0.088000 0.019000
v 0.523527 0.080000 0.020146
v 0.523527 0.088000 0.020146
v 0.525706 0.080000 0.023146
v 0.525706 0.088000 0.023146
v 0.525706 0.080000 0.026854
v 0.525706 0.088000 0.026854
v 0.523527 0.080000 0.029854
v 0.523527 0.088000 0.029854
v 0.520000 0.080000 0.031000
v 0.520000 0.088000 0.031000
v 0.516473 0.080000 0.029854
v 0.516473 0.088000 0.029854
v 0.514294 0.080000 0.026854
v 0.514294 0.088000 0.026854
v 0.514294 0.080000 0.023146
v 0.514294 0.088000 0.023146
v 0.516473 0.080000 0.020146
v 0.516473 0.088000 0.020146
vn -0.0000 -0.6437 -0.7653
vn -0.0000 0.6437 -0.7653
vn 0.4498 -0.6437 -0.6191
vn 0.4498 0.6437 -0.6191
vn 0.7278 -0.6437 -0.2365
vn 0.7278 0.6437 -0.2365
vn 0.7278 -0.6437 0.2365
vn 0.7278 0.6437 0.2365
vn 0.4498 -0.6437 0.6191
vn 0.4498 0.6437 0.6191
vn -0.0000 -0.6437 0.7653
vn -0.0000 0.6437 0.7653
vn -0.4498 -0.6437 0.6191
vn -0.4498 0.6437 0.6191
vn -0.7278 -0.6437 0.2365
vn -0.7278 0.6437 0.2365
vn -0.7278 -0.6437 -0.2365
vn -0.7278 0.6437 -0.2365
vn -0.4498 -0.6437 -0.6191
vn -0.4498 0.6437 -0.6191
vt 1.000000 0.500000
vt 1.000000 1.000000
vt 0.900000 1.000000
vt 0.900000 0.500000
vt 0.800000 1.000000
vt 0.800000 0.500000
vt 0.700000 1.000000
vt 0.700000 0.500000
vt 0.600000 1.000000
vt 0.600000 0.500000
vt 0.500000 1.000000
vt 0.500000 0.500000
vt 0.400000 1.000000
vt 0.400000 0.500000
vt 0.300000 1.000000
vt 0.300000 0.500000
vt 0.200000 1.000000
vt 0.200000 0.500000
vt 0.391068 0.444164
vt 0.250000 0.490000
vt 0.108932 0.444164
vt 0.021746 0.324164
vt 0.021746 0.175836
vt 0.108932 0.055836
vt 0.250000 0.010000
vt 0.391068 0.055836
vt 0.478254 0.175836
vt 0.478254 0.324164
vt 0.100000 1.000000
vt 0.100000 0.500000
vt -0.000000 1.000000
vt -0.000000 0.500000
vt 0.750000 0.490000
vt 0.891068 0.444164
vt 0.978254 0.324164
vt 0.978254 0.175836
vt 0.891068 0.055836
vt 0.750000 0.010000
vt 0.608932 0.055836
vt 0.521746 0.175836
vt 0.521746 0.324164
vt 0.608932 0.444164
s 1
usemtl M_Graphite
f 3065/6333/3053 3066/6334/3054 3068/6335/3056 3067/6336/3055
f 3067/6336/3055 3068/6335/3056 3070/6337/3058 3069/6338/3057
f 3069/6338/3057 3070/6337/3058 3072/6339/3060 3071/6340/3059
f 3071/6340/3059 3072/6339/3060 3074/6341/3062 3073/6342/3061
f 3073/6342/3061 3074/6341/3062 3076/6343/3064 3075/6344/3063
f 3075/6344/3063 3076/6343/3064 3078/6345/3066 3077/6346/3065
f 3077/6346/3065 3078/6345/3066 3080/6347/3068 3079/6348/3067
f 3079/6348/3067 3080/6347/3068 3082/6349/3070 3081/6350/3069
f 3068/6351/3056 3066/6352/3054 3084/6353/3072 3082/6354/3070 3080/6355/3068 3078/6356/3066 3076/6357/3064 3074/6358/3062 3072/6359/3060 3070/6360/3058
f 3081/6350/3069 3082/6349/3070 3084/6361/3072 3083/6362/3071
f 3083/6362/3071 3084/6361/3072 3066/6363/3054 3065/6364/3053
f 3065/6365/3053 3067/6366/3055 3069/6367/3057 3071/6368/3059 3073/6369/3061 3075/6370/3063 3077/6371/3065 3079/6372/3067 3081/6373/3069 3083/6374/3071
o Socket.147
v 0.565000 0.080000 0.019000
v 0.565000 0.088000 0.019000
v 0.568527 0.080000 0.020146
v 0.568527 0.088000 0.020146
v 0.570706 0.080000 0.023146
v 0.570706 0.088000 0.023146
v 0.570706 0.080000 0.026854
v 0.570706 0.088000 0.026854
v 0.568527 0.080000 0.029854
v 0.568527 0.088000 0.029854
v 0.565000 0.080000 0.031000
v 0.565000 0.088000 0.031000
v 0.561473 0.080000 0.029854
v 0.561473 0.088000 0.029854
v 0.559294 0.080000 0.026854
v 0.559294 0.088000 0.026854
v 0.559294 0.080000 0.023146
v 0.559294 0.088000 0.023146
v 0.561473 0.080000 0.020146
v 0.561473 0.088000 0.020146
vn -0.0000 -0.6437 -0.7653
vn -0.0000 0.6437 -0.7653
vn 0.4498 -0.6437 -0.6191
vn 0.4498 0.6437 -0.6191
vn 0.7278 -0.6437 -0.2365
vn 0.7278 0.6437 -0.2365
vn 0.7278 -0.6437 0.2365
vn 0.7278 0.6437 0.2365
vn 0.4498 -0.6437 0.6191
vn 0.4498 0.6437 0.6191
vn -0.0000 -0.6437 0.7653
vn -0.0000 0.6437 0.7653
vn -0.4498 -0.6437 0.6191
vn -0.4498 0.6437 0.6191
vn -0.7278 -0.6437 0.2365
vn -0.7278 0.6437 0.2365
vn -0.7278 -0.6437 -0.2365
vn -0.7278 0.6437 -0.2365
vn -0.4498 -0.6437 -0.6191
vn -0.4498 0.6437 -0.6191
vt 1.000000 0.500000
vt 1.000000 1.000000
vt 0.900000 1.000000
vt 0.900000 0.500000
vt 0.800000 1.000000
vt 0.800000 0.500000
vt 0.700000 1.000000
vt 0.700000 0.500000
vt 0.600000 1.000000
vt 0.600000 0.500000
vt 0.500000 1.000000
vt 0.500000 0.500000
vt 0.400000 1.000000
vt 0.400000 0.500000
vt 0.300000 1.000000
vt 0.300000 0.500000
vt 0.200000 1.000000
vt 0.200000 0.500000
vt 0.391068 0.444164
vt 0.250000 0.490000
vt 0.108932 0.444164
vt 0.021746 0.324164
vt 0.021746 0.175836
vt 0.108932 0.055836
vt 0.250000 0.010000
vt 0.391068 0.055836
vt 0.478254 0.175836
vt 0.478254 0.324164
vt 0.100000 1.000000
vt 0.100000 0.500000
vt -0.000000 1.000000
vt -0.000000 0.500000
vt 0.750000 0.490000
vt 0.891068 0.444164
vt 0.978254 0.324164
vt 0.978254 0.175836
vt 0.891068 0.055836
vt 0.750000 0.010000
vt 0.608932 0.055836
vt 0.521746 0.175836
vt 0.521746 0.324164
vt 0.608932 0.444164
s 1
usemtl M_Graphite
f 3085/6375/3073 3086/6376/3074 3088/6377/3076 3087/6378/3075
f 3087/6378/3075 3088/6377/3076 3090/6379/3078 3089/6380/3077
f 3089/6380/3077 3090/6379/3078 3092/6381/3080 3091/6382/3079
f 3091/6382/3079 3092/6381/3080 3094/6383/3082 3093/6384/3081
f 3093/6384/3081 3094/6383/3082 3096/6385/3084 3095/6386/3083
f 3095/6386/3083 3096/6385/3084 3098/6387/3086 3097/6388/3085
f 3097/6388/3085 3098/6387/3086 3100/6389/3088 3099/6390/3087
f 3099/6390/3087 3100/6389/3088 3102/6391/3090 3101/6392/3089
f 3088/6393/3076 3086/6394/3074 3104/6395/3092 3102/6396/3090 3100/6397/3088 3098/6398/3086 3096/6399/3084 3094/6400/3082 3092/6401/3080 3090/6402/3078
f 3101/6392/3089 3102/6391/3090 3104/6403/3092 3103/6404/3091
f 3103/6404/3091 3104/6403/3092 3086/6405/3074 3085/6406/3073
f 3085/6407/3073 3087/6408/3075 3089/6409/3077 3091/6410/3079 3093/6411/3081 3095/6412/3083 3097/6413/3085 3099/6414/3087 3101/6415/3089 3103/6416/3091
o Socket.148
v 0.610000 0.080000 0.019000
v 0.610000 0.088000 0.019000
v 0.613527 0.080000 0.020146
v 0.613527 0.088000 0.020146
v 0.615706 0.080000 0.023146
v 0.615706 0.088000 0.023146
v 0.615706 0.080000 0.026854
v 0.615706 0.088000 0.026854
v 0.613527 0.080000 0.029854
v 0.613527 0.088000 0.029854
v 0.610000 0.080000 0.031000
v 0.610000 0.088000 0.031000
v 0.606473 0.080000 0.029854
v 0.606473 0.088000 0.029854
v 0.604294 0.080000 0.026854
v 0.604294 0.088000 0.026854
v 0.604294 0.080000 0.023146
v 0.604294 0.088000 0.023146
v 0.606473 0.080000 0.020146
v 0.606473 0.088000 0.020146
vn -0.0000 -0.6437 -0.7653
vn -0.0000 0.6437 -0.7653
vn 0.4498 -0.6437 -0.6191
vn 0.4498 0.6437 -0.6191
vn 0.7278 -0.6437 -0.2365
vn 0.7278 0.6437 -0.2365
vn 0.7278 -0.6437 0.2365
vn 0.7278 0.6437 0.2365
vn 0.4498 -0.6437 0.6191
vn 0.4498 0.6437 0.6191
vn -0.0000 -0.6437 0.7653
vn -0.0000 0.6437 0.7653
vn -0.4498 -0.6437 0.6191
vn -0.4498 0.6437 0.6191
vn -0.7278 -0.6437 0.2365
vn -0.7278 0.6437 0.2365
vn -0.7278 -0.6437 -0.2365
vn -0.7278 0.6437 -0.2365
vn -0.4498 -0.6437 -0.6191
vn -0.4498 0.6437 -0.6191
vt 1.000000 0.500000
vt 1.000000 1.000000
vt 0.900000 1.000000
vt 0.900000 0.500000
vt 0.800000 1.000000
vt 0.800000 0.500000
vt 0.700000 1.000000
vt 0.700000 0.500000
vt 0.600000 1.000000
vt 0.600000 0.500000
vt 0.500000 1.000000
vt 0.500000 0.500000
vt 0.400000 1.000000
vt 0.400000 0.500000
vt 0.300000 1.000000
vt 0.300000 0.500000
vt 0.200000 1.000000
vt 0.200000 0.500000
vt 0.391068 0.444164
vt 0.250000 0.490000
vt 0.108932 0.444164
vt 0.021746 0.324164
vt 0.021746 0.175836
vt 0.108932 0.055836
vt 0.250000 0.010000
vt 0.391068 0.055836
vt 0.478254 0.175836
vt 0.478254 0.324164
vt 0.100000 1.000000
vt 0.100000 0.500000
vt -0.000000 1.000000
vt -0.000000 0.500000
vt 0.750000 0.490000
vt 0.891068 0.444164
vt 0.978254 0.324164
vt 0.978254 0.175836
vt 0.891068 0.055836
vt 0.750000 0.010000
vt 0.608932 0.055836
vt 0.521746 0.175836
vt 0.521746 0.324164
vt 0.608932 0.444164
s 1
usemtl M_Graphite
f 3105/6417/3093 3106/6418/3094 3108/6419/3096 3107/6420/3095
f 3107/6420/3095 3108/6419/3096 3110/6421/3098 3109/6422/3097
f 3109/6422/3097 3110/6421/3098 3112/6423/3100 3111/6424/3099
f 3111/6424/3099 3112/6423/3100 3114/6425/3102 3113/6426/3101
f 3113/6426/3101 3114/6425/3102 3116/6427/3104 3115/6428/3103
f 3115/6428/3103 3116/6427/3104 3118/6429/3106 3117/6430/3105
f 3117/6430/3105 3118/6429/3106 3120/6431/3108 3119/6432/3107
f 3119/6432/3107 3120/6431/3108 3122/6433/3110 3121/6434/3109
f 3108/6435/3096 3106/6436/3094 3124/6437/3112 3122/6438/3110 3120/6439/3108 3118/6440/3106 3116/6441/3104 3114/6442/3102 3112/6443/3100 3110/6444/3098
f 3121/6434/3109 3122/6433/3110 3124/6445/3112 3123/6446/3111
f 3123/6446/3111 3124/6445/3112 3106/6447/3094 3105/6448/3093
f 3105/6449/3093 3107/6450/3095 3109/6451/3097 3111/6452/3099 3113/6453/3101 3115/6454/3103 3117/6455/3105 3119/6456/3107 3121/6457/3109 3123/6458/3111
o Socket.149
v 0.655000 0.080000 0.019000
v 0.655000 0.088000 0.019000
v 0.658527 0.080000 0.020146
v 0.658527 0.088000 0.020146
v 0.660706 0.080000 0.023146
v 0.660706 0.088000 0.023146
v 0.660706 0.080000 0.026854
v 0.660706 0.088000 0.026854
v 0.658527 0.080000 0.029854
v 0.658527 0.088000 0.029854
v 0.655000 0.080000 0.031000
v 0.655000 0.088000 0.031000
v 0.651473 0.080000 0.029854
v 0.651473 0.088000 0.029854
v 0.649294 0.080000 0.026854
v 0.649294 0.088000 0.026854
v 0.649294 0.080000 0.023146
v 0.649294 0.088000 0.023146
v 0.651473 0.080000 0.020146
v 0.651473 0.088000 0.020146
vn -0.0000 -0.6437 -0.7653
vn -0.0000 0.6437 -0.7653
vn 0.4498 -0.6437 -0.6191
vn 0.4498 0.6437 -0.6191
vn 0.7278 -0.6437 -0.2365
vn 0.7278 0.6437 -0.2365
vn 0.7278 -0.6437 0.2365
vn 0.7278 0.6437 0.2365
vn 0.4498 -0.6437 0.6191
vn 0.4498 0.6437 0.6191
vn -0.0000 -0.6437 0.7653
vn -0.0000 0.6437 0.7653
vn -0.4498 -0.6437 0.6191
vn -0.4498 0.6437 0.6191
vn -0.7278 -0.6437 0.2365
vn -0.7278 0.6437 0.2365
vn -0.7278 -0.6437 -0.2365
vn -0.7278 0.6437 -0.2365
vn -0.4498 -0.6437 -0.6191
vn -0.4498 0.6437 -0.6191
vt 1.000000 0.500000
vt 1.000000 1.000000
vt 0.900000 1.000000
vt 0.900000 0.500000
vt 0.800000 1.000000
vt 0.800000 0.500000
vt 0.700000 1.000000
vt 0.700000 0.500000
vt 0.600000 1.000000
vt 0.600000 0.500000
vt 0.500000 1.000000
vt 0.500000 0.500000
vt 0.400000 1.000000
vt 0.400000 0.500000
vt 0.300000 1.000000
vt 0.300000 0.500000
vt 0.200000 1.000000
vt 0.200000 0.500000
vt 0.391068 0.444164
vt 0.250000 0.490000
vt 0.108932 0.444164
vt 0.021746 0.324164
vt 0.021746 0.175836
vt 0.108932 0.055836
vt 0.250000 0.010000
vt 0.391068 0.055836
vt 0.478254 0.175836
vt 0.478254 0.324164
vt 0.100000 1.000000
vt 0.100000 0.500000
vt -0.000000 1.000000
vt -0.000000 0.500000
vt 0.750000 0.490000
vt 0.891068 0.444164
vt 0.978254 0.324164
vt 0.978254 0.175836
vt 0.891068 0.055836
vt 0.750000 0.010000
vt 0.608932 0.055836
vt 0.521746 0.175836
vt 0.521746 0.324164
vt 0.608932 0.444164
s 1
usemtl M_Graphite
f 3125/6459/3113 3126/6460/3114 3128/6461/3116 3127/6462/3115
f 3127/6462/3115 3128/6461/3116 3130/6463/3118 3129/6464/3117
f 3129/6464/3117 3130/6463/3118 3132/6465/3120 3131/6466/3119
f 3131/6466/3119 3132/6465/3120 3134/6467/3122 3133/6468/3121
f 3133/6468/3121 3134/6467/3122 3136/6469/3124 3135/6470/3123
f 3135/6470/3123 3136/6469/3124 3138/6471/3126 3137/6472/3125
f 3137/6472/3125 3138/6471/3126 3140/6473/3128 3139/6474/3127
f 3139/6474/3127 3140/6473/3128 3142/6475/3130 3141/6476/3129
f 3128/6477/3116 3126/6478/3114 3144/6479/3132 3142/6480/3130 3140/6481/3128 3138/6482/3126 3136/6483/3124 3134/6484/3122 3132/6485/3120 3130/6486/3118
f 3141/6476/3129 3142/6475/3130 3144/6487/3132 3143/6488/3131
f 3143/6488/3131 3144/6487/3132 3126/6489/3114 3125/6490/3113
f 3125/6491/3113 3127/6492/3115 3129/6493/3117 3131/6494/3119 3133/6495/3121 3135/6496/3123 3137/6497/3125 3139/6498/3127 3141/6499/3129 3143/6500/3131
o Socket.150
v -0.650000 0.080000 -0.071000
v -0.650000 0.088000 -0.071000
v -0.646473 0.080000 -0.069854
v -0.646473 0.088000 -0.069854
v -0.644294 0.080000 -0.066854
v -0.644294 0.088000 -0.066854
v -0.644294 0.080000 -0.063146
v -0.644294 0.088000 -0.063146
v -0.646473 0.080000 -0.060146
v -0.646473 0.088000 -0.060146
v -0.650000 0.080000 -0.059000
v -0.650000 0.088000 -0.059000
v -0.653527 0.080000 -0.060146
v -0.653527 0.088000 -0.060146
v -0.655706 0.080000 -0.063146
v -0.655706 0.088000 -0.063146
v -0.655706 0.080000 -0.066854
v -0.655706 0.088000 -0.066854
v -0.653527 0.080000 -0.069854
v -0.653527 0.088000 -0.069854
vn -0.0000 -0.6437 -0.7653
vn -0.0000 0.6437 -0.7653
vn 0.4498 -0.6437 -0.6191
vn 0.4498 0.6437 -0.6191
vn 0.7278 -0.6437 -0.2365
vn 0.7278 0.6437 -0.2365
vn 0.7278 -0.6437 0.2365
vn 0.7278 0.6437 0.2365
vn 0.4498 -0.6437 0.6191
vn 0.4498 0.6437 0.6191
vn -0.0000 -0.6437 0.7653
vn -0.0000 0.6437 0.7653
vn -0.4498 -0.6437 0.6191
vn -0.4498 0.6437 0.6191
vn -0.7278 -0.6437 0.2365
vn -0.7278 0.6437 0.2365
vn -0.7278 -0.6437 -0.2365
vn -0.7278 0.6437 -0.2365
vn -0.4498 -0.6437 -0.6191
vn -0.4498 0.6437 -0.6191
vt 1.000000 0.500000
vt 1.000000 1.000000
vt 0.900000 1.000000
vt 0.900000 0.500000
vt 0.800000 1.000000
vt 0.800000 0.500000
vt 0.700000 1.000000
vt 0.700000 0.500000
vt 0.600000 1.000000
vt 0.600000 0.500000
vt 0.500000 1.000000
vt 0.500000 0.500000
vt 0.400000 1.000000
vt 0.400000 0.500000
vt 0.300000 1.000000
vt 0.300000 0.500000
vt 0.200000 1.000000
vt 0.200000 0.500000
vt 0.391068 0.444164
vt 0.250000 0.490000
vt 0.108932 0.444164
vt 0.021746 0.324164
vt 0.021746 0.175836
vt 0.108932 0.055836
vt 0.250000 0.010000
vt 0.391068 0.055836
vt 0.478254 0.175836
vt 0.478254 0.324164
vt 0.100000 1.000000
vt 0.100000 0.500000
vt -0.000000 1.000000
vt -0.000000 0.500000
vt 0.750000 0.490000
vt 0.891068 0.444164
vt 0.978254 0.324164
vt 0.978254 0.175836
vt 0.891068 0.055836
vt 0.750000 0.010000
vt 0.608932 0.055836
vt 0.521746 0.175836
vt 0.521746 0.324164
vt 0.608932 0.444164
s 1
usemtl M_Graphite
f 3145/6501/3133 3146/6502/3134 3148/6503/3136 3147/6504/3135
f 3147/6504/3135 3148/6503/3136 3150/6505/3138 3149/6506/3137
f 3149/6506/3137 3150/6505/3138 3152/6507/3140 3151/6508/3139
f 3151/6508/3139 3152/6507/3140 3154/6509/3142 3153/6510/3141
f 3153/6510/3141 3154/6509/3142 3156/6511/3144 3155/6512/3143
f 3155/6512/3143 3156/6511/3144 3158/6513/3146 3157/6514/3145
f 3157/6514/3145 3158/6513/3146 3160/6515/3148 3159/6516/3147
f 3159/6516/3147 3160/6515/3148 3162/6517/3150 3161/6518/3149
f 3148/6519/3136 3146/6520/3134 3164/6521/3152 3162/6522/3150 3160/6523/3148 3158/6524/3146 3156/6525/3144 3154/6526/3142 3152/6527/3140 3150/6528/3138
f 3161/6518/3149 3162/6517/3150 3164/6529/3152 3163/6530/3151
f 3163/6530/3151 3164/6529/3152 3146/6531/3134 3145/6532/3133
f 3145/6533/3133 3147/6534/3135 3149/6535/3137 3151/6536/3139 3153/6537/3141 3155/6538/3143 3157/6539/3145 3159/6540/3147 3161/6541/3149 3163/6542/3151
o Socket.151
v -0.605000 0.080000 -0.071000
v -0.605000 0.088000 -0.071000
v -0.601473 0.080000 -0.069854
v -0.601473 0.088000 -0.069854
v -0.599294 0.080000 -0.066854
v -0.599294 0.088000 -0.066854
v -0.599294 0.080000 -0.063146
v -0.599294 0.088000 -0.063146
v -0.601473 0.080000 -0.060146
v -0.601473 0.088000 -0.060146
v -0.605000 0.080000 -0.059000
v -0.605000 0.088000 -0.059000
v -0.608527 0.080000 -0.060146
v -0.608527 0.088000 -0.060146
v -0.610706 0.080000 -0.063146
v -0.610706 0.088000 -0.063146
v -0.610706 0.080000 -0.066854
v -0.610706 0.088000 -0.066854
v -0.608527 0.080000 -0.069854
v -0.608527 0.088000 -0.069854
vn -0.0000 -0.6437 -0.7653
vn -0.0000 0.6437 -0.7653
vn 0.4498 -0.6437 -0.6191
vn 0.4498 0.6437 -0.6191
vn 0.7278 -0.6437 -0.2365
vn 0.7278 0.6437 -0.2365
vn 0.7278 -0.6437 0.2365
vn 0.7278 0.6437 0.2365
vn 0.4498 -0.6437 0.6191
vn 0.4498 0.6437 0.6191
vn -0.0000 -0.6437 0.7653
vn -0.0000 0.6437 0.7653
vn -0.4498 -0.6437 0.6191
vn -0.4498 0.6437 0.6191
vn -0.7278 -0.6437 0.2365
vn -0.7278 0.6437 0.2365
vn -0.7278 -0.6437 -0.2365
vn -0.7278 0.6437 -0.2365
vn -0.4498 -0.6437 -0.6191
vn -0.4498 0.6437 -0.6191
vt 1.000000 0.500000
vt 1.000000 1.000000
vt 0.900000 1.000000
vt 0.900000 0.500000
vt 0.800000 1.000000
vt 0.800000 0.500000
vt 0.700000 1.000000
vt 0.700000 0.500000
vt 0.600000 1.000000
vt 0.600000 0.500000
vt 0.500000 1.000000
vt 0.500000 0.500000
vt 0.400000 1.000000
vt 0.400000 0.500000
vt 0.300000 1.000000
vt 0.300000 0.500000
vt 0.200000 1.000000
vt 0.200000 0.500000
vt 0.391068 0.444164
vt 0.250000 0.490000
vt 0.108932 0.444164
vt 0.021746 0.324164
vt 0.021746 0.175836
vt 0.108932 0.055836
vt 0.250000 0.010000
vt 0.391068 0.055836
vt 0.478254 0.175836
vt 0.478254 0.324164
vt 0.100000 1.000000
vt 0.100000 0.500000
vt -0.000000 1.000000
vt -0.000000 0.500000
vt 0.750000 0.490000
vt 0.891068 0.444164
vt 0.978254 0.324164
vt 0.978254 0.175836
vt 0.891068 0.055836
vt 0.750000 0.010000
vt 0.608932 0.055836
vt 0.521746 0.175836
vt 0.521746 0.324164
vt 0.608932 0.444164
s 1
usemtl M_Graphite
f 3165/6543/3153 3166/6544/3154 3168/6545/3156 3167/6546/3155
f 3167/6546/3155 3168/6545/3156 3170/6547/3158 3169/6548/3157
f 3169/6548/3157 3170/6547/3158 3172/6549/3160 3171/6550/3159
f 3171/6550/3159 3172/6549/3160 3174/6551/3162 3173/6552/3161
f 3173/6552/3161 3174/6551/3162 3176/6553/3164 3175/6554/3163
f 3175/6554/3163 3176/6553/3164 3178/6555/3166 3177/6556/3165
f 3177/6556/3165 3178/6555/3166 3180/6557/3168 3179/6558/3167
f 3179/6558/3167 3180/6557/3168 3182/6559/3170 3181/6560/3169
f 3168/6561/3156 3166/6562/3154 3184/6563/3172 3182/6564/3170 3180/6565/3168 3178/6566/3166 3176/6567/3164 3174/6568/3162 3172/6569/3160 3170/6570/3158
f 3181/6560/3169 3182/6559/3170 3184/6571/3172 3183/6572/3171
f 3183/6572/3171 3184/6571/3172 3166/6573/3154 3165/6574/3153
f 3165/6575/3153 3167/6576/3155 3169/6577/3157 3171/6578/3159 3173/6579/3161 3175/6580/3163 3177/6581/3165 3179/6582/3167 3181/6583/3169 3183/6584/3171
o Socket.152
v -0.560000 0.080000 -0.071000
v -0.560000 0.088000 -0.071000
v -0.556473 0.080000 -0.069854
v -0.556473 0.088000 -0.069854
v -0.554294 0.080000 -0.066854
v -0.554294 0.088000 -0.066854
v -0.554294 0.080000 -0.063146
v -0.554294 0.088000 -0.063146
v -0.556473 0.080000 -0.060146
v -0.556473 0.088000 -0.060146
v -0.560000 0.080000 -0.059000
v -0.560000 0.088000 -0.059000
v -0.563527 0.080000 -0.060146
v -0.563527 0.088000 -0.060146
v -0.565706 0.080000 -0.063146
v -0.565706 0.088000 -0.063146
v -0.565706 0.080000 -0.066854
v -0.565706 0.088000 -0.066854
v -0.563527 0.080000 -0.069854
v -0.563527 0.088000 -0.069854
vn -0.0000 -0.6437 -0.7653
vn -0.0000 0.6437 -0.7653
vn 0.4498 -0.6437 -0.6191
vn 0.4498 0.6437 -0.6191
vn 0.7278 -0.6437 -0.2365
vn 0.7278 0.6437 -0.2365
vn 0.7278 -0.6437 0.2365
vn 0.7278 0.6437 0.2365
vn 0.4498 -0.6437 0.6191
vn 0.4498 0.6437 0.6191
vn -0.0000 -0.6437 0.7653
vn -0.0000 0.6437 0.7653
vn -0.4498 -0.6437 0.6191
vn -0.4498 0.6437 0.6191
vn -0.7278 -0.6437 0.2365
vn -0.7278 0.6437 0.2365
vn -0.7278 -0.6437 -0.2365
vn -0.7278 0.6437 -0.2365
vn -0.4498 -0.6437 -0.6191
vn -0.4498 0.6437 -0.6191
vt 1.000000 0.500000
vt 1.000000 1.000000
vt 0.900000 1.000000
vt 0.900000 0.500000
vt 0.800000 1.000000
vt 0.800000 0.500000
vt 0.700000 1.000000
vt 0.700000 0.500000
vt 0.600000 1.000000
vt 0.600000 0.500000
vt 0.500000 1.000000
vt 0.500000 0.500000
vt 0.400000 1.000000
vt 0.400000 0.500000
vt 0.300000 1.000000
vt 0.300000 0.500000
vt 0.200000 1.000000
vt 0.200000 0.500000
vt 0.391068 0.444164
vt 0.250000 0.490000
vt 0.108932 0.444164
vt 0.021746 0.324164
vt 0.021746 0.175836
vt 0.108932 0.055836
vt 0.250000 0.010000
vt 0.391068 0.055836
vt 0.478254 0.175836
vt 0.478254 0.324164
vt 0.100000 1.000000
vt 0.100000 0.500000
vt -0.000000 1.000000
vt -0.000000 0.500000
vt 0.750000 0.490000
vt 0.891068 0.444164
vt 0.978254 0.324164
vt 0.978254 0.175836
vt 0.891068 0.055836
vt 0.750000 0.010000
vt 0.608932 0.055836
vt 0.521746 0.175836
vt 0.521746 0.324164
vt 0.608932 0.444164
s 1
usemtl M_Graphite
f 3185/6585/3173 3186/6586/3174 3188/6587/3176 3187/6588/3175
f 3187/6588/3175 3188/6587/3176 3190/6589/3178 3189/6590/3177
f 3189/6590/3177 3190/6589/3178 3192/6591/3180 3191/6592/3179
f 3191/6592/3179 3192/6591/3180 3194/6593/3182 3193/6594/3181
f 3193/6594/3181 3194/6593/3182 3196/6595/3184 3195/6596/3183
f 3195/6596/3183 3196/6595/3184 3198/6597/3186 3197/6598/3185
f 3197/6598/3185 3198/6597/3186 3200/6599/3188 3199/6600/3187
f 3199/6600/3187 3200/6599/3188 3202/6601/3190 3201/6602/3189
f 3188/6603/3176 3186/6604/3174 3204/6605/3192 3202/6606/3190 3200/6607/3188 3198/6608/3186 3196/6609/3184 3194/6610/3182 3192/6611/3180 3190/6612/3178
f 3201/6602/3189 3202/6601/3190 3204/6613/3192 3203/6614/3191
f 3203/6614/3191 3204/6613/3192 3186/6615/3174 3185/6616/3173
f 3185/6617/3173 3187/6618/3175 3189/6619/3177 3191/6620/3179 3193/6621/3181 3195/6622/3183 3197/6623/3185 3199/6624/3187 3201/6625/3189 3203/6626/3191
o Socket.153
v -0.515000 0.080000 -0.071000
v -0.515000 0.088000 -0.071000
v -0.511473 0.080000 -0.069854
v -0.511473 0.088000 -0.069854
v -0.509294 0.080000 -0.066854
v -0.509294 0.088000 -0.066854
v -0.509294 0.080000 -0.063146
v -0.509294 0.088000 -0.063146
v -0.511473 0.080000 -0.060146
v -0.511473 0.088000 -0.060146
v -0.515000 0.080000 -0.059000
v -0.515000 0.088000 -0.059000
v -0.518527 0.080000 -0.060146
v -0.518527 0.088000 -0.060146
v -0.520706 0.080000 -0.063146
v -0.520706 0.088000 -0.063146
v -0.520706 0.080000 -0.066854
v -0.520706 0.088000 -0.066854
v -0.518527 0.080000 -0.069854
v -0.518527 0.088000 -0.069854
vn -0.0000 -0.6437 -0.7653
vn -0.0000 0.6437 -0.7653
vn 0.4498 -0.6437 -0.6191
vn 0.4498 0.6437 -0.6191
vn 0.7278 -0.6437 -0.2365
vn 0.7278 0.6437 -0.2365
vn 0.7278 -0.6437 0.2365
vn 0.7278 0.6437 0.2365
vn 0.4498 -0.6437 0.6191
vn 0.4498 0.6437 0.6191
vn -0.0000 -0.6437 0.7653
vn -0.0000 0.6437 0.7653
vn -0.4498 -0.6437 0.6191
vn -0.4498 0.6437 0.6191
vn -0.7278 -0.6437 0.2365
vn -0.7278 0.6437 0.2365
vn -0.7278 -0.6437 -0.2365
vn -0.7278 0.6437 -0.2365
vn -0.4498 -0.6437 -0.6191
vn -0.4498 0.6437 -0.6191
vt 1.000000 0.500000
vt 1.000000 1.000000
vt 0.900000 1.000000
vt 0.900000 0.500000
vt 0.800000 1.000000
vt 0.800000 0.500000
vt 0.700000 1.000000
vt 0.700000 0.500000
vt 0.600000 1.000000
vt 0.600000 0.500000
vt 0.500000 1.000000
vt 0.500000 0.500000
vt 0.400000 1.000000
vt 0.400000 0.500000
vt 0.300000 1.000000
vt 0.300000 0.500000
vt 0.200000 1.000000
vt 0.200000 0.500000
vt 0.391068 0.444164
vt 0.250000 0.490000
vt 0.108932 0.444164
vt 0.021746 0.324164
vt 0.021746 0.175836
vt 0.108932 0.055836
vt 0.250000 0.010000
vt 0.391068 0.055836
vt 0.478254 0.175836
vt 0.478254 0.324164
vt 0.100000 1.000000
vt 0.100000 0.500000
vt -0.000000 1.000000
vt -0.000000 0.500000
vt 0.750000 0.490000
vt 0.891068 0.444164
vt 0.978254 0.324164
vt 0.978254 0.175836
vt 0.891068 0.055836
vt 0.750000 0.010000
vt 0.608932 0.055836
vt 0.521746 0.175836
vt 0.521746 0.324164
vt 0.608932 0.444164
s 1
usemtl M_Graphite
f 3205/6627/3193 3206/6628/3194 3208/6629/3196 3207/6630/3195
f 3207/6630/3195 3208/6629/3196 3210/6631/3198 3209/6632/3197
f 3209/6632/3197 3210/6631/3198 3212/6633/3200 3211/6634/3199
f 3211/6634/3199 3212/6633/3200 3214/6635/3202 3213/6636/3201
f 3213/6636/3201 3214/6635/3202 3216/6637/3204 3215/6638/3203
f 3215/6638/3203 3216/6637/3204 3218/6639/3206 3217/6640/3205
f 3217/6640/3205 3218/6639/3206 3220/6641/3208 3219/6642/3207
f 3219/6642/3207 3220/6641/3208 3222/6643/3210 3221/6644/3209
f 3208/6645/3196 3206/6646/3194 3224/6647/3212 3222/6648/3210 3220/6649/3208 3218/6650/3206 3216/6651/3204 3214/6652/3202 3212/6653/3200 3210/6654/3198
f 3221/6644/3209 3222/6643/3210 3224/6655/3212 3223/6656/3211
f 3223/6656/3211 3224/6655/3212 3206/6657/3194 3205/6658/3193
f 3205/6659/3193 3207/6660/3195 3209/6661/3197 3211/6662/3199 3213/6663/3201 3215/6664/3203 3217/6665/3205 3219/6666/3207 3221/6667/3209 3223/6668/3211
o Socket.154
v -0.470000 0.080000 -0.071000
v -0.470000 0.088000 -0.071000
v -0.466473 0.080000 -0.069854
v -0.466473 0.088000 -0.069854
v -0.464294 0.080000 -0.066854
v -0.464294 0.088000 -0.066854
v -0.464294 0.080000 -0.063146
v -0.464294 0.088000 -0.063146
v -0.466473 0.080000 -0.060146
v -0.466473 0.088000 -0.060146
v -0.470000 0.080000 -0.059000
v -0.470000 0.088000 -0.059000
v -0.473527 0.080000 -0.060146
v -0.473527 0.088000 -0.060146
v -0.475706 0.080000 -0.063146
v -0.475706 0.088000 -0.063146
v -0.475706 0.080000 -0.066854
v -0.475706 0.088000 -0.066854
v -0.473527 0.080000 -0.069854
v -0.473527 0.088000 -0.069854
vn -0.0000 -0.6437 -0.7653
vn -0.0000 0.6437 -0.7653
vn 0.4498 -0.6437 -0.6191
vn 0.4498 0.6437 -0.6191
vn 0.7278 -0.6437 -0.2365
vn 0.7278 0.6437 -0.2365
vn 0.7278 -0.6437 0.2365
vn 0.7278 0.6437 0.2365
vn 0.4498 -0.6437 0.6191
vn 0.4498 0.6437 0.6191
vn -0.0000 -0.6437 0.7653
vn -0.0000 0.6437 0.7653
vn -0.4498 -0.6437 0.6191
vn -0.4498 0.6437 0.6191
vn -0.7278 -0.6437 0.2365
vn -0.7278 0.6437 0.2365
vn -0.7278 -0.6437 -0.2365
vn -0.7278 0.6437 -0.2365
vn -0.4498 -0.6437 -0.6191
vn -0.4498 0.6437 -0.6191
vt 1.000000 0.500000
vt 1.000000 1.000000
vt 0.900000 1.000000
vt 0.900000 0.500000
vt 0.800000 1.000000
vt 0.800000 0.500000
vt 0.700000 1.000000
vt 0.700000 0.500000
vt 0.600000 1.000000
vt 0.600000 0.500000
vt 0.500000 1.000000
vt 0.500000 0.500000
vt 0.400000 1.000000
vt 0.400000 0.500000
vt 0.300000 1.000000
vt 0.300000 0.500000
vt 0.200000 1.000000
vt 0.200000 0.500000
vt 0.391068 0.444164
vt 0.250000 0.490000
vt 0.108932 0.444164
vt 0.021746 0.324164
vt 0.021746 0.175836
vt 0.108932 0.055836
vt 0.250000 0.010000
vt 0.391068 0.055836
vt 0.478254 0.175836
vt 0.478254 0.324164
vt 0.100000 1.000000
vt 0.100000 0.500000
vt -0.000000 1.000000
vt -0.000000 0.500000
vt 0.750000 0.490000
vt 0.891068 0.444164
vt 0.978254 0.324164
vt 0.978254 0.175836
vt 0.891068 0.055836
vt 0.750000 0.010000
vt 0.608932 0.055836
vt 0.521746 0.175836
vt 0.521746 0.324164
vt 0.608932 0.444164
s 1
usemtl M_Graphite
f 3225/6669/3213 3226/6670/3214 3228/6671/3216 3227/6672/3215
f 3227/6672/3215 3228/6671/3216 3230/6673/3218 3229/6674/3217
f 3229/6674/3217 3230/6673/3218 3232/6675/3220 3231/6676/3219
f 3231/6676/3219 3232/6675/3220 3234/6677/3222 3233/6678/3221
f 3233/6678/3221 3234/6677/3222 3236/6679/3224 3235/6680/3223
f 3235/6680/3223 3236/6679/3224 3238/6681/3226 3237/6682/3225
f 3237/6682/3225 3238/6681/3226 3240/6683/3228 3239/6684/3227
f 3239/6684/3227 3240/6683/3228 3242/6685/3230 3241/6686/3229
f 3228/6687/3216 3226/6688/3214 3244/6689/3232 3242/6690/3230 3240/6691/3228 3238/6692/3226 3236/6693/3224 3234/6694/3222 3232/6695/3220 3230/6696/3218
f 3241/6686/3229 3242/6685/3230 3244/6697/3232 3243/6698/3231
f 3243/6698/3231 3244/6697/3232 3226/6699/3214 3225/6700/3213
f 3225/6701/3213 3227/6702/3215 3229/6703/3217 3231/6704/3219 3233/6705/3221 3235/6706/3223 3237/6707/3225 3239/6708/3227 3241/6709/3229 3243/6710/3231
o Socket.155
v -0.425000 0.080000 -0.071000
v -0.425000 0.088000 -0.071000
v -0.421473 0.080000 -0.069854
v -0.421473 0.088000 -0.069854
v -0.419294 0.080000 -0.066854
v -0.419294 0.088000 -0.066854
v -0.419294 0.080000 -0.063146
v -0.419294 0.088000 -0.063146
v -0.421473 0.080000 -0.060146
v -0.421473 0.088000 -0.060146
v -0.425000 0.080000 -0.059000
v -0.425000 0.088000 -0.059000
v -0.428527 0.080000 -0.060146
v -0.428527 0.088000 -0.060146
v -0.430706 0.080000 -0.063146
v -0.430706 0.088000 -0.063146
v -0.430706 0.080000 -0.066854
v -0.430706 0.088000 -0.066854
v -0.428527 0.080000 -0.069854
v -0.428527 0.088000 -0.069854
vn -0.0000 -0.6437 -0.7653
vn -0.0000 0.6437 -0.7653
vn 0.4498 -0.6437 -0.6191
vn 0.4498 0.6437 -0.6191
vn 0.7278 -0.6437 -0.2365
vn 0.7278 0.6437 -0.2365
vn 0.7278 -0.6437 0.2365
vn 0.7278 0.6437 0.2365
vn 0.4498 -0.6437 0.6191
vn 0.4498 0.6437 0.6191
vn -0.0000 -0.6437 0.7653
vn -0.0000 0.6437 0.7653
vn -0.4498 -0.6437 0.6191
vn -0.4498 0.6437 0.6191
vn -0.7278 -0.6437 0.2365
vn -0.7278 0.6437 0.2365
vn -0.7278 -0.6437 -0.2365
vn -0.7278 0.6437 -0.2365
vn -0.4498 -0.6437 -0.6191
vn -0.4498 0.6437 -0.6191
vt 1.000000 0.500000
vt 1.000000 1.000000
vt 0.900000 1.000000
vt 0.900000 0.500000
vt 0.800000 1.000000
vt 0.800000 0.500000
vt 0.700000 1.000000
vt 0.700000 0.500000
vt 0.600000 1.000000
vt 0.600000 0.500000
vt 0.500000 1.000000
vt 0.500000 0.500000
vt 0.400000 1.000000
vt 0.400000 0.500000
vt 0.300000 1.000000
vt 0.300000 0.500000
vt 0.200000 1.000000
vt 0.200000 0.500000
vt 0.391068 0.444164
vt 0.250000 0.490000
vt 0.108932 0.444164
vt 0.021746 0.324164
vt 0.021746 0.175836
vt 0.108932 0.055836
vt 0.250000 0.010000
vt 0.391068 0.055836
vt 0.478254 0.175836
vt 0.478254 0.324164
vt 0.100000 1.000000
vt 0.100000 0.500000
vt -0.000000 1.000000
vt -0.000000 0.500000
vt 0.750000 0.490000
vt 0.891068 0.444164
vt 0.978254 0.324164
vt 0.978254 0.175836
vt 0.891068 0.055836
vt 0.750000 0.010000
vt 0.608932 0.055836
vt 0.521746 0.175836
vt 0.521746 0.324164
vt 0.608932 0.444164
s 1
usemtl M_Graphite
f 3245/6711/3233 3246/6712/3234 3248/6713/3236 3247/6714/3235
f 3247/6714/3235 3248/6713/3236 3250/6715/3238 3249/6716/3237
f 3249/6716/3237 3250/6715/3238 3252/6717/3240 3251/6718/3239
f 3251/6718/3239 3252/6717/3240 3254/6719/3242 3253/6720/3241
f 3253/6720/3241 3254/6719/3242 3256/6721/3244 3255/6722/3243
f 3255/6722/3243 3256/6721/3244 3258/6723/3246 3257/6724/3245
f 3257/6724/3245 3258/6723/3246 3260/6725/3248 3259/6726/3247
f 3259/6726/3247 3260/6725/3248 3262/6727/3250 3261/6728/3249
f 3248/6729/3236 3246/6730/3234 3264/6731/3252 3262/6732/3250 3260/6733/3248 3258/6734/3246 3256/6735/3244 3254/6736/3242 3252/6737/3240 3250/6738/3238
f 3261/6728/3249 3262/6727/3250 3264/6739/3252 3263/6740/3251
f 3263/6740/3251 3264/6739/3252 3246/6741/3234 3245/6742/3233
f 3245/6743/3233 3247/6744/3235 3249/6745/3237 3251/6746/3239 3253/6747/3241 3255/6748/3243 3257/6749/3245 3259/6750/3247 3261/6751/3249 3263/6752/3251
o Socket.156
v -0.380000 0.080000 -0.071000
v -0.380000 0.088000 -0.071000
v -0.376473 0.080000 -0.069854
v -0.376473 0.088000 -0.069854
v -0.374294 0.080000 -0.066854
v -0.374294 0.088000 -0.066854
v -0.374294 0.080000 -0.063146
v -0.374294 0.088000 -0.063146
v -0.376473 0.080000 -0.060146
v -0.376473 0.088000 -0.060146
v -0.380000 0.080000 -0.059000
v -0.380000 0.088000 -0.059000
v -0.383527 0.080000 -0.060146
v -0.383527 0.088000 -0.060146
v -0.385706 0.080000 -0.063146
v -0.385706 0.088000 -0.063146
v -0.385706 0.080000 -0.066854
v -0.385706 0.088000 -0.066854
v -0.383527 0.080000 -0.069854
v -0.383527 0.088000 -0.069854
vn -0.0000 -0.6437 -0.7653
vn -0.0000 0.6437 -0.7653
vn 0.4498 -0.6437 -0.6191
vn 0.4498 0.6437 -0.6191
vn 0.7278 -0.6437 -0.2365
vn 0.7278 0.6437 -0.2365
vn 0.7278 -0.6437 0.2365
vn 0.7278 0.6437 0.2365
vn 0.4498 -0.6437 0.6191
vn 0.4498 0.6437 0.6191
vn -0.0000 -0.6437 0.7653
vn -0.0000 0.6437 0.7653
vn -0.4498 -0.6437 0.6191
vn -0.4498 0.6437 0.6191
vn -0.7278 -0.6437 0.2365
vn -0.7278 0.6437 0.2365
vn -0.7278 -0.6437 -0.2365
vn -0.7278 0.6437 -0.2365
vn -0.4498 -0.6437 -0.6191
vn -0.4498 0.6437 -0.6191
vt 1.000000 0.500000
vt 1.000000 1.000000
vt 0.900000 1.000000
vt 0.900000 0.500000
vt 0.800000 1.000000
vt 0.800000 0.500000
vt 0.700000 1.000000
vt 0.700000 0.500000
vt 0.600000 1.000000
vt 0.600000 0.500000
vt 0.500000 1.000000
vt 0.500000 0.500000
vt 0.400000 1.000000
vt 0.400000 0.500000
vt 0.300000 1.000000
vt 0.300000 0.500000
vt 0.200000 1.000000
vt 0.200000 0.500000
vt 0.391068 0.444164
vt 0.250000 0.490000
vt 0.108932 0.444164
vt 0.021746 0.324164
vt 0.021746 0.175836
vt 0.108932 0.055836
vt 0.250000 0.010000
vt 0.391068 0.055836
vt 0.478254 0.175836
vt 0.478254 0.324164
vt 0.100000 1.000000
vt 0.100000 0.500000
vt -0.000000 1.000000
vt -0.000000 0.500000
vt 0.750000 0.490000
vt 0.891068 0.444164
vt 0.978254 0.324164
vt 0.978254 0.175836
vt 0.891068 0.055836
vt 0.750000 0.010000
vt 0.608932 0.055836
vt 0.521746 0.175836
vt 0.521746 0.324164
vt 0.608932 0.444164
s 1
usemtl M_Graphite
f 3265/6753/3253 3266/6754/3254 3268/6755/3256 3267/6756/3255
f 3267/6756/3255 3268/6755/3256 3270/6757/3258 3269/6758/3257
f 3269/6758/3257 3270/6757/3258 3272/6759/3260 3271/6760/3259
f 3271/6760/3259 3272/6759/3260 3274/6761/3262 3273/6762/3261
f 3273/6762/3261 3274/6761/3262 3276/6763/3264 3275/6764/3263
f 3275/6764/3263 3276/6763/3264 3278/6765/3266 3277/6766/3265
f 3277/6766/3265 3278/6765/3266 3280/6767/3268 3279/6768/3267
f 3279/6768/3267 3280/6767/3268 3282/6769/3270 3281/6770/3269
f 3268/6771/3256 3266/6772/3254 3284/6773/3272 3282/6774/3270 3280/6775/3268 3278/6776/3266 3276/6777/3264 3274/6778/3262 3272/6779/3260 3270/6780/3258
f 3281/6770/3269 3282/6769/3270 3284/6781/3272 3283/6782/3271
f 3283/6782/3271 3284/6781/3272 3266/6783/3254 3265/6784/3253
f 3265/6785/3253 3267/6786/3255 3269/6787/3257 3271/6788/3259 3273/6789/3261 3275/6790/3263 3277/6791/3265 3279/6792/3267 3281/6793/3269 3283/6794/3271
o Socket.157
v -0.335000 0.080000 -0.071000
v -0.335000 0.088000 -0.071000
v -0.331473 0.080000 -0.069854
v -0.331473 0.088000 -0.069854
v -0.329294 0.080000 -0.066854
v -0.329294 0.088000 -0.066854
v -0.329294 0.080000 -0.063146
v -0.329294 0.088000 -0.063146
v -0.331473 0.080000 -0.060146
v -0.331473 0.088000 -0.060146
v -0.335000 0.080000 -0.059000
v -0.335000 0.088000 -0.059000
v -0.338527 0.080000 -0.060146
v -0.338527 0.088000 -0.060146
v -0.340706 0.080000 -0.063146
v -0.340706 0.088000 -0.063146
v -0.340706 0.080000 -0.066854
v -0.340706 0.088000 -0.066854
v -0.338527 0.080000 -0.069854
v -0.338527 0.088000 -0.069854
vn -0.0000 -0.6437 -0.7653
vn -0.0000 0.6437 -0.7653
vn 0.4498 -0.6437 -0.6191
vn 0.4498 0.6437 -0.6191
vn 0.7278 -0.6437 -0.2365
vn 0.7278 0.6437 -0.2365
vn 0.7278 -0.6437 0.2365
vn 0.7278 0.6437 0.2365
vn 0.4498 -0.6437 0.6191
vn 0.4498 0.6437 0.6191
vn -0.0000 -0.6437 0.7653
vn -0.0000 0.6437 0.7653
vn -0.4498 -0.6437 0.6191
vn -0.4498 0.6437 0.6191
vn -0.7278 -0.6437 0.2365
vn -0.7278 0.6437 0.2365
vn -0.7278 -0.6437 -0.2365
vn -0.7278 0.6437 -0.2365
vn -0.4498 -0.6437 -0.6191
vn -0.4498 0.6437 -0.6191
vt 1.000000 0.500000
vt 1.000000 1.000000
vt 0.900000 1.000000
vt 0.900000 0.500000
vt 0.800000 1.000000
vt 0.800000 0.500000
vt 0.700000 1.000000
vt 0.700000 0.500000
vt 0.600000 1.000000
vt 0.600000 0.500000
vt 0.500000 1.000000
vt 0.500000 0.500000
vt 0.400000 1.000000
vt 0.400000 0.500000
vt 0.300000 1.000000
vt 0.300000 0.500000
vt 0.200000 1.000000
vt 0.200000 0.500000
vt 0.391068 0.444164
vt 0.250000 0.490000
vt 0.108932 0.444164
vt 0.021746 0.324164
vt 0.021746 0.175836
vt 0.108932 0.055836
vt 0.250000 0.010000
vt 0.391068 0.055836
vt 0.478254 0.175836
vt 0.478254 0.324164
vt 0.100000 1.000000
vt 0.100000 0.500000
vt -0.000000 1.000000
vt -0.000000 0.500000
vt 0.750000 0.490000
vt 0.891068 0.444164
vt 0.978254 0.324164
vt 0.978254 0.175836
vt 0.891068 0.055836
vt 0.750000 0.010000
vt 0.608932 0.055836
vt 0.521746 0.175836
vt 0.521746 0.324164
vt 0.608932 0.444164
s 1
usemtl M_Graphite
f 3285/6795/3273 3286/6796/3274 3288/6797/3276 3287/6798/3275
f 3287/6798/3275 3288/6797/3276 3290/6799/3278 3289/6800/3277
f 3289/6800/3277 3290/6799/3278 3292/6801/3280 3291/6802/3279
f 3291/6802/3279 3292/6801/3280 3294/6803/3282 3293/6804/3281
f 3293/6804/3281 3294/6803/3282 3296/6805/3284 3295/6806/3283
f 3295/6806/3283 3296/6805/3284 3298/6807/3286 3297/6808/3285
f 3297/6808/3285 3298/6807/3286 3300/6809/3288 3299/6810/3287
f 3299/6810/3287 3300/6809/3288 3302/6811/3290 3301/6812/3289
f 3288/6813/3276 3286/6814/3274 3304/6815/3292 3302/6816/3290 3300/6817/3288 3298/6818/3286 3296/6819/3284 3294/6820/3282 3292/6821/3280 3290/6822/3278
f 3301/6812/3289 3302/6811/3290 3304/6823/3292 3303/6824/3291
f 3303/6824/3291 3304/6823/3292 3286/6825/3274 3285/6826/3273
f 3285/6827/3273 3287/6828/3275 3289/6829/3277 3291/6830/3279 3293/6831/3281 3295/6832/3283 3297/6833/3285 3299/6834/3287 3301/6835/3289 3303/6836/3291
o Socket.158
v -0.290000 0.080000 -0.071000
v -0.290000 0.088000 -0.071000
v -0.286473 0.080000 -0.069854
v -0.286473 0.088000 -0.069854
v -0.284294 0.080000 -0.066854
v -0.284294 0.088000 -0.066854
v -0.284294 0.080000 -0.063146
v -0.284294 0.088000 -0.063146
v -0.286473 0.080000 -0.060146
v -0.286473 0.088000 -0.060146
v -0.290000 0.080000 -0.059000
v -0.290000 0.088000 -0.059000
v -0.293527 0.080000 -0.060146
v -0.293527 0.088000 -0.060146
v -0.295706 0.080000 -0.063146
v -0.295706 0.088000 -0.063146
v -0.295706 0.080000 -0.066854
v -0.295706 0.088000 -0.066854
v -0.293527 0.080000 -0.069854
v -0.293527 0.088000 -0.069854
vn -0.0000 -0.6437 -0.7653
vn -0.0000 0.6437 -0.7653
vn 0.4498 -0.6437 -0.6191
vn 0.4498 0.6437 -0.6191
vn 0.7278 -0.6437 -0.2365
vn 0.7278 0.6437 -0.2365
vn 0.7278 -0.6437 0.2365
vn 0.7278 0.6437 0.2365
vn 0.4498 -0.6437 0.6191
vn 0.4498 0.6437 0.6191
vn -0.0000 -0.6437 0.7653
vn -0.0000 0.6437 0.7653
vn -0.4498 -0.6437 0.6191
vn -0.4498 0.6437 0.6191
vn -0.7278 -0.6437 0.2365
vn -0.7278 0.6437 0.2365
vn -0.7278 -0.6437 -0.2365
vn -0.7278 0.6437 -0.2365
vn -0.4498 -0.6437 -0.6191
vn -0.4498 0.6437 -0.6191
vt 1.000000 0.500000
vt 1.000000 1.000000
vt 0.900000 1.000000
vt 0.900000 0.500000
vt 0.800000 1.000000
vt 0.800000 0.500000
vt 0.700000 1.000000
vt 0.700000 0.500000
vt 0.600000 1.000000
vt 0.600000 0.500000
vt 0.500000 1.000000
vt 0.500000 0.500000
vt 0.400000 1.000000
vt 0.400000 0.500000
vt 0.300000 1.000000
vt 0.300000 0.500000
vt 0.200000 1.000000
vt 0.200000 0.500000
vt 0.391068 0.444164
vt 0.250000 0.490000
vt 0.108932 0.444164
vt 0.021746 0.324164
vt 0.021746 0.175836
vt 0.108932 0.055836
vt 0.250000 0.010000
vt 0.391068 0.055836
vt 0.478254 0.175836
vt 0.478254 0.324164
vt 0.100000 1.000000
vt 0.100000 0.500000
vt -0.000000 1.000000
vt -0.000000 0.500000
vt 0.750000 0.490000
vt 0.891068 0.444164
vt 0.978254 0.324164
vt 0.978254 0.175836
vt 0.891068 0.055836
vt 0.750000 0.010000
vt 0.608932 0.055836
vt 0.521746 0.175836
vt 0.521746 0.324164
vt 0.608932 0.444164
s 1
usemtl M_Graphite
f 3305/6837/3293 3306/6838/3294 3308/6839/3296 3307/6840/3295
f 3307/6840/3295 3308/6839/3296 3310/6841/3298 3309/6842/3297
f 3309/6842/3297 3310/6841/3298 3312/6843/3300 3311/6844/3299
f 3311/6844/3299 3312/6843/3300 3314/6845/3302 3313/6846/3301
f 3313/6846/3301 3314/6845/3302 3316/6847/3304 3315/6848/3303
f 3315/6848/3303 3316/6847/3304 3318/6849/3306 3317/6850/3305
f 3317/6850/3305 3318/6849/3306 3320/6851/3308 3319/6852/3307
f 3319/6852/3307 3320/6851/3308 3322/6853/3310 3321/6854/3309
f 3308/6855/3296 3306/6856/3294 3324/6857/3312 3322/6858/3310 3320/6859/3308 3318/6860/3306 3316/6861/3304 3314/6862/3302 3312/6863/3300 3310/6864/3298
f 3321/6854/3309 3322/6853/3310 3324/6865/3312 3323/6866/3311
f 3323/6866/3311 3324/6865/3312 3306/6867/3294 3305/6868/3293
f 3305/6869/3293 3307/6870/3295 3309/6871/3297 3311/6872/3299 3313/6873/3301 3315/6874/3303 3317/6875/3305 3319/6876/3307 3321/6877/3309 3323/6878/3311
o Socket.159
v -0.245000 0.080000 -0.071000
v -0.245000 0.088000 -0.071000
v -0.241473 0.080000 -0.069854
v -0.241473 0.088000 -0.069854
v -0.239294 0.080000 -0.066854
v -0.239294 0.088000 -0.066854
v -0.239294 0.080000 -0.063146
v -0.239294 0.088000 -0.063146
v -0.241473 0.080000 -0.060146
v -0.241473 0.088000 -0.060146
v -0.245000 0.080000 -0.059000
v -0.245000 0.088000 -0.059000
v -0.248527 0.080000 -0.060146
v -0.248527 0.088000 -0.060146
v -0.250706 0.080000 -0.063146
v -0.250706 0.088000 -0.063146
v -0.250706 0.080000 -0.066854
v -0.250706 0.088000 -0.066854
v -0.248527 0.080000 -0.069854
v -0.248527 0.088000 -0.069854
vn -0.0000 -0.6437 -0.7653
vn -0.0000 0.6437 -0.7653
vn 0.4498 -0.6437 -0.6191
vn 0.4498 0.6437 -0.6191
vn 0.7278 -0.6437 -0.2365
vn 0.7278 0.6437 -0.2365
vn 0.7278 -0.6437 0.2365
vn 0.7278 0.6437 0.2365
vn 0.4498 -0.6437 0.6191
vn 0.4498 0.6437 0.6191
vn -0.0000 -0.6437 0.7653
vn -0.0000 0.6437 0.7653
vn -0.4498 -0.6437 0.6191
vn -0.4498 0.6437 0.6191
vn -0.7278 -0.6437 0.2365
vn -0.7278 0.6437 0.2365
vn -0.7278 -0.6437 -0.2365
vn -0.7278 0.6437 -0.2365
vn -0.4498 -0.6437 -0.6191
vn -0.4498 0.6437 -0.6191
vt 1.000000 0.500000
vt 1.000000 1.000000
vt 0.900000 1.000000
vt 0.900000 0.500000
vt 0.800000 1.000000
vt 0.800000 0.500000
vt 0.700000 1.000000
vt 0.700000 0.500000
vt 0.600000 1.000000
vt 0.600000 0.500000
vt 0.500000 1.000000
vt 0.500000 0.500000
vt 0.400000 1.000000
vt 0.400000 0.500000
vt 0.300000 1.000000
vt 0.300000 0.500000
vt 0.200000 1.000000
vt 0.200000 0.500000
vt 0.391068 0.444164
vt 0.250000 0.490000
vt 0.108932 0.444164
vt 0.021746 0.324164
vt 0.021746 0.175836
vt 0.108932 0.055836
vt 0.250000 0.010000
vt 0.391068 0.055836
vt 0.478254 0.175836
vt 0.478254 0.324164
vt 0.100000 1.000000
vt 0.100000 0.500000
vt -0.000000 1.000000
vt -0.000000 0.500000
vt 0.750000 0.490000
vt 0.891068 0.444164
vt 0.978254 0.324164
vt 0.978254 0.175836
vt 0.891068 0.055836
vt 0.750000 0.010000
vt 0.608932 0.055836
vt 0.521746 0.175836
vt 0.521746 0.324164
vt 0.608932 0.444164
s 1
usemtl M_Graphite
f 3325/6879/3313 3326/6880/3314 3328/6881/3316 3327/6882/3315
f 3327/6882/3315 3328/6881/3316 3330/6883/3318 3329/6884/3317
f 3329/6884/3317 3330/6883/3318 3332/6885/3320 3331/6886/3319
f 3331/6886/3319 3332/6885/3320 3334/6887/3322 3333/6888/3321
f 3333/6888/3321 3334/6887/3322 3336/6889/3324 3335/6890/3323
f 3335/6890/3323 3336/6889/3324 3338/6891/3326 3337/6892/3325
f 3337/6892/3325 3338/6891/3326 3340/6893/3328 3339/6894/3327
f 3339/6894/3327 3340/6893/3328 3342/6895/3330 3341/6896/3329
f 3328/6897/3316 3326/6898/3314 3344/6899/3332 3342/6900/3330 3340/6901/3328 3338/6902/3326 3336/6903/3324 3334/6904/3322 3332/6905/3320 3330/6906/3318
f 3341/6896/3329 3342/6895/3330 3344/6907/3332 3343/6908/3331
f 3343/6908/3331 3344/6907/3332 3326/6909/3314 3325/6910/3313
f 3325/6911/3313 3327/6912/3315 3329/6913/3317 3331/6914/3319 3333/6915/3321 3335/6916/3323 3337/6917/3325 3339/6918/3327 3341/6919/3329 3343/6920/3331
o Socket.160
v -0.200000 0.080000 -0.071000
v -0.200000 0.088000 -0.071000
v -0.196473 0.080000 -0.069854
v -0.196473 0.088000 -0.069854
v -0.194294 0.080000 -0.066854
v -0.194294 0.088000 -0.066854
v -0.194294 0.080000 -0.063146
v -0.194294 0.088000 -0.063146
v -0.196473 0.080000 -0.060146
v -0.196473 0.088000 -0.060146
v -0.200000 0.080000 -0.059000
v -0.200000 0.088000 -0.059000
v -0.203527 0.080000 -0.060146
v -0.203527 0.088000 -0.060146
v -0.205706 0.080000 -0.063146
v -0.205706 0.088000 -0.063146
v -0.205706 0.080000 -0.066854
v -0.205706 0.088000 -0.066854
v -0.203527 0.080000 -0.069854
v -0.203527 0.088000 -0.069854
vn -0.0000 -0.6437 -0.7653
vn -0.0000 0.6437 -0.7653
vn 0.4498 -0.6437 -0.6191
vn 0.4498 0.6437 -0.6191
vn 0.7278 -0.6437 -0.2365
vn 0.7278 0.6437 -0.2365
vn 0.7278 -0.6437 0.2365
vn 0.7278 0.6437 0.2365
vn 0.4498 -0.6437 0.6191
vn 0.4498 0.6437 0.6191
vn -0.0000 -0.6437 0.7653
vn -0.0000 0.6437 0.7653
vn -0.4498 -0.6437 0.6191
vn -0.4498 0.6437 0.6191
vn -0.7278 -0.6437 0.2365
vn -0.7278 0.6437 0.2365
vn -0.7278 -0.6437 -0.2365
vn -0.7278 0.6437 -0.2365
vn -0.4498 -0.6437 -0.6191
vn -0.4498 0.6437 -0.6191
vt 1.000000 0.500000
vt 1.000000 1.000000
vt 0.900000 1.000000
vt 0.900000 0.500000
vt 0.800000 1.000000
vt 0.800000 0.500000
vt 0.700000 1.000000
vt 0.700000 0.500000
vt 0.600000 1.000000
vt 0.600000 0.500000
vt 0.500000 1.000000
vt 0.500000 0.500000
vt 0.400000 1.000000
vt 0.400000 0.500000
vt 0.300000 1.000000
vt 0.300000 0.500000
vt 0.200000 1.000000
vt 0.200000 0.500000
vt 0.391068 0.444164
vt 0.250000 0.490000
vt 0.108932 0.444164
vt 0.021746 0.324164
vt 0.021746 0.175836
vt 0.108932 0.055836
vt 0.250000 0.010000
vt 0.391068 0.055836
vt 0.478254 0.175836
vt 0.478254 0.324164
vt 0.100000 1.000000
vt 0.100000 0.500000
vt -0.000000 1.000000
vt -0.000000 0.500000
vt 0.750000 0.490000
vt 0.891068 0.444164
vt 0.978254 0.324164
vt 0.978254 0.175836
vt 0.891068 0.055836
vt 0.750000 0.010000
vt 0.608932 0.055836
vt 0.521746 0.175836
vt 0.521746 0.324164
vt 0.608932 0.444164
s 1
usemtl M_Graphite
f 3345/6921/3333 3346/6922/3334 3348/6923/3336 3347/6924/3335
f 3347/6924/3335 3348/6923/3336 3350/6925/3338 3349/6926/3337
f 3349/6926/3337 3350/6925/3338 3352/6927/3340 3351/6928/3339
f 3351/6928/3339 3352/6927/3340 3354/6929/3342 3353/6930/3341
f 3353/6930/3341 3354/6929/3342 3356/6931/3344 3355/6932/3343
f 3355/6932/3343 3356/6931/3344 3358/6933/3346 3357/6934/3345
f 3357/6934/3345 3358/6933/3346 3360/6935/3348 3359/6936/3347
f 3359/6936/3347 3360/6935/3348 3362/6937/3350 3361/6938/3349
f 3348/6939/3336 3346/6940/3334 3364/6941/3352 3362/6942/3350 3360/6943/3348 3358/6944/3346 3356/6945/3344 3354/6946/3342 3352/6947/3340 3350/6948/3338
f 3361/6938/3349 3362/6937/3350 3364/6949/3352 3363/6950/3351
f 3363/6950/3351 3364/6949/3352 3346/6951/3334 3345/6952/3333
f 3345/6953/3333 3347/6954/3335 3349/6955/3337 3351/6956/3339 3353/6957/3341 3355/6958/3343 3357/6959/3345 3359/6960/3347 3361/6961/3349 3363/6962/3351
o Socket.161
v -0.155000 0.080000 -0.071000
v -0.155000 0.088000 -0.071000
v -0.151473 0.080000 -0.069854
v -0.151473 0.088000 -0.069854
v -0.149294 0.080000 -0.066854
v -0.149294 0.088000 -0.066854
v -0.149294 0.080000 -0.063146
v -0.149294 0.088000 -0.063146
v -0.151473 0.080000 -0.060146
v -0.151473 0.088000 -0.060146
v -0.155000 0.080000 -0.059000
v -0.155000 0.088000 -0.059000
v -0.158527 0.080000 -0.060146
v -0.158527 0.088000 -0.060146
v -0.160706 0.080000 -0.063146
v -0.160706 0.088000 -0.063146
v -0.160706 0.080000 -0.066854
v -0.160706 0.088000 -0.066854
v -0.158527 0.080000 -0.069854
v -0.158527 0.088000 -0.069854
vn -0.0000 -0.6437 -0.7653
vn -0.0000 0.6437 -0.7653
vn 0.4498 -0.6437 -0.6191
vn 0.4498 0.6437 -0.6191
vn 0.7278 -0.6437 -0.2365
vn 0.7278 0.6437 -0.2365
vn 0.7278 -0.6437 0.2365
vn 0.7278 0.6437 0.2365
vn 0.4498 -0.6437 0.6191
vn 0.4498 0.6437 0.6191
vn -0.0000 -0.6437 0.7653
vn -0.0000 0.6437 0.7653
vn -0.4498 -0.6437 0.6191
vn -0.4498 0.6437 0.6191
vn -0.7278 -0.6437 0.2365
vn -0.7278 0.6437 0.2365
vn -0.7278 -0.6437 -0.2365
vn -0.7278 0.6437 -0.2365
vn -0.4498 -0.6437 -0.6191
vn -0.4498 0.6437 -0.6191
vt 1.000000 0.500000
vt 1.000000 1.000000
vt 0.900000 1.000000
vt 0.900000 0.500000
vt 0.800000 1.000000
vt 0.800000 0.500000
vt 0.700000 1.000000
vt 0.700000 0.500000
vt 0.600000 1.000000
vt 0.600000 0.500000
vt 0.500000 1.000000
vt 0.500000 0.500000
vt 0.400000 1.000000
vt 0.400000 0.500000
vt 0.300000 1.000000
vt 0.300000 0.500000
vt 0.200000 1.000000
vt 0.200000 0.500000
vt 0.391068 0.444164
vt 0.250000 0.490000
vt 0.108932 0.444164
vt 0.021746 0.324164
vt 0.021746 0.175836
vt 0.108932 0.055836
vt 0.250000 0.010000
vt 0.391068 0.055836
vt 0.478254 0.175836
vt 0.478254 0.324164
vt 0.100000 1.000000
vt 0.100000 0.500000
vt -0.000000 1.000000
vt -0.000000 0.500000
vt 0.750000 0.490000
vt 0.891068 0.444164
vt 0.978254 0.324164
vt 0.978254 0.175836
vt 0.891068 0.055836
vt 0.750000 0.010000
vt 0.608932 0.055836
vt 0.521746 0.175836
vt 0.521746 0.324164
vt 0.608932 0.444164
s 1
usemtl M_Graphite
f 3365/6963/3353 3366/6964/3354 3368/6965/3356 3367/6966/3355
f 3367/6966/3355 3368/6965/3356 3370/6967/3358 3369/6968/3357
f 3369/6968/3357 3370/6967/3358 3372/6969/3360 3371/6970/3359
f 3371/6970/3359 3372/6969/3360 3374/6971/3362 3373/6972/3361
f 3373/6972/3361 3374/6971/3362 3376/6973/3364 3375/6974/3363
f 3375/6974/3363 3376/6973/3364 3378/6975/3366 3377/6976/3365
f 3377/6976/3365 3378/6975/3366 3380/6977/3368 3379/6978/3367
f 3379/6978/3367 3380/6977/3368 3382/6979/3370 3381/6980/3369
f 3368/6981/3356 3366/6982/3354 3384/6983/3372 3382/6984/3370 3380/6985/3368 3378/6986/3366 3376/6987/3364 3374/6988/3362 3372/6989/3360 3370/6990/3358
f 3381/6980/3369 3382/6979/3370 3384/6991/3372 3383/6992/3371
f 3383/6992/3371 3384/6991/3372 3366/6993/3354 3365/6994/3353
f 3365/6995/3353 3367/6996/3355 3369/6997/3357 3371/6998/3359 3373/6999/3361 3375/7000/3363 3377/7001/3365 3379/7002/3367 3381/7003/3369 3383/7004/3371
o Socket.162
v -0.110000 0.080000 -0.071000
v -0.110000 0.088000 -0.071000
v -0.106473 0.080000 -0.069854
v -0.106473 0.088000 -0.069854
v -0.104294 0.080000 -0.066854
v -0.104294 0.088000 -0.066854
v -0.104294 0.080000 -0.063146
v -0.104294 0.088000 -0.063146
v -0.106473 0.080000 -0.060146
v -0.106473 0.088000 -0.060146
v -0.110000 0.080000 -0.059000
v -0.110000 0.088000 -0.059000
v -0.113527 0.080000 -0.060146
v -0.113527 0.088000 -0.060146
v -0.115706 0.080000 -0.063146
v -0.115706 0.088000 -0.063146
v -0.115706 0.080000 -0.066854
v -0.115706 0.088000 -0.066854
v -0.113527 0.080000 -0.069854
v -0.113527 0.088000 -0.069854
vn -0.0000 -0.6437 -0.7653
vn -0.0000 0.6437 -0.7653
vn 0.4498 -0.6437 -0.6191
vn 0.4498 0.6437 -0.6191
vn 0.7278 -0.6437 -0.2365
vn 0.7278 0.6437 -0.2365
vn 0.7278 -0.6437 0.2365
vn 0.7278 0.6437 0.2365
vn 0.4498 -0.6437 0.6191
vn 0.4498 0.6437 0.6191
vn -0.0000 -0.6437 0.7653
vn -0.0000 0.6437 0.7653
vn -0.4498 -0.6437 0.6191
vn -0.4498 0.6437 0.6191
vn -0.7278 -0.6437 0.2365
vn -0.7278 0.6437 0.2365
vn -0.7278 -0.6437 -0.2365
vn -0.7278 0.6437 -0.2365
vn -0.4498 -0.6437 -0.6191
vn -0.4498 0.6437 -0.6191
vt 1.000000 0.500000
vt 1.000000 1.000000
vt 0.900000 1.000000
vt 0.900000 0.500000
vt 0.800000 1.000000
vt 0.800000 0.500000
vt 0.700000 1.000000
vt 0.700000 0.500000
vt 0.600000 1.000000
vt 0.600000 0.500000
vt 0.500000 1.000000
vt 0.500000 0.500000
vt 0.400000 1.000000
vt 0.400000 0.500000
vt 0.300000 1.000000
vt 0.300000 0.500000
vt 0.200000 1.000000
vt 0.200000 0.500000
vt 0.391068 0.444164
vt 0.250000 0.490000
vt 0.108932 0.444164
vt 0.021746 0.324164
vt 0.021746 0.175836
vt 0.108932 0.055836
vt 0.250000 0.010000
vt 0.391068 0.055836
vt 0.478254 0.175836
vt 0.478254 0.324164
vt 0.100000 1.000000
vt 0.100000 0.500000
vt -0.000000 1.000000
vt -0.000000 0.500000
vt 0.750000 0.490000
vt 0.891068 0.444164
vt 0.978254 0.324164
vt 0.978254 0.175836
vt 0.891068 0.055836
vt 0.750000 0.010000
vt 0.608932 0.055836
vt 0.521746 0.175836
vt 0.521746 0.324164
vt 0.608932 0.444164
s 1
usemtl M_Graphite
f 3385/7005/3373 3386/7006/3374 3388/7007/3376 3387/7008/3375
f 3387/7008/3375 3388/7007/3376 3390/7009/3378 3389/7010/3377
f 3389/7010/3377 3390/7009/3378 3392/7011/3380 3391/7012/3379
f 3391/7012/3379 3392/7011/3380 3394/7013/3382 3393/7014/3381
f 3393/7014/3381 3394/7013/3382 3396/7015/3384 3395/7016/3383
f 3395/7016/3383 3396/7015/3384 3398/7017/3386 3397/7018/3385
f 3397/7018/3385 3398/7017/3386 3400/7019/3388 3399/7020/3387
f 3399/7020/3387 3400/7019/3388 3402/7021/3390 3401/7022/3389
f 3388/7023/3376 3386/7024/3374 3404/7025/3392 3402/7026/3390 3400/7027/3388 3398/7028/3386 3396/7029/3384 3394/7030/3382 3392/7031/3380 3390/7032/3378
f 3401/7022/3389 3402/7021/3390 3404/7033/3392 3403/7034/3391
f 3403/7034/3391 3404/7033/3392 3386/7035/3374 3385/7036/3373
f 3385/7037/3373 3387/7038/3375 3389/7039/3377 3391/7040/3379 3393/7041/3381 3395/7042/3383 3397/7043/3385 3399/7044/3387 3401/7045/3389 3403/7046/3391
o Socket.163
v -0.065000 0.080000 -0.071000
v -0.065000 0.088000 -0.071000
v -0.061473 0.080000 -0.069854
v -0.061473 0.088000 -0.069854
v -0.059294 0.080000 -0.066854
v -0.059294 0.088000 -0.066854
v -0.059294 0.080000 -0.063146
v -0.059294 0.088000 -0.063146
v -0.061473 0.080000 -0.060146
v -0.061473 0.088000 -0.060146
v -0.065000 0.080000 -0.059000
v -0.065000 0.088000 -0.059000
v -0.068527 0.080000 -0.060146
v -0.068527 0.088000 -0.060146
v -0.070706 0.080000 -0.063146
v -0.070706 0.088000 -0.063146
v -0.070706 0.080000 -0.066854
v -0.070706 0.088000 -0.066854
v -0.068527 0.080000 -0.069854
v -0.068527 0.088000 -0.069854
vn -0.0000 -0.6437 -0.7653
vn -0.0000 0.6437 -0.7653
vn 0.4498 -0.6437 -0.6191
vn 0.4498 0.6437 -0.6191
vn 0.7278 -0.6437 -0.2365
vn 0.7278 0.6437 -0.2365
vn 0.7278 -0.6437 0.2365
vn 0.7278 0.6437 0.2365
vn 0.4498 -0.6437 0.6191
vn 0.4498 0.6437 0.6191
vn -0.0000 -0.6437 0.7653
vn -0.0000 0.6437 0.7653
vn -0.4498 -0.6437 0.6191
vn -0.4498 0.6437 0.6191
vn -0.7278 -0.6437 0.2365
vn -0.7278 0.6437 0.2365
vn -0.7278 -0.6437 -0.2365
vn -0.7278 0.6437 -0.2365
vn -0.4498 -0.6437 -0.6191
vn -0.4498 0.6437 -0.6191
vt 1.000000 0.500000
vt 1.000000 1.000000
vt 0.900000 1.000000
vt 0.900000 0.500000
vt 0.800000 1.000000
vt 0.800000 0.500000
vt 0.700000 1.000000
vt 0.700000 0.500000
vt 0.600000 1.000000
vt 0.600000 0.500000
vt 0.500000 1.000000
vt 0.500000 0.500000
vt 0.400000 1.000000
vt 0.400000 0.500000
vt 0.300000 1.000000
vt 0.300000 0.500000
vt 0.200000 1.000000
vt 0.200000 0.500000
vt 0.391068 0.444164
vt 0.250000 0.490000
vt 0.108932 0.444164
vt 0.021746 0.324164
vt 0.021746 0.175836
vt 0.108932 0.055836
vt 0.250000 0.010000
vt 0.391068 0.055836
vt 0.478254 0.175836
vt 0.478254 0.324164
vt 0.100000 1.000000
vt 0.100000 0.500000
vt -0.000000 1.000000
vt -0.000000 0.500000
vt 0.750000 0.490000
vt 0.891068 0.444164
vt 0.978254 0.324164
vt 0.978254 0.175836
vt 0.891068 0.055836
vt 0.750000 0.010000
vt 0.608932 0.055836
vt 0.521746 0.175836
vt 0.521746 0.324164
vt 0.608932 0.444164
s 1
usemtl M_Graphite
f 3405/7047/3393 3406/7048/3394 3408/7049/3396 3407/7050/3395
f 3407/7050/3395 3408/7049/3396 3410/7051/3398 3409/7052/3397
f 3409/7052/3397 3410/7051/3398 3412/7053/3400 3411/7054/3399
f 3411/7054/3399 3412/7053/3400 3414/7055/3402 3413/7056/3401
f 3413/7056/3401 3414/7055/3402 3416/7057/3404 3415/7058/3403
f 3415/7058/3403 3416/7057/3404 3418/7059/3406 3417/7060/3405
f 3417/7060/3405 3418/7059/3406 3420/7061/3408 3419/7062/3407
f 3419/7062/3407 3420/7061/3408 3422/7063/3410 3421/7064/3409
f 3408/7065/3396 3406/7066/3394 3424/7067/3412 3422/7068/3410 3420/7069/3408 3418/7070/3406 3416/7071/3404 3414/7072/3402 3412/7073/3400 3410/7074/3398
f 3421/7064/3409 3422/7063/3410 3424/7075/3412 3423/7076/3411
f 3423/7076/3411 3424/7075/3412 3406/7077/3394 3405/7078/3393
f 3405/7079/3393 3407/7080/3395 3409/7081/3397 3411/7082/3399 3413/7083/3401 3415/7084/3403 3417/7085/3405 3419/7086/3407 3421/7087/3409 3423/7088/3411
o Socket.164
v -0.020000 0.080000 -0.071000
v -0.020000 0.088000 -0.071000
v -0.016473 0.080000 -0.069854
v -0.016473 0.088000 -0.069854
v -0.014294 0.080000 -0.066854
v -0.014294 0.088000 -0.066854
v -0.014294 0.080000 -0.063146
v -0.014294 0.088000 -0.063146
v -0.016473 0.080000 -0.060146
v -0.016473 0.088000 -0.060146
v -0.020000 0.080000 -0.059000
v -0.020000 0.088000 -0.059000
v -0.023527 0.080000 -0.060146
v -0.023527 0.088000 -0.060146
v -0.025706 0.080000 -0.063146
v -0.025706 0.088000 -0.063146
v -0.025706 0.080000 -0.066854
v -0.025706 0.088000 -0.066854
v -0.023527 0.080000 -0.069854
v -0.023527 0.088000 -0.069854
vn -0.0000 -0.6437 -0.7653
vn -0.0000 0.6437 -0.7653
vn 0.4498 -0.6437 -0.6191
vn 0.4498 0.6437 -0.6191
vn 0.7278 -0.6437 -0.2365
vn 0.7278 0.6437 -0.2365
vn 0.7278 -0.6437 0.2365
vn 0.7278 0.6437 0.2365
vn 0.4498 -0.6437 0.6191
vn 0.4498 0.6437 0.6191
vn -0.0000 -0.6437 0.7653
vn -0.0000 0.6437 0.7653
vn -0.4498 -0.6437 0.6191
vn -0.4498 0.6437 0.6191
vn -0.7278 -0.6437 0.2365
vn -0.7278 0.6437 0.2365
vn -0.7278 -0.6437 -0.2365
vn -0.7278 0.6437 -0.2365
vn -0.4498 -0.6437 -0.6191
vn -0.4498 0.6437 -0.6191
vt 1.000000 0.500000
vt 1.000000 1.000000
vt 0.900000 1.000000
vt 0.900000 0.500000
vt 0.800000 1.000000
vt 0.800000 0.500000
vt 0.700000 1.000000
vt 0.700000 0.500000
vt 0.600000 1.000000
vt 0.600000 0.500000
vt 0.500000 1.000000
vt 0.500000 0.500000
vt 0.400000 1.000000
vt 0.400000 0.500000
vt 0.300000 1.000000
vt 0.300000 0.500000
vt 0.200000 1.000000
vt 0.200000 0.500000
vt 0.391068 0.444164
vt 0.250000 0.490000
vt 0.108932 0.444164
vt 0.021746 0.324164
vt 0.021746 0.175836
vt 0.108932 0.055836
vt 0.250000 0.010000
vt 0.391068 0.055836
vt 0.478254 0.175836
vt 0.478254 0.324164
vt 0.100000 1.000000
vt 0.100000 0.500000
vt -0.000000 1.000000
vt -0.000000 0.500000
vt 0.750000 0.490000
vt 0.891068 0.444164
vt 0.978254 0.324164
vt 0.978254 0.175836
vt 0.891068 0.055836
vt 0.750000 0.010000
vt 0.608932 0.055836
vt 0.521746 0.175836
vt 0.521746 0.324164
vt 0.608932 0.444164
s 1
usemtl M_Graphite
f 3425/7089/3413 3426/7090/3414 3428/7091/3416 3427/7092/3415
f 3427/7092/3415 3428/7091/3416 3430/7093/3418 3429/7094/3417
f 3429/7094/3417 3430/7093/3418 3432/7095/3420 3431/7096/3419
f 3431/7096/3419 3432/7095/3420 3434/7097/3422 3433/7098/3421
f 3433/7098/3421 3434/7097/3422 3436/7099/3424 3435/7100/3423
f 3435/7100/3423 3436/7099/3424 3438/7101/3426 3437/7102/3425
f 3437/7102/3425 3438/7101/3426 3440/7103/3428 3439/7104/3427
f 3439/7104/3427 3440/7103/3428 3442/7105/3430 3441/7106/3429
f 3428/7107/3416 3426/7108/3414 3444/7109/3432 3442/7110/3430 3440/7111/3428 3438/7112/3426 3436/7113/3424 3434/7114/3422 3432/7115/3420 3430/7116/3418
f 3441/7106/3429 3442/7105/3430 3444/7117/3432 3443/7118/3431
f 3443/7118/3431 3444/7117/3432 3426/7119/3414 3425/7120/3413
f 3425/7121/3413 3427/7122/3415 3429/7123/3417 3431/7124/3419 3433/7125/3421 3435/7126/3423 3437/7127/3425 3439/7128/3427 3441/7129/3429 3443/7130/3431
o Socket.165
v 0.025000 0.080000 -0.071000
v 0.025000 0.088000 -0.071000
v 0.028527 0.080000 -0.069854
v 0.028527 0.088000 -0.069854
v 0.030706 0.080000 -0.066854
v 0.030706 0.088000 -0.066854
v 0.030706 0.080000 -0.063146
v 0.030706 0.088000 -0.063146
v 0.028527 0.080000 -0.060146
v 0.028527 0.088000 -0.060146
v 0.025000 0.080000 -0.059000
v 0.025000 0.088000 -0.059000
v 0.021473 0.080000 -0.060146
v 0.021473 0.088000 -0.060146
v 0.019294 0.080000 -0.063146
v 0.019294 0.088000 -0.063146
v 0.019294 0.080000 -0.066854
v 0.019294 0.088000 -0.066854
v 0.021473 0.080000 -0.069854
v 0.021473 0.088000 -0.069854
vn -0.0000 -0.6437 -0.7653
vn -0.0000 0.6437 -0.7653
vn 0.4498 -0.6437 -0.6191
vn 0.4498 0.6437 -0.6191
vn 0.7278 -0.6437 -0.2365
vn 0.7278 0.6437 -0.2365
vn 0.7278 -0.6437 0.2365
vn 0.7278 0.6437 0.2365
vn 0.4498 -0.6437 0.6191
vn 0.4498 0.6437 0.6191
vn -0.0000 -0.6437 0.7653
vn -0.0000 0.6437 0.7653
vn -0.4498 -0.6437 0.6191
vn -0.4498 0.6437 0.6191
vn -0.7278 -0.6437 0.2365
vn -0.7278 0.6437 0.2365
vn -0.7278 -0.6437 -0.2365
vn -0.7278 0.6437 -0.2365
vn -0.4498 -0.6437 -0.6191
vn -0.4498 0.6437 -0.6191
vt 1.000000 0.500000
vt 1.000000 1.000000
vt 0.900000 1.000000
vt 0.900000 0.500000
vt 0.800000 1.000000
vt 0.800000 0.500000
vt 0.700000 1.000000
vt 0.700000 0.500000
vt 0.600000 1.000000
vt 0.600000 0.500000
vt 0.500000 1.000000
vt 0.500000 0.500000
vt 0.400000 1.000000
vt 0.400000 0.500000
vt 0.300000 1.000000
vt 0.300000 0.500000
vt 0.200000 1.000000
vt 0.200000 0.500000
vt 0.391068 0.444164
vt 0.250000 0.490000
vt 0.108932 0.444164
vt 0.021746 0.324164
vt 0.021746 0.175836
vt 0.108932 0.055836
vt 0.250000 0.010000
vt 0.391068 0.055836
vt 0.478254 0.175836
vt 0.478254 0.324164
vt 0.100000 1.000000
vt 0.100000 0.500000
vt -0.000000 1.000000
vt -0.000000 0.500000
vt 0.750000 0.490000
vt 0.891068 0.444164
vt 0.978254 0.324164
vt 0.978254 0.175836
vt 0.891068 0.055836
vt 0.750000 0.010000
vt 0.608932 0.055836
vt 0.521746 0.175836
vt 0.521746 0.324164
vt 0.608932 0.444164
s 1
usemtl M_Graphite
f 3445/7131/3433 3446/7132/3434 3448/7133/3436 3447/7134/3435
f 3447/7134/3435 3448/7133/3436 3450/7135/3438 3449/7136/3437
f 3449/7136/3437 3450/7135/3438 3452/7137/3440 3451/7138/3439
f 3451/7138/3439 3452/7137/3440 3454/7139/3442 3453/7140/3441
f 3453/7140/3441 3454/7139/3442 3456/7141/3444 3455/7142/3443
f 3455/7142/3443 3456/7141/3444 3458/7143/3446 3457/7144/3445
f 3457/7144/3445 3458/7143/3446 3460/7145/3448 3459/7146/3447
f 3459/7146/3447 3460/7145/3448 3462/7147/3450 3461/7148/3449
f 3448/7149/3436 3446/7150/3434 3464/7151/3452 3462/7152/3450 3460/7153/3448 3458/7154/3446 3456/7155/3444 3454/7156/3442 3452/7157/3440 3450/7158/3438
f 3461/7148/3449 3462/7147/3450 3464/7159/3452 3463/7160/3451
f 3463/7160/3451 3464/7159/3452 3446/7161/3434 3445/7162/3433
f 3445/7163/3433 3447/7164/3435 3449/7165/3437 3451/7166/3439 3453/7167/3441 3455/7168/3443 3457/7169/3445 3459/7170/3447 3461/7171/3449 3463/7172/3451
o Socket.166
v 0.070000 0.080000 -0.071000
v 0.070000 0.088000 -0.071000
v 0.073527 0.080000 -0.069854
v 0.073527 0.088000 -0.069854
v 0.075706 0.080000 -0.066854
v 0.075706 0.088000 -0.066854
v 0.075706 0.080000 -0.063146
v 0.075706 0.088000 -0.063146
v 0.073527 0.080000 -0.060146
v 0.073527 0.088000 -0.060146
v 0.070000 0.080000 -0.059000
v 0.070000 0.088000 -0.059000
v 0.066473 0.080000 -0.060146
v 0.066473 0.088000 -0.060146
v 0.064294 0.080000 -0.063146
v 0.064294 0.088000 -0.063146
v 0.064294 0.080000 -0.066854
v 0.064294 0.088000 -0.066854
v 0.066473 0.080000 -0.069854
v 0.066473 0.088000 -0.069854
vn -0.0000 -0.6437 -0.7653
vn -0.0000 0.6437 -0.7653
vn 0.4498 -0.6437 -0.6191
vn 0.4498 0.6437 -0.6191
vn 0.7278 -0.6437 -0.2365
vn 0.7278 0.6437 -0.2365
vn 0.7278 -0.6437 0.2365
vn 0.7278 0.6437 0.2365
vn 0.4498 -0.6437 0.6191
vn 0.4498 0.6437 0.6191
vn -0.0000 -0.6437 0.7653
vn -0.0000 0.6437 0.7653
vn -0.4498 -0.6437 0.6191
vn -0.4498 0.6437 0.6191
vn -0.7278 -0.6437 0.2365
vn -0.7278 0.6437 0.2365
vn -0.7278 -0.6437 -0.2365
vn -0.7278 0.6437 -0.2365
vn -0.4498 -0.6437 -0.6191
vn -0.4498 0.6437 -0.6191
vt 1.000000 0.500000
vt 1.000000 1.000000
vt 0.900000 1.000000
vt 0.900000 0.500000
vt 0.800000 1.000000
vt 0.800000 0.500000
vt 0.700000 1.000000
vt 0.700000 0.500000
vt 0.600000 1.000000
vt 0.600000 0.500000
vt 0.500000 1.000000
vt 0.500000 0.500000
vt 0.400000 1.000000
vt 0.400000 0.500000
vt 0.300000 1.000000
vt 0.300000 0.500000
vt 0.200000 1.000000
vt 0.200000 0.500000
vt 0.391068 0.444164
vt 0.250000 0.490000
vt 0.108932 0.444164
vt 0.021746 0.324164
vt 0.021746 0.175836
vt 0.108932 0.055836
vt 0.250000 0.010000
vt 0.391068 0.055836
vt 0.478254 0.175836
vt 0.478254 0.324164
vt 0.100000 1.000000
vt 0.100000 0.500000
vt -0.000000 1.000000
vt -0.000000 0.500000
vt 0.750000 0.490000
vt 0.891068 0.444164
vt 0.978254 0.324164
vt 0.978254 0.175836
vt 0.891068 0.055836
vt 0.750000 0.010000
vt 0.608932 0.055836
vt 0.521746 0.175836
vt 0.521746 0.324164
vt 0.608932 0.444164
s 1
usemtl M_Graphite
f 3465/7173/3453 3466/7174/3454 3468/7175/3456 3467/7176/3455
f 3467/7176/3455 3468/7175/3456 3470/7177/3458 3469/7178/3457
f 3469/7178/3457 3470/7177/3458 3472/7179/3460 3471/7180/3459
f 3471/7180/3459 3472/7179/3460 3474/7181/3462 3473/7182/3461
f 3473/7182/3461 3474/7181/3462 3476/7183/3464 3475/7184/3463
f 3475/7184/3463 3476/7183/3464 3478/7185/3466 3477/7186/3465
f 3477/7186/3465 3478/7185/3466 3480/7187/3468 3479/7188/3467
f 3479/7188/3467 3480/7187/3468 3482/7189/3470 3481/7190/3469
f 3468/7191/3456 3466/7192/3454 3484/7193/3472 3482/7194/3470 3480/7195/3468 3478/7196/3466 3476/7197/3464 3474/7198/3462 3472/7199/3460 3470/7200/3458
f 3481/7190/3469 3482/7189/3470 3484/7201/3472 3483/7202/3471
f 3483/7202/3471 3484/7201/3472 3466/7203/3454 3465/7204/3453
f 3465/7205/3453 3467/7206/3455 3469/7207/3457 3471/7208/3459 3473/7209/3461 3475/7210/3463 3477/7211/3465 3479/7212/3467 3481/7213/3469 3483/7214/3471
o Socket.167
v 0.115000 0.080000 -0.071000
v 0.115000 0.088000 -0.071000
v 0.118527 0.080000 -0.069854
v 0.118527 0.088000 -0.069854
v 0.120706 0.080000 -0.066854
v 0.120706 0.088000 -0.066854
v 0.120706 0.080000 -0.063146
v 0.120706 0.088000 -0.063146
v 0.118527 0.080000 -0.060146
v 0.118527 0.088000 -0.060146
v 0.115000 0.080000 -0.059000
v 0.115000 0.088000 -0.059000
v 0.111473 0.080000 -0.060146
v 0.111473 0.088000 -0.060146
v 0.109294 0.080000 -0.063146
v 0.109294 0.088000 -0.063146
v 0.109294 0.080000 -0.066854
v 0.109294 0.088000 -0.066854
v 0.111473 0.080000 -0.069854
v 0.111473 0.088000 -0.069854
vn -0.0000 -0.6437 -0.7653
vn -0.0000 0.6437 -0.7653
vn 0.4498 -0.6437 -0.6191
vn 0.4498 0.6437 -0.6191
vn 0.7278 -0.6437 -0.2365
vn 0.7278 0.6437 -0.2365
vn 0.7278 -0.6437 0.2365
vn 0.7278 0.6437 0.2365
vn 0.4498 -0.6437 0.6191
vn 0.4498 0.6437 0.6191
vn -0.0000 -0.6437 0.7653
vn -0.0000 0.6437 0.7653
vn -0.4498 -0.6437 0.6191
vn -0.4498 0.6437 0.6191
vn -0.7278 -0.6437 0.2365
vn -0.7278 0.6437 0.2365
vn -0.7278 -0.6437 -0.2365
vn -0.7278 0.6437 -0.2365
vn -0.4498 -0.6437 -0.6191
vn -0.4498 0.6437 -0.6191
vt 1.000000 0.500000
vt 1.000000 1.000000
vt 0.900000 1.000000
vt 0.900000 0.500000
vt 0.800000 1.000000
vt 0.800000 0.500000
vt 0.700000 1.000000
vt 0.700000 0.500000
vt 0.600000 1.000000
vt 0.600000 0.500000
vt 0.500000 1.000000
vt 0.500000 0.500000
vt 0.400000 1.000000
vt 0.400000 0.500000
vt 0.300000 1.000000
vt 0.300000 0.500000
vt 0.200000 1.000000
vt 0.200000 0.500000
vt 0.391068 0.444164
vt 0.250000 0.490000
vt 0.108932 0.444164
vt 0.021746 0.324164
vt 0.021746 0.175836
vt 0.108932 0.055836
vt 0.250000 0.010000
vt 0.391068 0.055836
vt 0.478254 0.175836
vt 0.478254 0.324164
vt 0.100000 1.000000
vt 0.100000 0.500000
vt -0.000000 1.000000
vt -0.000000 0.500000
vt 0.750000 0.490000
vt 0.891068 0.444164
vt 0.978254 0.324164
vt 0.978254 0.175836
vt 0.891068 0.055836
vt 0.750000 0.010000
vt 0.608932 0.055836
vt 0.521746 0.175836
vt 0.521746 0.324164
vt 0.608932 0.444164
s 1
usemtl M_Graphite
f 3485/7215/3473 3486/7216/3474 3488/7217/3476 3487/7218/3475
f 3487/7218/3475 3488/7217/3476 3490/7219/3478 3489/7220/3477
f 3489/7220/3477 3490/7219/3478 3492/7221/3480 3491/7222/3479
f 3491/7222/3479 3492/7221/3480 3494/7223/3482 3493/7224/3481
f 3493/7224/3481 3494/7223/3482 3496/7225/3484 3495/7226/3483
f 3495/7226/3483 3496/7225/3484 3498/7227/3486 3497/7228/3485
f 3497/7228/3485 3498/7227/3486 3500/7229/3488 3499/7230/3487
f 3499/7230/3487 3500/7229/3488 3502/7231/3490 3501/7232/3489
f 3488/7233/3476 3486/7234/3474 3504/7235/3492 3502/7236/3490 3500/7237/3488 3498/7238/3486 3496/7239/3484 3494/7240/3482 3492/7241/3480 3490/7242/3478
f 3501/7232/3489 3502/7231/3490 3504/7243/3492 3503/7244/3491
f 3503/7244/3491 3504/7243/3492 3486/7245/3474 3485/7246/3473
f 3485/7247/3473 3487/7248/3475 3489/7249/3477 3491/7250/3479 3493/7251/3481 3495/7252/3483 3497/7253/3485 3499/7254/3487 3501/7255/3489 3503/7256/3491
o Socket.168
v 0.160000 0.080000 -0.071000
v 0.160000 0.088000 -0.071000
v 0.163527 0.080000 -0.069854
v 0.163527 0.088000 -0.069854
v 0.165706 0.080000 -0.066854
v 0.165706 0.088000 -0.066854
v 0.165706 0.080000 -0.063146
v 0.165706 0.088000 -0.063146
v 0.163527 0.080000 -0.060146
v 0.163527 0.088000 -0.060146
v 0.160000 0.080000 -0.059000
v 0.160000 0.088000 -0.059000
v 0.156473 0.080000 -0.060146
v 0.156473 0.088000 -0.060146
v 0.154294 0.080000 -0.063146
v 0.154294 0.088000 -0.063146
v 0.154294 0.080000 -0.066854
v 0.154294 0.088000 -0.066854
v 0.156473 0.080000 -0.069854
v 0.156473 0.088000 -0.069854
vn -0.0000 -0.6437 -0.7653
vn -0.0000 0.6437 -0.7653
vn 0.4498 -0.6437 -0.6191
vn 0.4498 0.6437 -0.6191
vn 0.7278 -0.6437 -0.2365
vn 0.7278 0.6437 -0.2365
vn 0.7278 -0.6437 0.2365
vn 0.7278 0.6437 0.2365
vn 0.4498 -0.6437 0.6191
vn 0.4498 0.6437 0.6191
vn -0.0000 -0.6437 0.7653
vn -0.0000 0.6437 0.7653
vn -0.4498 -0.6437 0.6191
vn -0.4498 0.6437 0.6191
vn -0.7278 -0.6437 0.2365
vn -0.7278 0.6437 0.2365
vn -0.7278 -0.6437 -0.2365
vn -0.7278 0.6437 -0.2365
vn -0.4498 -0.6437 -0.6191
vn -0.4498 0.6437 -0.6191
vt 1.000000 0.500000
vt 1.000000 1.000000
vt 0.900000 1.000000
vt 0.900000 0.500000
vt 0.800000 1.000000
vt 0.800000 0.500000
vt 0.700000 1.000000
vt 0.700000 0.500000
vt 0.600000 1.000000
vt 0.600000 0.500000
vt 0.500000 1.000000
vt 0.500000 0.500000
vt 0.400000 1.000000
vt 0.400000 0.500000
vt 0.300000 1.000000
vt 0.300000 0.500000
vt 0.200000 1.000000
vt 0.200000 0.500000
vt 0.391068 0.444164
vt 0.250000 0.490000
vt 0.108932 0.444164
vt 0.021746 0.324164
vt 0.021746 0.175836
vt 0.108932 0.055836
vt 0.250000 0.010000
vt 0.391068 0.055836
vt 0.478254 0.175836
vt 0.478254 0.324164
vt 0.100000 1.000000
vt 0.100000 0.500000
vt -0.000000 1.000000
vt -0.000000 0.500000
vt 0.750000 0.490000
vt 0.891068 0.444164
vt 0.978254 0.324164
vt 0.978254 0.175836
vt 0.891068 0.055836
vt 0.750000 0.010000
vt 0.608932 0.055836
vt 0.521746 0.175836
vt 0.521746 0.324164
vt 0.608932 0.444164
s 1
usemtl M_Graphite
f 3505/7257/3493 3506/7258/3494 3508/7259/3496 3507/7260/3495
f 3507/7260/3495 3508/7259/3496 3510/7261/3498 3509/7262/3497
f 3509/7262/3497 3510/7261/3498 3512/7263/3500 3511/7264/3499
f 3511/7264/3499 3512/7263/3500 3514/7265/3502 3513/7266/3501
f 3513/7266/3501 3514/7265/3502 3516/7267/3504 3515/7268/3503
f 3515/7268/3503 3516/7267/3504 3518/7269/3506 3517/7270/3505
f 3517/7270/3505 3518/7269/3506 3520/7271/3508 3519/7272/3507
f 3519/7272/3507 3520/7271/3508 3522/7273/3510 3521/7274/3509
f 3508/7275/3496 3506/7276/3494 3524/7277/3512 3522/7278/3510 3520/7279/3508 3518/7280/3506 3516/7281/3504 3514/7282/3502 3512/7283/3500 3510/7284/3498
f 3521/7274/3509 3522/7273/3510 3524/7285/3512 3523/7286/3511
f 3523/7286/3511 3524/7285/3512 3506/7287/3494 3505/7288/3493
f 3505/7289/3493 3507/7290/3495 3509/7291/3497 3511/7292/3499 3513/7293/3501 3515/7294/3503 3517/7295/3505 3519/7296/3507 3521/7297/3509 3523/7298/3511
o Socket.169
v 0.205000 0.080000 -0.071000
v 0.205000 0.088000 -0.071000
v 0.208527 0.080000 -0.069854
v 0.208527 0.088000 -0.069854
v 0.210706 0.080000 -0.066854
v 0.210706 0.088000 -0.066854
v 0.210706 0.080000 -0.063146
v 0.210706 0.088000 -0.063146
v 0.208527 0.080000 -0.060146
v 0.208527 0.088000 -0.060146
v 0.205000 0.080000 -0.059000
v 0.205000 0.088000 -0.059000
v 0.201473 0.080000 -0.060146
v 0.201473 0.088000 -0.060146
v 0.199294 0.080000 -0.063146
v 0.199294 0.088000 -0.063146
v 0.199294 0.080000 -0.066854
v 0.199294 0.088000 -0.066854
v 0.201473 0.080000 -0.069854
v 0.201473 0.088000 -0.069854
vn -0.0000 -0.6437 -0.7653
vn -0.0000 0.6437 -0.7653
vn 0.4498 -0.6437 -0.6191
vn 0.4498 0.6437 -0.6191
vn 0.7278 -0.6437 -0.2365
vn 0.7278 0.6437 -0.2365
vn 0.7278 -0.6437 0.2365
vn 0.7278 0.6437 0.2365
vn 0.4498 -0.6437 0.6191
vn 0.4498 0.6437 0.6191
vn -0.0000 -0.6437 0.7653
vn -0.0000 0.6437 0.7653
vn -0.4498 -0.6437 0.6191
vn -0.4498 0.6437 0.6191
vn -0.7278 -0.6437 0.2365
vn -0.7278 0.6437 0.2365
vn -0.7278 -0.6437 -0.2365
vn -0.7278 0.6437 -0.2365
vn -0.4498 -0.6437 -0.6191
vn -0.4498 0.6437 -0.6191
vt 1.000000 0.500000
vt 1.000000 1.000000
vt 0.900000 1.000000
vt 0.900000 0.500000
vt 0.800000 1.000000
vt 0.800000 0.500000
vt 0.700000 1.000000
vt 0.700000 0.500000
vt 0.600000 1.000000
vt 0.600000 0.500000
vt 0.500000 1.000000
vt 0.500000 0.500000
vt 0.400000 1.000000
vt 0.400000 0.500000
vt 0.300000 1.000000
vt 0.300000 0.500000
vt 0.200000 1.000000
vt 0.200000 0.500000
vt 0.391068 0.444164
vt 0.250000 0.490000
vt 0.108932 0.444164
vt 0.021746 0.324164
vt 0.021746 0.175836
vt 0.108932 0.055836
vt 0.250000 0.010000
vt 0.391068 0.055836
vt 0.478254 0.175836
vt 0.478254 0.324164
vt 0.100000 1.000000
vt 0.100000 0.500000
vt -0.000000 1.000000
vt -0.000000 0.500000
vt 0.750000 0.490000
vt 0.891068 0.444164
vt 0.978254 0.324164
vt 0.978254 0.175836
vt 0.891068 0.055836
vt 0.750000 0.010000
vt 0.608932 0.055836
vt 0.521746 0.175836
vt 0.521746 0.324164
vt 0.608932 0.444164
s 1
usemtl M_Graphite
f 3525/7299/3513 3526/7300/3514 3528/7301/3516 3527/7302/3515
f 3527/7302/3515 3528/7301/3516 3530/7303/3518 3529/7304/3517
f 3529/7304/3517 3530/7303/3518 3532/7305/3520 3531/7306/3519
f 3531/7306/3519 3532/7305/3520 3534/7307/3522 3533/7308/3521
f 3533/7308/3521 3534/7307/3522 3536/7309/3524 3535/7310/3523
f 3535/7310/3523 3536/7309/3524 3538/7311/3526 3537/7312/3525
f 3537/7312/3525 3538/7311/3526 3540/7313/3528 3539/7314/3527
f 3539/7314/3527 3540/7313/3528 3542/7315/3530 3541/7316/3529
f 3528/7317/3516 3526/7318/3514 3544/7319/3532 3542/7320/3530 3540/7321/3528 3538/7322/3526 3536/7323/3524 3534/7324/3522 3532/7325/3520 3530/7326/3518
f 3541/7316/3529 3542/7315/3530 3544/7327/3532 3543/7328/3531
f 3543/7328/3531 3544/7327/3532 3526/7329/3514 3525/7330/3513
f 3525/7331/3513 3527/7332/3515 3529/7333/3517 3531/7334/3519 3533/7335/3521 3535/7336/3523 3537/7337/3525 3539/7338/3527 3541/7339/3529 3543/7340/3531
o Socket.170
v 0.250000 0.080000 -0.071000
v 0.250000 0.088000 -0.071000
v 0.253527 0.080000 -0.069854
v 0.253527 0.088000 -0.069854
v 0.255706 0.080000 -0.066854
v 0.255706 0.088000 -0.066854
v 0.255706 0.080000 -0.063146
v 0.255706 0.088000 -0.063146
v 0.253527 0.080000 -0.060146
v 0.253527 0.088000 -0.060146
v 0.250000 0.080000 -0.059000
v 0.250000 0.088000 -0.059000
v 0.246473 0.080000 -0.060146
v 0.246473 0.088000 -0.060146
v 0.244294 0.080000 -0.063146
v 0.244294 0.088000 -0.063146
v 0.244294 0.080000 -0.066854
v 0.244294 0.088000 -0.066854
v 0.246473 0.080000 -0.069854
v 0.246473 0.088000 -0.069854
vn -0.0000 -0.6437 -0.7653
vn -0.0000 0.6437 -0.7653
vn 0.4498 -0.6437 -0.6191
vn 0.4498 0.6437 -0.6191
vn 0.7278 -0.6437 -0.2365
vn 0.7278 0.6437 -0.2365
vn 0.7278 -0.6437 0.2365
vn 0.7278 0.6437 0.2365
vn 0.4498 -0.6437 0.6191
vn 0.4498 0.6437 0.6191
vn -0.0000 -0.6437 0.7653
vn -0.0000 0.6437 0.7653
vn -0.4498 -0.6437 0.6191
vn -0.4498 0.6437 0.6191
vn -0.7278 -0.6437 0.2365
vn -0.7278 0.6437 0.2365
vn -0.7278 -0.6437 -0.2365
vn -0.7278 0.6437 -0.2365
vn -0.4498 -0.6437 -0.6191
vn -0.4498 0.6437 -0.6191
vt 1.000000 0.500000
vt 1.000000 1.000000
vt 0.900000 1.000000
vt 0.900000 0.500000
vt 0.800000 1.000000
vt 0.800000 0.500000
vt 0.700000 1.000000
vt 0.700000 0.500000
vt 0.600000 1.000000
vt 0.600000 0.500000
vt 0.500000 1.000000
vt 0.500000 0.500000
vt 0.400000 1.000000
vt 0.400000 0.500000
vt 0.300000 1.000000
vt 0.300000 0.500000
vt 0.200000 1.000000
vt 0.200000 0.500000
vt 0.391068 0.444164
vt 0.250000 0.490000
vt 0.108932 0.444164
vt 0.021746 0.324164
vt 0.021746 0.175836
vt 0.108932 0.055836
vt 0.250000 0.010000
vt 0.391068 0.055836
vt 0.478254 0.175836
vt 0.478254 0.324164
vt 0.100000 1.000000
vt 0.100000 0.500000
vt -0.000000 1.000000
vt -0.000000 0.500000
vt 0.750000 0.490000
vt 0.891068 0.444164
vt 0.978254 0.324164
vt 0.978254 0.175836
vt 0.891068 0.055836
vt 0.750000 0.010000
vt 0.608932 0.055836
vt 0.521746 0.175836
vt 0.521746 0.324164
vt 0.608932 0.444164
s 1
usemtl M_Graphite
f 3545/7341/3533 3546/7342/3534 3548/7343/3536 3547/7344/3535
f 3547/7344/3535 3548/7343/3536 3550/7345/3538 3549/7346/3537
f 3549/7346/3537 3550/7345/3538 3552/7347/3540 3551/7348/3539
f 3551/7348/3539 3552/7347/3540 3554/7349/3542 3553/7350/3541
f 3553/7350/3541 3554/7349/3542 3556/7351/3544 3555/7352/3543
f 3555/7352/3543 3556/7351/3544 3558/7353/3546 3557/7354/3545
f 3557/7354/3545 3558/7353/3546 3560/7355/3548 3559/7356/3547
f 3559/7356/3547 3560/7355/3548 3562/7357/3550 3561/7358/3549
f 3548/7359/3536 3546/7360/3534 3564/7361/3552 3562/7362/3550 3560/7363/3548 3558/7364/3546 3556/7365/3544 3554/7366/3542 3552/7367/3540 3550/7368/3538
f 3561/7358/3549 3562/7357/3550 3564/7369/3552 3563/7370/3551
f 3563/7370/3551 3564/7369/3552 3546/7371/3534 3545/7372/3533
f 3545/7373/3533 3547/7374/3535 3549/7375/3537 3551/7376/3539 3553/7377/3541 3555/7378/3543 3557/7379/3545 3559/7380/3547 3561/7381/3549 3563/7382/3551
o Socket.171
v 0.295000 0.080000 -0.071000
v 0.295000 0.088000 -0.071000
v 0.298527 0.080000 -0.069854
v 0.298527 0.088000 -0.069854
v 0.300706 0.080000 -0.066854
v 0.300706 0.088000 -0.066854
v 0.300706 0.080000 -0.063146
v 0.300706 0.088000 -0.063146
v 0.298527 0.080000 -0.060146
v 0.298527 0.088000 -0.060146
v 0.295000 0.080000 -0.059000
v 0.295000 0.088000 -0.059000
v 0.291473 0.080000 -0.060146
v 0.291473 0.088000 -0.060146
v 0.289294 0.080000 -0.063146
v 0.289294 0.088000 -0.063146
v 0.289294 0.080000 -0.066854
v 0.289294 0.088000 -0.066854
v 0.291473 0.080000 -0.069854
v 0.291473 0.088000 -0.069854
vn -0.0000 -0.6437 -0.7653
vn -0.0000 0.6437 -0.7653
vn 0.4498 -0.6437 -0.6191
vn 0.4498 0.6437 -0.6191
vn 0.7278 -0.6437 -0.2365
vn 0.7278 0.6437 -0.2365
vn 0.7278 -0.6437 0.2365
vn 0.7278 0.6437 0.2365
vn 0.4498 -0.6437 0.6191
vn 0.4498 0.6437 0.6191
vn -0.0000 -0.6437 0.7653
vn -0.0000 0.6437 0.7653
vn -0.4498 -0.6437 0.6191
vn -0.4498 0.6437 0.6191
vn -0.7278 -0.6437 0.2365
vn -0.7278 0.6437 0.2365
vn -0.7278 -0.6437 -0.2365
vn -0.7278 0.6437 -0.2365
vn -0.4498 -0.6437 -0.6191
vn -0.4498 0.6437 -0.6191
vt 1.000000 0.500000
vt 1.000000 1.000000
vt 0.900000 1.000000
vt 0.900000 0.500000
vt 0.800000 1.000000
vt 0.800000 0.500000
vt 0.700000 1.000000
vt 0.700000 0.500000
vt 0.600000 1.000000
vt 0.600000 0.500000
vt 0.500000 1.000000
vt 0.500000 0.500000
vt 0.400000 1.000000
vt 0.400000 0.500000
vt 0.300000 1.000000
vt 0.300000 0.500000
vt 0.200000 1.000000
vt 0.200000 0.500000
vt 0.391068 0.444164
vt 0.250000 0.490000
vt 0.108932 0.444164
vt 0.021746 0.324164
vt 0.021746 0.175836
vt 0.108932 0.055836
vt 0.250000 0.010000
vt 0.391068 0.055836
vt 0.478254 0.175836
vt 0.478254 0.324164
vt 0.100000 1.000000
vt 0.100000 0.500000
vt -0.000000 1.000000
vt -0.000000 0.500000
vt 0.750000 0.490000
vt 0.891068 0.444164
vt 0.978254 0.324164
vt 0.978254 0.175836
vt 0.891068 0.055836
vt 0.750000 0.010000
vt 0.608932 0.055836
vt 0.521746 0.175836
vt 0.521746 0.324164
vt 0.608932 0.444164
s 1
usemtl M_Graphite
f 3565/7383/3553 3566/7384/3554 3568/7385/3556 3567/7386/3555
f 3567/7386/3555 3568/7385/3556 3570/7387/3558 3569/7388/3557
f 3569/7388/3557 3570/7387/3558 3572/7389/3560 3571/7390/3559
f 3571/7390/3559 3572/7389/3560 3574/7391/3562 3573/7392/3561
f 3573/7392/3561 3574/7391/3562 3576/7393/3564 3575/7394/3563
f 3575/7394/3563 3576/7393/3564 3578/7395/3566 3577/7396/3565
f 3577/7396/3565 3578/7395/3566 3580/7397/3568 3579/7398/3567
f 3579/7398/3567 3580/7397/3568 3582/7399/3570 3581/7400/3569
f 3568/7401/3556 3566/7402/3554 3584/7403/3572 3582/7404/3570 3580/7405/3568 3578/7406/3566 3576/7407/3564 3574/7408/3562 3572/7409/3560 3570/7410/3558
f 3581/7400/3569 3582/7399/3570 3584/7411/3572 3583/7412/3571
f 3583/7412/3571 3584/7411/3572 3566/7413/3554 3565/7414/3553
f 3565/7415/3553 3567/7416/3555 3569/7417/3557 3571/7418/3559 3573/7419/3561 3575/7420/3563 3577/7421/3565 3579/7422/3567 3581/7423/3569 3583/7424/3571
o Socket.172
v 0.340000 0.080000 -0.071000
v 0.340000 0.088000 -0.071000
v 0.343527 0.080000 -0.069854
v 0.343527 0.088000 -0.069854
v 0.345706 0.080000 -0.066854
v 0.345706 0.088000 -0.066854
v 0.345706 0.080000 -0.063146
v 0.345706 0.088000 -0.063146
v 0.343527 0.080000 -0.060146
v 0.343527 0.088000 -0.060146
v 0.340000 0.080000 -0.059000
v 0.340000 0.088000 -0.059000
v 0.336473 0.080000 -0.060146
v 0.336473 0.088000 -0.060146
v 0.334294 0.080000 -0.063146
v 0.334294 0.088000 -0.063146
v 0.334294 0.080000 -0.066854
v 0.334294 0.088000 -0.066854
v 0.336473 0.080000 -0.069854
v 0.336473 0.088000 -0.069854
vn -0.0000 -0.6437 -0.7653
vn -0.0000 0.6437 -0.7653
vn 0.4498 -0.6437 -0.6191
vn 0.4498 0.6437 -0.6191
vn 0.7278 -0.6437 -0.2365
vn 0.7278 0.6437 -0.2365
vn 0.7278 -0.6437 0.2365
vn 0.7278 0.6437 0.2365
vn 0.4498 -0.6437 0.6191
vn 0.4498 0.6437 0.6191
vn -0.0000 -0.6437 0.7653
vn -0.0000 0.6437 0.7653
vn -0.4498 -0.6437 0.6191
vn -0.4498 0.6437 0.6191
vn -0.7278 -0.6437 0.2365
vn -0.7278 0.6437 0.2365
vn -0.7278 -0.6437 -0.2365
vn -0.7278 0.6437 -0.2365
vn -0.4498 -0.6437 -0.6191
vn -0.4498 0.6437 -0.6191
vt 1.000000 0.500000
vt 1.000000 1.000000
vt 0.900000 1.000000
vt 0.900000 0.500000
vt 0.800000 1.000000
vt 0.800000 0.500000
vt 0.700000 1.000000
vt 0.700000 0.500000
vt 0.600000 1.000000
vt 0.600000 0.500000
vt 0.500000 1.000000
vt 0.500000 0.500000
vt 0.400000 1.000000
vt 0.400000 0.500000
vt 0.300000 1.000000
vt 0.300000 0.500000
vt 0.200000 1.000000
vt 0.200000 0.500000
vt 0.391068 0.444164
vt 0.250000 0.490000
vt 0.108932 0.444164
vt 0.021746 0.324164
vt 0.021746 0.175836
vt 0.108932 0.055836
vt 0.250000 0.010000
vt 0.391068 0.055836
vt 0.478254 0.175836
vt 0.478254 0.324164
vt 0.100000 1.000000
vt 0.100000 0.500000
vt -0.000000 1.000000
vt -0.000000 0.500000
vt 0.750000 0.490000
vt 0.891068 0.444164
vt 0.978254 0.324164
vt 0.978254 0.175836
vt 0.891068 0.055836
vt 0.750000 0.010000
vt 0.608932 0.055836
vt 0.521746 0.175836
vt 0.521746 0.324164
vt 0.608932 0.444164
s 1
usemtl M_Graphite
f 3585/7425/3573 3586/7426/3574 3588/7427/3576 3587/7428/3575
f 3587/7428/3575 3588/7427/3576 3590/7429/3578 3589/7430/3577
f 3589/7430/3577 3590/7429/3578 3592/7431/3580 3591/7432/3579
f 3591/7432/3579 3592/7431/3580 3594/7433/3582 3593/7434/3581
f 3593/7434/3581 3594/7433/3582 3596/7435/3584 3595/7436/3583
f 3595/7436/3583 3596/7435/3584 3598/7437/3586 3597/7438/3585
f 3597/7438/3585 3598/7437/3586 3600/7439/3588 3599/7440/3587
f 3599/7440/3587 3600/7439/3588 3602/7441/3590 3601/7442/3589
f 3588/7443/3576 3586/7444/3574 3604/7445/3592 3602/7446/3590 3600/7447/3588 3598/7448/3586 3596/7449/3584 3594/7450/3582 3592/7451/3580 3590/7452/3578
f 3601/7442/3589 3602/7441/3590 3604/7453/3592 3603/7454/3591
f 3603/7454/3591 3604/7453/3592 3586/7455/3574 3585/7456/3573
f 3585/7457/3573 3587/7458/3575 3589/7459/3577 3591/7460/3579 3593/7461/3581 3595/7462/3583 3597/7463/3585 3599/7464/3587 3601/7465/3589 3603/7466/3591
o Socket.173
v 0.385000 0.080000 -0.071000
v 0.385000 0.088000 -0.071000
v 0.388527 0.080000 -0.069854
v 0.388527 0.088000 -0.069854
v 0.390706 0.080000 -0.066854
v 0.390706 0.088000 -0.066854
v 0.390706 0.080000 -0.063146
v 0.390706 0.088000 -0.063146
v 0.388527 0.080000 -0.060146
v 0.388527 0.088000 -0.060146
v 0.385000 0.080000 -0.059000
v 0.385000 0.088000 -0.059000
v 0.381473 0.080000 -0.060146
v 0.381473 0.088000 -0.060146
v 0.379294 0.080000 -0.063146
v 0.379294 0.088000 -0.063146
v 0.379294 0.080000 -0.066854
v 0.379294 0.088000 -0.066854
v 0.381473 0.080000 -0.069854
v 0.381473 0.088000 -0.069854
vn -0.0000 -0.6437 -0.7653
vn -0.0000 0.6437 -0.7653
vn 0.4498 -0.6437 -0.6191
vn 0.4498 0.6437 -0.6191
vn 0.7278 -0.6437 -0.2365
vn 0.7278 0.6437 -0.2365
vn 0.7278 -0.6437 0.2365
vn 0.7278 0.6437 0.2365
vn 0.4498 -0.6437 0.6191
vn 0.4498 0.6437 0.6191
vn -0.0000 -0.6437 0.7653
vn -0.0000 0.6437 0.7653
vn -0.4498 -0.6437 0.6191
vn -0.4498 0.6437 0.6191
vn -0.7278 -0.6437 0.2365
vn -0.7278 0.6437 0.2365
vn -0.7278 -0.6437 -0.2365
vn -0.7278 0.6437 -0.2365
vn -0.4498 -0.6437 -0.6191
vn -0.4498 0.6437 -0.6191
vt 1.000000 0.500000
vt 1.000000 1.000000
vt 0.900000 1.000000
vt 0.900000 0.500000
vt 0.800000 1.000000
vt 0.800000 0.500000
vt 0.700000 1.000000
vt 0.700000 0.500000
vt 0.600000 1.000000
vt 0.600000 0.500000
vt 0.500000 1.000000
vt 0.500000 0.500000
vt 0.400000 1.000000
vt 0.400000 0.500000
vt 0.300000 1.000000
vt 0.300000 0.500000
vt 0.200000 1.000000
vt 0.200000 0.500000
vt 0.391068 0.444164
vt 0.250000 0.490000
vt 0.108932 0.444164
vt 0.021746 0.324164
vt 0.021746 0.175836
vt 0.108932 0.055836
vt 0.250000 0.010000
vt 0.391068 0.055836
vt 0.478254 0.175836
vt 0.478254 0.324164
vt 0.100000 1.000000
vt 0.100000 0.500000
vt -0.000000 1.000000
vt -0.000000 0.500000
vt 0.750000 0.490000
vt 0.891068 0.444164
vt 0.978254 0.324164
vt 0.978254 0.175836
vt 0.891068 0.055836
vt 0.750000 0.010000
vt 0.608932 0.055836
vt 0.521746 0.175836
vt 0.521746 0.324164
vt 0.608932 0.444164
s 1
usemtl M_Graphite
f 3605/7467/3593 3606/7468/3594 3608/7469/3596 3607/7470/3595
f 3607/7470/3595 3608/7469/3596 3610/7471/3598 3609/7472/3597
f 3609/7472/3597 3610/7471/3598 3612/7473/3600 3611/7474/3599
f 3611/7474/3599 3612/7473/3600 3614/7475/3602 3613/7476/3601
f 3613/7476/3601 3614/7475/3602 3616/7477/3604 3615/7478/3603
f 3615/7478/3603 3616/7477/3604 3618/7479/3606 3617/7480/3605
f 3617/7480/3605 3618/7479/3606 3620/7481/3608 3619/7482/3607
f 3619/7482/3607 3620/7481/3608 3622/7483/3610 3621/7484/3609
f 3608/7485/3596 3606/7486/3594 3624/7487/3612 3622/7488/3610 3620/7489/3608 3618/7490/3606 3616/7491/3604 3614/7492/3602 3612/7493/3600 3610/7494/3598
f 3621/7484/3609 3622/7483/3610 3624/7495/3612 3623/7496/3611
f 3623/7496/3611 3624/7495/3612 3606/7497/3594 3605/7498/3593
f 3605/7499/3593 3607/7500/3595 3609/7501/3597 3611/7502/3599 3613/7503/3601 3615/7504/3603 3617/7505/3605 3619/7506/3607 3621/7507/3609 3623/7508/3611
o Socket.174
v 0.430000 0.080000 -0.071000
v 0.430000 0.088000 -0.071000
v 0.433527 0.080000 -0.069854
v 0.433527 0.088000 -0.069854
v 0.435706 0.080000 -0.066854
v 0.435706 0.088000 -0.066854
v 0.435706 0.080000 -0.063146
v 0.435706 0.088000 -0.063146
v 0.433527 0.080000 -0.060146
v 0.433527 0.088000 -0.060146
v 0.430000 0.080000 -0.059000
v 0.430000 0.088000 -0.059000
v 0.426473 0.080000 -0.060146
v 0.426473 0.088000 -0.060146
v 0.424294 0.080000 -0.063146
v 0.424294 0.088000 -0.063146
v 0.424294 0.080000 -0.066854
v 0.424294 0.088000 -0.066854
v 0.426473 0.080000 -0.069854
v 0.426473 0.088000 -0.069854
vn -0.0000 -0.6437 -0.7653
vn -0.0000 0.6437 -0.7653
vn 0.4498 -0.6437 -0.6191
vn 0.4498 0.6437 -0.6191
vn 0.7278 -0.6437 -0.2365
vn 0.7278 0.6437 -0.2365
vn 0.7278 -0.6437 0.2365
vn 0.7278 0.6437 0.2365
vn 0.4498 -0.6437 0.6191
vn 0.4498 0.6437 0.6191
vn -0.0000 -0.6437 0.7653
vn -0.0000 0.6437 0.7653
vn -0.4498 -0.6437 0.6191
vn -0.4498 0.6437 0.6191
vn -0.7278 -0.6437 0.2365
vn -0.7278 0.6437 0.2365
vn -0.7278 -0.6437 -0.2365
vn -0.7278 0.6437 -0.2365
vn -0.4498 -0.6437 -0.6191
vn -0.4498 0.6437 -0.6191
vt 1.000000 0.500000
vt 1.000000 1.000000
vt 0.900000 1.000000
vt 0.900000 0.500000
vt 0.800000 1.000000
vt 0.800000 0.500000
vt 0.700000 1.000000
vt 0.700000 0.500000
vt 0.600000 1.000000
vt 0.600000 0.500000
vt 0.500000 1.000000
vt 0.500000 0.500000
vt 0.400000 1.000000
vt 0.400000 0.500000
vt 0.300000 1.000000
vt 0.300000 0.500000
vt 0.200000 1.000000
vt 0.200000 0.500000
vt 0.391068 0.444164
vt 0.250000 0.490000
vt 0.108932 0.444164
vt 0.021746 0.324164
vt 0.021746 0.175836
vt 0.108932 0.055836
vt 0.250000 0.010000
vt 0.391068 0.055836
vt 0.478254 0.175836
vt 0.478254 0.324164
vt 0.100000 1.000000
vt 0.100000 0.500000
vt -0.000000 1.000000
vt -0.000000 0.500000
vt 0.750000 0.490000
vt 0.891068 0.444164
vt 0.978254 0.324164
vt 0.978254 0.175836
vt 0.891068 0.055836
vt 0.750000 0.010000
vt 0.608932 0.055836
vt 0.521746 0.175836
vt 0.521746 0.324164
vt 0.608932 0.444164
s 1
usemtl M_Graphite
f 3625/7509/3613 3626/7510/3614 3628/7511/3616 3627/7512/3615
f 3627/7512/3615 3628/7511/3616 3630/7513/3618 3629/7514/3617
f 3629/7514/3617 3630/7513/3618 3632/7515/3620 3631/7516/3619
f 3631/7516/3619 3632/7515/3620 3634/7517/3622 3633/7518/3621
f 3633/7518/3621 3634/7517/3622 3636/7519/3624 3635/7520/3623
f 3635/7520/3623 3636/7519/3624 3638/7521/3626 3637/7522/3625
f 3637/7522/3625 3638/7521/3626 3640/7523/3628 3639/7524/3627
f 3639/7524/3627 3640/7523/3628 3642/7525/3630 3641/7526/3629
f 3628/7527/3616 3626/7528/3614 3644/7529/3632 3642/7530/3630 3640/7531/3628 3638/7532/3626 3636/7533/3624 3634/7534/3622 3632/7535/3620 3630/7536/3618
f 3641/7526/3629 3642/7525/3630 3644/7537/3632 3643/7538/3631
f 3643/7538/3631 3644/7537/3632 3626/7539/3614 3625/7540/3613
f 3625/7541/3613 3627/7542/3615 3629/7543/3617 3631/7544/3619 3633/7545/3621 3635/7546/3623 3637/7547/3625 3639/7548/3627 3641/7549/3629 3643/7550/3631
o Socket.175
v 0.475000 0.080000 -0.071000
v 0.475000 0.088000 -0.071000
v 0.478527 0.080000 -0.069854
v 0.478527 0.088000 -0.069854
v 0.480706 0.080000 -0.066854
v 0.480706 0.088000 -0.066854
v 0.480706 0.080000 -0.063146
v 0.480706 0.088000 -0.063146
v 0.478527 0.080000 -0.060146
v 0.478527 0.088000 -0.060146
v 0.475000 0.080000 -0.059000
v 0.475000 0.088000 -0.059000
v 0.471473 0.080000 -0.060146
v 0.471473 0.088000 -0.060146
v 0.469294 0.080000 -0.063146
v 0.469294 0.088000 -0.063146
v 0.469294 0.080000 -0.066854
v 0.469294 0.088000 -0.066854
v 0.471473 0.080000 -0.069854
v 0.471473 0.088000 -0.069854
vn -0.0000 -0.6437 -0.7653
vn -0.0000 0.6437 -0.7653
vn 0.4498 -0.6437 -0.6191
vn 0.4498 0.6437 -0.6191
vn 0.7278 -0.6437 -0.2365
vn 0.7278 0.6437 -0.2365
vn 0.7278 -0.6437 0.2365
vn 0.7278 0.6437 0.2365
vn 0.4498 -0.6437 0.6191
vn 0.4498 0.6437 0.6191
vn -0.0000 -0.6437 0.7653
vn -0.0000 0.6437 0.7653
vn -0.4498 -0.6437 0.6191
vn -0.4498 0.6437 0.6191
vn -0.7278 -0.6437 0.2365
vn -0.7278 0.6437 0.2365
vn -0.7278 -0.6437 -0.2365
vn -0.7278 0.6437 -0.2365
vn -0.4498 -0.6437 -0.6191
vn -0.4498 0.6437 -0.6191
vt 1.000000 0.500000
vt 1.000000 1.000000
vt 0.900000 1.000000
vt 0.900000 0.500000
vt 0.800000 1.000000
vt 0.800000 0.500000
vt 0.700000 1.000000
vt 0.700000 0.500000
vt 0.600000 1.000000
vt 0.600000 0.500000
vt 0.500000 1.000000
vt 0.500000 0.500000
vt 0.400000 1.000000
vt 0.400000 0.500000
vt 0.300000 1.000000
vt 0.300000 0.500000
vt 0.200000 1.000000
vt 0.200000 0.500000
vt 0.391068 0.444164
vt 0.250000 0.490000
vt 0.108932 0.444164
vt 0.021746 0.324164
vt 0.021746 0.175836
vt 0.108932 0.055836
vt 0.250000 0.010000
vt 0.391068 0.055836
vt 0.478254 0.175836
vt 0.478254 0.324164
vt 0.100000 1.000000
vt 0.100000 0.500000
vt -0.000000 1.000000
vt -0.000000 0.500000
vt 0.750000 0.490000
vt 0.891068 0.444164
vt 0.978254 0.324164
vt 0.978254 0.175836
vt 0.891068 0.055836
vt 0.750000 0.010000
vt 0.608932 0.055836
vt 0.521746 0.175836
vt 0.521746 0.324164
vt 0.608932 0.444164
s 1
usemtl M_Graphite
f 3645/7551/3633 3646/7552/3634 3648/7553/3636 3647/7554/3635
f 3647/7554/3635 3648/7553/3636 3650/7555/3638 3649/7556/3637
f 3649/7556/3637 3650/7555/3638 3652/7557/3640 3651/7558/3639
f 3651/7558/3639 3652/7557/3640 3654/7559/3642 3653/7560/3641
f 3653/7560/3641 3654/7559/3642 3656/7561/3644 3655/7562/3643
f 3655/7562/3643 3656/7561/3644 3658/7563/3646 3657/7564/3645
f 3657/7564/3645 3658/7563/3646 3660/7565/3648 3659/7566/3647
f 3659/7566/3647 3660/7565/3648 3662/7567/3650 3661/7568/3649
f 3648/7569/3636 3646/7570/3634 3664/7571/3652 3662/7572/3650 3660/7573/3648 3658/7574/3646 3656/7575/3644 3654/7576/3642 3652/7577/3640 3650/7578/3638
f 3661/7568/3649 3662/7567/3650 3664/7579/3652 3663/7580/3651
f 3663/7580/3651 3664/7579/3652 3646/7581/3634 3645/7582/3633
f 3645/7583/3633 3647/7584/3635 3649/7585/3637 3651/7586/3639 3653/7587/3641 3655/7588/3643 3657/7589/3645 3659/7590/3647 3661/7591/3649 3663/7592/3651
o Socket.176
v 0.520000 0.080000 -0.071000
v 0.520000 0.088000 -0.071000
v 0.523527 0.080000 -0.069854
v 0.523527 0.088000 -0.069854
v 0.525706 0.080000 -0.066854
v 0.525706 0.088000 -0.066854
v 0.525706 0.080000 -0.063146
v 0.525706 0.088000 -0.063146
v 0.523527 0.080000 -0.060146
v 0.523527 0.088000 -0.060146
v 0.520000 0.080000 -0.059000
v 0.520000 0.088000 -0.059000
v 0.516473 0.080000 -0.060146
v 0.516473 0.088000 -0.060146
v 0.514294 0.080000 -0.063146
v 0.514294 0.088000 -0.063146
v 0.514294 0.080000 -0.066854
v 0.514294 0.088000 -0.066854
v 0.516473 0.080000 -0.069854
v 0.516473 0.088000 -0.069854
vn -0.0000 -0.6437 -0.7653
vn -0.0000 0.6437 -0.7653
vn 0.4498 -0.6437 -0.6191
vn 0.4498 0.6437 -0.6191
vn 0.7278 -0.6437 -0.2365
vn 0.7278 0.6437 -0.2365
vn 0.7278 -0.6437 0.2365
vn 0.7278 0.6437 0.2365
vn 0.4498 -0.6437 0.6191
vn 0.4498 0.6437 0.6191
vn -0.0000 -0.6437 0.7653
vn -0.0000 0.6437 0.7653
vn -0.4498 -0.6437 0.6191
vn -0.4498 0.6437 0.6191
vn -0.7278 -0.6437 0.2365
vn -0.7278 0.6437 0.2365
vn -0.7278 -0.6437 -0.2365
vn -0.7278 0.6437 -0.2365
vn -0.4498 -0.6437 -0.6191
vn -0.4498 0.6437 -0.6191
vt 1.000000 0.500000
vt 1.000000 1.000000
vt 0.900000 1.000000
vt 0.900000 0.500000
vt 0.800000 1.000000
vt 0.800000 0.500000
vt 0.700000 1.000000
vt 0.700000 0.500000
vt 0.600000 1.000000
vt 0.600000 0.500000
vt 0.500000 1.000000
vt 0.500000 0.500000
vt 0.400000 1.000000
vt 0.400000 0.500000
vt 0.300000 1.000000
vt 0.300000 0.500000
vt 0.200000 1.000000
vt 0.200000 0.500000
vt 0.391068 0.444164
vt 0.250000 0.490000
vt 0.108932 0.444164
vt 0.021746 0.324164
vt 0.021746 0.175836
vt 0.108932 0.055836
vt 0.250000 0.010000
vt 0.391068 0.055836
vt 0.478254 0.175836
vt 0.478254 0.324164
vt 0.100000 1.000000
vt 0.100000 0.500000
vt -0.000000 1.000000
vt -0.000000 0.500000
vt 0.750000 0.490000
vt 0.891068 0.444164
vt 0.978254 0.324164
vt 0.978254 0.175836
vt 0.891068 0.055836
vt 0.750000 0.010000
vt 0.608932 0.055836
vt 0.521746 0.175836
vt 0.521746 0.324164
vt 0.608932 0.444164
s 1
usemtl M_Graphite
f 3665/7593/3653 3666/7594/3654 3668/7595/3656 3667/7596/3655
f 3667/7596/3655 3668/7595/3656 3670/7597/3658 3669/7598/3657
f 3669/7598/3657 3670/7597/3658 3672/7599/3660 3671/7600/3659
f 3671/7600/3659 3672/7599/3660 3674/7601/3662 3673/7602/3661
f 3673/7602/3661 3674/7601/3662 3676/7603/3664 3675/7604/3663
f 3675/7604/3663 3676/7603/3664 3678/7605/3666 3677/7606/3665
f 3677/7606/3665 3678/7605/3666 3680/7607/3668 3679/7608/3667
f 3679/7608/3667 3680/7607/3668 3682/7609/3670 3681/7610/3669
f 3668/7611/3656 3666/7612/3654 3684/7613/3672 3682/7614/3670 3680/7615/3668 3678/7616/3666 3676/7617/3664 3674/7618/3662 3672/7619/3660 3670/7620/3658
f 3681/7610/3669 3682/7609/3670 3684/7621/3672 3683/7622/3671
f 3683/7622/3671 3684/7621/3672 3666/7623/3654 3665/7624/3653
f 3665/7625/3653 3667/7626/3655 3669/7627/3657 3671/7628/3659 3673/7629/3661 3675/7630/3663 3677/7631/3665 3679/7632/3667 3681/7633/3669 3683/7634/3671
o Socket.177
v 0.565000 0.080000 -0.071000
v 0.565000 0.088000 -0.071000
v 0.568527 0.080000 -0.069854
v 0.568527 0.088000 -0.069854
v 0.570706 0.080000 -0.066854
v 0.570706 0.088000 -0.066854
v 0.570706 0.080000 -0.063146
v 0.570706 0.088000 -0.063146
v 0.568527 0.080000 -0.060146
v 0.568527 0.088000 -0.060146
v 0.565000 0.080000 -0.059000
v 0.565000 0.088000 -0.059000
v 0.561473 0.080000 -0.060146
v 0.561473 0.088000 -0.060146
v 0.559294 0.080000 -0.063146
v 0.559294 0.088000 -0.063146
v 0.559294 0.080000 -0.066854
v 0.559294 0.088000 -0.066854
v 0.561473 0.080000 -0.069854
v 0.561473 0.088000 -0.069854
vn -0.0000 -0.6437 -0.7653
vn -0.0000 0.6437 -0.7653
vn 0.4498 -0.6437 -0.6191
vn 0.4498 0.6437 -0.6191
vn 0.7278 -0.6437 -0.2365
vn 0.7278 0.6437 -0.2365
vn 0.7278 -0.6437 0.2365
vn 0.7278 0.6437 0.2365
vn 0.4498 -0.6437 0.6191
vn 0.4498 0.6437 0.6191
vn -0.0000 -0.6437 0.7653
vn -0.0000 0.6437 0.7653
vn -0.4498 -0.6437 0.6191
vn -0.4498 0.6437 0.6191
vn -0.7278 -0.6437 0.2365
vn -0.7278 0.6437 0.2365
vn -0.7278 -0.6437 -0.2365
vn -0.7278 0.6437 -0.2365
vn -0.4498 -0.6437 -0.6191
vn -0.4498 0.6437 -0.6191
vt 1.000000 0.500000
vt 1.000000 1.000000
vt 0.900000 1.000000
vt 0.900000 0.500000
vt 0.800000 1.000000
vt 0.800000 0.500000
vt 0.700000 1.000000
vt 0.700000 0.500000
vt 0.600000 1.000000
vt 0.600000 0.500000
vt 0.500000 1.000000
vt 0.500000 0.500000
vt 0.400000 1.000000
vt 0.400000 0.500000
vt 0.300000 1.000000
vt 0.300000 0.500000
vt 0.200000 1.000000
vt 0.200000 0.500000
vt 0.391068 0.444164
vt 0.250000 0.490000
vt 0.108932 0.444164
vt 0.021746 0.324164
vt 0.021746 0.175836
vt 0.108932 0.055836
vt 0.250000 0.010000
vt 0.391068 0.055836
vt 0.478254 0.175836
vt 0.478254 0.324164
vt 0.100000 1.000000
vt 0.100000 0.500000
vt -0.000000 1.000000
vt -0.000000 0.500000
vt 0.750000 0.490000
vt 0.891068 0.444164
vt 0.978254 0.324164
vt 0.978254 0.175836
vt 0.891068 0.055836
vt 0.750000 0.010000
vt 0.608932 0.055836
vt 0.521746 0.175836
vt 0.521746 0.324164
vt 0.608932 0.444164
s 1
usemtl M_Graphite
f 3685/7635/3673 3686/7636/3674 3688/7637/3676 3687/7638/3675
f 3687/7638/3675 3688/7637/3676 3690/7639/3678 3689/7640/3677
f 3689/7640/3677 3690/7639/3678 3692/7641/3680 3691/7642/3679
f 3691/7642/3679 3692/7641/3680 3694/7643/3682 3693/7644/3681
f 3693/7644/3681 3694/7643/3682 3696/7645/3684 3695/7646/3683
f 3695/7646/3683 3696/7645/3684 3698/7647/3686 3697/7648/3685
f 3697/7648/3685 3698/7647/3686 3700/7649/3688 3699/7650/3687
f 3699/7650/3687 3700/7649/3688 3702/7651/3690 3701/7652/3689
f 3688/7653/3676 3686/7654/3674 3704/7655/3692 3702/7656/3690 3700/7657/3688 3698/7658/3686 3696/7659/3684 3694/7660/3682 3692/7661/3680 3690/7662/3678
f 3701/7652/3689 3702/7651/3690 3704/7663/3692 3703/7664/3691
f 3703/7664/3691 3704/7663/3692 3686/7665/3674 3685/7666/3673
f 3685/7667/3673 3687/7668/3675 3689/7669/3677 3691/7670/3679 3693/7671/3681 3695/7672/3683 3697/7673/3685 3699/7674/3687 3701/7675/3689 3703/7676/3691
o Socket.178
v 0.610000 0.080000 -0.071000
v 0.610000 0.088000 -0.071000
v 0.613527 0.080000 -0.069854
v 0.613527 0.088000 -0.069854
v 0.615706 0.080000 -0.066854
v 0.615706 0.088000 -0.066854
v 0.615706 0.080000 -0.063146
v 0.615706 0.088000 -0.063146
v 0.613527 0.080000 -0.060146
v 0.613527 0.088000 -0.060146
v 0.610000 0.080000 -0.059000
v 0.610000 0.088000 -0.059000
v 0.606473 0.080000 -0.060146
v 0.606473 0.088000 -0.060146
v 0.604294 0.080000 -0.063146
v 0.604294 0.088000 -0.063146
v 0.604294 0.080000 -0.066854
v 0.604294 0.088000 -0.066854
v 0.606473 0.080000 -0.069854
v 0.606473 0.088000 -0.069854
vn -0.0000 -0.6437 -0.7653
vn -0.0000 0.6437 -0.7653
vn 0.4498 -0.6437 -0.6191
vn 0.4498 0.6437 -0.6191
vn 0.7278 -0.6437 -0.2365
vn 0.7278 0.6437 -0.2365
vn 0.7278 -0.6437 0.2365
vn 0.7278 0.6437 0.2365
vn 0.4498 -0.6437 0.6191
vn 0.4498 0.6437 0.6191
vn -0.0000 -0.6437 0.7653
vn -0.0000 0.6437 0.7653
vn -0.4498 -0.6437 0.6191
vn -0.4498 0.6437 0.6191
vn -0.7278 -0.6437 0.2365
vn -0.7278 0.6437 0.2365
vn -0.7278 -0.6437 -0.2365
vn -0.7278 0.6437 -0.2365
vn -0.4498 -0.6437 -0.6191
vn -0.4498 0.6437 -0.6191
vt 1.000000 0.500000
vt 1.000000 1.000000
vt 0.900000 1.000000
vt 0.900000 0.500000
vt 0.800000 1.000000
vt 0.800000 0.500000
vt 0.700000 1.000000
vt 0.700000 0.500000
vt 0.600000 1.000000
vt 0.600000 0.500000
vt 0.500000 1.000000
vt 0.500000 0.500000
vt 0.400000 1.000000
vt 0.400000 0.500000
vt 0.300000 1.000000
vt 0.300000 0.500000
vt 0.200000 1.000000
vt 0.200000 0.500000
vt 0.391068 0.444164
vt 0.250000 0.490000
vt 0.108932 0.444164
vt 0.021746 0.324164
vt 0.021746 0.175836
vt 0.108932 0.055836
vt 0.250000 0.010000
vt 0.391068 0.055836
vt 0.478254 0.175836
vt 0.478254 0.324164
vt 0.100000 1.000000
vt 0.100000 0.500000
vt -0.000000 1.000000
vt -0.000000 0.500000
vt 0.750000 0.490000
vt 0.891068 0.444164
vt 0.978254 0.324164
vt 0.978254 0.175836
vt 0.891068 0.055836
vt 0.750000 0.010000
vt 0.608932 0.055836
vt 0.521746 0.175836
vt 0.521746 0.324164
vt 0.608932 0.444164
s 1
usemtl M_Graphite
f 3705/7677/3693 3706/7678/3694 3708/7679/3696 3707/7680/3695
f 3707/7680/3695 3708/7679/3696 3710/7681/3698 3709/7682/3697
f 3709/7682/3697 3710/7681/3698 3712/7683/3700 3711/7684/3699
f 3711/7684/3699 3712/7683/3700 3714/7685/3702 3713/7686/3701
f 3713/7686/3701 3714/7685/3702 3716/7687/3704 3715/7688/3703
f 3715/7688/3703 3716/7687/3704 3718/7689/3706 3717/7690/3705
f 3717/7690/3705 3718/7689/3706 3720/7691/3708 3719/7692/3707
f 3719/7692/3707 3720/7691/3708 3722/7693/3710 3721/7694/3709
f 3708/7695/3696 3706/7696/3694 3724/7697/3712 3722/7698/3710 3720/7699/3708 3718/7700/3706 3716/7701/3704 3714/7702/3702 3712/7703/3700 3710/7704/3698
f 3721/7694/3709 3722/7693/3710 3724/7705/3712 3723/7706/3711
f 3723/7706/3711 3724/7705/3712 3706/7707/3694 3705/7708/3693
f 3705/7709/3693 3707/7710/3695 3709/7711/3697 3711/7712/3699 3713/7713/3701 3715/7714/3703 3717/7715/3705 3719/7716/3707 3721/7717/3709 3723/7718/3711
o Socket.179
v 0.655000 0.080000 -0.071000
v 0.655000 0.088000 -0.071000
v 0.658527 0.080000 -0.069854
v 0.658527 0.088000 -0.069854
v 0.660706 0.080000 -0.066854
v 0.660706 0.088000 -0.066854
v 0.660706 0.080000 -0.063146
v 0.660706 0.088000 -0.063146
v 0.658527 0.080000 -0.060146
v 0.658527 0.088000 -0.060146
v 0.655000 0.080000 -0.059000
v 0.655000 0.088000 -0.059000
v 0.651473 0.080000 -0.060146
v 0.651473 0.088000 -0.060146
v 0.649294 0.080000 -0.063146
v 0.649294 0.088000 -0.063146
v 0.649294 0.080000 -0.066854
v 0.649294 0.088000 -0.066854
v 0.651473 0.080000 -0.069854
v 0.651473 0.088000 -0.069854
vn -0.0000 -0.6437 -0.7653
vn -0.0000 0.6437 -0.7653
vn 0.4498 -0.6437 -0.6191
vn 0.4498 0.6437 -0.6191
vn 0.7278 -0.6437 -0.2365
vn 0.7278 0.6437 -0.2365
vn 0.7278 -0.6437 0.2365
vn 0.7278 0.6437 0.2365
vn 0.4498 -0.6437 0.6191
vn 0.4498 0.6437 0.6191
vn -0.0000 -0.6437 0.7653
vn -0.0000 0.6437 0.7653
vn -0.4498 -0.6437 0.6191
vn -0.4498 0.6437 0.6191
vn -0.7278 -0.6437 0.2365
vn -0.7278 0.6437 0.2365
vn -0.7278 -0.6437 -0.2365
vn -0.7278 0.6437 -0.2365
vn -0.4498 -0.6437 -0.6191
vn -0.4498 0.6437 -0.6191
vt 1.000000 0.500000
vt 1.000000 1.000000
vt 0.900000 1.000000
vt 0.900000 0.500000
vt 0.800000 1.000000
vt 0.800000 0.500000
vt 0.700000 1.000000
vt 0.700000 0.500000
vt 0.600000 1.000000
vt 0.600000 0.500000
vt 0.500000 1.000000
vt 0.500000 0.500000
vt 0.400000 1.000000
vt 0.400000 0.500000
vt 0.300000 1.000000
vt 0.300000 0.500000
vt 0.200000 1.000000
vt 0.200000 0.500000
vt 0.391068 0.444164
vt 0.250000 0.490000
vt 0.108932 0.444164
vt 0.021746 0.324164
vt 0.021746 0.175836
vt 0.108932 0.055836
vt 0.250000 0.010000
vt 0.391068 0.055836
vt 0.478254 0.175836
vt 0.478254 0.324164
vt 0.100000 1.000000
vt 0.100000 0.500000
vt -0.000000 1.000000
vt -0.000000 0.500000
vt 0.750000 0.490000
vt 0.891068 0.444164
vt 0.978254 0.324164
vt 0.978254 0.175836
vt 0.891068 0.055836
vt 0.750000 0.010000
vt 0.608932 0.055836
vt 0.521746 0.175836
vt 0.521746 0.324164
vt 0.608932 0.444164
s 1
usemtl M_Graphite
f 3725/7719/3713 3726/7720/3714 3728/7721/3716 3727/7722/3715
f 3727/7722/3715 3728/7721/3716 3730/7723/3718 3729/7724/3717
f 3729/7724/3717 3730/7723/3718 3732/7725/3720 3731/7726/3719
f 3731/7726/3719 3732/7725/3720 3734/7727/3722 3733/7728/3721
f 3733/7728/3721 3734/7727/3722 3736/7729/3724 3735/7730/3723
f 3735/7730/3723 3736/7729/3724 3738/7731/3726 3737/7732/3725
f 3737/7732/3725 3738/7731/3726 3740/7733/3728 3739/7734/3727
f 3739/7734/3727 3740/7733/3728 3742/7735/3730 3741/7736/3729
f 3728/7737/3716 3726/7738/3714 3744/7739/3732 3742/7740/3730 3740/7741/3728 3738/7742/3726 3736/7743/3724 3734/7744/3722 3732/7745/3720 3730/7746/3718
f 3741/7736/3729 3742/7735/3730 3744/7747/3732 3743/7748/3731
f 3743/7748/3731 3744/7747/3732 3726/7749/3714 3725/7750/3713
f 3725/7751/3713 3727/7752/3715 3729/7753/3717 3731/7754/3719 3733/7755/3721 3735/7756/3723 3737/7757/3725 3739/7758/3727 3741/7759/3729 3743/7760/3731
o Socket.180
v -0.650000 0.080000 -0.116000
v -0.650000 0.088000 -0.116000
v -0.646473 0.080000 -0.114854
v -0.646473 0.088000 -0.114854
v -0.644294 0.080000 -0.111854
v -0.644294 0.088000 -0.111854
v -0.644294 0.080000 -0.108146
v -0.644294 0.088000 -0.108146
v -0.646473 0.080000 -0.105146
v -0.646473 0.088000 -0.105146
v -0.650000 0.080000 -0.104000
v -0.650000 0.088000 -0.104000
v -0.653527 0.080000 -0.105146
v -0.653527 0.088000 -0.105146
v -0.655706 0.080000 -0.108146
v -0.655706 0.088000 -0.108146
v -0.655706 0.080000 -0.111854
v -0.655706 0.088000 -0.111854
v -0.653527 0.080000 -0.114854
v -0.653527 0.088000 -0.114854
vn -0.0000 -0.6437 -0.7653
vn -0.0000 0.6437 -0.7653
vn 0.4498 -0.6437 -0.6191
vn 0.4498 0.6437 -0.6191
vn 0.7278 -0.6437 -0.2365
vn 0.7278 0.6437 -0.2365
vn 0.7278 -0.6437 0.2365
vn 0.7278 0.6437 0.2365
vn 0.4498 -0.6437 0.6191
vn 0.4498 0.6437 0.6191
vn -0.0000 -0.6437 0.7653
vn -0.0000 0.6437 0.7653
vn -0.4498 -0.6437 0.6191
vn -0.4498 0.6437 0.6191
vn -0.7278 -0.6437 0.2365
vn -0.7278 0.6437 0.2365
vn -0.7278 -0.6437 -0.2365
vn -0.7278 0.6437 -0.2365
vn -0.4498 -0.6437 -0.6191
vn -0.4498 0.6437 -0.6191
vt 1.000000 0.500000
vt 1.000000 1.000000
vt 0.900000 1.000000
vt 0.900000 0.500000
vt 0.800000 1.000000
vt 0.800000 0.500000
vt 0.700000 1.000000
vt 0.700000 0.500000
vt 0.600000 1.000000
vt 0.600000 0.500000
vt 0.500000 1.000000
vt 0.500000 0.500000
vt 0.400000 1.000000
vt 0.400000 0.500000
vt 0.300000 1.000000
vt 0.300000 0.500000
vt 0.200000 1.000000
vt 0.200000 0.500000
vt 0.391068 0.444164
vt 0.250000 0.490000
vt 0.108932 0.444164
vt 0.021746 0.324164
vt 0.021746 0.175836
vt 0.108932 0.055836
vt 0.250000 0.010000
vt 0.391068 0.055836
vt 0.478254 0.175836
vt 0.478254 0.324164
vt 0.100000 1.000000
vt 0.100000 0.500000
vt -0.000000 1.000000
vt -0.000000 0.500000
vt 0.750000 0.490000
vt 0.891068 0.444164
vt 0.978254 0.324164
vt 0.978254 0.175836
vt 0.891068 0.055836
vt 0.750000 0.010000
vt 0.608932 0.055836
vt 0.521746 0.175836
vt 0.521746 0.324164
vt 0.608932 0.444164
s 1
usemtl M_Graphite
f 3745/7761/3733 3746/7762/3734 3748/7763/3736 3747/7764/3735
f 3747/7764/3735 3748/7763/3736 3750/7765/3738 3749/7766/3737
f 3749/7766/3737 3750/7765/3738 3752/7767/3740 3751/7768/3739
f 3751/7768/3739 3752/7767/3740 3754/7769/3742 3753/7770/3741
f 3753/7770/3741 3754/7769/3742 3756/7771/3744 3755/7772/3743
f 3755/7772/3743 3756/7771/3744 3758/7773/3746 3757/7774/3745
f 3757/7774/3745 3758/7773/3746 3760/7775/3748 3759/7776/3747
f 3759/7776/3747 3760/7775/3748 3762/7777/3750 3761/7778/3749
f 3748/7779/3736 3746/7780/3734 3764/7781/3752 3762/7782/3750 3760/7783/3748 3758/7784/3746 3756/7785/3744 3754/7786/3742 3752/7787/3740 3750/7788/3738
f 3761/7778/3749 3762/7777/3750 3764/7789/3752 3763/7790/3751
f 3763/7790/3751 3764/7789/3752 3746/7791/3734 3745/7792/3733
f 3745/7793/3733 3747/7794/3735 3749/7795/3737 3751/7796/3739 3753/7797/3741 3755/7798/3743 3757/7799/3745 3759/7800/3747 3761/7801/3749 3763/7802/3751
o Socket.181
v -0.605000 0.080000 -0.116000
v -0.605000 0.088000 -0.116000
v -0.601473 0.080000 -0.114854
v -0.601473 0.088000 -0.114854
v -0.599294 0.080000 -0.111854
v -0.599294 0.088000 -0.111854
v -0.599294 0.080000 -0.108146
v -0.599294 0.088000 -0.108146
v -0.601473 0.080000 -0.105146
v -0.601473 0.088000 -0.105146
v -0.605000 0.080000 -0.104000
v -0.605000 0.088000 -0.104000
v -0.608527 0.080000 -0.105146
v -0.608527 0.088000 -0.105146
v -0.610706 0.080000 -0.108146
v -0.610706 0.088000 -0.108146
v -0.610706 0.080000 -0.111854
v -0.610706 0.088000 -0.111854
v -0.608527 0.080000 -0.114854
v -0.608527 0.088000 -0.114854
vn -0.0000 -0.6437 -0.7653
vn -0.0000 0.6437 -0.7653
vn 0.4498 -0.6437 -0.6191
vn 0.4498 0.6437 -0.6191
vn 0.7278 -0.6437 -0.2365
vn 0.7278 0.6437 -0.2365
vn 0.7278 -0.6437 0.2365
vn 0.7278 0.6437 0.2365
vn 0.4498 -0.6437 0.6191
vn 0.4498 0.6437 0.6191
vn -0.0000 -0.6437 0.7653
vn -0.0000 0.6437 0.7653
vn -0.4498 -0.6437 0.6191
vn -0.4498 0.6437 0.6191
vn -0.7278 -0.6437 0.2365
vn -0.7278 0.6437 0.2365
vn -0.7278 -0.6437 -0.2365
vn -0.7278 0.6437 -0.2365
vn -0.4498 -0.6437 -0.6191
vn -0.4498 0.6437 -0.6191
vt 1.000000 0.500000
vt 1.000000 1.000000
vt 0.900000 1.000000
vt 0.900000 0.500000
vt 0.800000 1.000000
vt 0.800000 0.500000
vt 0.700000 1.000000
vt 0.700000 0.500000
vt 0.600000 1.000000
vt 0.600000 0.500000
vt 0.500000 1.000000
vt 0.500000 0.500000
vt 0.400000 1.000000
vt 0.400000 0.500000
vt 0.300000 1.000000
vt 0.300000 0.500000
vt 0.200000 1.000000
vt 0.200000 0.500000
vt 0.391068 0.444164
vt 0.250000 0.490000
vt 0.108932 0.444164
vt 0.021746 0.324164
vt 0.021746 0.175836
vt 0.108932 0.055836
vt 0.250000 0.010000
vt 0.391068 0.055836
vt 0.478254 0.175836
vt 0.478254 0.324164
vt 0.100000 1.000000
vt 0.100000 0.500000
vt -0.000000 1.000000
vt -0.000000 0.500000
vt 0.750000 0.490000
vt 0.891068 0.444164
vt 0.978254 0.324164
vt 0.978254 0.175836
vt 0.891068 0.055836
vt 0.750000 0.010000
vt 0.608932 0.055836
vt 0.521746 0.175836
vt 0.521746 0.324164
vt 0.608932 0.444164
s 1
usemtl M_Graphite
f 3765/7803/3753 3766/7804/3754 3768/7805/3756 3767/7806/3755
f 3767/7806/3755 3768/7805/3756 3770/7807/3758 3769/7808/3757
f 3769/7808/3757 3770/7807/3758 3772/7809/3760 3771/7810/3759
f 3771/7810/3759 3772/7809/3760 3774/7811/3762 3773/7812/3761
f 3773/7812/3761 3774/7811/3762 3776/7813/3764 3775/7814/3763
f 3775/7814/3763 3776/7813/3764 3778/7815/3766 3777/7816/3765
f 3777/7816/3765 3778/7815/3766 3780/7817/3768 3779/7818/3767
f 3779/7818/3767 3780/7817/3768 3782/7819/3770 3781/7820/3769
f 3768/7821/3756 3766/7822/3754 3784/7823/3772 3782/7824/3770 3780/7825/3768 3778/7826/3766 3776/7827/3764 3774/7828/3762 3772/7829/3760 3770/7830/3758
f 3781/7820/3769 3782/7819/3770 3784/7831/3772 3783/7832/3771
f 3783/7832/3771 3784/7831/3772 3766/7833/3754 3765/7834/3753
f 3765/7835/3753 3767/7836/3755 3769/7837/3757 3771/7838/3759 3773/7839/3761 3775/7840/3763 3777/7841/3765 3779/7842/3767 3781/7843/3769 3783/7844/3771
o Socket.182
v -0.560000 0.080000 -0.116000
v -0.560000 0.088000 -0.116000
v -0.556473 0.080000 -0.114854
v -0.556473 0.088000 -0.114854
v -0.554294 0.080000 -0.111854
v -0.554294 0.088000 -0.111854
v -0.554294 0.080000 -0.108146
v -0.554294 0.088000 -0.108146
v -0.556473 0.080000 -0.105146
v -0.556473 0.088000 -0.105146
v -0.560000 0.080000 -0.104000
v -0.560000 0.088000 -0.104000
v -0.563527 0.080000 -0.105146
v -0.563527 0.088000 -0.105146
v -0.565706 0.080000 -0.108146
v -0.565706 0.088000 -0.108146
v -0.565706 0.080000 -0.111854
v -0.565706 0.088000 -0.111854
v -0.563527 0.080000 -0.114854
v -0.563527 0.088000 -0.114854
vn -0.0000 -0.6437 -0.7653
vn -0.0000 0.6437 -0.7653
vn 0.4498 -0.6437 -0.6191
vn 0.4498 0.6437 -0.6191
vn 0.7278 -0.6437 -0.2365
vn 0.7278 0.6437 -0.2365
vn 0.7278 -0.6437 0.2365
vn 0.7278 0.6437 0.2365
vn 0.4498 -0.6437 0.6191
vn 0.4498 0.6437 0.6191
vn -0.0000 -0.6437 0.7653
vn -0.0000 0.6437 0.7653
vn -0.4498 -0.6437 0.6191
vn -0.4498 0.6437 0.6191
vn -0.7278 -0.6437 0.2365
vn -0.7278 0.6437 0.2365
vn -0.7278 -0.6437 -0.2365
vn -0.7278 0.6437 -0.2365
vn -0.4498 -0.6437 -0.6191
vn -0.4498 0.6437 -0.6191
vt 1.000000 0.500000
vt 1.000000 1.000000
vt 0.900000 1.000000
vt 0.900000 0.500000
vt 0.800000 1.000000
vt 0.800000 0.500000
vt 0.700000 1.000000
vt 0.700000 0.500000
vt 0.600000 1.000000
vt 0.600000 0.500000
vt 0.500000 1.000000
vt 0.500000 0.500000
vt 0.400000 1.000000
vt 0.400000 0.500000
vt 0.300000 1.000000
vt 0.300000 0.500000
vt 0.200000 1.000000
vt 0.200000 0.500000
vt 0.391068 0.444164
vt 0.250000 0.490000
vt 0.108932 0.444164
vt 0.021746 0.324164
vt 0.021746 0.175836
vt 0.108932 0.055836
vt 0.250000 0.010000
vt 0.391068 0.055836
vt 0.478254 0.175836
vt 0.478254 0.324164
vt 0.100000 1.000000
vt 0.100000 0.500000
vt -0.000000 1.000000
vt -0.000000 0.500000
vt 0.750000 0.490000
vt 0.891068 0.444164
vt 0.978254 0.324164
vt 0.978254 0.175836
vt 0.891068 0.055836
vt 0.750000 0.010000
vt 0.608932 0.055836
vt 0.521746 0.175836
vt 0.521746 0.324164
vt 0.608932 0.444164
s 1
usemtl M_Graphite
f 3785/7845/3773 3786/7846/3774 3788/7847/3776 3787/7848/3775
f 3787/7848/3775 3788/7847/3776 3790/7849/3778 3789/7850/3777
f 3789/7850/3777 3790/7849/3778 3792/7851/3780 3791/7852/3779
f 3791/7852/3779 3792/7851/3780 3794/7853/3782 3793/7854/3781
f 3793/7854/3781 3794/7853/3782 3796/7855/3784 3795/7856/3783
f 3795/7856/3783 3796/7855/3784 3798/7857/3786 3797/7858/3785
f 3797/7858/3785 3798/7857/3786 3800/7859/3788 3799/7860/3787
f 3799/7860/3787 3800/7859/3788 3802/7861/3790 3801/7862/3789
f 3788/7863/3776 3786/7864/3774 3804/7865/3792 3802/7866/3790 3800/7867/3788 3798/7868/3786 3796/7869/3784 3794/7870/3782 3792/7871/3780 3790/7872/3778
f 3801/7862/3789 3802/7861/3790 3804/7873/3792 3803/7874/3791
f 3803/7874/3791 3804/7873/3792 3786/7875/3774 3785/7876/3773
f 3785/7877/3773 3787/7878/3775 3789/7879/3777 3791/7880/3779 3793/7881/3781 3795/7882/3783 3797/7883/3785 3799/7884/3787 3801/7885/3789 3803/7886/3791
o Socket.183
v -0.515000 0.080000 -0.116000
v -0.515000 0.088000 -0.116000
v -0.511473 0.080000 -0.114854
v -0.511473 0.088000 -0.114854
v -0.509294 0.080000 -0.111854
v -0.509294 0.088000 -0.111854
v -0.509294 0.080000 -0.108146
v -0.509294 0.088000 -0.108146
v -0.511473 0.080000 -0.105146
v -0.511473 0.088000 -0.105146
v -0.515000 0.080000 -0.104000
v -0.515000 0.088000 -0.104000
v -0.518527 0.080000 -0.105146
v -0.518527 0.088000 -0.105146
v -0.520706 0.080000 -0.108146
v -0.520706 0.088000 -0.108146
v -0.520706 0.080000 -0.111854
v -0.520706 0.088000 -0.111854
v -0.518527 0.080000 -0.114854
v -0.518527 0.088000 -0.114854
vn -0.0000 -0.6437 -0.7653
vn -0.0000 0.6437 -0.7653
vn 0.4498 -0.6437 -0.6191
vn 0.4498 0.6437 -0.6191
vn 0.7278 -0.6437 -0.2365
vn 0.7278 0.6437 -0.2365
vn 0.7278 -0.6437 0.2365
vn 0.7278 0.6437 0.2365
vn 0.4498 -0.6437 0.6191
vn 0.4498 0.6437 0.6191
vn -0.0000 -0.6437 0.7653
vn -0.0000 0.6437 0.7653
vn -0.4498 -0.6437 0.6191
vn -0.4498 0.6437 0.6191
vn -0.7278 -0.6437 0.2365
vn -0.7278 0.6437 0.2365
vn -0.7278 -0.6437 -0.2365
vn -0.7278 0.6437 -0.2365
vn -0.4498 -0.6437 -0.6191
vn -0.4498 0.6437 -0.6191
vt 1.000000 0.500000
vt 1.000000 1.000000
vt 0.900000 1.000000
vt 0.900000 0.500000
vt 0.800000 1.000000
vt 0.800000 0.500000
vt 0.700000 1.000000
vt 0.700000 0.500000
vt 0.600000 1.000000
vt 0.600000 0.500000
vt 0.500000 1.000000
vt 0.500000 0.500000
vt 0.400000 1.000000
vt 0.400000 0.500000
vt 0.300000 1.000000
vt 0.300000 0.500000
vt 0.200000 1.000000
vt 0.200000 0.500000
vt 0.391068 0.444164
vt 0.250000 0.490000
vt 0.108932 0.444164
vt 0.021746 0.324164
vt 0.021746 0.175836
vt 0.108932 0.055836
vt 0.250000 0.010000
vt 0.391068 0.055836
vt 0.478254 0.175836
vt 0.478254 0.324164
vt 0.100000 1.000000
vt 0.100000 0.500000
vt -0.000000 1.000000
vt -0.000000 0.500000
vt 0.750000 0.490000
vt 0.891068 0.444164
vt 0.978254 0.324164
vt 0.978254 0.175836
vt 0.891068 0.055836
vt 0.750000 0.010000
vt 0.608932 0.055836
vt 0.521746 0.175836
vt 0.521746 0.324164
vt 0.608932 0.444164
s 1
usemtl M_Graphite
f 3805/7887/3793 3806/7888/3794 3808/7889/3796 3807/7890/3795
f 3807/7890/3795 3808/7889/3796 3810/7891/3798 3809/7892/3797
f 3809/7892/3797 3810/7891/3798 3812/7893/3800 3811/7894/3799
f 3811/7894/3799 3812/7893/3800 3814/7895/3802 3813/7896/3801
f 3813/7896/3801 3814/7895/3802 3816/7897/3804 3815/7898/3803
f 3815/7898/3803 3816/7897/3804 3818/7899/3806 3817/7900/3805
f 3817/7900/3805 3818/7899/3806 3820/7901/3808 3819/7902/3807
f 3819/7902/3807 3820/7901/3808 3822/7903/3810 3821/7904/3809
f 3808/7905/3796 3806/7906/3794 3824/7907/3812 3822/7908/3810 3820/7909/3808 3818/7910/3806 3816/7911/3804 3814/7912/3802 3812/7913/3800 3810/7914/3798
f 3821/7904/3809 3822/7903/3810 3824/7915/3812 3823/7916/3811
f 3823/7916/3811 3824/7915/3812 3806/7917/3794 3805/7918/3793
f 3805/7919/3793 3807/7920/3795 3809/7921/3797 3811/7922/3799 3813/7923/3801 3815/7924/3803 3817/7925/3805 3819/7926/3807 3821/7927/3809 3823/7928/3811
o Socket.184
v -0.470000 0.080000 -0.116000
v -0.470000 0.088000 -0.116000
v -0.466473 0.080000 -0.114854
v -0.466473 0.088000 -0.114854
v -0.464294 0.080000 -0.111854
v -0.464294 0.088000 -0.111854
v -0.464294 0.080000 -0.108146
v -0.464294 0.088000 -0.108146
v -0.466473 0.080000 -0.105146
v -0.466473 0.088000 -0.105146
v -0.470000 0.080000 -0.104000
v -0.470000 0.088000 -0.104000
v -0.473527 0.080000 -0.105146
v -0.473527 0.088000 -0.105146
v -0.475706 0.080000 -0.108146
v -0.475706 0.088000 -0.108146
v -0.475706 0.080000 -0.111854
v -0.475706 0.088000 -0.111854
v -0.473527 0.080000 -0.114854
v -0.473527 0.088000 -0.114854
vn -0.0000 -0.6437 -0.7653
vn -0.0000 0.6437 -0.7653
vn 0.4498 -0.6437 -0.6191
vn 0.4498 0.6437 -0.6191
vn 0.7278 -0.6437 -0.2365
vn 0.7278 0.6437 -0.2365
vn 0.7278 -0.6437 0.2365
vn 0.7278 0.6437 0.2365
vn 0.4498 -0.6437 0.6191
vn 0.4498 0.6437 0.6191
vn -0.0000 -0.6437 0.7653
vn -0.0000 0.6437 0.7653
vn -0.4498 -0.6437 0.6191
vn -0.4498 0.6437 0.6191
vn -0.7278 -0.6437 0.2365
vn -0.7278 0.6437 0.2365
vn -0.7278 -0.6437 -0.2365
vn -0.7278 0.6437 -0.2365
vn -0.4498 -0.6437 -0.6191
vn -0.4498 0.6437 -0.6191
vt 1.000000 0.500000
vt 1.000000 1.000000
vt 0.900000 1.000000
vt 0.900000 0.500000
vt 0.800000 1.000000
vt 0.800000 0.500000
vt 0.700000 1.000000
vt 0.700000 0.500000
vt 0.600000 1.000000
vt 0.600000 0.500000
vt 0.500000 1.000000
vt 0.500000 0.500000
vt 0.400000 1.000000
vt 0.400000 0.500000
vt 0.300000 1.000000
vt 0.300000 0.500000
vt 0.200000 1.000000
vt 0.200000 0.500000
vt 0.391068 0.444164
vt 0.250000 0.490000
vt 0.108932 0.444164
vt 0.021746 0.324164
vt 0.021746 0.175836
vt 0.108932 0.055836
vt 0.250000 0.010000
vt 0.391068 0.055836
vt 0.478254 0.175836
vt 0.478254 0.324164
vt 0.100000 1.000000
vt 0.100000 0.500000
vt -0.000000 1.000000
vt -0.000000 0.500000
vt 0.750000 0.490000
vt 0.891068 0.444164
vt 0.978254 0.324164
vt 0.978254 0.175836
vt 0.891068 0.055836
vt 0.750000 0.010000
vt 0.608932 0.055836
vt 0.521746 0.175836
vt 0.521746 0.324164
vt 0.608932 0.444164
s 1
usemtl M_Graphite
f 3825/7929/3813 3826/7930/3814 3828/7931/3816 3827/7932/3815
f 3827/7932/3815 3828/7931/3816 3830/7933/3818 3829/7934/3817
f 3829/7934/3817 3830/7933/3818 3832/7935/3820 3831/7936/3819
f 3831/7936/3819 3832/7935/3820 3834/7937/3822 3833/7938/3821
f 3833/7938/3821 3834/7937/3822 3836/7939/3824 3835/7940/3823
f 3835/7940/3823 3836/7939/3824 3838/7941/3826 3837/7942/3825
f 3837/7942/3825 3838/7941/3826 3840/7943/3828 3839/7944/3827
f 3839/7944/3827 3840/7943/3828 3842/7945/3830 3841/7946/3829
f 3828/7947/3816 3826/7948/3814 3844/7949/3832 3842/7950/3830 3840/7951/3828 3838/7952/3826 3836/7953/3824 3834/7954/3822 3832/7955/3820 3830/7956/3818
f 3841/7946/3829 3842/7945/3830 3844/7957/3832 3843/7958/3831
f 3843/7958/3831 3844/7957/3832 3826/7959/3814 3825/7960/3813
f 3825/7961/3813 3827/7962/3815 3829/7963/3817 3831/7964/3819 3833/7965/3821 3835/7966/3823 3837/7967/3825 3839/7968/3827 3841/7969/3829 3843/7970/3831
o Socket.185
v -0.425000 0.080000 -0.116000
v -0.425000 0.088000 -0.116000
v -0.421473 0.080000 -0.114854
v -0.421473 0.088000 -0.114854
v -0.419294 0.080000 -0.111854
v -0.419294 0.088000 -0.111854
v -0.419294 0.080000 -0.108146
v -0.419294 0.088000 -0.108146
v -0.421473 0.080000 -0.105146
v -0.421473 0.088000 -0.105146
v -0.425000 0.080000 -0.104000
v -0.425000 0.088000 -0.104000
v -0.428527 0.080000 -0.105146
v -0.428527 0.088000 -0.105146
v -0.430706 0.080000 -0.108146
v -0.430706 0.088000 -0.108146
v -0.430706 0.080000 -0.111854
v -0.430706 0.088000 -0.111854
v -0.428527 0.080000 -0.114854
v -0.428527 0.088000 -0.114854
vn -0.0000 -0.6437 -0.7653
vn -0.0000 0.6437 -0.7653
vn 0.4498 -0.6437 -0.6191
vn 0.4498 0.6437 -0.6191
vn 0.7278 -0.6437 -0.2365
vn 0.7278 0.6437 -0.2365
vn 0.7278 -0.6437 0.2365
vn 0.7278 0.6437 0.2365
vn 0.4498 -0.6437 0.6191
vn 0.4498 0.6437 0.6191
vn -0.0000 -0.6437 0.7653
vn -0.0000 0.6437 0.7653
vn -0.4498 -0.6437 0.6191
vn -0.4498 0.6437 0.6191
vn -0.7278 -0.6437 0.2365
vn -0.7278 0.6437 0.2365
vn -0.7278 -0.6437 -0.2365
vn -0.7278 0.6437 -0.2365
vn -0.4498 -0.6437 -0.6191
vn -0.4498 0.6437 -0.6191
vt 1.000000 0.500000
vt 1.000000 1.000000
vt 0.900000 1.000000
vt 0.900000 0.500000
vt 0.800000 1.000000
vt 0.800000 0.500000
vt 0.700000 1.000000
vt 0.700000 0.500000
vt 0.600000 1.000000
vt 0.600000 0.500000
vt 0.500000 1.000000
vt 0.500000 0.500000
vt 0.400000 1.000000
vt 0.400000 0.500000
vt 0.300000 1.000000
vt 0.300000 0.500000
vt 0.200000 1.000000
vt 0.200000 0.500000
vt 0.391068 0.444164
vt 0.250000 0.490000
vt 0.108932 0.444164
vt 0.021746 0.324164
vt 0.021746 0.175836
vt 0.108932 0.055836
vt 0.250000 0.010000
vt 0.391068 0.055836
vt 0.478254 0.175836
vt 0.478254 0.324164
vt 0.100000 1.000000
vt 0.100000 0.500000
vt -0.000000 1.000000
vt -0.000000 0.500000
vt 0.750000 0.490000
vt 0.891068 0.444164
vt 0.978254 0.324164
vt 0.978254 0.175836
vt 0.891068 0.055836
vt 0.750000 0.010000
vt 0.608932 0.055836
vt 0.521746 0.175836
vt 0.521746 0.324164
vt 0.608932 0.444164
s 1
usemtl M_Graphite
f 3845/7971/3833 3846/7972/3834 3848/7973/3836 3847/7974/3835
f 3847/7974/3835 3848/7973/3836 3850/7975/3838 3849/7976/3837
f 3849/7976/3837 3850/7975/3838 3852/7977/3840 3851/7978/3839
f 3851/7978/3839 3852/7977/3840 3854/7979/3842 3853/7980/3841
f 3853/7980/3841 3854/7979/3842 3856/7981/3844 3855/7982/3843
f 3855/7982/3843 3856/7981/3844 3858/7983/3846 3857/7984/3845
f 3857/7984/3845 3858/7983/3846 3860/7985/3848 3859/7986/3847
f 3859/7986/3847 3860/7985/3848 3862/7987/3850 3861/7988/3849
f 3848/7989/3836 3846/7990/3834 3864/7991/3852 3862/7992/3850 3860/7993/3848 3858/7994/3846 3856/7995/3844 3854/7996/3842 3852/7997/3840 3850/7998/3838
f 3861/7988/3849 3862/7987/3850 3864/7999/3852 3863/8000/3851
f 3863/8000/3851 3864/7999/3852 3846/8001/3834 3845/8002/3833
f 3845/8003/3833 3847/8004/3835 3849/8005/3837 3851/8006/3839 3853/8007/3841 3855/8008/3843 3857/8009/3845 3859/8010/3847 3861/8011/3849 3863/8012/3851
o Socket.186
v -0.380000 0.080000 -0.116000
v -0.380000 0.088000 -0.116000
v -0.376473 0.080000 -0.114854
v -0.376473 0.088000 -0.114854
v -0.374294 0.080000 -0.111854
v -0.374294 0.088000 -0.111854
v -0.374294 0.080000 -0.108146
v -0.374294 0.088000 -0.108146
v -0.376473 0.080000 -0.105146
v -0.376473 0.088000 -0.105146
v -0.380000 0.080000 -0.104000
v -0.380000 0.088000 -0.104000
v -0.383527 0.080000 -0.105146
v -0.383527 0.088000 -0.105146
v -0.385706 0.080000 -0.108146
v -0.385706 0.088000 -0.108146
v -0.385706 0.080000 -0.111854
v -0.385706 0.088000 -0.111854
v -0.383527 0.080000 -0.114854
v -0.383527 0.088000 -0.114854
vn -0.0000 -0.6437 -0.7653
vn -0.0000 0.6437 -0.7653
vn 0.4498 -0.6437 -0.6191
vn 0.4498 0.6437 -0.6191
vn 0.7278 -0.6437 -0.2365
vn 0.7278 0.6437 -0.2365
vn 0.7278 -0.6437 0.2365
vn 0.7278 0.6437 0.2365
vn 0.4498 -0.6437 0.6191
vn 0.4498 0.6437 0.6191
vn -0.0000 -0.6437 0.7653
vn -0.0000 0.6437 0.7653
vn -0.4498 -0.6437 0.6191
vn -0.4498 0.6437 0.6191
vn -0.7278 -0.6437 0.2365
vn -0.7278 0.6437 0.2365
vn -0.7278 -0.6437 -0.2365
vn -0.7278 0.6437 -0.2365
vn -0.4498 -0.6437 -0.6191
vn -0.4498 0.6437 -0.6191
vt 1.000000 0.500000
vt 1.000000 1.000000
vt 0.900000 1.000000
vt 0.900000 0.500000
vt 0.800000 1.000000
vt 0.800000 0.500000
vt 0.700000 1.000000
vt 0.700000 0.500000
vt 0.600000 1.000000
vt 0.600000 0.500000
vt 0.500000 1.000000
vt 0.500000 0.500000
vt 0.400000 1.000000
vt 0.400000 0.500000
vt 0.300000 1.000000
vt 0.300000 0.500000
vt 0.200000 1.000000
vt 0.200000 0.500000
vt 0.391068 0.444164
vt 0.250000 0.490000
vt 0.108932 0.444164
vt 0.021746 0.324164
vt 0.021746 0.175836
vt 0.108932 0.055836
vt 0.250000 0.010000
vt 0.391068 0.055836
vt 0.478254 0.175836
vt 0.478254 0.324164
vt 0.100000 1.000000
vt 0.100000 0.500000
vt -0.000000 1.000000
vt -0.000000 0.500000
vt 0.750000 0.490000
vt 0.891068 0.444164
vt 0.978254 0.324164
vt 0.978254 0.175836
vt 0.891068 0.055836
vt 0.750000 0.010000
vt 0.608932 0.055836
vt 0.521746 0.175836
vt 0.521746 0.324164
vt 0.608932 0.444164
s 1
usemtl M_Graphite
f 3865/8013/3853 3866/8014/3854 3868/8015/3856 3867/8016/3855
f 3867/8016/3855 3868/8015/3856 3870/8017/3858 3869/8018/3857
f 3869/8018/3857 3870/8017/3858 3872/8019/3860 3871/8020/3859
f 3871/8020/3859 3872/8019/3860 3874/8021/3862 3873/8022/3861
f 3873/8022/3861 3874/8021/3862 3876/8023/3864 3875/8024/3863
f 3875/8024/3863 3876/8023/3864 3878/8025/3866 3877/8026/3865
f 3877/8026/3865 3878/8025/3866 3880/8027/3868 3879/8028/3867
f 3879/8028/3867 3880/8027/3868 3882/8029/3870 3881/8030/3869
f 3868/8031/3856 3866/8032/3854 3884/8033/3872 3882/8034/3870 3880/8035/3868 3878/8036/3866 3876/8037/3864 3874/8038/3862 3872/8039/3860 3870/8040/3858
f 3881/8030/3869 3882/8029/3870 3884/8041/3872 3883/8042/3871
f 3883/8042/3871 3884/8041/3872 3866/8043/3854 3865/8044/3853
f 3865/8045/3853 3867/8046/3855 3869/8047/3857 3871/8048/3859 3873/8049/3861 3875/8050/3863 3877/8051/3865 3879/8052/3867 3881/8053/3869 3883/8054/3871
o Socket.187
v -0.335000 0.080000 -0.116000
v -0.335000 0.088000 -0.116000
v -0.331473 0.080000 -0.114854
v -0.331473 0.088000 -0.114854
v -0.329294 0.080000 -0.111854
v -0.329294 0.088000 -0.111854
v -0.329294 0.080000 -0.108146
v -0.329294 0.088000 -0.108146
v -0.331473 0.080000 -0.105146
v -0.331473 0.088000 -0.105146
v -0.335000 0.080000 -0.104000
v -0.335000 0.088000 -0.104000
v -0.338527 0.080000 -0.105146
v -0.338527 0.088000 -0.105146
v -0.340706 0.080000 -0.108146
v -0.340706 0.088000 -0.108146
v -0.340706 0.080000 -0.111854
v -0.340706 0.088000 -0.111854
v -0.338527 0.080000 -0.114854
v -0.338527 0.088000 -0.114854
vn -0.0000 -0.6437 -0.7653
vn -0.0000 0.6437 -0.7653
vn 0.4498 -0.6437 -0.6191
vn 0.4498 0.6437 -0.6191
vn 0.7278 -0.6437 -0.2365
vn 0.7278 0.6437 -0.2365
vn 0.7278 -0.6437 0.2365
vn 0.7278 0.6437 0.2365
vn 0.4498 -0.6437 0.6191
vn 0.4498 0.6437 0.6191
vn -0.0000 -0.6437 0.7653
vn -0.0000 0.6437 0.7653
vn -0.4498 -0.6437 0.6191
vn -0.4498 0.6437 0.6191
vn -0.7278 -0.6437 0.2365
vn -0.7278 0.6437 0.2365
vn -0.7278 -0.6437 -0.2365
vn -0.7278 0.6437 -0.2365
vn -0.4498 -0.6437 -0.6191
vn -0.4498 0.6437 -0.6191
vt 1.000000 0.500000
vt 1.000000 1.000000
vt 0.900000 1.000000
vt 0.900000 0.500000
vt 0.800000 1.000000
vt 0.800000 0.500000
vt 0.700000 1.000000
vt 0.700000 0.500000
vt 0.600000 1.000000
vt 0.600000 0.500000
vt 0.500000 1.000000
vt 0.500000 0.500000
vt 0.400000 1.000000
vt 0.400000 0.500000
vt 0.300000 1.000000
vt 0.300000 0.500000
vt 0.200000 1.000000
vt 0.200000 0.500000
vt 0.391068 0.444164
vt 0.250000 0.490000
vt 0.108932 0.444164
vt 0.021746 0.324164
vt 0.021746 0.175836
vt 0.108932 0.055836
vt 0.250000 0.010000
vt 0.391068 0.055836
vt 0.478254 0.175836
vt 0.478254 0.324164
vt 0.100000 1.000000
vt 0.100000 0.500000
vt -0.000000 1.000000
vt -0.000000 0.500000
vt 0.750000 0.490000
vt 0.891068 0.444164
vt 0.978254 0.324164
vt 0.978254 0.175836
vt 0.891068 0.055836
vt 0.750000 0.010000
vt 0.608932 0.055836
vt 0.521746 0.175836
vt 0.521746 0.324164
vt 0.608932 0.444164
s 1
usemtl M_Graphite
f 3885/8055/3873 3886/8056/3874 3888/8057/3876 3887/8058/3875
f 3887/8058/3875 3888/8057/3876 3890/8059/3878 3889/8060/3877
f 3889/8060/3877 3890/8059/3878 3892/8061/3880 3891/8062/3879
f 3891/8062/3879 3892/8061/3880 3894/8063/3882 3893/8064/3881
f 3893/8064/3881 3894/8063/3882 3896/8065/3884 3895/8066/3883
f 3895/8066/3883 3896/8065/3884 3898/8067/3886 3897/8068/3885
f 3897/8068/3885 3898/8067/3886 3900/8069/3888 3899/8070/3887
f 3899/8070/3887 3900/8069/3888 3902/8071/3890 3901/8072/3889
f 3888/8073/3876 3886/8074/3874 3904/8075/3892 3902/8076/3890 3900/8077/3888 3898/8078/3886 3896/8079/3884 3894/8080/3882 3892/8081/3880 3890/8082/3878
f 3901/8072/3889 3902/8071/3890 3904/8083/3892 3903/8084/3891
f 3903/8084/3891 3904/8083/3892 3886/8085/3874 3885/8086/3873
f 3885/8087/3873 3887/8088/3875 3889/8089/3877 3891/8090/3879 3893/8091/3881 3895/8092/3883 3897/8093/3885 3899/8094/3887 3901/8095/3889 3903/8096/3891
o Socket.188
v -0.290000 0.080000 -0.116000
v -0.290000 0.088000 -0.116000
v -0.286473 0.080000 -0.114854
v -0.286473 0.088000 -0.114854
v -0.284294 0.080000 -0.111854
v -0.284294 0.088000 -0.111854
v -0.284294 0.080000 -0.108146
v -0.284294 0.088000 -0.108146
v -0.286473 0.080000 -0.105146
v -0.286473 0.088000 -0.105146
v -0.290000 0.080000 -0.104000
v -0.290000 0.088000 -0.104000
v -0.293527 0.080000 -0.105146
v -0.293527 0.088000 -0.105146
v -0.295706 0.080000 -0.108146
v -0.295706 0.088000 -0.108146
v -0.295706 0.080000 -0.111854
v -0.295706 0.088000 -0.111854
v -0.293527 0.080000 -0.114854
v -0.293527 0.088000 -0.114854
vn -0.0000 -0.6437 -0.7653
vn -0.0000 0.6437 -0.7653
vn 0.4498 -0.6437 -0.6191
vn 0.4498 0.6437 -0.6191
vn 0.7278 -0.6437 -0.2365
vn 0.7278 0.6437 -0.2365
vn 0.7278 -0.6437 0.2365
vn 0.7278 0.6437 0.2365
vn 0.4498 -0.6437 0.6191
vn 0.4498 0.6437 0.6191
vn -0.0000 -0.6437 0.7653
vn -0.0000 0.6437 0.7653
vn -0.4498 -0.6437 0.6191
vn -0.4498 0.6437 0.6191
vn -0.7278 -0.6437 0.2365
vn -0.7278 0.6437 0.2365
vn -0.7278 -0.6437 -0.2365
vn -0.7278 0.6437 -0.2365
vn -0.4498 -0.6437 -0.6191
vn -0.4498 0.6437 -0.6191
vt 1.000000 0.500000
vt 1.000000 1.000000
vt 0.900000 1.000000
vt 0.900000 0.500000
vt 0.800000 1.000000
vt 0.800000 0.500000
vt 0.700000 1.000000
vt 0.700000 0.500000
vt 0.600000 1.000000
vt 0.600000 0.500000
vt 0.500000 1.000000
vt 0.500000 0.500000
vt 0.400000 1.000000
vt 0.400000 0.500000
vt 0.300000 1.000000
vt 0.300000 0.500000
vt 0.200000 1.000000
vt 0.200000 0.500000
vt 0.391068 0.444164
vt 0.250000 0.490000
vt 0.108932 0.444164
vt 0.021746 0.324164
vt 0.021746 0.175836
vt 0.108932 0.055836
vt 0.250000 0.010000
vt 0.391068 0.055836
vt 0.478254 0.175836
vt 0.478254 0.324164
vt 0.100000 1.000000
vt 0.100000 0.500000
vt -0.000000 1.000000
vt -0.000000 0.500000
vt 0.750000 0.490000
vt 0.891068 0.444164
vt 0.978254 0.324164
vt 0.978254 0.175836
vt 0.891068 0.055836
vt 0.750000 0.010000
vt 0.608932 0.055836
vt 0.521746 0.175836
vt 0.521746 0.324164
vt 0.608932 0.444164
s 1
usemtl M_Graphite
f 3905/8097/3893 3906/8098/3894 3908/8099/3896 3907/8100/3895
f 3907/8100/3895 3908/8099/3896 3910/8101/3898 3909/8102/3897
f 3909/8102/3897 3910/8101/3898 3912/8103/3900 3911/8104/3899
f 3911/8104/3899 3912/8103/3900 3914/8105/3902 3913/8106/3901
f 3913/8106/3901 3914/8105/3902 3916/8107/3904 3915/8108/3903
f 3915/8108/3903 3916/8107/3904 3918/8109/3906 3917/8110/3905
f 3917/8110/3905 3918/8109/3906 3920/8111/3908 3919/8112/3907
f 3919/8112/3907 3920/8111/3908 3922/8113/3910 3921/8114/3909
f 3908/8115/3896 3906/8116/3894 3924/8117/3912 3922/8118/3910 3920/8119/3908 3918/8120/3906 3916/8121/3904 3914/8122/3902 3912/8123/3900 3910/8124/3898
f 3921/8114/3909 3922/8113/3910 3924/8125/3912 3923/8126/3911
f 3923/8126/3911 3924/8125/3912 3906/8127/3894 3905/8128/3893
f 3905/8129/3893 3907/8130/3895 3909/8131/3897 3911/8132/3899 3913/8133/3901 3915/8134/3903 3917/8135/3905 3919/8136/3907 3921/8137/3909 3923/8138/3911
o Socket.189
v -0.245000 0.080000 -0.116000
v -0.245000 0.088000 -0.116000
v -0.241473 0.080000 -0.114854
v -0.241473 0.088000 -0.114854
v -0.239294 0.080000 -0.111854
v -0.239294 0.088000 -0.111854
v -0.239294 0.080000 -0.108146
v -0.239294 0.088000 -0.108146
v -0.241473 0.080000 -0.105146
v -0.241473 0.088000 -0.105146
v -0.245000 0.080000 -0.104000
v -0.245000 0.088000 -0.104000
v -0.248527 0.080000 -0.105146
v -0.248527 0.088000 -0.105146
v -0.250706 0.080000 -0.108146
v -0.250706 0.088000 -0.108146
v -0.250706 0.080000 -0.111854
v -0.250706 0.088000 -0.111854
v -0.248527 0.080000 -0.114854
v -0.248527 0.088000 -0.114854
vn -0.0000 -0.6437 -0.7653
vn -0.0000 0.6437 -0.7653
vn 0.4498 -0.6437 -0.6191
vn 0.4498 0.6437 -0.6191
vn 0.7278 -0.6437 -0.2365
vn 0.7278 0.6437 -0.2365
vn 0.7278 -0.6437 0.2365
vn 0.7278 0.6437 0.2365
vn 0.4498 -0.6437 0.6191
vn 0.4498 0.6437 0.6191
vn -0.0000 -0.6437 0.7653
vn -0.0000 0.6437 0.7653
vn -0.4498 -0.6437 0.6191
vn -0.4498 0.6437 0.6191
vn -0.7278 -0.6437 0.2365
vn -0.7278 0.6437 0.2365
vn -0.7278 -0.6437 -0.2365
vn -0.7278 0.6437 -0.2365
vn -0.4498 -0.6437 -0.6191
vn -0.4498 0.6437 -0.6191
vt 1.000000 0.500000
vt 1.000000 1.000000
vt 0.900000 1.000000
vt 0.900000 0.500000
vt 0.800000 1.000000
vt 0.800000 0.500000
vt 0.700000 1.000000
vt 0.700000 0.500000
vt 0.600000 1.000000
vt 0.600000 0.500000
vt 0.500000 1.000000
vt 0.500000 0.500000
vt 0.400000 1.000000
vt 0.400000 0.500000
vt 0.300000 1.000000
vt 0.300000 0.500000
vt 0.200000 1.000000
vt 0.200000 0.500000
vt 0.391068 0.444164
vt 0.250000 0.490000
vt 0.108932 0.444164
vt 0.021746 0.324164
vt 0.021746 0.175836
vt 0.108932 0.055836
vt 0.250000 0.010000
vt 0.391068 0.055836
vt 0.478254 0.175836
vt 0.478254 0.324164
vt 0.100000 1.000000
vt 0.100000 0.500000
vt -0.000000 1.000000
vt -0.000000 0.500000
vt 0.750000 0.490000
vt 0.891068 0.444164
vt 0.978254 0.324164
vt 0.978254 0.175836
vt 0.891068 0.055836
vt 0.750000 0.010000
vt 0.608932 0.055836
vt 0.521746 0.175836
vt 0.521746 0.324164
vt 0.608932 0.444164
s 1
usemtl M_Graphite
f 3925/8139/3913 3926/8140/3914 3928/8141/3916 3927/8142/3915
f 3927/8142/3915 3928/8141/3916 3930/8143/3918 3929/8144/3917
f 3929/8144/3917 3930/8143/3918 3932/8145/3920 3931/8146/3919
f 3931/8146/3919 3932/8145/3920 3934/8147/3922 3933/8148/3921
f 3933/8148/3921 3934/8147/3922 3936/8149/3924 3935/8150/3923
f 3935/8150/3923 3936/8149/3924 3938/8151/3926 3937/8152/3925
f 3937/8152/3925 3938/8151/3926 3940/8153/3928 3939/8154/3927
f 3939/8154/3927 3940/8153/3928 3942/8155/3930 3941/8156/3929
f 3928/8157/3916 3926/8158/3914 3944/8159/3932 3942/8160/3930 3940/8161/3928 3938/8162/3926 3936/8163/3924 3934/8164/3922 3932/8165/3920 3930/8166/3918
f 3941/8156/3929 3942/8155/3930 3944/8167/3932 3943/8168/3931
f 3943/8168/3931 3944/8167/3932 3926/8169/3914 3925/8170/3913
f 3925/8171/3913 3927/8172/3915 3929/8173/3917 3931/8174/3919 3933/8175/3921 3935/8176/3923 3937/8177/3925 3939/8178/3927 3941/8179/3929 3943/8180/3931
o Socket.190
v -0.200000 0.080000 -0.116000
v -0.200000 0.088000 -0.116000
v -0.196473 0.080000 -0.114854
v -0.196473 0.088000 -0.114854
v -0.194294 0.080000 -0.111854
v -0.194294 0.088000 -0.111854
v -0.194294 0.080000 -0.108146
v -0.194294 0.088000 -0.108146
v -0.196473 0.080000 -0.105146
v -0.196473 0.088000 -0.105146
v -0.200000 0.080000 -0.104000
v -0.200000 0.088000 -0.104000
v -0.203527 0.080000 -0.105146
v -0.203527 0.088000 -0.105146
v -0.205706 0.080000 -0.108146
v -0.205706 0.088000 -0.108146
v -0.205706 0.080000 -0.111854
v -0.205706 0.088000 -0.111854
v -0.203527 0.080000 -0.114854
v -0.203527 0.088000 -0.114854
vn -0.0000 -0.6437 -0.7653
vn -0.0000 0.6437 -0.7653
vn 0.4498 -0.6437 -0.6191
vn 0.4498 0.6437 -0.6191
vn 0.7278 -0.6437 -0.2365
vn 0.7278 0.6437 -0.2365
vn 0.7278 -0.6437 0.2365
vn 0.7278 0.6437 0.2365
vn 0.4498 -0.6437 0.6191
vn 0.4498 0.6437 0.6191
vn -0.0000 -0.6437 0.7653
vn -0.0000 0.6437 0.7653
vn -0.4498 -0.6437 0.6191
vn -0.4498 0.6437 0.6191
vn -0.7278 -0.6437 0.2365
vn -0.7278 0.6437 0.2365
vn -0.7278 -0.6437 -0.2365
vn -0.7278 0.6437 -0.2365
vn -0.4498 -0.6437 -0.6191
vn -0.4498 0.6437 -0.6191
vt 1.000000 0.500000
vt 1.000000 1.000000
vt 0.900000 1.000000
vt 0.900000 0.500000
vt 0.800000 1.000000
vt 0.800000 0.500000
vt 0.700000 1.000000
vt 0.700000 0.500000
vt 0.600000 1.000000
vt 0.600000 0.500000
vt 0.500000 1.000000
vt 0.500000 0.500000
vt 0.400000 1.000000
vt 0.400000 0.500000
vt 0.300000 1.000000
vt 0.300000 0.500000
vt 0.200000 1.000000
vt 0.200000 0.500000
vt 0.391068 0.444164
vt 0.250000 0.490000
vt 0.108932 0.444164
vt 0.021746 0.324164
vt 0.021746 0.175836
vt 0.108932 0.055836
vt 0.250000 0.010000
vt 0.391068 0.055836
vt 0.478254 0.175836
vt 0.478254 0.324164
vt 0.100000 1.000000
vt 0.100000 0.500000
vt -0.000000 1.000000
vt -0.000000 0.500000
vt 0.750000 0.490000
vt 0.891068 0.444164
vt 0.978254 0.324164
vt 0.978254 0.175836
vt 0.891068 0.055836
vt 0.750000 0.010000
vt 0.608932 0.055836
vt 0.521746 0.175836
vt 0.521746 0.324164
vt 0.608932 0.444164
s 1
usemtl M_Graphite
f 3945/8181/3933 3946/8182/3934 3948/8183/3936 3947/8184/3935
f 3947/8184/3935 3948/8183/3936 3950/8185/3938 3949/8186/3937
f 3949/8186/3937 3950/8185/3938 3952/8187/3940 3951/8188/3939
f 3951/8188/3939 3952/8187/3940 3954/8189/3942 3953/8190/3941
f 3953/8190/3941 3954/8189/3942 3956/8191/3944 3955/8192/3943
f 3955/8192/3943 3956/8191/3944 3958/8193/3946 3957/8194/3945
f 3957/8194/3945 3958/8193/3946 3960/8195/3948 3959/8196/3947
f 3959/8196/3947 3960/8195/3948 3962/8197/3950 3961/8198/3949
f 3948/8199/3936 3946/8200/3934 3964/8201/3952 3962/8202/3950 3960/8203/3948 3958/8204/3946 3956/8205/3944 3954/8206/3942 3952/8207/3940 3950/8208/3938
f 3961/8198/3949 3962/8197/3950 3964/8209/3952 3963/8210/3951
f 3963/8210/3951 3964/8209/3952 3946/8211/3934 3945/8212/3933
f 3945/8213/3933 3947/8214/3935 3949/8215/3937 3951/8216/3939 3953/8217/3941 3955/8218/3943 3957/8219/3945 3959/8220/3947 3961/8221/3949 3963/8222/3951
o Socket.191
v -0.155000 0.080000 -0.116000
v -0.155000 0.088000 -0.116000
v -0.151473 0.080000 -0.114854
v -0.151473 0.088000 -0.114854
v -0.149294 0.080000 -0.111854
v -0.149294 0.088000 -0.111854
v -0.149294 0.080000 -0.108146
v -0.149294 0.088000 -0.108146
v -0.151473 0.080000 -0.105146
v -0.151473 0.088000 -0.105146
v -0.155000 0.080000 -0.104000
v -0.155000 0.088000 -0.104000
v -0.158527 0.080000 -0.105146
v -0.158527 0.088000 -0.105146
v -0.160706 0.080000 -0.108146
v -0.160706 0.088000 -0.108146
v -0.160706 0.080000 -0.111854
v -0.160706 0.088000 -0.111854
v -0.158527 0.080000 -0.114854
v -0.158527 0.088000 -0.114854
vn -0.0000 -0.6437 -0.7653
vn -0.0000 0.6437 -0.7653
vn 0.4498 -0.6437 -0.6191
vn 0.4498 0.6437 -0.6191
vn 0.7278 -0.6437 -0.2365
vn 0.7278 0.6437 -0.2365
vn 0.7278 -0.6437 0.2365
vn 0.7278 0.6437 0.2365
vn 0.4498 -0.6437 0.6191
vn 0.4498 0.6437 0.6191
vn -0.0000 -0.6437 0.7653
vn -0.0000 0.6437 0.7653
vn -0.4498 -0.6437 0.6191
vn -0.4498 0.6437 0.6191
vn -0.7278 -0.6437 0.2365
vn -0.7278 0.6437 0.2365
vn -0.7278 -0.6437 -0.2365
vn -0.7278 0.6437 -0.2365
vn -0.4498 -0.6437 -0.6191
vn -0.4498 0.6437 -0.6191
vt 1.000000 0.500000
vt 1.000000 1.000000
vt 0.900000 1.000000
vt 0.900000 0.500000
vt 0.800000 1.000000
vt 0.800000 0.500000
vt 0.700000 1.000000
vt 0.700000 0.500000
vt 0.600000 1.000000
vt 0.600000 0.500000
vt 0.500000 1.000000
vt 0.500000 0.500000
vt 0.400000 1.000000
vt 0.400000 0.500000
vt 0.300000 1.000000
vt 0.300000 0.500000
vt 0.200000 1.000000
vt 0.200000 0.500000
vt 0.391068 0.444164
vt 0.250000 0.490000
vt 0.108932 0.444164
vt 0.021746 0.324164
vt 0.021746 0.175836
vt 0.108932 0.055836
vt 0.250000 0.010000
vt 0.391068 0.055836
vt 0.478254 0.175836
vt 0.478254 0.324164
vt 0.100000 1.000000
vt 0.100000 0.500000
vt -0.000000 1.000000
vt -0.000000 0.500000
vt 0.750000 0.490000
vt 0.891068 0.444164
vt 0.978254 0.324164
vt 0.978254 0.175836
vt 0.891068 0.055836
vt 0.750000 0.010000
vt 0.608932 0.055836
vt 0.521746 0.175836
vt 0.521746 0.324164
vt 0.608932 0.444164
s 1
usemtl M_Graphite
f 3965/8223/3953 3966/8224/3954 3968/8225/3956 3967/8226/3955
f 3967/8226/3955 3968/8225/3956 3970/8227/3958 3969/8228/3957
f 3969/8228/3957 3970/8227/3958 3972/8229/3960 3971/8230/3959
f 3971/8230/3959 3972/8229/3960 3974/8231/3962 3973/8232/3961
f 3973/8232/3961 3974/8231/3962 3976/8233/3964 3975/8234/3963
f 3975/8234/3963 3976/8233/3964 3978/8235/3966 3977/8236/3965
f 3977/8236/3965 3978/8235/3966 3980/8237/3968 3979/8238/3967
f 3979/8238/3967 3980/8237/3968 3982/8239/3970 3981/8240/3969
f 3968/8241/3956 3966/8242/3954 3984/8243/3972 3982/8244/3970 3980/8245/3968 3978/8246/3966 3976/8247/3964 3974/8248/3962 3972/8249/3960 3970/8250/3958
f 3981/8240/3969 3982/8239/3970 3984/8251/3972 3983/8252/3971
f 3983/8252/3971 3984/8251/3972 3966/8253/3954 3965/8254/3953
f 3965/8255/3953 3967/8256/3955 3969/8257/3957 3971/8258/3959 3973/8259/3961 3975/8260/3963 3977/8261/3965 3979/8262/3967 3981/8263/3969 3983/8264/3971
o Socket.192
v -0.110000 0.080000 -0.116000
v -0.110000 0.088000 -0.116000
v -0.106473 0.080000 -0.114854
v -0.106473 0.088000 -0.114854
v -0.104294 0.080000 -0.111854
v -0.104294 0.088000 -0.111854
v -0.104294 0.080000 -0.108146
v -0.104294 0.088000 -0.108146
v -0.106473 0.080000 -0.105146
v -0.106473 0.088000 -0.105146
v -0.110000 0.080000 -0.104000
v -0.110000 0.088000 -0.104000
v -0.113527 0.080000 -0.105146
v -0.113527 0.088000 -0.105146
v -0.115706 0.080000 -0.108146
v -0.115706 0.088000 -0.108146
v -0.115706 0.080000 -0.111854
v -0.115706 0.088000 -0.111854
v -0.113527 0.080000 -0.114854
v -0.113527 0.088000 -0.114854
vn -0.0000 -0.6437 -0.7653
vn -0.0000 0.6437 -0.7653
vn 0.4498 -0.6437 -0.6191
vn 0.4498 0.6437 -0.6191
vn 0.7278 -0.6437 -0.2365
vn 0.7278 0.6437 -0.2365
vn 0.7278 -0.6437 0.2365
vn 0.7278 0.6437 0.2365
vn 0.4498 -0.6437 0.6191
vn 0.4498 0.6437 0.6191
vn -0.0000 -0.6437 0.7653
vn -0.0000 0.6437 0.7653
vn -0.4498 -0.6437 0.6191
vn -0.4498 0.6437 0.6191
vn -0.7278 -0.6437 0.2365
vn -0.7278 0.6437 0.2365
vn -0.7278 -0.6437 -0.2365
vn -0.7278 0.6437 -0.2365
vn -0.4498 -0.6437 -0.6191
vn -0.4498 0.6437 -0.6191
vt 1.000000 0.500000
vt 1.000000 1.000000
vt 0.900000 1.000000
vt 0.900000 0.500000
vt 0.800000 1.000000
vt 0.800000 0.500000
vt 0.700000 1.000000
vt 0.700000 0.500000
vt 0.600000 1.000000
vt 0.600000 0.500000
vt 0.500000 1.000000
vt 0.500000 0.500000
vt 0.400000 1.000000
vt 0.400000 0.500000
vt 0.300000 1.000000
vt 0.300000 0.500000
vt 0.200000 1.000000
vt 0.200000 0.500000
vt 0.391068 0.444164
vt 0.250000 0.490000
vt 0.108932 0.444164
vt 0.021746 0.324164
vt 0.021746 0.175836
vt 0.108932 0.055836
vt 0.250000 0.010000
vt 0.391068 0.055836
vt 0.478254 0.175836
vt 0.478254 0.324164
vt 0.100000 1.000000
vt 0.100000 0.500000
vt -0.000000 1.000000
vt -0.000000 0.500000
vt 0.750000 0.490000
vt 0.891068 0.444164
vt 0.978254 0.324164
vt 0.978254 0.175836
vt 0.891068 0.055836
vt 0.750000 0.010000
vt 0.608932 0.055836
vt 0.521746 0.175836
vt 0.521746 0.324164
vt 0.608932 0.444164
s 1
usemtl M_Graphite
f 3985/8265/3973 3986/8266/3974 3988/8267/3976 3987/8268/3975
f 3987/8268/3975 3988/8267/3976 3990/8269/3978 3989/8270/3977
f 3989/8270/3977 3990/8269/3978 3992/8271/3980 3991/8272/3979
f 3991/8272/3979 3992/8271/3980 3994/8273/3982 3993/8274/3981
f 3993/8274/3981 3994/8273/3982 3996/8275/3984 3995/8276/3983
f 3995/8276/3983 3996/8275/3984 3998/8277/3986 3997/8278/3985
f 3997/8278/3985 3998/8277/3986 4000/8279/3988 3999/8280/3987
f 3999/8280/3987 4000/8279/3988 4002/8281/3990 4001/8282/3989
f 3988/8283/3976 3986/8284/3974 4004/8285/3992 4002/8286/3990 4000/8287/3988 3998/8288/3986 3996/8289/3984 3994/8290/3982 3992/8291/3980 3990/8292/3978
f 4001/8282/3989 4002/8281/3990 4004/8293/3992 4003/8294/3991
f 4003/8294/3991 4004/8293/3992 3986/8295/3974 3985/8296/3973
f 3985/8297/3973 3987/8298/3975 3989/8299/3977 3991/8300/3979 3993/8301/3981 3995/8302/3983 3997/8303/3985 3999/8304/3987 4001/8305/3989 4003/8306/3991
o Socket.193
v -0.065000 0.080000 -0.116000
v -0.065000 0.088000 -0.116000
v -0.061473 0.080000 -0.114854
v -0.061473 0.088000 -0.114854
v -0.059294 0.080000 -0.111854
v -0.059294 0.088000 -0.111854
v -0.059294 0.080000 -0.108146
v -0.059294 0.088000 -0.108146
v -0.061473 0.080000 -0.105146
v -0.061473 0.088000 -0.105146
v -0.065000 0.080000 -0.104000
v -0.065000 0.088000 -0.104000
v -0.068527 0.080000 -0.105146
v -0.068527 0.088000 -0.105146
v -0.070706 0.080000 -0.108146
v -0.070706 0.088000 -0.108146
v -0.070706 0.080000 -0.111854
v -0.070706 0.088000 -0.111854
v -0.068527 0.080000 -0.114854
v -0.068527 0.088000 -0.114854
vn -0.0000 -0.6437 -0.7653
vn -0.0000 0.6437 -0.7653
vn 0.4498 -0.6437 -0.6191
vn 0.4498 0.6437 -0.6191
vn 0.7278 -0.6437 -0.2365
vn 0.7278 0.6437 -0.2365
vn 0.7278 -0.6437 0.2365
vn 0.7278 0.6437 0.2365
vn 0.4498 -0.6437 0.6191
vn 0.4498 0.6437 0.6191
vn -0.0000 -0.6437 0.7653
vn -0.0000 0.6437 0.7653
vn -0.4498 -0.6437 0.6191
vn -0.4498 0.6437 0.6191
vn -0.7278 -0.6437 0.2365
vn -0.7278 0.6437 0.2365
vn -0.7278 -0.6437 -0.2365
vn -0.7278 0.6437 -0.2365
vn -0.4498 -0.6437 -0.6191
vn -0.4498 0.6437 -0.6191
vt 1.000000 0.500000
vt 1.000000 1.000000
vt 0.900000 1.000000
vt 0.900000 0.500000
vt 0.800000 1.000000
vt 0.800000 0.500000
vt 0.700000 1.000000
vt 0.700000 0.500000
vt 0.600000 1.000000
vt 0.600000 0.500000
vt 0.500000 1.000000
vt 0.500000 0.500000
vt 0.400000 1.000000
vt 0.400000 0.500000
vt 0.300000 1.000000
vt 0.300000 0.500000
vt 0.200000 1.000000
vt 0.200000 0.500000
vt 0.391068 0.444164
vt 0.250000 0.490000
vt 0.108932 0.444164
vt 0.021746 0.324164
vt 0.021746 0.175836
vt 0.108932 0.055836
vt 0.250000 0.010000
vt 0.391068 0.055836
vt 0.478254 0.175836
vt 0.478254 0.324164
vt 0.100000 1.000000
vt 0.100000 0.500000
vt -0.000000 1.000000
vt -0.000000 0.500000
vt 0.750000 0.490000
vt 0.891068 0.444164
vt 0.978254 0.324164
vt 0.978254 0.175836
vt 0.891068 0.055836
vt 0.750000 0.010000
vt 0.608932 0.055836
vt 0.521746 0.175836
vt 0.521746 0.324164
vt 0.608932 0.444164
s 1
usemtl M_Graphite
f 4005/8307/3993 4006/8308/3994 4008/8309/3996 4007/8310/3995
f 4007/8310/3995 4008/8309/3996 4010/8311/3998 4009/8312/3997
f 4009/8312/3997 4010/8311/3998 4012/8313/4000 4011/8314/3999
f 4011/8314/3999 4012/8313/4000 4014/8315/4002 4013/8316/4001
f 4013/8316/4001 4014/8315/4002 4016/8317/4004 4015/8318/4003
f 4015/8318/4003 4016/8317/4004 4018/8319/4006 4017/8320/4005
f 4017/8320/4005 4018/8319/4006 4020/8321/4008 4019/8322/4007
f 4019/8322/4007 4020/8321/4008 4022/8323/4010 4021/8324/4009
f 4008/8325/3996 4006/8326/3994 4024/8327/4012 4022/8328/4010 4020/8329/4008 4018/8330/4006 4016/8331/4004 4014/8332/4002 4012/8333/4000 4010/8334/3998
f 4021/8324/4009 4022/8323/4010 4024/8335/4012 4023/8336/4011
f 4023/8336/4011 4024/8335/4012 4006/8337/3994 4005/8338/3993
f 4005/8339/3993 4007/8340/3995 4009/8341/3997 4011/8342/3999 4013/8343/4001 4015/8344/4003 4017/8345/4005 4019/8346/4007 4021/8347/4009 4023/8348/4011
o Socket.194
v -0.020000 0.080000 -0.116000
v -0.020000 0.088000 -0.116000
v -0.016473 0.080000 -0.114854
v -0.016473 0.088000 -0.114854
v -0.014294 0.080000 -0.111854
v -0.014294 0.088000 -0.111854
v -0.014294 0.080000 -0.108146
v -0.014294 0.088000 -0.108146
v -0.016473 0.080000 -0.105146
v -0.016473 0.088000 -0.105146
v -0.020000 0.080000 -0.104000
v -0.020000 0.088000 -0.104000
v -0.023527 0.080000 -0.105146
v -0.023527 0.088000 -0.105146
v -0.025706 0.080000 -0.108146
v -0.025706 0.088000 -0.108146
v -0.025706 0.080000 -0.111854
v -0.025706 0.088000 -0.111854
v -0.023527 0.080000 -0.114854
v -0.023527 0.088000 -0.114854
vn -0.0000 -0.6437 -0.7653
vn -0.0000 0.6437 -0.7653
vn 0.4498 -0.6437 -0.6191
vn 0.4498 0.6437 -0.6191
vn 0.7278 -0.6437 -0.2365
vn 0.7278 0.6437 -0.2365
vn 0.7278 -0.6437 0.2365
vn 0.7278 0.6437 0.2365
vn 0.4498 -0.6437 0.6191
vn 0.4498 0.6437 0.6191
vn -0.0000 -0.6437 0.7653
vn -0.0000 0.6437 0.7653
vn -0.4498 -0.6437 0.6191
vn -0.4498 0.6437 0.6191
vn -0.7278 -0.6437 0.2365
vn -0.7278 0.6437 0.2365
vn -0.7278 -0.6437 -0.2365
vn -0.7278 0.6437 -0.2365
vn -0.4498 -0.6437 -0.6191
vn -0.4498 0.6437 -0.6191
vt 1.000000 0.500000
vt 1.000000 1.000000
vt 0.900000 1.000000
vt 0.900000 0.500000
vt 0.800000 1.000000
vt 0.800000 0.500000
vt 0.700000 1.000000
vt 0.700000 0.500000
vt 0.600000 1.000000
vt 0.600000 0.500000
vt 0.500000 1.000000
vt 0.500000 0.500000
vt 0.400000 1.000000
vt 0.400000 0.500000
vt 0.300000 1.000000
vt 0.300000 0.500000
vt 0.200000 1.000000
vt 0.200000 0.500000
vt 0.391068 0.444164
vt 0.250000 0.490000
vt 0.108932 0.444164
vt 0.021746 0.324164
vt 0.021746 0.175836
vt 0.108932 0.055836
vt 0.250000 0.010000
vt 0.391068 0.055836
vt 0.478254 0.175836
vt 0.478254 0.324164
vt 0.100000 1.000000
vt 0.100000 0.500000
vt -0.000000 1.000000
vt -0.000000 0.500000
vt 0.750000 0.490000
vt 0.891068 0.444164
vt 0.978254 0.324164
vt 0.978254 0.175836
vt 0.891068 0.055836
vt 0.750000 0.010000
vt 0.608932 0.055836
vt 0.521746 0.175836
vt 0.521746 0.324164
vt 0.608932 0.444164
s 1
usemtl M_Graphite
f 4025/8349/4013 4026/8350/4014 4028/8351/4016 4027/8352/4015
f 4027/8352/4015 4028/8351/4016 4030/8353/4018 4029/8354/4017
f 4029/8354/4017 4030/8353/4018 4032/8355/4020 4031/8356/4019
f 4031/8356/4019 4032/8355/4020 4034/8357/4022 4033/8358/4021
f 4033/8358/4021 4034/8357/4022 4036/8359/4024 4035/8360/4023
f 4035/8360/4023 4036/8359/4024 4038/8361/4026 4037/8362/4025
f 4037/8362/4025 4038/8361/4026 4040/8363/4028 4039/8364/4027
f 4039/8364/4027 4040/8363/4028 4042/8365/4030 4041/8366/4029
f 4028/8367/4016 4026/8368/4014 4044/8369/4032 4042/8370/4030 4040/8371/4028 4038/8372/4026 4036/8373/4024 4034/8374/4022 4032/8375/4020 4030/8376/4018
f 4041/8366/4029 4042/8365/4030 4044/8377/4032 4043/8378/4031
f 4043/8378/4031 4044/8377/4032 4026/8379/4014 4025/8380/4013
f 4025/8381/4013 4027/8382/4015 4029/8383/4017 4031/8384/4019 4033/8385/4021 4035/8386/4023 4037/8387/4025 4039/8388/4027 4041/8389/4029 4043/8390/4031
o Socket.195
v 0.025000 0.080000 -0.116000
v 0.025000 0.088000 -0.116000
v 0.028527 0.080000 -0.114854
v 0.028527 0.088000 -0.114854
v 0.030706 0.080000 -0.111854
v 0.030706 0.088000 -0.111854
v 0.030706 0.080000 -0.108146
v 0.030706 0.088000 -0.108146
v 0.028527 0.080000 -0.105146
v 0.028527 0.088000 -0.105146
v 0.025000 0.080000 -0.104000
v 0.025000 0.088000 -0.104000
v 0.021473 0.080000 -0.105146
v 0.021473 0.088000 -0.105146
v 0.019294 0.080000 -0.108146
v 0.019294 0.088000 -0.108146
v 0.019294 0.080000 -0.111854
v 0.019294 0.088000 -0.111854
v 0.021473 0.080000 -0.114854
v 0.021473 0.088000 -0.114854
vn -0.0000 -0.6437 -0.7653
vn -0.0000 0.6437 -0.7653
vn 0.4498 -0.6437 -0.6191
vn 0.4498 0.6437 -0.6191
vn 0.7278 -0.6437 -0.2365
vn 0.7278 0.6437 -0.2365
vn 0.7278 -0.6437 0.2365
vn 0.7278 0.6437 0.2365
vn 0.4498 -0.6437 0.6191
vn 0.4498 0.6437 0.6191
vn -0.0000 -0.6437 0.7653
vn -0.0000 0.6437 0.7653
vn -0.4498 -0.6437 0.6191
vn -0.4498 0.6437 0.6191
vn -0.7278 -0.6437 0.2365
vn -0.7278 0.6437 0.2365
vn -0.7278 -0.6437 -0.2365
vn -0.7278 0.6437 -0.2365
vn -0.4498 -0.6437 -0.6191
vn -0.4498 0.6437 -0.6191
vt 1.000000 0.500000
vt 1.000000 1.000000
vt 0.900000 1.000000
vt 0.900000 0.500000
vt 0.800000 1.000000
vt 0.800000 0.500000
vt 0.700000 1.000000
vt 0.700000 0.500000
vt 0.600000 1.000000
vt 0.600000 0.500000
vt 0.500000 1.000000
vt 0.500000 0.500000
vt 0.400000 1.000000
vt 0.400000 0.500000
vt 0.300000 1.000000
vt 0.300000 0.500000
vt 0.200000 1.000000
vt 0.200000 0.500000
vt 0.391068 0.444164
vt 0.250000 0.490000
vt 0.108932 0.444164
vt 0.021746 0.324164
vt 0.021746 0.175836
vt 0.108932 0.055836
vt 0.250000 0.010000
vt 0.391068 0.055836
vt 0.478254 0.175836
vt 0.478254 0.324164
vt 0.100000 1.000000
vt 0.100000 0.500000
vt -0.000000 1.000000
vt -0.000000 0.500000
vt 0.750000 0.490000
vt 0.891068 0.444164
vt 0.978254 0.324164
vt 0.978254 0.175836
vt 0.891068 0.055836
vt 0.750000 0.010000
vt 0.608932 0.055836
vt 0.521746 0.175836
vt 0.521746 0.324164
vt 0.608932 0.444164
s 1
usemtl M_Graphite
f 4045/8391/4033 4046/8392/4034 4048/8393/4036 4047/8394/4035
f 4047/8394/4035 4048/8393/4036 4050/8395/4038 4049/8396/4037
f 4049/8396/4037 4050/8395/4038 4052/8397/4040 4051/8398/4039
f 4051/8398/4039 4052/8397/4040 4054/8399/4042 4053/8400/4041
f 4053/8400/4041 4054/8399/4042 4056/8401/4044 4055/8402/4043
f 4055/8402/4043 4056/8401/4044 4058/8403/4046 4057/8404/4045
f 4057/8404/4045 4058/8403/4046 4060/8405/4048 4059/8406/4047
f 4059/8406/4047 4060/8405/4048 4062/8407/4050 4061/8408/4049
f 4048/8409/4036 4046/8410/4034 4064/8411/4052 4062/8412/4050 4060/8413/4048 4058/8414/4046 4056/8415/4044 4054/8416/4042 4052/8417/4040 4050/8418/4038
f 4061/8408/4049 4062/8407/4050 4064/8419/4052 4063/8420/4051
f 4063/8420/4051 4064/8419/4052 4046/8421/4034 4045/8422/4033
f 4045/8423/4033 4047/8424/4035 4049/8425/4037 4051/8426/4039 4053/8427/4041 4055/8428/4043 4057/8429/4045 4059/8430/4047 4061/8431/4049 4063/8432/4051
o Socket.196
v 0.070000 0.080000 -0.116000
v 0.070000 0.088000 -0.116000
v 0.073527 0.080000 -0.114854
v 0.073527 0.088000 -0.114854
v 0.075706 0.080000 -0.111854
v 0.075706 0.088000 -0.111854
v 0.075706 0.080000 -0.108146
v 0.075706 0.088000 -0.108146
v 0.073527 0.080000 -0.105146
v 0.073527 0.088000 -0.105146
v 0.070000 0.080000 -0.104000
v 0.070000 0.088000 -0.104000
v 0.066473 0.080000 -0.105146
v 0.066473 0.088000 -0.105146
v 0.064294 0.080000 -0.108146
v 0.064294 0.088000 -0.108146
v 0.064294 0.080000 -0.111854
v 0.064294 0.088000 -0.111854
v 0.066473 0.080000 -0.114854
v 0.066473 0.088000 -0.114854
vn -0.0000 -0.6437 -0.7653
vn -0.0000 0.6437 -0.7653
vn 0.4498 -0.6437 -0.6191
vn 0.4498 0.6437 -0.6191
vn 0.7278 -0.6437 -0.2365
vn 0.7278 0.6437 -0.2365
vn 0.7278 -0.6437 0.2365
vn 0.7278 0.6437 0.2365
vn 0.4498 -0.6437 0.6191
vn 0.4498 0.6437 0.6191
vn -0.0000 -0.6437 0.7653
vn -0.0000 0.6437 0.7653
vn -0.4498 -0.6437 0.6191
vn -0.4498 0.6437 0.6191
vn -0.7278 -0.6437 0.2365
vn -0.7278 0.6437 0.2365
vn -0.7278 -0.6437 -0.2365
vn -0.7278 0.6437 -0.2365
vn -0.4498 -0.6437 -0.6191
vn -0.4498 0.6437 -0.6191
vt 1.000000 0.500000
vt 1.000000 1.000000
vt 0.900000 1.000000
vt 0.900000 0.500000
vt 0.800000 1.000000
vt 0.800000 0.500000
vt 0.700000 1.000000
vt 0.700000 0.500000
vt 0.600000 1.000000
vt 0.600000 0.500000
vt 0.500000 1.000000
vt 0.500000 0.500000
vt 0.400000 1.000000
vt 0.400000 0.500000
vt 0.300000 1.000000
vt 0.300000 0.500000
vt 0.200000 1.000000
vt 0.200000 0.500000
vt 0.391068 0.444164
vt 0.250000 0.490000
vt 0.108932 0.444164
vt 0.021746 0.324164
vt 0.021746 0.175836
vt 0.108932 0.055836
vt 0.250000 0.010000
vt 0.391068 0.055836
vt 0.478254 0.175836
vt 0.478254 0.324164
vt 0.100000 1.000000
vt 0.100000 0.500000
vt -0.000000 1.000000
vt -0.000000 0.500000
vt 0.750000 0.490000
vt 0.891068 0.444164
vt 0.978254 0.324164
vt 0.978254 0.175836
vt 0.891068 0.055836
vt 0.750000 0.010000
vt 0.608932 0.055836
vt 0.521746 0.175836
vt 0.521746 0.324164
vt 0.608932 0.444164
s 1
usemtl M_Graphite
f 4065/8433/4053 4066/8434/4054 4068/8435/4056 4067/8436/4055
f 4067/8436/4055 4068/8435/4056 4070/8437/4058 4069/8438/4057
f 4069/8438/4057 4070/8437/4058 4072/8439/4060 4071/8440/4059
f 4071/8440/4059 4072/8439/4060 4074/8441/4062 4073/8442/4061
f 4073/8442/4061 4074/8441/4062 4076/8443/4064 4075/8444/4063
f 4075/8444/4063 4076/8443/4064 4078/8445/4066 4077/8446/4065
f 4077/8446/4065 4078/8445/4066 4080/8447/4068 4079/8448/4067
f 4079/8448/4067 4080/8447/4068 4082/8449/4070 4081/8450/4069
f 4068/8451/4056 4066/8452/4054 4084/8453/4072 4082/8454/4070 4080/8455/4068 4078/8456/4066 4076/8457/4064 4074/8458/4062 4072/8459/4060 4070/8460/4058
f 4081/8450/4069 4082/8449/4070 4084/8461/4072 4083/8462/4071
f 4083/8462/4071 4084/8461/4072 4066/8463/4054 4065/8464/4053
f 4065/8465/4053 4067/8466/4055 4069/8467/4057 4071/8468/4059 4073/8469/4061 4075/8470/4063 4077/8471/4065 4079/8472/4067 4081/8473/4069 4083/8474/4071
o Socket.197
v 0.115000 0.080000 -0.116000
v 0.115000 0.088000 -0.116000
v 0.118527 0.080000 -0.114854
v 0.118527 0.088000 -0.114854
v 0.120706 0.080000 -0.111854
v 0.120706 0.088000 -0.111854
v 0.120706 0.080000 -0.108146
v 0.120706 0.088000 -0.108146
v 0.118527 0.080000 -0.105146
v 0.118527 0.088000 -0.105146
v 0.115000 0.080000 -0.104000
v 0.115000 0.088000 -0.104000
v 0.111473 0.080000 -0.105146
v 0.111473 0.088000 -0.105146
v 0.109294 0.080000 -0.108146
v 0.109294 0.088000 -0.108146
v 0.109294 0.080000 -0.111854
v 0.109294 0.088000 -0.111854
v 0.111473 0.080000 -0.114854
v 0.111473 0.088000 -0.114854
vn -0.0000 -0.6437 -0.7653
vn -0.0000 0.6437 -0.7653
vn 0.4498 -0.6437 -0.6191
vn 0.4498 0.6437 -0.6191
vn 0.7278 -0.6437 -0.2365
vn 0.7278 0.6437 -0.2365
vn 0.7278 -0.6437 0.2365
vn 0.7278 0.6437 0.2365
vn 0.4498 -0.6437 0.6191
vn 0.4498 0.6437 0.6191
vn -0.0000 -0.6437 0.7653
vn -0.0000 0.6437 0.7653
vn -0.4498 -0.6437 0.6191
vn -0.4498 0.6437 0.6191
vn -0.7278 -0.6437 0.2365
vn -0.7278 0.6437 0.2365
vn -0.7278 -0.6437 -0.2365
vn -0.7278 0.6437 -0.2365
vn -0.4498 -0.6437 -0.6191
vn -0.4498 0.6437 -0.6191
vt 1.000000 0.500000
vt 1.000000 1.000000
vt 0.900000 1.000000
vt 0.900000 0.500000
vt 0.800000 1.000000
vt 0.800000 0.500000
vt 0.700000 1.000000
vt 0.700000 0.500000
vt 0.600000 1.000000
vt 0.600000 0.500000
vt 0.500000 1.000000
vt 0.500000 0.500000
vt 0.400000 1.000000
vt 0.400000 0.500000
vt 0.300000 1.000000
vt 0.300000 0.500000
vt 0.200000 1.000000
vt 0.200000 0.500000
vt 0.391068 0.444164
vt 0.250000 0.490000
vt 0.108932 0.444164
vt 0.021746 0.324164
vt 0.021746 0.175836
vt 0.108932 0.055836
vt 0.250000 0.010000
vt 0.391068 0.055836
vt 0.478254 0.175836
vt 0.478254 0.324164
vt 0.100000 1.000000
vt 0.100000 0.500000
vt -0.000000 1.000000
vt -0.000000 0.500000
vt 0.750000 0.490000
vt 0.891068 0.444164
vt 0.978254 0.324164
vt 0.978254 0.175836
vt 0.891068 0.055836
vt 0.750000 0.010000
vt 0.608932 0.055836
vt 0.521746 0.175836
vt 0.521746 0.324164
vt 0.608932 0.444164
s 1
usemtl M_Graphite
f 4085/8475/4073 4086/8476/4074 4088/8477/4076 4087/8478/4075
f 4087/8478/4075 4088/8477/4076 4090/8479/4078 4089/8480/4077
f 4089/8480/4077 4090/8479/4078 4092/8481/4080 4091/8482/4079
f 4091/8482/4079 4092/8481/4080 4094/8483/4082 4093/8484/4081
f 4093/8484/4081 4094/8483/4082 4096/8485/4084 4095/8486/4083
f 4095/8486/4083 4096/8485/4084 4098/8487/4086 4097/8488/4085
f 4097/8488/4085 4098/8487/4086 4100/8489/4088 4099/8490/4087
f 4099/8490/4087 4100/8489/4088 4102/8491/4090 4101/8492/4089
f 4088/8493/4076 4086/8494/4074 4104/8495/4092 4102/8496/4090 4100/8497/4088 4098/8498/4086 4096/8499/4084 4094/8500/4082 4092/8501/4080 4090/8502/4078
f 4101/8492/4089 4102/8491/4090 4104/8503/4092 4103/8504/4091
f 4103/8504/4091 4104/8503/4092 4086/8505/4074 4085/8506/4073
f 4085/8507/4073 4087/8508/4075 4089/8509/4077 4091/8510/4079 4093/8511/4081 4095/8512/4083 4097/8513/4085 4099/8514/4087 4101/8515/4089 4103/8516/4091
o Socket.198
v 0.160000 0.080000 -0.116000
v 0.160000 0.088000 -0.116000
v 0.163527 0.080000 -0.114854
v 0.163527 0.088000 -0.114854
v 0.165706 0.080000 -0.111854
v 0.165706 0.088000 -0.111854
v 0.165706 0.080000 -0.108146
v 0.165706 0.088000 -0.108146
v 0.163527 0.080000 -0.105146
v 0.163527 0.088000 -0.105146
v 0.160000 0.080000 -0.104000
v 0.160000 0.088000 -0.104000
v 0.156473 0.080000 -0.105146
v 0.156473 0.088000 -0.105146
v 0.154294 0.080000 -0.108146
v 0.154294 0.088000 -0.108146
v 0.154294 0.080000 -0.111854
v 0.154294 0.088000 -0.111854
v 0.156473 0.080000 -0.114854
v 0.156473 0.088000 -0.114854
vn -0.0000 -0.6437 -0.7653
vn -0.0000 0.6437 -0.7653
vn 0.4498 -0.6437 -0.6191
vn 0.4498 0.6437 -0.6191
vn 0.7278 -0.6437 -0.2365
vn 0.7278 0.6437 -0.2365
vn 0.7278 -0.6437 0.2365
vn 0.7278 0.6437 0.2365
vn 0.4498 -0.6437 0.6191
vn 0.4498 0.6437 0.6191
vn -0.0000 -0.6437 0.7653
vn -0.0000 0.6437 0.7653
vn -0.4498 -0.6437 0.6191
vn -0.4498 0.6437 0.6191
vn -0.7278 -0.6437 0.2365
vn -0.7278 0.6437 0.2365
vn -0.7278 -0.6437 -0.2365
vn -0.7278 0.6437 -0.2365
vn -0.4498 -0.6437 -0.6191
vn -0.4498 0.6437 -0.6191
vt 1.000000 0.500000
vt 1.000000 1.000000
vt 0.900000 1.000000
vt 0.900000 0.500000
vt 0.800000 1.000000
vt 0.800000 0.500000
vt 0.700000 1.000000
vt 0.700000 0.500000
vt 0.600000 1.000000
vt 0.600000 0.500000
vt 0.500000 1.000000
vt 0.500000 0.500000
vt 0.400000 1.000000
vt 0.400000 0.500000
vt 0.300000 1.000000
vt 0.300000 0.500000
vt 0.200000 1.000000
vt 0.200000 0.500000
vt 0.391068 0.444164
vt 0.250000 0.490000
vt 0.108932 0.444164
vt 0.021746 0.324164
vt 0.021746 0.175836
vt 0.108932 0.055836
vt 0.250000 0.010000
vt 0.391068 0.055836
vt 0.478254 0.175836
vt 0.478254 0.324164
vt 0.100000 1.000000
vt 0.100000 0.500000
vt -0.000000 1.000000
vt -0.000000 0.500000
vt 0.750000 0.490000
vt 0.891068 0.444164
vt 0.978254 0.324164
vt 0.978254 0.175836
vt 0.891068 0.055836
vt 0.750000 0.010000
vt 0.608932 0.055836
vt 0.521746 0.175836
vt 0.521746 0.324164
vt 0.608932 0.444164
s 1
usemtl M_Graphite
f 4105/8517/4093 4106/8518/4094 4108/8519/4096 4107/8520/4095
f 4107/8520/4095 4108/8519/4096 4110/8521/4098 4109/8522/4097
f 4109/8522/4097 4110/8521/4098 4112/8523/4100 4111/8524/4099
f 4111/8524/4099 4112/8523/4100 4114/8525/4102 4113/8526/4101
f 4113/8526/4101 4114/8525/4102 4116/8527/4104 4115/8528/4103
f 4115/8528/4103 4116/8527/4104 4118/8529/4106 4117/8530/4105
f 4117/8530/4105 4118/8529/4106 4120/8531/4108 4119/8532/4107
f 4119/8532/4107 4120/8531/4108 4122/8533/4110 4121/8534/4109
f 4108/8535/4096 4106/8536/4094 4124/8537/4112 4122/8538/4110 4120/8539/4108 4118/8540/4106 4116/8541/4104 4114/8542/4102 4112/8543/4100 4110/8544/4098
f 4121/8534/4109 4122/8533/4110 4124/8545/4112 4123/8546/4111
f 4123/8546/4111 4124/8545/4112 4106/8547/4094 4105/8548/4093
f 4105/8549/4093 4107/8550/4095 4109/8551/4097 4111/8552/4099 4113/8553/4101 4115/8554/4103 4117/8555/4105 4119/8556/4107 4121/8557/4109 4123/8558/4111
o Socket.199
v 0.205000 0.080000 -0.116000
v 0.205000 0.088000 -0.116000
v 0.208527 0.080000 -0.114854
v 0.208527 0.088000 -0.114854
v 0.210706 0.080000 -0.111854
v 0.210706 0.088000 -0.111854
v 0.210706 0.080000 -0.108146
v 0.210706 0.088000 -0.108146
v 0.208527 0.080000 -0.105146
v 0.208527 0.088000 -0.105146
v 0.205000 0.080000 -0.104000
v 0.205000 0.088000 -0.104000
v 0.201473 0.080000 -0.105146
v 0.201473 0.088000 -0.105146
v 0.199294 0.080000 -0.108146
v 0.199294 0.088000 -0.108146
v 0.199294 0.080000 -0.111854
v 0.199294 0.088000 -0.111854
v 0.201473 0.080000 -0.114854
v 0.201473 0.088000 -0.114854
vn -0.0000 -0.6437 -0.7653
vn -0.0000 0.6437 -0.7653
vn 0.4498 -0.6437 -0.6191
vn 0.4498 0.6437 -0.6191
vn 0.7278 -0.6437 -0.2365
vn 0.7278 0.6437 -0.2365
vn 0.7278 -0.6437 0.2365
vn 0.7278 0.6437 0.2365
vn 0.4498 -0.6437 0.6191
vn 0.4498 0.6437 0.6191
vn -0.0000 -0.6437 0.7653
vn -0.0000 0.6437 0.7653
vn -0.4498 -0.6437 0.6191
vn -0.4498 0.6437 0.6191
vn -0.7278 -0.6437 0.2365
vn -0.7278 0.6437 0.2365
vn -0.7278 -0.6437 -0.2365
vn -0.7278 0.6437 -0.2365
vn -0.4498 -0.6437 -0.6191
vn -0.4498 0.6437 -0.6191
vt 1.000000 0.500000
vt 1.000000 1.000000
vt 0.900000 1.000000
vt 0.900000 0.500000
vt 0.800000 1.000000
vt 0.800000 0.500000
vt 0.700000 1.000000
vt 0.700000 0.500000
vt 0.600000 1.000000
vt 0.600000 0.500000
vt 0.500000 1.000000
vt 0.500000 0.500000
vt 0.400000 1.000000
vt 0.400000 0.500000
vt 0.300000 1.000000
vt 0.300000 0.500000
vt 0.200000 1.000000
vt 0.200000 0.500000
vt 0.391068 0.444164
vt 0.250000 0.490000
vt 0.108932 0.444164
vt 0.021746 0.324164
vt 0.021746 0.175836
vt 0.108932 0.055836
vt 0.250000 0.010000
vt 0.391068 0.055836
vt 0.478254 0.175836
vt 0.478254 0.324164
vt 0.100000 1.000000
vt 0.100000 0.500000
vt -0.000000 1.000000
vt -0.000000 0.500000
vt 0.750000 0.490000
vt 0.891068 0.444164
vt 0.978254 0.324164
vt 0.978254 0.175836
vt 0.891068 0.055836
vt 0.750000 0.010000
vt 0.608932 0.055836
vt 0.521746 0.175836
vt 0.521746 0.324164
vt 0.608932 0.444164
s 1
usemtl M_Graphite
f 4125/8559/4113 4126/8560/4114 4128/8561/4116 4127/8562/4115
f 4127/8562/4115 4128/8561/4116 4130/8563/4118 4129/8564/4117
f 4129/8564/4117 4130/8563/4118 4132/8565/4120 4131/8566/4119
f 4131/8566/4119 4132/8565/4120 4134/8567/4122 4133/8568/4121
f 4133/8568/4121 4134/8567/4122 4136/8569/4124 4135/8570/4123
f 4135/8570/4123 4136/8569/4124 4138/8571/4126 4137/8572/4125
f 4137/8572/4125 4138/8571/4126 4140/8573/4128 4139/8574/4127
f 4139/8574/4127 4140/8573/4128 4142/8575/4130 4141/8576/4129
f 4128/8577/4116 4126/8578/4114 4144/8579/4132 4142/8580/4130 4140/8581/4128 4138/8582/4126 4136/8583/4124 4134/8584/4122 4132/8585/4120 4130/8586/4118
f 4141/8576/4129 4142/8575/4130 4144/8587/4132 4143/8588/4131
f 4143/8588/4131 4144/8587/4132 4126/8589/4114 4125/8590/4113
f 4125/8591/4113 4127/8592/4115 4129/8593/4117 4131/8594/4119 4133/8595/4121 4135/8596/4123 4137/8597/4125 4139/8598/4127 4141/8599/4129 4143/8600/4131
o Socket.200
v 0.250000 0.080000 -0.116000
v 0.250000 0.088000 -0.116000
v 0.253527 0.080000 -0.114854
v 0.253527 0.088000 -0.114854
v 0.255706 0.080000 -0.111854
v 0.255706 0.088000 -0.111854
v 0.255706 0.080000 -0.108146
v 0.255706 0.088000 -0.108146
v 0.253527 0.080000 -0.105146
v 0.253527 0.088000 -0.105146
v 0.250000 0.080000 -0.104000
v 0.250000 0.088000 -0.104000
v 0.246473 0.080000 -0.105146
v 0.246473 0.088000 -0.105146
v 0.244294 0.080000 -0.108146
v 0.244294 0.088000 -0.108146
v 0.244294 0.080000 -0.111854
v 0.244294 0.088000 -0.111854
v 0.246473 0.080000 -0.114854
v 0.246473 0.088000 -0.114854
vn -0.0000 -0.6437 -0.7653
vn -0.0000 0.6437 -0.7653
vn 0.4498 -0.6437 -0.6191
vn 0.4498 0.6437 -0.6191
vn 0.7278 -0.6437 -0.2365
vn 0.7278 0.6437 -0.2365
vn 0.7278 -0.6437 0.2365
vn 0.7278 0.6437 0.2365
vn 0.4498 -0.6437 0.6191
vn 0.4498 0.6437 0.6191
vn -0.0000 -0.6437 0.7653
vn -0.0000 0.6437 0.7653
vn -0.4498 -0.6437 0.6191
vn -0.4498 0.6437 0.6191
vn -0.7278 -0.6437 0.2365
vn -0.7278 0.6437 0.2365
vn -0.7278 -0.6437 -0.2365
vn -0.7278 0.6437 -0.2365
vn -0.4498 -0.6437 -0.6191
vn -0.4498 0.6437 -0.6191
vt 1.000000 0.500000
vt 1.000000 1.000000
vt 0.900000 1.000000
vt 0.900000 0.500000
vt 0.800000 1.000000
vt 0.800000 0.500000
vt 0.700000 1.000000
vt 0.700000 0.500000
vt 0.600000 1.000000
vt 0.600000 0.500000
vt 0.500000 1.000000
vt 0.500000 0.500000
vt 0.400000 1.000000
vt 0.400000 0.500000
vt 0.300000 1.000000
vt 0.300000 0.500000
vt 0.200000 1.000000
vt 0.200000 0.500000
vt 0.391068 0.444164
vt 0.250000 0.490000
vt 0.108932 0.444164
vt 0.021746 0.324164
vt 0.021746 0.175836
vt 0.108932 0.055836
vt 0.250000 0.010000
vt 0.391068 0.055836
vt 0.478254 0.175836
vt 0.478254 0.324164
vt 0.100000 1.000000
vt 0.100000 0.500000
vt -0.000000 1.000000
vt -0.000000 0.500000
vt 0.750000 0.490000
vt 0.891068 0.444164
vt 0.978254 0.324164
vt 0.978254 0.175836
vt 0.891068 0.055836
vt 0.750000 0.010000
vt 0.608932 0.055836
vt 0.521746 0.175836
vt 0.521746 0.324164
vt 0.608932 0.444164
s 1
usemtl M_Graphite
f 4145/8601/4133 4146/8602/4134 4148/8603/4136 4147/8604/4135
f 4147/8604/4135 4148/8603/4136 4150/8605/4138 4149/8606/4137
f 4149/8606/4137 4150/8605/4138 4152/8607/4140 4151/8608/4139
f 4151/8608/4139 4152/8607/4140 4154/8609/4142 4153/8610/4141
f 4153/8610/4141 4154/8609/4142 4156/8611/4144 4155/8612/4143
f 4155/8612/4143 4156/8611/4144 4158/8613/4146 4157/8614/4145
f 4157/8614/4145 4158/8613/4146 4160/8615/4148 4159/8616/4147
f 4159/8616/4147 4160/8615/4148 4162/8617/4150 4161/8618/4149
f 4148/8619/4136 4146/8620/4134 4164/8621/4152 4162/8622/4150 4160/8623/4148 4158/8624/4146 4156/8625/4144 4154/8626/4142 4152/8627/4140 4150/8628/4138
f 4161/8618/4149 4162/8617/4150 4164/8629/4152 4163/8630/4151
f 4163/8630/4151 4164/8629/4152 4146/8631/4134 4145/8632/4133
f 4145/8633/4133 4147/8634/4135 4149/8635/4137 4151/8636/4139 4153/8637/4141 4155/8638/4143 4157/8639/4145 4159/8640/4147 4161/8641/4149 4163/8642/4151
o Socket.201
v 0.295000 0.080000 -0.116000
v 0.295000 0.088000 -0.116000
v 0.298527 0.080000 -0.114854
v 0.298527 0.088000 -0.114854
v 0.300706 0.080000 -0.111854
v 0.300706 0.088000 -0.111854
v 0.300706 0.080000 -0.108146
v 0.300706 0.088000 -0.108146
v 0.298527 0.080000 -0.105146
v 0.298527 0.088000 -0.105146
v 0.295000 0.080000 -0.104000
v 0.295000 0.088000 -0.104000
v 0.291473 0.080000 -0.105146
v 0.291473 0.088000 -0.105146
v 0.289294 0.080000 -0.108146
v 0.289294 0.088000 -0.108146
v 0.289294 0.080000 -0.111854
v 0.289294 0.088000 -0.111854
v 0.291473 0.080000 -0.114854
v 0.291473 0.088000 -0.114854
vn -0.0000 -0.6437 -0.7653
vn -0.0000 0.6437 -0.7653
vn 0.4498 -0.6437 -0.6191
vn 0.4498 0.6437 -0.6191
vn 0.7278 -0.6437 -0.2365
vn 0.7278 0.6437 -0.2365
vn 0.7278 -0.6437 0.2365
vn 0.7278 0.6437 0.2365
vn 0.4498 -0.6437 0.6191
vn 0.4498 0.6437 0.6191
vn -0.0000 -0.6437 0.7653
vn -0.0000 0.6437 0.7653
vn -0.4498 -0.6437 0.6191
vn -0.4498 0.6437 0.6191
vn -0.7278 -0.6437 0.2365
vn -0.7278 0.6437 0.2365
vn -0.7278 -0.6437 -0.2365
vn -0.7278 0.6437 -0.2365
vn -0.4498 -0.6437 -0.6191
vn -0.4498 0.6437 -0.6191
vt 1.000000 0.500000
vt 1.000000 1.000000
vt 0.900000 1.000000
vt 0.900000 0.500000
vt 0.800000 1.000000
vt 0.800000 0.500000
vt 0.700000 1.000000
vt 0.700000 0.500000
vt 0.600000 1.000000
vt 0.600000 0.500000
vt 0.500000 1.000000
vt 0.500000 0.500000
vt 0.400000 1.000000
vt 0.400000 0.500000
vt 0.300000 1.000000
vt 0.300000 0.500000
vt 0.200000 1.000000
vt 0.200000 0.500000
vt 0.391068 0.444164
vt 0.250000 0.490000
vt 0.108932 0.444164
vt 0.021746 0.324164
vt 0.021746 0.175836
vt 0.108932 0.055836
vt 0.250000 0.010000
vt 0.391068 0.055836
vt 0.478254 0.175836
vt 0.478254 0.324164
vt 0.100000 1.000000
vt 0.100000 0.500000
vt -0.000000 1.000000
vt -0.000000 0.500000
vt 0.750000 0.490000
vt 0.891068 0.444164
vt 0.978254 0.324164
vt 0.978254 0.175836
vt 0.891068 0.055836
vt 0.750000 0.010000
vt 0.608932 0.055836
vt 0.521746 0.175836
vt 0.521746 0.324164
vt 0.608932 0.444164
s 1
usemtl M_Graphite
f 4165/8643/4153 4166/8644/4154 4168/8645/4156 4167/8646/4155
f 4167/8646/4155 4168/8645/4156 4170/8647/4158 4169/8648/4157
f 4169/8648/4157 4170/8647/4158 4172/8649/4160 4171/8650/4159
f 4171/8650/4159 4172/8649/4160 4174/8651/4162 4173/8652/4161
f 4173/8652/4161 4174/8651/4162 4176/8653/4164 4175/8654/4163
f 4175/8654/4163 4176/8653/4164 4178/8655/4166 4177/8656/4165
f 4177/8656/4165 4178/8655/4166 4180/8657/4168 4179/8658/4167
f 4179/8658/4167 4180/8657/4168 4182/8659/4170 4181/8660/4169
f 4168/8661/4156 4166/8662/4154 4184/8663/4172 4182/8664/4170 4180/8665/4168 4178/8666/4166 4176/8667/4164 4174/8668/4162 4172/8669/4160 4170/8670/4158
f 4181/8660/4169 4182/8659/4170 4184/8671/4172 4183/8672/4171
f 4183/8672/4171 4184/8671/4172 4166/8673/4154 4165/8674/4153
f 4165/8675/4153 4167/8676/4155 4169/8677/4157 4171/8678/4159 4173/8679/4161 4175/8680/4163 4177/8681/4165 4179/8682/4167 4181/8683/4169 4183/8684/4171
o Socket.202
v 0.340000 0.080000 -0.116000
v 0.340000 0.088000 -0.116000
v 0.343527 0.080000 -0.114854
v 0.343527 0.088000 -0.114854
v 0.345706 0.080000 -0.111854
v 0.345706 0.088000 -0.111854
v 0.345706 0.080000 -0.108146
v 0.345706 0.088000 -0.108146
v 0.343527 0.080000 -0.105146
v 0.343527 0.088000 -0.105146
v 0.340000 0.080000 -0.104000
v 0.340000 0.088000 -0.104000
v 0.336473 0.080000 -0.105146
v 0.336473 0.088000 -0.105146
v 0.334294 0.080000 -0.108146
v 0.334294 0.088000 -0.108146
v 0.334294 0.080000 -0.111854
v 0.334294 0.088000 -0.111854
v 0.336473 0.080000 -0.114854
v 0.336473 0.088000 -0.114854
vn -0.0000 -0.6437 -0.7653
vn -0.0000 0.6437 -0.7653
vn 0.4498 -0.6437 -0.6191
vn 0.4498 0.6437 -0.6191
vn 0.7278 -0.6437 -0.2365
vn 0.7278 0.6437 -0.2365
vn 0.7278 -0.6437 0.2365
vn 0.7278 0.6437 0.2365
vn 0.4498 -0.6437 0.6191
vn 0.4498 0.6437 0.6191
vn -0.0000 -0.6437 0.7653
vn -0.0000 0.6437 0.7653
vn -0.4498 -0.6437 0.6191
vn -0.4498 0.6437 0.6191
vn -0.7278 -0.6437 0.2365
vn -0.7278 0.6437 0.2365
vn -0.7278 -0.6437 -0.2365
vn -0.7278 0.6437 -0.2365
vn -0.4498 -0.6437 -0.6191
vn -0.4498 0.6437 -0.6191
vt 1.000000 0.500000
vt 1.000000 1.000000
vt 0.900000 1.000000
vt 0.900000 0.500000
vt 0.800000 1.000000
vt 0.800000 0.500000
vt 0.700000 1.000000
vt 0.700000 0.500000
vt 0.600000 1.000000
vt 0.600000 0.500000
vt 0.500000 1.000000
vt 0.500000 0.500000
vt 0.400000 1.000000
vt 0.400000 0.500000
vt 0.300000 1.000000
vt 0.300000 0.500000
vt 0.200000 1.000000
vt 0.200000 0.500000
vt 0.391068 0.444164
vt 0.250000 0.490000
vt 0.108932 0.444164
vt 0.021746 0.324164
vt 0.021746 0.175836
vt 0.108932 0.055836
vt 0.250000 0.010000
vt 0.391068 0.055836
vt 0.478254 0.175836
vt 0.478254 0.324164
vt 0.100000 1.000000
vt 0.100000 0.500000
vt -0.000000 1.000000
vt -0.000000 0.500000
vt 0.750000 0.490000
vt 0.891068 0.444164
vt 0.978254 0.324164
vt 0.978254 0.175836
vt 0.891068 0.055836
vt 0.750000 0.010000
vt 0.608932 0.055836
vt 0.521746 0.175836
vt 0.521746 0.324164
vt 0.608932 0.444164
s 1
usemtl M_Graphite
f 4185/8685/4173 4186/8686/4174 4188/8687/4176 4187/8688/4175
f 4187/8688/4175 4188/8687/4176 4190/8689/4178 4189/8690/4177
f 4189/8690/4177 4190/8689/4178 4192/8691/4180 4191/8692/4179
f 4191/8692/4179 4192/8691/4180 4194/8693/4182 4193/8694/4181
f 4193/8694/4181 4194/8693/4182 4196/8695/4184 4195/8696/4183
f 4195/8696/4183 4196/8695/4184 4198/8697/4186 4197/8698/4185
f 4197/8698/4185 4198/8697/4186 4200/8699/4188 4199/8700/4187
f 4199/8700/4187 4200/8699/4188 4202/8701/4190 4201/8702/4189
f 4188/8703/4176 4186/8704/4174 4204/8705/4192 4202/8706/4190 4200/8707/4188 4198/8708/4186 4196/8709/4184 4194/8710/4182 4192/8711/4180 4190/8712/4178
f 4201/8702/4189 4202/8701/4190 4204/8713/4192 4203/8714/4191
f 4203/8714/4191 4204/8713/4192 4186/8715/4174 4185/8716/4173
f 4185/8717/4173 4187/8718/4175 4189/8719/4177 4191/8720/4179 4193/8721/4181 4195/8722/4183 4197/8723/4185 4199/8724/4187 4201/8725/4189 4203/8726/4191
o Socket.203
v 0.385000 0.080000 -0.116000
v 0.385000 0.088000 -0.116000
v 0.388527 0.080000 -0.114854
v 0.388527 0.088000 -0.114854
v 0.390706 0.080000 -0.111854
v 0.390706 0.088000 -0.111854
v 0.390706 0.080000 -0.108146
v 0.390706 0.088000 -0.108146
v 0.388527 0.080000 -0.105146
v 0.388527 0.088000 -0.105146
v 0.385000 0.080000 -0.104000
v 0.385000 0.088000 -0.104000
v 0.381473 0.080000 -0.105146
v 0.381473 0.088000 -0.105146
v 0.379294 0.080000 -0.108146
v 0.379294 0.088000 -0.108146
v 0.379294 0.080000 -0.111854
v 0.379294 0.088000 -0.111854
v 0.381473 0.080000 -0.114854
v 0.381473 0.088000 -0.114854
vn -0.0000 -0.6437 -0.7653
vn -0.0000 0.6437 -0.7653
vn 0.4498 -0.6437 -0.6191
vn 0.4498 0.6437 -0.6191
vn 0.7278 -0.6437 -0.2365
vn 0.7278 0.6437 -0.2365
vn 0.7278 -0.6437 0.2365
vn 0.7278 0.6437 0.2365
vn 0.4498 -0.6437 0.6191
vn 0.4498 0.6437 0.6191
vn -0.0000 -0.6437 0.7653
vn -0.0000 0.6437 0.7653
vn -0.4498 -0.6437 0.6191
vn -0.4498 0.6437 0.6191
vn -0.7278 -0.6437 0.2365
vn -0.7278 0.6437 0.2365
vn -0.7278 -0.6437 -0.2365
vn -0.7278 0.6437 -0.2365
vn -0.4498 -0.6437 -0.6191
vn -0.4498 0.6437 -0.6191
vt 1.000000 0.500000
vt 1.000000 1.000000
vt 0.900000 1.000000
vt 0.900000 0.500000
vt 0.800000 1.000000
vt 0.800000 0.500000
vt 0.700000 1.000000
vt 0.700000 0.500000
vt 0.600000 1.000000
vt 0.600000 0.500000
vt 0.500000 1.000000
vt 0.500000 0.500000
vt 0.400000 1.000000
vt 0.400000 0.500000
vt 0.300000 1.000000
vt 0.300000 0.500000
vt 0.200000 1.000000
vt 0.200000 0.500000
vt 0.391068 0.444164
vt 0.250000 0.490000
vt 0.108932 0.444164
vt 0.021746 0.324164
vt 0.021746 0.175836
vt 0.108932 0.055836
vt 0.250000 0.010000
vt 0.391068 0.055836
vt 0.478254 0.175836
vt 0.478254 0.324164
vt 0.100000 1.000000
vt 0.100000 0.500000
vt -0.000000 1.000000
vt -0.000000 0.500000
vt 0.750000 0.490000
vt 0.891068 0.444164
vt 0.978254 0.324164
vt 0.978254 0.175836
vt 0.891068 0.055836
vt 0.750000 0.010000
vt 0.608932 0.055836
vt 0.521746 0.175836
vt 0.521746 0.324164
vt 0.608932 0.444164
s 1
usemtl M_Graphite
f 4205/8727/4193 4206/8728/4194 4208/8729/4196 4207/8730/4195
f 4207/8730/4195 4208/8729/4196 4210/8731/4198 4209/8732/4197
f 4209/8732/4197 4210/8731/4198 4212/8733/4200 4211/8734/4199
f 4211/8734/4199 4212/8733/4200 4214/8735/4202 4213/8736/4201
f 4213/8736/4201 4214/8735/4202 4216/8737/4204 4215/8738/4203
f 4215/8738/4203 4216/8737/4204 4218/8739/4206 4217/8740/4205
f 4217/8740/4205 4218/8739/4206 4220/8741/4208 4219/8742/4207
f 4219/8742/4207 4220/8741/4208 4222/8743/4210 4221/8744/4209
f 4208/8745/4196 4206/8746/4194 4224/8747/4212 4222/8748/4210 4220/8749/4208 4218/8750/4206 4216/8751/4204 4214/8752/4202 4212/8753/4200 4210/8754/4198
f 4221/8744/4209 4222/8743/4210 4224/8755/4212 4223/8756/4211
f 4223/8756/4211 4224/8755/4212 4206/8757/4194 4205/8758/4193
f 4205/8759/4193 4207/8760/4195 4209/8761/4197 4211/8762/4199 4213/8763/4201 4215/8764/4203 4217/8765/4205 4219/8766/4207 4221/8767/4209 4223/8768/4211
o Socket.204
v 0.430000 0.080000 -0.116000
v 0.430000 0.088000 -0.116000
v 0.433527 0.080000 -0.114854
v 0.433527 0.088000 -0.114854
v 0.435706 0.080000 -0.111854
v 0.435706 0.088000 -0.111854
v 0.435706 0.080000 -0.108146
v 0.435706 0.088000 -0.108146
v 0.433527 0.080000 -0.105146
v 0.433527 0.088000 -0.105146
v 0.430000 0.080000 -0.104000
v 0.430000 0.088000 -0.104000
v 0.426473 0.080000 -0.105146
v 0.426473 0.088000 -0.105146
v 0.424294 0.080000 -0.108146
v 0.424294 0.088000 -0.108146
v 0.424294 0.080000 -0.111854
v 0.424294 0.088000 -0.111854
v 0.426473 0.080000 -0.114854
v 0.426473 0.088000 -0.114854
vn -0.0000 -0.6437 -0.7653
vn -0.0000 0.6437 -0.7653
vn 0.4498 -0.6437 -0.6191
vn 0.4498 0.6437 -0.6191
vn 0.7278 -0.6437 -0.2365
vn 0.7278 0.6437 -0.2365
vn 0.7278 -0.6437 0.2365
vn 0.7278 0.6437 0.2365
vn 0.4498 -0.6437 0.6191
vn 0.4498 0.6437 0.6191
vn -0.0000 -0.6437 0.7653
vn -0.0000 0.6437 0.7653
vn -0.4498 -0.6437 0.6191
vn -0.4498 0.6437 0.6191
vn -0.7278 -0.6437 0.2365
vn -0.7278 0.6437 0.2365
vn -0.7278 -0.6437 -0.2365
vn -0.7278 0.6437 -0.2365
vn -0.4498 -0.6437 -0.6191
vn -0.4498 0.6437 -0.6191
vt 1.000000 0.500000
vt 1.000000 1.000000
vt 0.900000 1.000000
vt 0.900000 0.500000
vt 0.800000 1.000000
vt 0.800000 0.500000
vt 0.700000 1.000000
vt 0.700000 0.500000
vt 0.600000 1.000000
vt 0.600000 0.500000
vt 0.500000 1.000000
vt 0.500000 0.500000
vt 0.400000 1.000000
vt 0.400000 0.500000
vt 0.300000 1.000000
vt 0.300000 0.500000
vt 0.200000 1.000000
vt 0.200000 0.500000
vt 0.391068 0.444164
vt 0.250000 0.490000
vt 0.108932 0.444164
vt 0.021746 0.324164
vt 0.021746 0.175836
vt 0.108932 0.055836
vt 0.250000 0.010000
vt 0.391068 0.055836
vt 0.478254 0.175836
vt 0.478254 0.324164
vt 0.100000 1.000000
vt 0.100000 0.500000
vt -0.000000 1.000000
vt -0.000000 0.500000
vt 0.750000 0.490000
vt 0.891068 0.444164
vt 0.978254 0.324164
vt 0.978254 0.175836
vt 0.891068 0.055836
vt 0.750000 0.010000
vt 0.608932 0.055836
vt 0.521746 0.175836
vt 0.521746 0.324164
vt 0.608932 0.444164
s 1
usemtl M_Graphite
f 4225/8769/4213 4226/8770/4214 4228/8771/4216 4227/8772/4215
f 4227/8772/4215 4228/8771/4216 4230/8773/4218 4229/8774/4217
f 4229/8774/4217 4230/8773/4218 4232/8775/4220 4231/8776/4219
f 4231/8776/4219 4232/8775/4220 4234/8777/4222 4233/8778/4221
f 4233/8778/4221 4234/8777/4222 4236/8779/4224 4235/8780/4223
f 4235/8780/4223 4236/8779/4224 4238/8781/4226 4237/8782/4225
f 4237/8782/4225 4238/8781/4226 4240/8783/4228 4239/8784/4227
f 4239/8784/4227 4240/8783/4228 4242/8785/4230 4241/8786/4229
f 4228/8787/4216 4226/8788/4214 4244/8789/4232 4242/8790/4230 4240/8791/4228 4238/8792/4226 4236/8793/4224 4234/8794/4222 4232/8795/4220 4230/8796/4218
f 4241/8786/4229 4242/8785/4230 4244/8797/4232 4243/8798/4231
f 4243/8798/4231 4244/8797/4232 4226/8799/4214 4225/8800/4213
f 4225/8801/4213 4227/8802/4215 4229/8803/4217 4231/8804/4219 4233/8805/4221 4235/8806/4223 4237/8807/4225 4239/8808/4227 4241/8809/4229 4243/8810/4231
o Socket.205
v 0.475000 0.080000 -0.116000
v 0.475000 0.088000 -0.116000
v 0.478527 0.080000 -0.114854
v 0.478527 0.088000 -0.114854
v 0.480706 0.080000 -0.111854
v 0.480706 0.088000 -0.111854
v 0.480706 0.080000 -0.108146
v 0.480706 0.088000 -0.108146
v 0.478527 0.080000 -0.105146
v 0.478527 0.088000 -0.105146
v 0.475000 0.080000 -0.104000
v 0.475000 0.088000 -0.104000
v 0.471473 0.080000 -0.105146
v 0.471473 0.088000 -0.105146
v 0.469294 0.080000 -0.108146
v 0.469294 0.088000 -0.108146
v 0.469294 0.080000 -0.111854
v 0.469294 0.088000 -0.111854
v 0.471473 0.080000 -0.114854
v 0.471473 0.088000 -0.114854
vn -0.0000 -0.6437 -0.7653
vn -0.0000 0.6437 -0.7653
vn 0.4498 -0.6437 -0.6191
vn 0.4498 0.6437 -0.6191
vn 0.7278 -0.6437 -0.2365
vn 0.7278 0.6437 -0.2365
vn 0.7278 -0.6437 0.2365
vn 0.7278 0.6437 0.2365
vn 0.4498 -0.6437 0.6191
vn 0.4498 0.6437 0.6191
vn -0.0000 -0.6437 0.7653
vn -0.0000 0.6437 0.7653
vn -0.4498 -0.6437 0.6191
vn -0.4498 0.6437 0.6191
vn -0.7278 -0.6437 0.2365
vn -0.7278 0.6437 0.2365
vn -0.7278 -0.6437 -0.2365
vn -0.7278 0.6437 -0.2365
vn -0.4498 -0.6437 -0.6191
vn -0.4498 0.6437 -0.6191
vt 1.000000 0.500000
vt 1.000000 1.000000
vt 0.900000 1.000000
vt 0.900000 0.500000
vt 0.800000 1.000000
vt 0.800000 0.500000
vt 0.700000 1.000000
vt 0.700000 0.500000
vt 0.600000 1.000000
vt 0.600000 0.500000
vt 0.500000 1.000000
vt 0.500000 0.500000
vt 0.400000 1.000000
vt 0.400000 0.500000
vt 0.300000 1.000000
vt 0.300000 0.500000
vt 0.200000 1.000000
vt 0.200000 0.500000
vt 0.391068 0.444164
vt 0.250000 0.490000
vt 0.108932 0.444164
vt 0.021746 0.324164
vt 0.021746 0.175836
vt 0.108932 0.055836
vt 0.250000 0.010000
vt 0.391068 0.055836
vt 0.478254 0.175836
vt 0.478254 0.324164
vt 0.100000 1.000000
vt 0.100000 0.500000
vt -0.000000 1.000000
vt -0.000000 0.500000
vt 0.750000 0.490000
vt 0.891068 0.444164
vt 0.978254 0.324164
vt 0.978254 0.175836
vt 0.891068 0.055836
vt 0.750000 0.010000
vt 0.608932 0.055836
vt 0.521746 0.175836
vt 0.521746 0.324164
vt 0.608932 0.444164
s 1
usemtl M_Graphite
f 4245/8811/4233 4246/8812/4234 4248/8813/4236 4247/8814/4235
f 4247/8814/4235 4248/8813/4236 4250/8815/4238 4249/8816/4237
f 4249/8816/4237 4250/8815/4238 4252/8817/4240 4251/8818/4239
f 4251/8818/4239 4252/8817/4240 4254/8819/4242 4253/8820/4241
f 4253/8820/4241 4254/8819/4242 4256/8821/4244 4255/8822/4243
f 4255/8822/4243 4256/8821/4244 4258/8823/4246 4257/8824/4245
f 4257/8824/4245 4258/8823/4246 4260/8825/4248 4259/8826/4247
f 4259/8826/4247 4260/8825/4248 4262/8827/4250 4261/8828/4249
f 4248/8829/4236 4246/8830/4234 4264/8831/4252 4262/8832/4250 4260/8833/4248 4258/8834/4246 4256/8835/4244 4254/8836/4242 4252/8837/4240 4250/8838/4238
f 4261/8828/4249 4262/8827/4250 4264/8839/4252 4263/8840/4251
f 4263/8840/4251 4264/8839/4252 4246/8841/4234 4245/8842/4233
f 4245/8843/4233 4247/8844/4235 4249/8845/4237 4251/8846/4239 4253/8847/4241 4255/8848/4243 4257/8849/4245 4259/8850/4247 4261/8851/4249 4263/8852/4251
o Socket.206
v 0.520000 0.080000 -0.116000
v 0.520000 0.088000 -0.116000
v 0.523527 0.080000 -0.114854
v 0.523527 0.088000 -0.114854
v 0.525706 0.080000 -0.111854
v 0.525706 0.088000 -0.111854
v 0.525706 0.080000 -0.108146
v 0.525706 0.088000 -0.108146
v 0.523527 0.080000 -0.105146
v 0.523527 0.088000 -0.105146
v 0.520000 0.080000 -0.104000
v 0.520000 0.088000 -0.104000
v 0.516473 0.080000 -0.105146
v 0.516473 0.088000 -0.105146
v 0.514294 0.080000 -0.108146
v 0.514294 0.088000 -0.108146
v 0.514294 0.080000 -0.111854
v 0.514294 0.088000 -0.111854
v 0.516473 0.080000 -0.114854
v 0.516473 0.088000 -0.114854
vn -0.0000 -0.6437 -0.7653
vn -0.0000 0.6437 -0.7653
vn 0.4498 -0.6437 -0.6191
vn 0.4498 0.6437 -0.6191
vn 0.7278 -0.6437 -0.2365
vn 0.7278 0.6437 -0.2365
vn 0.7278 -0.6437 0.2365
vn 0.7278 0.6437 0.2365
vn 0.4498 -0.6437 0.6191
vn 0.4498 0.6437 0.6191
vn -0.0000 -0.6437 0.7653
vn -0.0000 0.6437 0.7653
vn -0.4498 -0.6437 0.6191
vn -0.4498 0.6437 0.6191
vn -0.7278 -0.6437 0.2365
vn -0.7278 0.6437 0.2365
vn -0.7278 -0.6437 -0.2365
vn -0.7278 0.6437 -0.2365
vn -0.4498 -0.6437 -0.6191
vn -0.4498 0.6437 -0.6191
vt 1.000000 0.500000
vt 1.000000 1.000000
vt 0.900000 1.000000
vt 0.900000 0.500000
vt 0.800000 1.000000
vt 0.800000 0.500000
vt 0.700000 1.000000
vt 0.700000 0.500000
vt 0.600000 1.000000
vt 0.600000 0.500000
vt 0.500000 1.000000
vt 0.500000 0.500000
vt 0.400000 1.000000
vt 0.400000 0.500000
vt 0.300000 1.000000
vt 0.300000 0.500000
vt 0.200000 1.000000
vt 0.200000 0.500000
vt 0.391068 0.444164
vt 0.250000 0.490000
vt 0.108932 0.444164
vt 0.021746 0.324164
vt 0.021746 0.175836
vt 0.108932 0.055836
vt 0.250000 0.010000
vt 0.391068 0.055836
vt 0.478254 0.175836
vt 0.478254 0.324164
vt 0.100000 1.000000
vt 0.100000 0.500000
vt -0.000000 1.000000
vt -0.000000 0.500000
vt 0.750000 0.490000
vt 0.891068 0.444164
vt 0.978254 0.324164
vt 0.978254 0.175836
vt 0.891068 0.055836
vt 0.750000 0.010000
vt 0.608932 0.055836
vt 0.521746 0.175836
vt 0.521746 0.324164
vt 0.608932 0.444164
s 1
usemtl M_Graphite
f 4265/8853/4253 4266/8854/4254 4268/8855/4256 4267/8856/4255
f 4267/8856/4255 4268/8855/4256 4270/8857/4258 4269/8858/4257
f 4269/8858/4257 4270/8857/4258 4272/8859/4260 4271/8860/4259
f 4271/8860/4259 4272/8859/4260 4274/8861/4262 4273/8862/4261
f 4273/8862/4261 4274/8861/4262 4276/8863/4264 4275/8864/4263
f 4275/8864/4263 4276/8863/4264 4278/8865/4266 4277/8866/4265
f 4277/8866/4265 4278/8865/4266 4280/8867/4268 4279/8868/4267
f 4279/8868/4267 4280/8867/4268 4282/8869/4270 4281/8870/4269
f 4268/8871/4256 4266/8872/4254 4284/8873/4272 4282/8874/4270 4280/8875/4268 4278/8876/4266 4276/8877/4264 4274/8878/4262 4272/8879/4260 4270/8880/4258
f 4281/8870/4269 4282/8869/4270 4284/8881/4272 4283/8882/4271
f 4283/8882/4271 4284/8881/4272 4266/8883/4254 4265/8884/4253
f 4265/8885/4253 4267/8886/4255 4269/8887/4257 4271/8888/4259 4273/8889/4261 4275/8890/4263 4277/8891/4265 4279/8892/4267 4281/8893/4269 4283/8894/4271
o Socket.207
v 0.565000 0.080000 -0.116000
v 0.565000 0.088000 -0.116000
v 0.568527 0.080000 -0.114854
v 0.568527 0.088000 -0.114854
v 0.570706 0.080000 -0.111854
v 0.570706 0.088000 -0.111854
v 0.570706 0.080000 -0.108146
v 0.570706 0.088000 -0.108146
v 0.568527 0.080000 -0.105146
v 0.568527 0.088000 -0.105146
v 0.565000 0.080000 -0.104000
v 0.565000 0.088000 -0.104000
v 0.561473 0.080000 -0.105146
v 0.561473 0.088000 -0.105146
v 0.559294 0.080000 -0.108146
v 0.559294 0.088000 -0.108146
v 0.559294 0.080000 -0.111854
v 0.559294 0.088000 -0.111854
v 0.561473 0.080000 -0.114854
v 0.561473 0.088000 -0.114854
vn -0.0000 -0.6437 -0.7653
vn -0.0000 0.6437 -0.7653
vn 0.4498 -0.6437 -0.6191
vn 0.4498 0.6437 -0.6191
vn 0.7278 -0.6437 -0.2365
vn 0.7278 0.6437 -0.2365
vn 0.7278 -0.6437 0.2365
vn 0.7278 0.6437 0.2365
vn 0.4498 -0.6437 0.6191
vn 0.4498 0.6437 0.6191
vn -0.0000 -0.6437 0.7653
vn -0.0000 0.6437 0.7653
vn -0.4498 -0.6437 0.6191
vn -0.4498 0.6437 0.6191
vn -0.7278 -0.6437 0.2365
vn -0.7278 0.6437 0.2365
vn -0.7278 -0.6437 -0.2365
vn -0.7278 0.6437 -0.2365
vn -0.4498 -0.6437 -0.6191
vn -0.4498 0.6437 -0.6191
vt 1.000000 0.500000
vt 1.000000 1.000000
vt 0.900000 1.000000
vt 0.900000 0.500000
vt 0.800000 1.000000
vt 0.800000 0.500000
vt 0.700000 1.000000
vt 0.700000 0.500000
vt 0.600000 1.000000
vt 0.600000 0.500000
vt 0.500000 1.000000
vt 0.500000 0.500000
vt 0.400000 1.000000
vt 0.400000 0.500000
vt 0.300000 1.000000
vt 0.300000 0.500000
vt 0.200000 1.000000
vt 0.200000 0.500000
vt 0.391068 0.444164
vt 0.250000 0.490000
vt 0.108932 0.444164
vt 0.021746 0.324164
vt 0.021746 0.175836
vt 0.108932 0.055836
vt 0.250000 0.010000
vt 0.391068 0.055836
vt 0.478254 0.175836
vt 0.478254 0.324164
vt 0.100000 1.000000
vt 0.100000 0.500000
vt -0.000000 1.000000
vt -0.000000 0.500000
vt 0.750000 0.490000
vt 0.891068 0.444164
vt 0.978254 0.324164
vt 0.978254 0.175836
vt 0.891068 0.055836
vt 0.750000 0.010000
vt 0.608932 0.055836
vt 0.521746 0.175836
vt 0.521746 0.324164
vt 0.608932 0.444164
s 1
usemtl M_Graphite
f 4285/8895/4273 4286/8896/4274 4288/8897/4276 4287/8898/4275
f 4287/8898/4275 4288/8897/4276 4290/8899/4278 4289/8900/4277
f 4289/8900/4277 4290/8899/4278 4292/8901/4280 4291/8902/4279
f 4291/8902/4279 4292/8901/4280 4294/8903/4282 4293/8904/4281
f 4293/8904/4281 4294/8903/4282 4296/8905/4284 4295/8906/4283
f 4295/8906/4283 4296/8905/4284 4298/8907/4286 4297/8908/4285
f 4297/8908/4285 4298/8907/4286 4300/8909/4288 4299/8910/4287
f 4299/8910/4287 4300/8909/4288 4302/8911/4290 4301/8912/4289
f 4288/8913/4276 4286/8914/4274 4304/8915/4292 4302/8916/4290 4300/8917/4288 4298/8918/4286 4296/8919/4284 4294/8920/4282 4292/8921/4280 4290/8922/4278
f 4301/8912/4289 4302/8911/4290 4304/8923/4292 4303/8924/4291
f 4303/8924/4291 4304/8923/4292 4286/8925/4274 4285/8926/4273
f 4285/8927/4273 4287/8928/4275 4289/8929/4277 4291/8930/4279 4293/8931/4281 4295/8932/4283 4297/8933/4285 4299/8934/4287 4301/8935/4289 4303/8936/4291
o Socket.208
v 0.610000 0.080000 -0.116000
v 0.610000 0.088000 -0.116000
v 0.613527 0.080000 -0.114854
v 0.613527 0.088000 -0.114854
v 0.615706 0.080000 -0.111854
v 0.615706 0.088000 -0.111854
v 0.615706 0.080000 -0.108146
v 0.615706 0.088000 -0.108146
v 0.613527 0.080000 -0.105146
v 0.613527 0.088000 -0.105146
v 0.610000 0.080000 -0.104000
v 0.610000 0.088000 -0.104000
v 0.606473 0.080000 -0.105146
v 0.606473 0.088000 -0.105146
v 0.604294 0.080000 -0.108146
v 0.604294 0.088000 -0.108146
v 0.604294 0.080000 -0.111854
v 0.604294 0.088000 -0.111854
v 0.606473 0.080000 -0.114854
v 0.606473 0.088000 -0.114854
vn -0.0000 -0.6437 -0.7653
vn -0.0000 0.6437 -0.7653
vn 0.4498 -0.6437 -0.6191
vn 0.4498 0.6437 -0.6191
vn 0.7278 -0.6437 -0.2365
vn 0.7278 0.6437 -0.2365
vn 0.7278 -0.6437 0.2365
vn 0.7278 0.6437 0.2365
vn 0.4498 -0.6437 0.6191
vn 0.4498 0.6437 0.6191
vn -0.0000 -0.6437 0.7653
vn -0.0000 0.6437 0.7653
vn -0.4498 -0.6437 0.6191
vn -0.4498 0.6437 0.6191
vn -0.7278 -0.6437 0.2365
vn -0.7278 0.6437 0.2365
vn -0.7278 -0.6437 -0.2365
vn -0.7278 0.6437 -0.2365
vn -0.4498 -0.6437 -0.6191
vn -0.4498 0.6437 -0.6191
vt 1.000000 0.500000
vt 1.000000 1.000000
vt 0.900000 1.000000
vt 0.900000 0.500000
vt 0.800000 1.000000
vt 0.800000 0.500000
vt 0.700000 1.000000
vt 0.700000 0.500000
vt 0.600000 1.000000
vt 0.600000 0.500000
vt 0.500000 1.000000
vt 0.500000 0.500000
vt 0.400000 1.000000
vt 0.400000 0.500000
vt 0.300000 1.000000
vt 0.300000 0.500000
vt 0.200000 1.000000
vt 0.200000 0.500000
vt 0.391068 0.444164
vt 0.250000 0.490000
vt 0.108932 0.444164
vt 0.021746 0.324164
vt 0.021746 0.175836
vt 0.108932 0.055836
vt 0.250000 0.010000
vt 0.391068 0.055836
vt 0.478254 0.175836
vt 0.478254 0.324164
vt 0.100000 1.000000
vt 0.100000 0.500000
vt -0.000000 1.000000
vt -0.000000 0.500000
vt 0.750000 0.490000
vt 0.891068 0.444164
vt 0.978254 0.324164
vt 0.978254 0.175836
vt 0.891068 0.055836
vt 0.750000 0.010000
vt 0.608932 0.055836
vt 0.521746 0.175836
vt 0.521746 0.324164
vt 0.608932 0.444164
s 1
usemtl M_Graphite
f 4305/8937/4293 4306/8938/4294 4308/8939/4296 4307/8940/4295
f 4307/8940/4295 4308/8939/4296 4310/8941/4298 4309/8942/4297
f 4309/8942/4297 4310/8941/4298 4312/8943/4300 4311/8944/4299
f 4311/8944/4299 4312/8943/4300 4314/8945/4302 4313/8946/4301
f 4313/8946/4301 4314/8945/4302 4316/8947/4304 4315/8948/4303
f 4315/8948/4303 4316/8947/4304 4318/8949/4306 4317/8950/4305
f 4317/8950/4305 4318/8949/4306 4320/8951/4308 4319/8952/4307
f 4319/8952/4307 4320/8951/4308 4322/8953/4310 4321/8954/4309
f 4308/8955/4296 4306/8956/4294 4324/8957/4312 4322/8958/4310 4320/8959/4308 4318/8960/4306 4316/8961/4304 4314/8962/4302 4312/8963/4300 4310/8964/4298
f 4321/8954/4309 4322/8953/4310 4324/8965/4312 4323/8966/4311
f 4323/8966/4311 4324/8965/4312 4306/8967/4294 4305/8968/4293
f 4305/8969/4293 4307/8970/4295 4309/8971/4297 4311/8972/4299 4313/8973/4301 4315/8974/4303 4317/8975/4305 4319/8976/4307 4321/8977/4309 4323/8978/4311
o Socket.209
v 0.655000 0.080000 -0.116000
v 0.655000 0.088000 -0.116000
v 0.658527 0.080000 -0.114854
v 0.658527 0.088000 -0.114854
v 0.660706 0.080000 -0.111854
v 0.660706 0.088000 -0.111854
v 0.660706 0.080000 -0.108146
v 0.660706 0.088000 -0.108146
v 0.658527 0.080000 -0.105146
v 0.658527 0.088000 -0.105146
v 0.655000 0.080000 -0.104000
v 0.655000 0.088000 -0.104000
v 0.651473 0.080000 -0.105146
v 0.651473 0.088000 -0.105146
v 0.649294 0.080000 -0.108146
v 0.649294 0.088000 -0.108146
v 0.649294 0.080000 -0.111854
v 0.649294 0.088000 -0.111854
v 0.651473 0.080000 -0.114854
v 0.651473 0.088000 -0.114854
vn -0.0000 -0.6437 -0.7653
vn -0.0000 0.6437 -0.7653
vn 0.4498 -0.6437 -0.6191
vn 0.4498 0.6437 -0.6191
vn 0.7278 -0.6437 -0.2365
vn 0.7278 0.6437 -0.2365
vn 0.7278 -0.6437 0.2365
vn 0.7278 0.6437 0.2365
vn 0.4498 -0.6437 0.6191
vn 0.4498 0.6437 0.6191
vn -0.0000 -0.6437 0.7653
vn -0.0000 0.6437 0.7653
vn -0.4498 -0.6437 0.6191
vn -0.4498 0.6437 0.6191
vn -0.7278 -0.6437 0.2365
vn -0.7278 0.6437 0.2365
vn -0.7278 -0.6437 -0.2365
vn -0.7278 0.6437 -0.2365
vn -0.4498 -0.6437 -0.6191
vn -0.4498 0.6437 -0.6191
vt 1.000000 0.500000
vt 1.000000 1.000000
vt 0.900000 1.000000
vt 0.900000 0.500000
vt 0.800000 1.000000
vt 0.800000 0.500000
vt 0.700000 1.000000
vt 0.700000 0.500000
vt 0.600000 1.000000
vt 0.600000 0.500000
vt 0.500000 1.000000
vt 0.500000 0.500000
vt 0.400000 1.000000
vt 0.400000 0.500000
vt 0.300000 1.000000
vt 0.300000 0.500000
vt 0.200000 1.000000
vt 0.200000 0.500000
vt 0.391068 0.444164
vt 0.250000 0.490000
vt 0.108932 0.444164
vt 0.021746 0.324164
vt 0.021746 0.175836
vt 0.108932 0.055836
vt 0.250000 0.010000
vt 0.391068 0.055836
vt 0.478254 0.175836
vt 0.478254 0.324164
vt 0.100000 1.000000
vt 0.100000 0.500000
vt -0.000000 1.000000
vt -0.000000 0.500000
vt 0.750000 0.490000
vt 0.891068 0.444164
vt 0.978254 0.324164
vt 0.978254 0.175836
vt 0.891068 0.055836
vt 0.750000 0.010000
vt 0.608932 0.055836
vt 0.521746 0.175836
vt 0.521746 0.324164
vt 0.608932 0.444164
s 1
usemtl M_Graphite
f 4325/8979/4313 4326/8980/4314 4328/8981/4316 4327/8982/4315
f 4327/8982/4315 4328/8981/4316 4330/8983/4318 4329/8984/4317
f 4329/8984/4317 4330/8983/4318 4332/8985/4320 4331/8986/4319
f 4331/8986/4319 4332/8985/4320 4334/8987/4322 4333/8988/4321
f 4333/8988/4321 4334/8987/4322 4336/8989/4324 4335/8990/4323
f 4335/8990/4323 4336/8989/4324 4338/8991/4326 4337/8992/4325
f 4337/8992/4325 4338/8991/4326 4340/8993/4328 4339/8994/4327
f 4339/8994/4327 4340/8993/4328 4342/8995/4330 4341/8996/4329
f 4328/8997/4316 4326/8998/4314 4344/8999/4332 4342/9000/4330 4340/9001/4328 4338/9002/4326 4336/9003/4324 4334/9004/4322 4332/9005/4320 4330/9006/4318
f 4341/8996/4329 4342/8995/4330 4344/9007/4332 4343/9008/4331
f 4343/9008/4331 4344/9007/4332 4326/9009/4314 4325/9010/4313
f 4325/9011/4313 4327/9012/4315 4329/9013/4317 4331/9014/4319 4333/9015/4321 4335/9016/4323 4337/9017/4325 4339/9018/4327 4341/9019/4329 4343/9020/4331
o Socket.210
v -0.650000 0.080000 -0.161000
v -0.650000 0.088000 -0.161000
v -0.646473 0.080000 -0.159854
v -0.646473 0.088000 -0.159854
v -0.644294 0.080000 -0.156854
v -0.644294 0.088000 -0.156854
v -0.644294 0.080000 -0.153146
v -0.644294 0.088000 -0.153146
v -0.646473 0.080000 -0.150146
v -0.646473 0.088000 -0.150146
v -0.650000 0.080000 -0.149000
v -0.650000 0.088000 -0.149000
v -0.653527 0.080000 -0.150146
v -0.653527 0.088000 -0.150146
v -0.655706 0.080000 -0.153146
v -0.655706 0.088000 -0.153146
v -0.655706 0.080000 -0.156854
v -0.655706 0.088000 -0.156854
v -0.653527 0.080000 -0.159854
v -0.653527 0.088000 -0.159854
vn -0.0000 -0.6437 -0.7653
vn -0.0000 0.6437 -0.7653
vn 0.4498 -0.6437 -0.6191
vn 0.4498 0.6437 -0.6191
vn 0.7278 -0.6437 -0.2365
vn 0.7278 0.6437 -0.2365
vn 0.7278 -0.6437 0.2365
vn 0.7278 0.6437 0.2365
vn 0.4498 -0.6437 0.6191
vn 0.4498 0.6437 0.6191
vn -0.0000 -0.6437 0.7653
vn -0.0000 0.6437 0.7653
vn -0.4498 -0.6437 0.6191
vn -0.4498 0.6437 0.6191
vn -0.7278 -0.6437 0.2365
vn -0.7278 0.6437 0.2365
vn -0.7278 -0.6437 -0.2365
vn -0.7278 0.6437 -0.2365
vn -0.4498 -0.6437 -0.6191
vn -0.4498 0.6437 -0.6191
vt 1.000000 0.500000
vt 1.000000 1.000000
vt 0.900000 1.000000
vt 0.900000 0.500000
vt 0.800000 1.000000
vt 0.800000 0.500000
vt 0.700000 1.000000
vt 0.700000 0.500000
vt 0.600000 1.000000
vt 0.600000 0.500000
vt 0.500000 1.000000
vt 0.500000 0.500000
vt 0.400000 1.000000
vt 0.400000 0.500000
vt 0.300000 1.000000
vt 0.300000 0.500000
vt 0.200000 1.000000
vt 0.200000 0.500000
vt 0.391068 0.444164
vt 0.250000 0.490000
vt 0.108932 0.444164
vt 0.021746 0.324164
vt 0.021746 0.175836
vt 0.108932 0.055836
vt 0.250000 0.010000
vt 0.391068 0.055836
vt 0.478254 0.175836
vt 0.478254 0.324164
vt 0.100000 1.000000
vt 0.100000 0.500000
vt -0.000000 1.000000
vt -0.000000 0.500000
vt 0.750000 0.490000
vt 0.891068 0.444164
vt 0.978254 0.324164
vt 0.978254 0.175836
vt 0.891068 0.055836
vt 0.750000 0.010000
vt 0.608932 0.055836
vt 0.521746 0.175836
vt 0.521746 0.324164
vt 0.608932 0.444164
s 1
usemtl M_Graphite
f 4345/9021/4333 4346/9022/4334 4348/9023/4336 4347/9024/4335
f 4347/9024/4335 4348/9023/4336 4350/9025/4338 4349/9026/4337
f 4349/9026/4337 4350/9025/4338 4352/9027/4340 4351/9028/4339
f 4351/9028/4339 4352/9027/4340 4354/9029/4342 4353/9030/4341
f 4353/9030/4341 4354/9029/4342 4356/9031/4344 4355/9032/4343
f 4355/9032/4343 4356/9031/4344 4358/9033/4346 4357/9034/4345
f 4357/9034/4345 4358/9033/4346 4360/9035/4348 4359/9036/4347
f 4359/9036/4347 4360/9035/4348 4362/9037/4350 4361/9038/4349
f 4348/9039/4336 4346/9040/4334 4364/9041/4352 4362/9042/4350 4360/9043/4348 4358/9044/4346 4356/9045/4344 4354/9046/4342 4352/9047/4340 4350/9048/4338
f 4361/9038/4349 4362/9037/4350 4364/9049/4352 4363/9050/4351
f 4363/9050/4351 4364/9049/4352 4346/9051/4334 4345/9052/4333
f 4345/9053/4333 4347/9054/4335 4349/9055/4337 4351/9056/4339 4353/9057/4341 4355/9058/4343 4357/9059/4345 4359/9060/4347 4361/9061/4349 4363/9062/4351
o Socket.211
v -0.605000 0.080000 -0.161000
v -0.605000 0.088000 -0.161000
v -0.601473 0.080000 -0.159854
v -0.601473 0.088000 -0.159854
v -0.599294 0.080000 -0.156854
v -0.599294 0.088000 -0.156854
v -0.599294 0.080000 -0.153146
v -0.599294 0.088000 -0.153146
v -0.601473 0.080000 -0.150146
v -0.601473 0.088000 -0.150146
v -0.605000 0.080000 -0.149000
v -0.605000 0.088000 -0.149000
v -0.608527 0.080000 -0.150146
v -0.608527 0.088000 -0.150146
v -0.610706 0.080000 -0.153146
v -0.610706 0.088000 -0.153146
v -0.610706 0.080000 -0.156854
v -0.610706 0.088000 -0.156854
v -0.608527 0.080000 -0.159854
v -0.608527 0.088000 -0.159854
vn -0.0000 -0.6437 -0.7653
vn -0.0000 0.6437 -0.7653
vn 0.4498 -0.6437 -0.6191
vn 0.4498 0.6437 -0.6191
vn 0.7278 -0.6437 -0.2365
vn 0.7278 0.6437 -0.2365
vn 0.7278 -0.6437 0.2365
vn 0.7278 0.6437 0.2365
vn 0.4498 -0.6437 0.6191
vn 0.4498 0.6437 0.6191
vn -0.0000 -0.6437 0.7653
vn -0.0000 0.6437 0.7653
vn -0.4498 -0.6437 0.6191
vn -0.4498 0.6437 0.6191
vn -0.7278 -0.6437 0.2365
vn -0.7278 0.6437 0.2365
vn -0.7278 -0.6437 -0.2365
vn -0.7278 0.6437 -0.2365
vn -0.4498 -0.6437 -0.6191
vn -0.4498 0.6437 -0.6191
vt 1.000000 0.500000
vt 1.000000 1.000000
vt 0.900000 1.000000
vt 0.900000 0.500000
vt 0.800000 1.000000
vt 0.800000 0.500000
vt 0.700000 1.000000
vt 0.700000 0.500000
vt 0.600000 1.000000
vt 0.600000 0.500000
vt 0.500000 1.000000
vt 0.500000 0.500000
vt 0.400000 1.000000
vt 0.400000 0.500000
vt 0.300000 1.000000
vt 0.300000 0.500000
vt 0.200000 1.000000
vt 0.200000 0.500000
vt 0.391068 0.444164
vt 0.250000 0.490000
vt 0.108932 0.444164
vt 0.021746 0.324164
vt 0.021746 0.175836
vt 0.108932 0.055836
vt 0.250000 0.010000
vt 0.391068 0.055836
vt 0.478254 0.175836
vt 0.478254 0.324164
vt 0.100000 1.000000
vt 0.100000 0.500000
vt -0.000000 1.000000
vt -0.000000 0.500000
vt 0.750000 0.490000
vt 0.891068 0.444164
vt 0.978254 0.324164
vt 0.978254 0.175836
vt 0.891068 0.055836
vt 0.750000 0.010000
vt 0.608932 0.055836
vt 0.521746 0.175836
vt 0.521746 0.324164
vt 0.608932 0.444164
s 1
usemtl M_Graphite
f 4365/9063/4353 4366/9064/4354 4368/9065/4356 4367/9066/4355
f 4367/9066/4355 4368/9065/4356 4370/9067/4358 4369/9068/4357
f 4369/9068/4357 4370/9067/4358 4372/9069/4360 4371/9070/4359
f 4371/9070/4359 4372/9069/4360 4374/9071/4362 4373/9072/4361
f 4373/9072/4361 4374/9071/4362 4376/9073/4364 4375/9074/4363
f 4375/9074/4363 4376/9073/4364 4378/9075/4366 4377/9076/4365
f 4377/9076/4365 4378/9075/4366 4380/9077/4368 4379/9078/4367
f 4379/9078/4367 4380/9077/4368 4382/9079/4370 4381/9080/4369
f 4368/9081/4356 4366/9082/4354 4384/9083/4372 4382/9084/4370 4380/9085/4368 4378/9086/4366 4376/9087/4364 4374/9088/4362 4372/9089/4360 4370/9090/4358
f 4381/9080/4369 4382/9079/4370 4384/9091/4372 4383/9092/4371
f 4383/9092/4371 4384/9091/4372 4366/9093/4354 4365/9094/4353
f 4365/9095/4353 4367/9096/4355 4369/9097/4357 4371/9098/4359 4373/9099/4361 4375/9100/4363 4377/9101/4365 4379/9102/4367 4381/9103/4369 4383/9104/4371
o Socket.212
v -0.560000 0.080000 -0.161000
v -0.560000 0.088000 -0.161000
v -0.556473 0.080000 -0.159854
v -0.556473 0.088000 -0.159854
v -0.554294 0.080000 -0.156854
v -0.554294 0.088000 -0.156854
v -0.554294 0.080000 -0.153146
v -0.554294 0.088000 -0.153146
v -0.556473 0.080000 -0.150146
v -0.556473 0.088000 -0.150146
v -0.560000 0.080000 -0.149000
v -0.560000 0.088000 -0.149000
v -0.563527 0.080000 -0.150146
v -0.563527 0.088000 -0.150146
v -0.565706 0.080000 -0.153146
v -0.565706 0.088000 -0.153146
v -0.565706 0.080000 -0.156854
v -0.565706 0.088000 -0.156854
v -0.563527 0.080000 -0.159854
v -0.563527 0.088000 -0.159854
vn -0.0000 -0.6437 -0.7653
vn -0.0000 0.6437 -0.7653
vn 0.4498 -0.6437 -0.6191
vn 0.4498 0.6437 -0.6191
vn 0.7278 -0.6437 -0.2365
vn 0.7278 0.6437 -0.2365
vn 0.7278 -0.6437 0.2365
vn 0.7278 0.6437 0.2365
vn 0.4498 -0.6437 0.6191
vn 0.4498 0.6437 0.6191
vn -0.0000 -0.6437 0.7653
vn -0.0000 0.6437 0.7653
vn -0.4498 -0.6437 0.6191
vn -0.4498 0.6437 0.6191
vn -0.7278 -0.6437 0.2365
vn -0.7278 0.6437 0.2365
vn -0.7278 -0.6437 -0.2365
vn -0.7278 0.6437 -0.2365
vn -0.4498 -0.6437 -0.6191
vn -0.4498 0.6437 -0.6191
vt 1.000000 0.500000
vt 1.000000 1.000000
vt 0.900000 1.000000
vt 0.900000 0.500000
vt 0.800000 1.000000
vt 0.800000 0.500000
vt 0.700000 1.000000
vt 0.700000 0.500000
vt 0.600000 1.000000
vt 0.600000 0.500000
vt 0.500000 1.000000
vt 0.500000 0.500000
vt 0.400000 1.000000
vt 0.400000 0.500000
vt 0.300000 1.000000
vt 0.300000 0.500000
vt 0.200000 1.000000
vt 0.200000 0.500000
vt 0.391068 0.444164
vt 0.250000 0.490000
vt 0.108932 0.444164
vt 0.021746 0.324164
vt 0.021746 0.175836
vt 0.108932 0.055836
vt 0.250000 0.010000
vt 0.391068 0.055836
vt 0.478254 0.175836
vt 0.478254 0.324164
vt 0.100000 1.000000
vt 0.100000 0.500000
vt -0.000000 1.000000
vt -0.000000 0.500000
vt 0.750000 0.490000
vt 0.891068 0.444164
vt 0.978254 0.324164
vt 0.978254 0.175836
vt 0.891068 0.055836
vt 0.750000 0.010000
vt 0.608932 0.055836
vt 0.521746 0.175836
vt 0.521746 0.324164
vt 0.608932 0.444164
s 1
usemtl M_Graphite
f 4385/9105/4373 4386/9106/4374 4388/9107/4376 4387/9108/4375
f 4387/9108/4375 4388/9107/4376 4390/9109/4378 4389/9110/4377
f 4389/9110/4377 4390/9109/4378 4392/9111/4380 4391/9112/4379
f 4391/9112/4379 4392/9111/4380 4394/9113/4382 4393/9114/4381
f 4393/9114/4381 4394/9113/4382 4396/9115/4384 4395/9116/4383
f 4395/9116/4383 4396/9115/4384 4398/9117/4386 4397/9118/4385
f 4397/9118/4385 4398/9117/4386 4400/9119/4388 4399/9120/4387
f 4399/9120/4387 4400/9119/4388 4402/9121/4390 4401/9122/4389
f 4388/9123/4376 4386/9124/4374 4404/9125/4392 4402/9126/4390 4400/9127/4388 4398/9128/4386 4396/9129/4384 4394/9130/4382 4392/9131/4380 4390/9132/4378
f 4401/9122/4389 4402/9121/4390 4404/9133/4392 4403/9134/4391
f 4403/9134/4391 4404/9133/4392 4386/9135/4374 4385/9136/4373
f 4385/9137/4373 4387/9138/4375 4389/9139/4377 4391/9140/4379 4393/9141/4381 4395/9142/4383 4397/9143/4385 4399/9144/4387 4401/9145/4389 4403/9146/4391
o Socket.213
v -0.515000 0.080000 -0.161000
v -0.515000 0.088000 -0.161000
v -0.511473 0.080000 -0.159854
v -0.511473 0.088000 -0.159854
v -0.509294 0.080000 -0.156854
v -0.509294 0.088000 -0.156854
v -0.509294 0.080000 -0.153146
v -0.509294 0.088000 -0.153146
v -0.511473 0.080000 -0.150146
v -0.511473 0.088000 -0.150146
v -0.515000 0.080000 -0.149000
v -0.515000 0.088000 -0.149000
v -0.518527 0.080000 -0.150146
v -0.518527 0.088000 -0.150146
v -0.520706 0.080000 -0.153146
v -0.520706 0.088000 -0.153146
v -0.520706 0.080000 -0.156854
v -0.520706 0.088000 -0.156854
v -0.518527 0.080000 -0.159854
v -0.518527 0.088000 -0.159854
vn -0.0000 -0.6437 -0.7653
vn -0.0000 0.6437 -0.7653
vn 0.4498 -0.6437 -0.6191
vn 0.4498 0.6437 -0.6191
vn 0.7278 -0.6437 -0.2365
vn 0.7278 0.6437 -0.2365
vn 0.7278 -0.6437 0.2365
vn 0.7278 0.6437 0.2365
vn 0.4498 -0.6437 0.6191
vn 0.4498 0.6437 0.6191
vn -0.0000 -0.6437 0.7653
vn -0.0000 0.6437 0.7653
vn -0.4498 -0.6437 0.6191
vn -0.4498 0.6437 0.6191
vn -0.7278 -0.6437 0.2365
vn -0.7278 0.6437 0.2365
vn -0.7278 -0.6437 -0.2365
vn -0.7278 0.6437 -0.2365
vn -0.4498 -0.6437 -0.6191
vn -0.4498 0.6437 -0.6191
vt 1.000000 0.500000
vt 1.000000 1.000000
vt 0.900000 1.000000
vt 0.900000 0.500000
vt 0.800000 1.000000
vt 0.800000 0.500000
vt 0.700000 1.000000
vt 0.700000 0.500000
vt 0.600000 1.000000
vt 0.600000 0.500000
vt 0.500000 1.000000
vt 0.500000 0.500000
vt 0.400000 1.000000
vt 0.400000 0.500000
vt 0.300000 1.000000
vt 0.300000 0.500000
vt 0.200000 1.000000
vt 0.200000 0.500000
vt 0.391068 0.444164
vt 0.250000 0.490000
vt 0.108932 0.444164
vt 0.021746 0.324164
vt 0.021746 0.175836
vt 0.108932 0.055836
vt 0.250000 0.010000
vt 0.391068 0.055836
vt 0.478254 0.175836
vt 0.478254 0.324164
vt 0.100000 1.000000
vt 0.100000 0.500000
vt -0.000000 1.000000
vt -0.000000 0.500000
vt 0.750000 0.490000
vt 0.891068 0.444164
vt 0.978254 0.324164
vt 0.978254 0.175836
vt 0.891068 0.055836
vt 0.750000 0.010000
vt 0.608932 0.055836
vt 0.521746 0.175836
vt 0.521746 0.324164
vt 0.608932 0.444164
s 1
usemtl M_Graphite
f 4405/9147/4393 4406/9148/4394 4408/9149/4396 4407/9150/4395
f 4407/9150/4395 4408/9149/4396 4410/9151/4398 4409/9152/4397
f 4409/9152/4397 4410/9151/4398 4412/9153/4400 4411/9154/4399
f 4411/9154/4399 4412/9153/4400 4414/9155/4402 4413/9156/4401
f 4413/9156/4401 4414/9155/4402 4416/9157/4404 4415/9158/4403
f 4415/9158/4403 4416/9157/4404 4418/9159/4406 4417/9160/4405
f 4417/9160/4405 4418/9159/4406 4420/9161/4408 4419/9162/4407
f 4419/9162/4407 4420/9161/4408 4422/9163/4410 4421/9164/4409
f 4408/9165/4396 4406/9166/4394 4424/9167/4412 4422/9168/4410 4420/9169/4408 4418/9170/4406 4416/9171/4404 4414/9172/4402 4412/9173/4400 4410/9174/4398
f 4421/9164/4409 4422/9163/4410 4424/9175/4412 4423/9176/4411
f 4423/9176/4411 4424/9175/4412 4406/9177/4394 4405/9178/4393
f 4405/9179/4393 4407/9180/4395 4409/9181/4397 4411/9182/4399 4413/9183/4401 4415/9184/4403 4417/9185/4405 4419/9186/4407 4421/9187/4409 4423/9188/4411
o Socket.214
v -0.470000 0.080000 -0.161000
v -0.470000 0.088000 -0.161000
v -0.466473 0.080000 -0.159854
v -0.466473 0.088000 -0.159854
v -0.464294 0.080000 -0.156854
v -0.464294 0.088000 -0.156854
v -0.464294 0.080000 -0.153146
v -0.464294 0.088000 -0.153146
v -0.466473 0.080000 -0.150146
v -0.466473 0.088000 -0.150146
v -0.470000 0.080000 -0.149000
v -0.470000 0.088000 -0.149000
v -0.473527 0.080000 -0.150146
v -0.473527 0.088000 -0.150146
v -0.475706 0.080000 -0.153146
v -0.475706 0.088000 -0.153146
v -0.475706 0.080000 -0.156854
v -0.475706 0.088000 -0.156854
v -0.473527 0.080000 -0.159854
v -0.473527 0.088000 -0.159854
vn -0.0000 -0.6437 -0.7653
vn -0.0000 0.6437 -0.7653
vn 0.4498 -0.6437 -0.6191
vn 0.4498 0.6437 -0.6191
vn 0.7278 -0.6437 -0.2365
vn 0.7278 0.6437 -0.2365
vn 0.7278 -0.6437 0.2365
vn 0.7278 0.6437 0.2365
vn 0.4498 -0.6437 0.6191
vn 0.4498 0.6437 0.6191
vn -0.0000 -0.6437 0.7653
vn -0.0000 0.6437 0.7653
vn -0.4498 -0.6437 0.6191
vn -0.4498 0.6437 0.6191
vn -0.7278 -0.6437 0.2365
vn -0.7278 0.6437 0.2365
vn -0.7278 -0.6437 -0.2365
vn -0.7278 0.6437 -0.2365
vn -0.4498 -0.6437 -0.6191
vn -0.4498 0.6437 -0.6191
vt 1.000000 0.500000
vt 1.000000 1.000000
vt 0.900000 1.000000
vt 0.900000 0.500000
vt 0.800000 1.000000
vt 0.800000 0.500000
vt 0.700000 1.000000
vt 0.700000 0.500000
vt 0.600000 1.000000
vt 0.600000 0.500000
vt 0.500000 1.000000
vt 0.500000 0.500000
vt 0.400000 1.000000
vt 0.400000 0.500000
vt 0.300000 1.000000
vt 0.300000 0.500000
vt 0.200000 1.000000
vt 0.200000 0.500000
vt 0.391068 0.444164
vt 0.250000 0.490000
vt 0.108932 0.444164
vt 0.021746 0.324164
vt 0.021746 0.175836
vt 0.108932 0.055836
vt 0.250000 0.010000
vt 0.391068 0.055836
vt 0.478254 0.175836
vt 0.478254 0.324164
vt 0.100000 1.000000
vt 0.100000 0.500000
vt -0.000000 1.000000
vt -0.000000 0.500000
vt 0.750000 0.490000
vt 0.891068 0.444164
vt 0.978254 0.324164
vt 0.978254 0.175836
vt 0.891068 0.055836
vt 0.750000 0.010000
vt 0.608932 0.055836
vt 0.521746 0.175836
vt 0.521746 0.324164
vt 0.608932 0.444164
s 1
usemtl M_Graphite
f 4425/9189/4413 4426/9190/4414 4428/9191/4416 4427/9192/4415
f 4427/9192/4415 4428/9191/4416 4430/9193/4418 4429/9194/4417
f 4429/9194/4417 4430/9193/4418 4432/9195/4420 4431/9196/4419
f 4431/9196/4419 4432/9195/4420 4434/9197/4422 4433/9198/4421
f 4433/9198/4421 4434/9197/4422 4436/9199/4424 4435/9200/4423
f 4435/9200/4423 4436/9199/4424 4438/9201/4426 4437/9202/4425
f 4437/9202/4425 4438/9201/4426 4440/9203/4428 4439/9204/4427
f 4439/9204/4427 4440/9203/4428 4442/9205/4430 4441/9206/4429
f 4428/9207/4416 4426/9208/4414 4444/9209/4432 4442/9210/4430 4440/9211/4428 4438/9212/4426 4436/9213/4424 4434/9214/4422 4432/9215/4420 4430/9216/4418
f 4441/9206/4429 4442/9205/4430 4444/9217/4432 4443/9218/4431
f 4443/9218/4431 4444/9217/4432 4426/9219/4414 4425/9220/4413
f 4425/9221/4413 4427/9222/4415 4429/9223/4417 4431/9224/4419 4433/9225/4421 4435/9226/4423 4437/9227/4425 4439/9228/4427 4441/9229/4429 4443/9230/4431
o Socket.215
v -0.425000 0.080000 -0.161000
v -0.425000 0.088000 -0.161000
v -0.421473 0.080000 -0.159854
v -0.421473 0.088000 -0.159854
v -0.419294 0.080000 -0.156854
v -0.419294 0.088000 -0.156854
v -0.419294 0.080000 -0.153146
v -0.419294 0.088000 -0.153146
v -0.421473 0.080000 -0.150146
v -0.421473 0.088000 -0.150146
v -0.425000 0.080000 -0.149000
v -0.425000 0.088000 -0.149000
v -0.428527 0.080000 -0.150146
v -0.428527 0.088000 -0.150146
v -0.430706 0.080000 -0.153146
v -0.430706 0.088000 -0.153146
v -0.430706 0.080000 -0.156854
v -0.430706 0.088000 -0.156854
v -0.428527 0.080000 -0.159854
v -0.428527 0.088000 -0.159854
vn -0.0000 -0.6437 -0.7653
vn -0.0000 0.6437 -0.7653
vn 0.4498 -0.6437 -0.6191
vn 0.4498 0.6437 -0.6191
vn 0.7278 -0.6437 -0.2365
vn 0.7278 0.6437 -0.2365
vn 0.7278 -0.6437 0.2365
vn 0.7278 0.6437 0.2365
vn 0.4498 -0.6437 0.6191
vn 0.4498 0.6437 0.6191
vn -0.0000 -0.6437 0.7653
vn -0.0000 0.6437 0.7653
vn -0.4498 -0.6437 0.6191
vn -0.4498 0.6437 0.6191
vn -0.7278 -0.6437 0.2365
vn -0.7278 0.6437 0.2365
vn -0.7278 -0.6437 -0.2365
vn -0.7278 0.6437 -0.2365
vn -0.4498 -0.6437 -0.6191
vn -0.4498 0.6437 -0.6191
vt 1.000000 0.500000
vt 1.000000 1.000000
vt 0.900000 1.000000
vt 0.900000 0.500000
vt 0.800000 1.000000
vt 0.800000 0.500000
vt 0.700000 1.000000
vt 0.700000 0.500000
vt 0.600000 1.000000
vt 0.600000 0.500000
vt 0.500000 1.000000
vt 0.500000 0.500000
vt 0.400000 1.000000
vt 0.400000 0.500000
vt 0.300000 1.000000
vt 0.300000 0.500000
vt 0.200000 1.000000
vt 0.200000 0.500000
vt 0.391068 0.444164
vt 0.250000 0.490000
vt 0.108932 0.444164
vt 0.021746 0.324164
vt 0.021746 0.175836
vt 0.108932 0.055836
vt 0.250000 0.010000
vt 0.391068 0.055836
vt 0.478254 0.175836
vt 0.478254 0.324164
vt 0.100000 1.000000
vt 0.100000 0.500000
vt -0.000000 1.000000
vt -0.000000 0.500000
vt 0.750000 0.490000
vt 0.891068 0.444164
vt 0.978254 0.324164
vt 0.978254 0.175836
vt 0.891068 0.055836
vt 0.750000 0.010000
vt 0.608932 0.055836
vt 0.521746 0.175836
vt 0.521746 0.324164
vt 0.608932 0.444164
s 1
usemtl M_Graphite
f 4445/9231/4433 4446/9232/4434 4448/9233/4436 4447/9234/4435
f 4447/9234/4435 4448/9233/4436 4450/9235/4438 4449/9236/4437
f 4449/9236/4437 4450/9235/4438 4452/9237/4440 4451/9238/4439
f 4451/9238/4439 4452/9237/4440 4454/9239/4442 4453/9240/4441
f 4453/9240/4441 4454/9239/4442 4456/9241/4444 4455/9242/4443
f 4455/9242/4443 4456/9241/4444 4458/9243/4446 4457/9244/4445
f 4457/9244/4445 4458/9243/4446 4460/9245/4448 4459/9246/4447
f 4459/9246/4447 4460/9245/4448 4462/9247/4450 4461/9248/4449
f 4448/9249/4436 4446/9250/4434 4464/9251/4452 4462/9252/4450 4460/9253/4448 4458/9254/4446 4456/9255/4444 4454/9256/4442 4452/9257/4440 4450/9258/4438
f 4461/9248/4449 4462/9247/4450 4464/9259/4452 4463/9260/4451
f 4463/9260/4451 4464/9259/4452 4446/9261/4434 4445/9262/4433
f 4445/9263/4433 4447/9264/4435 4449/9265/4437 4451/9266/4439 4453/9267/4441 4455/9268/4443 4457/9269/4445 4459/9270/4447 4461/9271/4449 4463/9272/4451
o Socket.216
v -0.380000 0.080000 -0.161000
v -0.380000 0.088000 -0.161000
v -0.376473 0.080000 -0.159854
v -0.376473 0.088000 -0.159854
v -0.374294 0.080000 -0.156854
v -0.374294 0.088000 -0.156854
v -0.374294 0.080000 -0.153146
v -0.374294 0.088000 -0.153146
v -0.376473 0.080000 -0.150146
v -0.376473 0.088000 -0.150146
v -0.380000 0.080000 -0.149000
v -0.380000 0.088000 -0.149000
v -0.383527 0.080000 -0.150146
v -0.383527 0.088000 -0.150146
v -0.385706 0.080000 -0.153146
v -0.385706 0.088000 -0.153146
v -0.385706 0.080000 -0.156854
v -0.385706 0.088000 -0.156854
v -0.383527 0.080000 -0.159854
v -0.383527 0.088000 -0.159854
vn -0.0000 -0.6437 -0.7653
vn -0.0000 0.6437 -0.7653
vn 0.4498 -0.6437 -0.6191
vn 0.4498 0.6437 -0.6191
vn 0.7278 -0.6437 -0.2365
vn 0.7278 0.6437 -0.2365
vn 0.7278 -0.6437 0.2365
vn 0.7278 0.6437 0.2365
vn 0.4498 -0.6437 0.6191
vn 0.4498 0.6437 0.6191
vn -0.0000 -0.6437 0.7653
vn -0.0000 0.6437 0.7653
vn -0.4498 -0.6437 0.6191
vn -0.4498 0.6437 0.6191
vn -0.7278 -0.6437 0.2365
vn -0.7278 0.6437 0.2365
vn -0.7278 -0.6437 -0.2365
vn -0.7278 0.6437 -0.2365
vn -0.4498 -0.6437 -0.6191
vn -0.4498 0.6437 -0.6191
vt 1.000000 0.500000
vt 1.000000 1.000000
vt 0.900000 1.000000
vt 0.900000 0.500000
vt 0.800000 1.000000
vt 0.800000 0.500000
vt 0.700000 1.000000
vt 0.700000 0.500000
vt 0.600000 1.000000
vt 0.600000 0.500000
vt 0.500000 1.000000
vt 0.500000 0.500000
vt 0.400000 1.000000
vt 0.400000 0.500000
vt 0.300000 1.000000
vt 0.300000 0.500000
vt 0.200000 1.000000
vt 0.200000 0.500000
vt 0.391068 0.444164
vt 0.250000 0.490000
vt 0.108932 0.444164
vt 0.021746 0.324164
vt 0.021746 0.175836
vt 0.108932 0.055836
vt 0.250000 0.010000
vt 0.391068 0.055836
vt 0.478254 0.175836
vt 0.478254 0.324164
vt 0.100000 1.000000
vt 0.100000 0.500000
vt -0.000000 1.000000
vt -0.000000 0.500000
vt 0.750000 0.490000
vt 0.891068 0.444164
vt 0.978254 0.324164
vt 0.978254 0.175836
vt 0.891068 0.055836
vt 0.750000 0.010000
vt 0.608932 0.055836
vt 0.521746 0.175836
vt 0.521746 0.324164
vt 0.608932 0.444164
s 1
usemtl M_Graphite
f 4465/9273/4453 4466/9274/4454 4468/9275/4456 4467/9276/4455
f 4467/9276/4455 4468/9275/4456 4470/9277/4458 4469/9278/4457
f 4469/9278/4457 4470/9277/4458 4472/9279/4460 4471/9280/4459
f 4471/9280/4459 4472/9279/4460 4474/9281/4462 4473/9282/4461
f 4473/9282/4461 4474/9281/4462 4476/9283/4464 4475/9284/4463
f 4475/9284/4463 4476/9283/4464 4478/9285/4466 4477/9286/4465
f 4477/9286/4465 4478/9285/4466 4480/9287/4468 4479/9288/4467
f 4479/9288/4467 4480/9287/4468 4482/9289/4470 4481/9290/4469
f 4468/9291/4456 4466/9292/4454 4484/9293/4472 4482/9294/4470 4480/9295/4468 4478/9296/4466 4476/9297/4464 4474/9298/4462 4472/9299/4460 4470/9300/4458
f 4481/9290/4469 4482/9289/4470 4484/9301/4472 4483/9302/4471
f 4483/9302/4471 4484/9301/4472 4466/9303/4454 4465/9304/4453
f 4465/9305/4453 4467/9306/4455 4469/9307/4457 4471/9308/4459 4473/9309/4461 4475/9310/4463 4477/9311/4465 4479/9312/4467 4481/9313/4469 4483/9314/4471
o Socket.217
v -0.335000 0.080000 -0.161000
v -0.335000 0.088000 -0.161000
v -0.331473 0.080000 -0.159854
v -0.331473 0.088000 -0.159854
v -0.329294 0.080000 -0.156854
v -0.329294 0.088000 -0.156854
v -0.329294 0.080000 -0.153146
v -0.329294 0.088000 -0.153146
v -0.331473 0.080000 -0.150146
v -0.331473 0.088000 -0.150146
v -0.335000 0.080000 -0.149000
v -0.335000 0.088000 -0.149000
v -0.338527 0.080000 -0.150146
v -0.338527 0.088000 -0.150146
v -0.340706 0.080000 -0.153146
v -0.340706 0.088000 -0.153146
v -0.340706 0.080000 -0.156854
v -0.340706 0.088000 -0.156854
v -0.338527 0.080000 -0.159854
v -0.338527 0.088000 -0.159854
vn -0.0000 -0.6437 -0.7653
vn -0.0000 0.6437 -0.7653
vn 0.4498 -0.6437 -0.6191
vn 0.4498 0.6437 -0.6191
vn 0.7278 -0.6437 -0.2365
vn 0.7278 0.6437 -0.2365
vn 0.7278 -0.6437 0.2365
vn 0.7278 0.6437 0.2365
vn 0.4498 -0.6437 0.6191
vn 0.4498 0.6437 0.6191
vn -0.0000 -0.6437 0.7653
vn -0.0000 0.6437 0.7653
vn -0.4498 -0.6437 0.6191
vn -0.4498 0.6437 0.6191
vn -0.7278 -0.6437 0.2365
vn -0.7278 0.6437 0.2365
vn -0.7278 -0.6437 -0.2365
vn -0.7278 0.6437 -0.2365
vn -0.4498 -0.6437 -0.6191
vn -0.4498 0.6437 -0.6191
vt 1.000000 0.500000
vt 1.000000 1.000000
vt 0.900000 1.000000
vt 0.900000 0.500000
vt 0.800000 1.000000
vt 0.800000 0.500000
vt 0.700000 1.000000
vt 0.700000 0.500000
vt 0.600000 1.000000
vt 0.600000 0.500000
vt 0.500000 1.000000
vt 0.500000 0.500000
vt 0.400000 1.000000
vt 0.400000 0.500000
vt 0.300000 1.000000
vt 0.300000 0.500000
vt 0.200000 1.000000
vt 0.200000 0.500000
vt 0.391068 0.444164
vt 0.250000 0.490000
vt 0.108932 0.444164
vt 0.021746 0.324164
vt 0.021746 0.175836
vt 0.108932 0.055836
vt 0.250000 0.010000
vt 0.391068 0.055836
vt 0.478254 0.175836
vt 0.478254 0.324164
vt 0.100000 1.000000
vt 0.100000 0.500000
vt -0.000000 1.000000
vt -0.000000 0.500000
vt 0.750000 0.490000
vt 0.891068 0.444164
vt 0.978254 0.324164
vt 0.978254 0.175836
vt 0.891068 0.055836
vt 0.750000 0.010000
vt 0.608932 0.055836
vt 0.521746 0.175836
vt 0.521746 0.324164
vt 0.608932 0.444164
s 1
usemtl M_Graphite
f 4485/9315/4473 4486/9316/4474 4488/9317/4476 4487/9318/4475
f 4487/9318/4475 4488/9317/4476 4490/9319/4478 4489/9320/4477
f 4489/9320/4477 4490/9319/4478 4492/9321/4480 4491/9322/4479
f 4491/9322/4479 4492/9321/4480 4494/9323/4482 4493/9324/4481
f 4493/9324/4481 4494/9323/4482 4496/9325/4484 4495/9326/4483
f 4495/9326/4483 4496/9325/4484 4498/9327/4486 4497/9328/4485
f 4497/9328/4485 4498/9327/4486 4500/9329/4488 4499/9330/4487
f 4499/9330/4487 4500/9329/4488 4502/9331/4490 4501/9332/4489
f 4488/9333/4476 4486/9334/4474 4504/9335/4492 4502/9336/4490 4500/9337/4488 4498/9338/4486 4496/9339/4484 4494/9340/4482 4492/9341/4480 4490/9342/4478
f 4501/9332/4489 4502/9331/4490 4504/9343/4492 4503/9344/4491
f 4503/9344/4491 4504/9343/4492 4486/9345/4474 4485/9346/4473
f 4485/9347/4473 4487/9348/4475 4489/9349/4477 4491/9350/4479 4493/9351/4481 4495/9352/4483 4497/9353/4485 4499/9354/4487 4501/9355/4489 4503/9356/4491
o Socket.218
v -0.290000 0.080000 -0.161000
v -0.290000 0.088000 -0.161000
v -0.286473 0.080000 -0.159854
v -0.286473 0.088000 -0.159854
v -0.284294 0.080000 -0.156854
v -0.284294 0.088000 -0.156854
v -0.284294 0.080000 -0.153146
v -0.284294 0.088000 -0.153146
v -0.286473 0.080000 -0.150146
v -0.286473 0.088000 -0.150146
v -0.290000 0.080000 -0.149000
v -0.290000 0.088000 -0.149000
v -0.293527 0.080000 -0.150146
v -0.293527 0.088000 -0.150146
v -0.295706 0.080000 -0.153146
v -0.295706 0.088000 -0.153146
v -0.295706 0.080000 -0.156854
v -0.295706 0.088000 -0.156854
v -0.293527 0.080000 -0.159854
v -0.293527 0.088000 -0.159854
vn -0.0000 -0.6437 -0.7653
vn -0.0000 0.6437 -0.7653
vn 0.4498 -0.6437 -0.6191
vn 0.4498 0.6437 -0.6191
vn 0.7278 -0.6437 -0.2365
vn 0.7278 0.6437 -0.2365
vn 0.7278 -0.6437 0.2365
vn 0.7278 0.6437 0.2365
vn 0.4498 -0.6437 0.6191
vn 0.4498 0.6437 0.6191
vn -0.0000 -0.6437 0.7653
vn -0.0000 0.6437 0.7653
vn -0.4498 -0.6437 0.6191
vn -0.4498 0.6437 0.6191
vn -0.7278 -0.6437 0.2365
vn -0.7278 0.6437 0.2365
vn -0.7278 -0.6437 -0.2365
vn -0.7278 0.6437 -0.2365
vn -0.4498 -0.6437 -0.6191
vn -0.4498 0.6437 -0.6191
vt 1.000000 0.500000
vt 1.000000 1.000000
vt 0.900000 1.000000
vt 0.900000 0.500000
vt 0.800000 1.000000
vt 0.800000 0.500000
vt 0.700000 1.000000
vt 0.700000 0.500000
vt 0.600000 1.000000
vt 0.600000 0.500000
vt 0.500000 1.000000
vt 0.500000 0.500000
vt 0.400000 1.000000
vt 0.400000 0.500000
vt 0.300000 1.000000
vt 0.300000 0.500000
vt 0.200000 1.000000
vt 0.200000 0.500000
vt 0.391068 0.444164
vt 0.250000 0.490000
vt 0.108932 0.444164
vt 0.021746 0.324164
vt 0.021746 0.175836
vt 0.108932 0.055836
vt 0.250000 0.010000
vt 0.391068 0.055836
vt 0.478254 0.175836
vt 0.478254 0.324164
vt 0.100000 1.000000
vt 0.100000 0.500000
vt -0.000000 1.000000
vt -0.000000 0.500000
vt 0.750000 0.490000
vt 0.891068 0.444164
vt 0.978254 0.324164
vt 0.978254 0.175836
vt 0.891068 0.055836
vt 0.750000 0.010000
vt 0.608932 0.055836
vt 0.521746 0.175836
vt 0.521746 0.324164
vt 0.608932 0.444164
s 1
usemtl M_Graphite
f 4505/9357/4493 4506/9358/4494 4508/9359/4496 4507/9360/4495
f 4507/9360/4495 4508/9359/4496 4510/9361/4498 4509/9362/4497
f 4509/9362/4497 4510/9361/4498 4512/9363/4500 4511/9364/4499
f 4511/9364/4499 4512/9363/4500 4514/9365/4502 4513/9366/4501
f 4513/9366/4501 4514/9365/4502 4516/9367/4504 4515/9368/4503
f 4515/9368/4503 4516/9367/4504 4518/9369/4506 4517/9370/4505
f 4517/9370/4505 4518/9369/4506 4520/9371/4508 4519/9372/4507
f 4519/9372/4507 4520/9371/4508 4522/9373/4510 4521/9374/4509
f 4508/9375/4496 4506/9376/4494 4524/9377/4512 4522/9378/4510 4520/9379/4508 4518/9380/4506 4516/9381/4504 4514/9382/4502 4512/9383/4500 4510/9384/4498
f 4521/9374/4509 4522/9373/4510 4524/9385/4512 4523/9386/4511
f 4523/9386/4511 4524/9385/4512 4506/9387/4494 4505/9388/4493
f 4505/9389/4493 4507/9390/4495 4509/9391/4497 4511/9392/4499 4513/9393/4501 4515/9394/4503 4517/9395/4505 4519/9396/4507 4521/9397/4509 4523/9398/4511
o Socket.219
v -0.245000 0.080000 -0.161000
v -0.245000 0.088000 -0.161000
v -0.241473 0.080000 -0.159854
v -0.241473 0.088000 -0.159854
v -0.239294 0.080000 -0.156854
v -0.239294 0.088000 -0.156854
v -0.239294 0.080000 -0.153146
v -0.239294 0.088000 -0.153146
v -0.241473 0.080000 -0.150146
v -0.241473 0.088000 -0.150146
v -0.245000 0.080000 -0.149000
v -0.245000 0.088000 -0.149000
v -0.248527 0.080000 -0.150146
v -0.248527 0.088000 -0.150146
v -0.250706 0.080000 -0.153146
v -0.250706 0.088000 -0.153146
v -0.250706 0.080000 -0.156854
v -0.250706 0.088000 -0.156854
v -0.248527 0.080000 -0.159854
v -0.248527 0.088000 -0.159854
vn -0.0000 -0.6437 -0.7653
vn -0.0000 0.6437 -0.7653
vn 0.4498 -0.6437 -0.6191
vn 0.4498 0.6437 -0.6191
vn 0.7278 -0.6437 -0.2365
vn 0.7278 0.6437 -0.2365
vn 0.7278 -0.6437 0.2365
vn 0.7278 0.6437 0.2365
vn 0.4498 -0.6437 0.6191
vn 0.4498 0.6437 0.6191
vn -0.0000 -0.6437 0.7653
vn -0.0000 0.6437 0.7653
vn -0.4498 -0.6437 0.6191
vn -0.4498 0.6437 0.6191
vn -0.7278 -0.6437 0.2365
vn -0.7278 0.6437 0.2365
vn -0.7278 -0.6437 -0.2365
vn -0.7278 0.6437 -0.2365
vn -0.4498 -0.6437 -0.6191
vn -0.4498 0.6437 -0.6191
vt 1.000000 0.500000
vt 1.000000 1.000000
vt 0.900000 1.000000
vt 0.900000 0.500000
vt 0.800000 1.000000
vt 0.800000 0.500000
vt 0.700000 1.000000
vt 0.700000 0.500000
vt 0.600000 1.000000
vt 0.600000 0.500000
vt 0.500000 1.000000
vt 0.500000 0.500000
vt 0.400000 1.000000
vt 0.400000 0.500000
vt 0.300000 1.000000
vt 0.300000 0.500000
vt 0.200000 1.000000
vt 0.200000 0.500000
vt 0.391068 0.444164
vt 0.250000 0.490000
vt 0.108932 0.444164
vt 0.021746 0.324164
vt 0.021746 0.175836
vt 0.108932 0.055836
vt 0.250000 0.010000
vt 0.391068 0.055836
vt 0.478254 0.175836
vt 0.478254 0.324164
vt 0.100000 1.000000
vt 0.100000 0.500000
vt -0.000000 1.000000
vt -0.000000 0.500000
vt 0.750000 0.490000
vt 0.891068 0.444164
vt 0.978254 0.324164
vt 0.978254 0.175836
vt 0.891068 0.055836
vt 0.750000 0.010000
vt 0.608932 0.055836
vt 0.521746 0.175836
vt 0.521746 0.324164
vt 0.608932 0.444164
s 1
usemtl M_Graphite
f 4525/9399/4513 4526/9400/4514 4528/9401/4516 4527/9402/4515
f 4527/9402/4515 4528/9401/4516 4530/9403/4518 4529/9404/4517
f 4529/9404/4517 4530/9403/4518 4532/9405/4520 4531/9406/4519
f 4531/9406/4519 4532/9405/4520 4534/9407/4522 4533/9408/4521
f 4533/9408/4521 4534/9407/4522 4536/9409/4524 4535/9410/4523
f 4535/9410/4523 4536/9409/4524 4538/9411/4526 4537/9412/4525
f 4537/9412/4525 4538/9411/4526 4540/9413/4528 4539/9414/4527
f 4539/9414/4527 4540/9413/4528 4542/9415/4530 4541/9416/4529
f 4528/9417/4516 4526/9418/4514 4544/9419/4532 4542/9420/4530 4540/9421/4528 4538/9422/4526 4536/9423/4524 4534/9424/4522 4532/9425/4520 4530/9426/4518
f 4541/9416/4529 4542/9415/4530 4544/9427/4532 4543/9428/4531
f 4543/9428/4531 4544/9427/4532 4526/9429/4514 4525/9430/4513
f 4525/9431/4513 4527/9432/4515 4529/9433/4517 4531/9434/4519 4533/9435/4521 4535/9436/4523 4537/9437/4525 4539/9438/4527 4541/9439/4529 4543/9440/4531
o Socket.220
v -0.200000 0.080000 -0.161000
v -0.200000 0.088000 -0.161000
v -0.196473 0.080000 -0.159854
v -0.196473 0.088000 -0.159854
v -0.194294 0.080000 -0.156854
v -0.194294 0.088000 -0.156854
v -0.194294 0.080000 -0.153146
v -0.194294 0.088000 -0.153146
v -0.196473 0.080000 -0.150146
v -0.196473 0.088000 -0.150146
v -0.200000 0.080000 -0.149000
v -0.200000 0.088000 -0.149000
v -0.203527 0.080000 -0.150146
v -0.203527 0.088000 -0.150146
v -0.205706 0.080000 -0.153146
v -0.205706 0.088000 -0.153146
v -0.205706 0.080000 -0.156854
v -0.205706 0.088000 -0.156854
v -0.203527 0.080000 -0.159854
v -0.203527 0.088000 -0.159854
vn -0.0000 -0.6437 -0.7653
vn -0.0000 0.6437 -0.7653
vn 0.4498 -0.6437 -0.6191
vn 0.4498 0.6437 -0.6191
vn 0.7278 -0.6437 -0.2365
vn 0.7278 0.6437 -0.2365
vn 0.7278 -0.6437 0.2365
vn 0.7278 0.6437 0.2365
vn 0.4498 -0.6437 0.6191
vn 0.4498 0.6437 0.6191
vn -0.0000 -0.6437 0.7653
vn -0.0000 0.6437 0.7653
vn -0.4498 -0.6437 0.6191
vn -0.4498 0.6437 0.6191
vn -0.7278 -0.6437 0.2365
vn -0.7278 0.6437 0.2365
vn -0.7278 -0.6437 -0.2365
vn -0.7278 0.6437 -0.2365
vn -0.4498 -0.6437 -0.6191
vn -0.4498 0.6437 -0.6191
vt 1.000000 0.500000
vt 1.000000 1.000000
vt 0.900000 1.000000
vt 0.900000 0.500000
vt 0.800000 1.000000
vt 0.800000 0.500000
vt 0.700000 1.000000
vt 0.700000 0.500000
vt 0.600000 1.000000
vt 0.600000 0.500000
vt 0.500000 1.000000
vt 0.500000 0.500000
vt 0.400000 1.000000
vt 0.400000 0.500000
vt 0.300000 1.000000
vt 0.300000 0.500000
vt 0.200000 1.000000
vt 0.200000 0.500000
vt 0.391068 0.444164
vt 0.250000 0.490000
vt 0.108932 0.444164
vt 0.021746 0.324164
vt 0.021746 0.175836
vt 0.108932 0.055836
vt 0.250000 0.010000
vt 0.391068 0.055836
vt 0.478254 0.175836
vt 0.478254 0.324164
vt 0.100000 1.000000
vt 0.100000 0.500000
vt -0.000000 1.000000
vt -0.000000 0.500000
vt 0.750000 0.490000
vt 0.891068 0.444164
vt 0.978254 0.324164
vt 0.978254 0.175836
vt 0.891068 0.055836
vt 0.750000 0.010000
vt 0.608932 0.055836
vt 0.521746 0.175836
vt 0.521746 0.324164
vt 0.608932 0.444164
s 1
usemtl M_Graphite
f 4545/9441/4533 4546/9442/4534 4548/9443/4536 4547/9444/4535
f 4547/9444/4535 4548/9443/4536 4550/9445/4538 4549/9446/4537
f 4549/9446/4537 4550/9445/4538 4552/9447/4540 4551/9448/4539
f 4551/9448/4539 4552/9447/4540 4554/9449/4542 4553/9450/4541
f 4553/9450/4541 4554/9449/4542 4556/9451/4544 4555/9452/4543
f 4555/9452/4543 4556/9451/4544 4558/9453/4546 4557/9454/4545
f 4557/9454/4545 4558/9453/4546 4560/9455/4548 4559/9456/4547
f 4559/9456/4547 4560/9455/4548 4562/9457/4550 4561/9458/4549
f 4548/9459/4536 4546/9460/4534 4564/9461/4552 4562/9462/4550 4560/9463/4548 4558/9464/4546 4556/9465/4544 4554/9466/4542 4552/9467/4540 4550/9468/4538
f 4561/9458/4549 4562/9457/4550 4564/9469/4552 4563/9470/4551
f 4563/9470/4551 4564/9469/4552 4546/9471/4534 4545/9472/4533
f 4545/9473/4533 4547/9474/4535 4549/9475/4537 4551/9476/4539 4553/9477/4541 4555/9478/4543 4557/9479/4545 4559/9480/4547 4561/9481/4549 4563/9482/4551
o Socket.221
v -0.155000 0.080000 -0.161000
v -0.155000 0.088000 -0.161000
v -0.151473 0.080000 -0.159854
v -0.151473 0.088000 -0.159854
v -0.149294 0.080000 -0.156854
v -0.149294 0.088000 -0.156854
v -0.149294 0.080000 -0.153146
v -0.149294 0.088000 -0.153146
v -0.151473 0.080000 -0.150146
v -0.151473 0.088000 -0.150146
v -0.155000 0.080000 -0.149000
v -0.155000 0.088000 -0.149000
v -0.158527 0.080000 -0.150146
v -0.158527 0.088000 -0.150146
v -0.160706 0.080000 -0.153146
v -0.160706 0.088000 -0.153146
v -0.160706 0.080000 -0.156854
v -0.160706 0.088000 -0.156854
v -0.158527 0.080000 -0.159854
v -0.158527 0.088000 -0.159854
vn -0.0000 -0.6437 -0.7653
vn -0.0000 0.6437 -0.7653
vn 0.4498 -0.6437 -0.6191
vn 0.4498 0.6437 -0.6191
vn 0.7278 -0.6437 -0.2365
vn 0.7278 0.6437 -0.2365
vn 0.7278 -0.6437 0.2365
vn 0.7278 0.6437 0.2365
vn 0.4498 -0.6437 0.6191
vn 0.4498 0.6437 0.6191
vn -0.0000 -0.6437 0.7653
vn -0.0000 0.6437 0.7653
vn -0.4498 -0.6437 0.6191
vn -0.4498 0.6437 0.6191
vn -0.7278 -0.6437 0.2365
vn -0.7278 0.6437 0.2365
vn -0.7278 -0.6437 -0.2365
vn -0.7278 0.6437 -0.2365
vn -0.4498 -0.6437 -0.6191
vn -0.4498 0.6437 -0.6191
vt 1.000000 0.500000
vt 1.000000 1.000000
vt 0.900000 1.000000
vt 0.900000 0.500000
vt 0.800000 1.000000
vt 0.800000 0.500000
vt 0.700000 1.000000
vt 0.700000 0.500000
vt 0.600000 1.000000
vt 0.600000 0.500000
vt 0.500000 1.000000
vt 0.500000 0.500000
vt 0.400000 1.000000
vt 0.400000 0.500000
vt 0.300000 1.000000
vt 0.300000 0.500000
vt 0.200000 1.000000
vt 0.200000 0.500000
vt 0.391068 0.444164
vt 0.250000 0.490000
vt 0.108932 0.444164
vt 0.021746 0.324164
vt 0.021746 0.175836
vt 0.108932 0.055836
vt 0.250000 0.010000
vt 0.391068 0.055836
vt 0.478254 0.175836
vt 0.478254 0.324164
vt 0.100000 1.000000
vt 0.100000 0.500000
vt -0.000000 1.000000
vt -0.000000 0.500000
vt 0.750000 0.490000
vt 0.891068 0.444164
vt 0.978254 0.324164
vt 0.978254 0.175836
vt 0.891068 0.055836
vt 0.750000 0.010000
vt 0.608932 0.055836
vt 0.521746 0.175836
vt 0.521746 0.324164
vt 0.608932 0.444164
s 1
usemtl M_Graphite
f 4565/9483/4553 4566/9484/4554 4568/9485/4556 4567/9486/4555
f 4567/9486/4555 4568/9485/4556 4570/9487/4558 4569/9488/4557
f 4569/9488/4557 4570/9487/4558 4572/9489/4560 4571/9490/4559
f 4571/9490/4559 4572/9489/4560 4574/9491/4562 4573/9492/4561
f 4573/9492/4561 4574/9491/4562 4576/9493/4564 4575/9494/4563
f 4575/9494/4563 4576/9493/4564 4578/9495/4566 4577/9496/4565
f 4577/9496/4565 4578/9495/4566 4580/9497/4568 4579/9498/4567
f 4579/9498/4567 4580/9497/4568 4582/9499/4570 4581/9500/4569
f 4568/9501/4556 4566/9502/4554 4584/9503/4572 4582/9504/4570 4580/9505/4568 4578/9506/4566 4576/9507/4564 4574/9508/4562 4572/9509/4560 4570/9510/4558
f 4581/9500/4569 4582/9499/4570 4584/9511/4572 4583/9512/4571
f 4583/9512/4571 4584/9511/4572 4566/9513/4554 4565/9514/4553
f 4565/9515/4553 4567/9516/4555 4569/9517/4557 4571/9518/4559 4573/9519/4561 4575/9520/4563 4577/9521/4565 4579/9522/4567 4581/9523/4569 4583/9524/4571
o Socket.222
v -0.110000 0.080000 -0.161000
v -0.110000 0.088000 -0.161000
v -0.106473 0.080000 -0.159854
v -0.106473 0.088000 -0.159854
v -0.104294 0.080000 -0.156854
v -0.104294 0.088000 -0.156854
v -0.104294 0.080000 -0.153146
v -0.104294 0.088000 -0.153146
v -0.106473 0.080000 -0.150146
v -0.106473 0.088000 -0.150146
v -0.110000 0.080000 -0.149000
v -0.110000 0.088000 -0.149000
v -0.113527 0.080000 -0.150146
v -0.113527 0.088000 -0.150146
v -0.115706 0.080000 -0.153146
v -0.115706 0.088000 -0.153146
v -0.115706 0.080000 -0.156854
v -0.115706 0.088000 -0.156854
v -0.113527 0.080000 -0.159854
v -0.113527 0.088000 -0.159854
vn -0.0000 -0.6437 -0.7653
vn -0.0000 0.6437 -0.7653
vn 0.4498 -0.6437 -0.6191
vn 0.4498 0.6437 -0.6191
vn 0.7278 -0.6437 -0.2365
vn 0.7278 0.6437 -0.2365
vn 0.7278 -0.6437 0.2365
vn 0.7278 0.6437 0.2365
vn 0.4498 -0.6437 0.6191
vn 0.4498 0.6437 0.6191
vn -0.0000 -0.6437 0.7653
vn -0.0000 0.6437 0.7653
vn -0.4498 -0.6437 0.6191
vn -0.4498 0.6437 0.6191
vn -0.7278 -0.6437 0.2365
vn -0.7278 0.6437 0.2365
vn -0.7278 -0.6437 -0.2365
vn -0.7278 0.6437 -0.2365
vn -0.4498 -0.6437 -0.6191
vn -0.4498 0.6437 -0.6191
vt 1.000000 0.500000
vt 1.000000 1.000000
vt 0.900000 1.000000
vt 0.900000 0.500000
vt 0.800000 1.000000
vt 0.800000 0.500000
vt 0.700000 1.000000
vt 0.700000 0.500000
vt 0.600000 1.000000
vt 0.600000 0.500000
vt 0.500000 1.000000
vt 0.500000 0.500000
vt 0.400000 1.000000
vt 0.400000 0.500000
vt 0.300000 1.000000
vt 0.300000 0.500000
vt 0.200000 1.000000
vt 0.200000 0.500000
vt 0.391068 0.444164
vt 0.250000 0.490000
vt 0.108932 0.444164
vt 0.021746 0.324164
vt 0.021746 0.175836
vt 0.108932 0.055836
vt 0.250000 0.010000
vt 0.391068 0.055836
vt 0.478254 0.175836
vt 0.478254 0.324164
vt 0.100000 1.000000
vt 0.100000 0.500000
vt -0.000000 1.000000
vt -0.000000 0.500000
vt 0.750000 0.490000
vt 0.891068 0.444164
vt 0.978254 0.324164
vt 0.978254 0.175836
vt 0.891068 0.055836
vt 0.750000 0.010000
vt 0.608932 0.055836
vt 0.521746 0.175836
vt 0.521746 0.324164
vt 0.608932 0.444164
s 1
usemtl M_Graphite
f 4585/9525/4573 4586/9526/4574 4588/9527/4576 4587/9528/4575
f 4587/9528/4575 4588/9527/4576 4590/9529/4578 4589/9530/4577
f 4589/9530/4577 4590/9529/4578 4592/9531/4580 4591/9532/4579
f 4591/9532/4579 4592/9531/4580 4594/9533/4582 4593/9534/4581
f 4593/9534/4581 4594/9533/4582 4596/9535/4584 4595/9536/4583
f 4595/9536/4583 4596/9535/4584 4598/9537/4586 4597/9538/4585
f 4597/9538/4585 4598/9537/4586 4600/9539/4588 4599/9540/4587
f 4599/9540/4587 4600/9539/4588 4602/9541/4590 4601/9542/4589
f 4588/9543/4576 4586/9544/4574 4604/9545/4592 4602/9546/4590 4600/9547/4588 4598/9548/4586 4596/9549/4584 4594/9550/4582 4592/9551/4580 4590/9552/4578
f 4601/9542/4589 4602/9541/4590 4604/9553/4592 4603/9554/4591
f 4603/9554/4591 4604/9553/4592 4586/9555/4574 4585/9556/4573
f 4585/9557/4573 4587/9558/4575 4589/9559/4577 4591/9560/4579 4593/9561/4581 4595/9562/4583 4597/9563/4585 4599/9564/4587 4601/9565/4589 4603/9566/4591
o Socket.223
v -0.065000 0.080000 -0.161000
v -0.065000 0.088000 -0.161000
v -0.061473 0.080000 -0.159854
v -0.061473 0.088000 -0.159854
v -0.059294 0.080000 -0.156854
v -0.059294 0.088000 -0.156854
v -0.059294 0.080000 -0.153146
v -0.059294 0.088000 -0.153146
v -0.061473 0.080000 -0.150146
v -0.061473 0.088000 -0.150146
v -0.065000 0.080000 -0.149000
v -0.065000 0.088000 -0.149000
v -0.068527 0.080000 -0.150146
v -0.068527 0.088000 -0.150146
v -0.070706 0.080000 -0.153146
v -0.070706 0.088000 -0.153146
v -0.070706 0.080000 -0.156854
v -0.070706 0.088000 -0.156854
v -0.068527 0.080000 -0.159854
v -0.068527 0.088000 -0.159854
vn -0.0000 -0.6437 -0.7653
vn -0.0000 0.6437 -0.7653
vn 0.4498 -0.6437 -0.6191
vn 0.4498 0.6437 -0.6191
vn 0.7278 -0.6437 -0.2365
vn 0.7278 0.6437 -0.2365
vn 0.7278 -0.6437 0.2365
vn 0.7278 0.6437 0.2365
vn 0.4498 -0.6437 0.6191
vn 0.4498 0.6437 0.6191
vn -0.0000 -0.6437 0.7653
vn -0.0000 0.6437 0.7653
vn -0.4498 -0.6437 0.6191
vn -0.4498 0.6437 0.6191
vn -0.7278 -0.6437 0.2365
vn -0.7278 0.6437 0.2365
vn -0.7278 -0.6437 -0.2365
vn -0.7278 0.6437 -0.2365
vn -0.4498 -0.6437 -0.6191
vn -0.4498 0.6437 -0.6191
vt 1.000000 0.500000
vt 1.000000 1.000000
vt 0.900000 1.000000
vt 0.900000 0.500000
vt 0.800000 1.000000
vt 0.800000 0.500000
vt 0.700000 1.000000
vt 0.700000 0.500000
vt 0.600000 1.000000
vt 0.600000 0.500000
vt 0.500000 1.000000
vt 0.500000 0.500000
vt 0.400000 1.000000
vt 0.400000 0.500000
vt 0.300000 1.000000
vt 0.300000 0.500000
vt 0.200000 1.000000
vt 0.200000 0.500000
vt 0.391068 0.444164
vt 0.250000 0.490000
vt 0.108932 0.444164
vt 0.021746 0.324164
vt 0.021746 0.175836
vt 0.108932 0.055836
vt 0.250000 0.010000
vt 0.391068 0.055836
vt 0.478254 0.175836
vt 0.478254 0.324164
vt 0.100000 1.000000
vt 0.100000 0.500000
vt -0.000000 1.000000
vt -0.000000 0.500000
vt 0.750000 0.490000
vt 0.891068 0.444164
vt 0.978254 0.324164
vt 0.978254 0.175836
vt 0.891068 0.055836
vt 0.750000 0.010000
vt 0.608932 0.055836
vt 0.521746 0.175836
vt 0.521746 0.324164
vt 0.608932 0.444164
s 1
usemtl M_Graphite
f 4605/9567/4593 4606/9568/4594 4608/9569/4596 4607/9570/4595
f 4607/9570/4595 4608/9569/4596 4610/9571/4598 4609/9572/4597
f 4609/9572/4597 4610/9571/4598 4612/9573/4600 4611/9574/4599
f 4611/9574/4599 4612/9573/4600 4614/9575/4602 4613/9576/4601
f 4613/9576/4601 4614/9575/4602 4616/9577/4604 4615/9578/4603
f 4615/9578/4603 4616/9577/4604 4618/9579/4606 4617/9580/4605
f 4617/9580/4605 4618/9579/4606 4620/9581/4608 4619/9582/4607
f 4619/9582/4607 4620/9581/4608 4622/9583/4610 4621/9584/4609
f 4608/9585/4596 4606/9586/4594 4624/9587/4612 4622/9588/4610 4620/9589/4608 4618/9590/4606 4616/9591/4604 4614/9592/4602 4612/9593/4600 4610/9594/4598
f 4621/9584/4609 4622/9583/4610 4624/9595/4612 4623/9596/4611
f 4623/9596/4611 4624/9595/4612 4606/9597/4594 4605/9598/4593
f 4605/9599/4593 4607/9600/4595 4609/9601/4597 4611/9602/4599 4613/9603/4601 4615/9604/4603 4617/9605/4605 4619/9606/4607 4621/9607/4609 4623/9608/4611
o Socket.224
v -0.020000 0.080000 -0.161000
v -0.020000 0.088000 -0.161000
v -0.016473 0.080000 -0.159854
v -0.016473 0.088000 -0.159854
v -0.014294 0.080000 -0.156854
v -0.014294 0.088000 -0.156854
v -0.014294 0.080000 -0.153146
v -0.014294 0.088000 -0.153146
v -0.016473 0.080000 -0.150146
v -0.016473 0.088000 -0.150146
v -0.020000 0.080000 -0.149000
v -0.020000 0.088000 -0.149000
v -0.023527 0.080000 -0.150146
v -0.023527 0.088000 -0.150146
v -0.025706 0.080000 -0.153146
v -0.025706 0.088000 -0.153146
v -0.025706 0.080000 -0.156854
v -0.025706 0.088000 -0.156854
v -0.023527 0.080000 -0.159854
v -0.023527 0.088000 -0.159854
vn -0.0000 -0.6437 -0.7653
vn -0.0000 0.6437 -0.7653
vn 0.4498 -0.6437 -0.6191
vn 0.4498 0.6437 -0.6191
vn 0.7278 -0.6437 -0.2365
vn 0.7278 0.6437 -0.2365
vn 0.7278 -0.6437 0.2365
vn 0.7278 0.6437 0.2365
vn 0.4498 -0.6437 0.6191
vn 0.4498 0.6437 0.6191
vn -0.0000 -0.6437 0.7653
vn -0.0000 0.6437 0.7653
vn -0.4498 -0.6437 0.6191
vn -0.4498 0.6437 0.6191
vn -0.7278 -0.6437 0.2365
vn -0.7278 0.6437 0.2365
vn -0.7278 -0.6437 -0.2365
vn -0.7278 0.6437 -0.2365
vn -0.4498 -0.6437 -0.6191
vn -0.4498 0.6437 -0.6191
vt 1.000000 0.500000
vt 1.000000 1.000000
vt 0.900000 1.000000
vt 0.900000 0.500000
vt 0.800000 1.000000
vt 0.800000 0.500000
vt 0.700000 1.000000
vt 0.700000 0.500000
vt 0.600000 1.000000
vt 0.600000 0.500000
vt 0.500000 1.000000
vt 0.500000 0.500000
vt 0.400000 1.000000
vt 0.400000 0.500000
vt 0.300000 1.000000
vt 0.300000 0.500000
vt 0.200000 1.000000
vt 0.200000 0.500000
vt 0.391068 0.444164
vt 0.250000 0.490000
vt 0.108932 0.444164
vt 0.021746 0.324164
vt 0.021746 0.175836
vt 0.108932 0.055836
vt 0.250000 0.010000
vt 0.391068 0.055836
vt 0.478254 0.175836
vt 0.478254 0.324164
vt 0.100000 1.000000
vt 0.100000 0.500000
vt -0.000000 1.000000
vt -0.000000 0.500000
vt 0.750000 0.490000
vt 0.891068 0.444164
vt 0.978254 0.324164
vt 0.978254 0.175836
vt 0.891068 0.055836
vt 0.750000 0.010000
vt 0.608932 0.055836
vt 0.521746 0.175836
vt 0.521746 0.324164
vt 0.608932 0.444164
s 1
usemtl M_Graphite
f 4625/9609/4613 4626/9610/4614 4628/9611/4616 4627/9612/4615
f 4627/9612/4615 4628/9611/4616 4630/9613/4618 4629/9614/4617
f 4629/9614/4617 4630/9613/4618 4632/9615/4620 4631/9616/4619
f 4631/9616/4619 4632/9615/4620 4634/9617/4622 4633/9618/4621
f 4633/9618/4621 4634/9617/4622 4636/9619/4624 4635/9620/4623
f 4635/9620/4623 4636/9619/4624 4638/9621/4626 4637/9622/4625
f 4637/9622/4625 4638/9621/4626 4640/9623/4628 4639/9624/4627
f 4639/9624/4627 4640/9623/4628 4642/9625/4630 4641/9626/4629
f 4628/9627/4616 4626/9628/4614 4644/9629/4632 4642/9630/4630 4640/9631/4628 4638/9632/4626 4636/9633/4624 4634/9634/4622 4632/9635/4620 4630/9636/4618
f 4641/9626/4629 4642/9625/4630 4644/9637/4632 4643/9638/4631
f 4643/9638/4631 4644/9637/4632 4626/9639/4614 4625/9640/4613
f 4625/9641/4613 4627/9642/4615 4629/9643/4617 4631/9644/4619 4633/9645/4621 4635/9646/4623 4637/9647/4625 4639/9648/4627 4641/9649/4629 4643/9650/4631
o Socket.225
v 0.025000 0.080000 -0.161000
v 0.025000 0.088000 -0.161000
v 0.028527 0.080000 -0.159854
v 0.028527 0.088000 -0.159854
v 0.030706 0.080000 -0.156854
v 0.030706 0.088000 -0.156854
v 0.030706 0.080000 -0.153146
v 0.030706 0.088000 -0.153146
v 0.028527 0.080000 -0.150146
v 0.028527 0.088000 -0.150146
v 0.025000 0.080000 -0.149000
v 0.025000 0.088000 -0.149000
v 0.021473 0.080000 -0.150146
v 0.021473 0.088000 -0.150146
v 0.019294 0.080000 -0.153146
v 0.019294 0.088000 -0.153146
v 0.019294 0.080000 -0.156854
v 0.019294 0.088000 -0.156854
v 0.021473 0.080000 -0.159854
v 0.021473 0.088000 -0.159854
vn -0.0000 -0.6437 -0.7653
vn -0.0000 0.6437 -0.7653
vn 0.4498 -0.6437 -0.6191
vn 0.4498 0.6437 -0.6191
vn 0.7278 -0.6437 -0.2365
vn 0.7278 0.6437 -0.2365
vn 0.7278 -0.6437 0.2365
vn 0.7278 0.6437 0.2365
vn 0.4498 -0.6437 0.6191
vn 0.4498 0.6437 0.6191
vn -0.0000 -0.6437 0.7653
vn -0.0000 0.6437 0.7653
vn -0.4498 -0.6437 0.6191
vn -0.4498 0.6437 0.6191
vn -0.7278 -0.6437 0.2365
vn -0.7278 0.6437 0.2365
vn -0.7278 -0.6437 -0.2365
vn -0.7278 0.6437 -0.2365
vn -0.4498 -0.6437 -0.6191
vn -0.4498 0.6437 -0.6191
vt 1.000000 0.500000
vt 1.000000 1.000000
vt 0.900000 1.000000
vt 0.900000 0.500000
vt 0.800000 1.000000
vt 0.800000 0.500000
vt 0.700000 1.000000
vt 0.700000 0.500000
vt 0.600000 1.000000
vt 0.600000 0.500000
vt 0.500000 1.000000
vt 0.500000 0.500000
vt 0.400000 1.000000
vt 0.400000 0.500000
vt 0.300000 1.000000
vt 0.300000 0.500000
vt 0.200000 1.000000
vt 0.200000 0.500000
vt 0.391068 0.444164
vt 0.250000 0.490000
vt 0.108932 0.444164
vt 0.021746 0.324164
vt 0.021746 0.175836
vt 0.108932 0.055836
vt 0.250000 0.010000
vt 0.391068 0.055836
vt 0.478254 0.175836
vt 0.478254 0.324164
vt 0.100000 1.000000
vt 0.100000 0.500000
vt -0.000000 1.000000
vt -0.000000 0.500000
vt 0.750000 0.490000
vt 0.891068 0.444164
vt 0.978254 0.324164
vt 0.978254 0.175836
vt 0.891068 0.055836
vt 0.750000 0.010000
vt 0.608932 0.055836
vt 0.521746 0.175836
vt 0.521746 0.324164
vt 0.608932 0.444164
s 1
usemtl M_Graphite
f 4645/9651/4633 4646/9652/4634 4648/9653/4636 4647/9654/4635
f 4647/9654/4635 4648/9653/4636 4650/9655/4638 4649/9656/4637
f 4649/9656/4637 4650/9655/4638 4652/9657/4640 4651/9658/4639
f 4651/9658/4639 4652/9657/4640 4654/9659/4642 4653/9660/4641
f 4653/9660/4641 4654/9659/4642 4656/9661/4644 4655/9662/4643
f 4655/9662/4643 4656/9661/4644 4658/9663/4646 4657/9664/4645
f 4657/9664/4645 4658/9663/4646 4660/9665/4648 4659/9666/4647
f 4659/9666/4647 4660/9665/4648 4662/9667/4650 4661/9668/4649
f 4648/9669/4636 4646/9670/4634 4664/9671/4652 4662/9672/4650 4660/9673/4648 4658/9674/4646 4656/9675/4644 4654/9676/4642 4652/9677/4640 4650/9678/4638
f 4661/9668/4649 4662/9667/4650 4664/9679/4652 4663/9680/4651
f 4663/9680/4651 4664/9679/4652 4646/9681/4634 4645/9682/4633
f 4645/9683/4633 4647/9684/4635 4649/9685/4637 4651/9686/4639 4653/9687/4641 4655/9688/4643 4657/9689/4645 4659/9690/4647 4661/9691/4649 4663/9692/4651
o Socket.226
v 0.070000 0.080000 -0.161000
v 0.070000 0.088000 -0.161000
v 0.073527 0.080000 -0.159854
v 0.073527 0.088000 -0.159854
v 0.075706 0.080000 -0.156854
v 0.075706 0.088000 -0.156854
v 0.075706 0.080000 -0.153146
v 0.075706 0.088000 -0.153146
v 0.073527 0.080000 -0.150146
v 0.073527 0.088000 -0.150146
v 0.070000 0.080000 -0.149000
v 0.070000 0.088000 -0.149000
v 0.066473 0.080000 -0.150146
v 0.066473 0.088000 -0.150146
v 0.064294 0.080000 -0.153146
v 0.064294 0.088000 -0.153146
v 0.064294 0.080000 -0.156854
v 0.064294 0.088000 -0.156854
v 0.066473 0.080000 -0.159854
v 0.066473 0.088000 -0.159854
vn -0.0000 -0.6437 -0.7653
vn -0.0000 0.6437 -0.7653
vn 0.4498 -0.6437 -0.6191
vn 0.4498 0.6437 -0.6191
vn 0.7278 -0.6437 -0.2365
vn 0.7278 0.6437 -0.2365
vn 0.7278 -0.6437 0.2365
vn 0.7278 0.6437 0.2365
vn 0.4498 -0.6437 0.6191
vn 0.4498 0.6437 0.6191
vn -0.0000 -0.6437 0.7653
vn -0.0000 0.6437 0.7653
vn -0.4498 -0.6437 0.6191
vn -0.4498 0.6437 0.6191
vn -0.7278 -0.6437 0.2365
vn -0.7278 0.6437 0.2365
vn -0.7278 -0.6437 -0.2365
vn -0.7278 0.6437 -0.2365
vn -0.4498 -0.6437 -0.6191
vn -0.4498 0.6437 -0.6191
vt 1.000000 0.500000
vt 1.000000 1.000000
vt 0.900000 1.000000
vt 0.900000 0.500000
vt 0.800000 1.000000
vt 0.800000 0.500000
vt 0.700000 1.000000
vt 0.700000 0.500000
vt 0.600000 1.000000
vt 0.600000 0.500000
vt 0.500000 1.000000
vt 0.500000 0.500000
vt 0.400000 1.000000
vt 0.400000 0.500000
vt 0.300000 1.000000
vt 0.300000 0.500000
vt 0.200000 1.000000
vt 0.200000 0.500000
vt 0.391068 0.444164
vt 0.250000 0.490000
vt 0.108932 0.444164
vt 0.021746 0.324164
vt 0.021746 0.175836
vt 0.108932 0.055836
vt 0.250000 0.010000
vt 0.391068 0.055836
vt 0.478254 0.175836
vt 0.478254 0.324164
vt 0.100000 1.000000
vt 0.100000 0.500000
vt -0.000000 1.000000
vt -0.000000 0.500000
vt 0.750000 0.490000
vt 0.891068 0.444164
vt 0.978254 0.324164
vt 0.978254 0.175836
vt 0.891068 0.055836
vt 0.750000 0.010000
vt 0.608932 0.055836
vt 0.521746 0.175836
vt 0.521746 0.324164
vt 0.608932 0.444164
s 1
usemtl M_Graphite
f 4665/9693/4653 4666/9694/4654 4668/9695/4656 4667/9696/4655
f 4667/9696/4655 4668/9695/4656 4670/9697/4658 4669/9698/4657
f 4669/9698/4657 4670/9697/4658 4672/9699/4660 4671/9700/4659
f 4671/9700/4659 4672/9699/4660 4674/9701/4662 4673/9702/4661
f 4673/9702/4661 4674/9701/4662 4676/9703/4664 4675/9704/4663
f 4675/9704/4663 4676/9703/4664 4678/9705/4666 4677/9706/4665
f 4677/9706/4665 4678/9705/4666 4680/9707/4668 4679/9708/4667
f 4679/9708/4667 4680/9707/4668 4682/9709/4670 4681/9710/4669
f 4668/9711/4656 4666/9712/4654 4684/9713/4672 4682/9714/4670 4680/9715/4668 4678/9716/4666 4676/9717/4664 4674/9718/4662 4672/9719/4660 4670/9720/4658
f 4681/9710/4669 4682/9709/4670 4684/9721/4672 4683/9722/4671
f 4683/9722/4671 4684/9721/4672 4666/9723/4654 4665/9724/4653
f 4665/9725/4653 4667/9726/4655 4669/9727/4657 4671/9728/4659 4673/9729/4661 4675/9730/4663 4677/9731/4665 4679/9732/4667 4681/9733/4669 4683/9734/4671
o Socket.227
v 0.115000 0.080000 -0.161000
v 0.115000 0.088000 -0.161000
v 0.118527 0.080000 -0.159854
v 0.118527 0.088000 -0.159854
v 0.120706 0.080000 -0.156854
v 0.120706 0.088000 -0.156854
v 0.120706 0.080000 -0.153146
v 0.120706 0.088000 -0.153146
v 0.118527 0.080000 -0.150146
v 0.118527 0.088000 -0.150146
v 0.115000 0.080000 -0.149000
v 0.115000 0.088000 -0.149000
v 0.111473 0.080000 -0.150146
v 0.111473 0.088000 -0.150146
v 0.109294 0.080000 -0.153146
v 0.109294 0.088000 -0.153146
v 0.109294 0.080000 -0.156854
v 0.109294 0.088000 -0.156854
v 0.111473 0.080000 -0.159854
v 0.111473 0.088000 -0.159854
vn -0.0000 -0.6437 -0.7653
vn -0.0000 0.6437 -0.7653
vn 0.4498 -0.6437 -0.6191
vn 0.4498 0.6437 -0.6191
vn 0.7278 -0.6437 -0.2365
vn 0.7278 0.6437 -0.2365
vn 0.7278 -0.6437 0.2365
vn 0.7278 0.6437 0.2365
vn 0.4498 -0.6437 0.6191
vn 0.4498 0.6437 0.6191
vn -0.0000 -0.6437 0.7653
vn -0.0000 0.6437 0.7653
vn -0.4498 -0.6437 0.6191
vn -0.4498 0.6437 0.6191
vn -0.7278 -0.6437 0.2365
vn -0.7278 0.6437 0.2365
vn -0.7278 -0.6437 -0.2365
vn -0.7278 0.6437 -0.2365
vn -0.4498 -0.6437 -0.6191
vn -0.4498 0.6437 -0.6191
vt 1.000000 0.500000
vt 1.000000 1.000000
vt 0.900000 1.000000
vt 0.900000 0.500000
vt 0.800000 1.000000
vt 0.800000 0.500000
vt 0.700000 1.000000
vt 0.700000 0.500000
vt 0.600000 1.000000
vt 0.600000 0.500000
vt 0.500000 1.000000
vt 0.500000 0.500000
vt 0.400000 1.000000
vt 0.400000 0.500000
vt 0.300000 1.000000
vt 0.300000 0.500000
vt 0.200000 1.000000
vt 0.200000 0.500000
vt 0.391068 0.444164
vt 0.250000 0.490000
vt 0.108932 0.444164
vt 0.021746 0.324164
vt 0.021746 0.175836
vt 0.108932 0.055836
vt 0.250000 0.010000
vt 0.391068 0.055836
vt 0.478254 0.175836
vt 0.478254 0.324164
vt 0.100000 1.000000
vt 0.100000 0.500000
vt -0.000000 1.000000
vt -0.000000 0.500000
vt 0.750000 0.490000
vt 0.891068 0.444164
vt 0.978254 0.324164
vt 0.978254 0.175836
vt 0.891068 0.055836
vt 0.750000 0.010000
vt 0.608932 0.055836
vt 0.521746 0.175836
vt 0.521746 0.324164
vt 0.608932 0.444164
s 1
usemtl M_Graphite
f 4685/9735/4673 4686/9736/4674 4688/9737/4676 4687/9738/4675
f 4687/9738/4675 4688/9737/4676 4690/9739/4678 4689/9740/4677
f 4689/9740/4677 4690/9739/4678 4692/9741/4680 4691/9742/4679
f 4691/9742/4679 4692/9741/4680 4694/9743/4682 4693/9744/4681
f 4693/9744/4681 4694/9743/4682 4696/9745/4684 4695/9746/4683
f 4695/9746/4683 4696/9745/4684 4698/9747/4686 4697/9748/4685
f 4697/9748/4685 4698/9747/4686 4700/9749/4688 4699/9750/4687
f 4699/9750/4687 4700/9749/4688 4702/9751/4690 4701/9752/4689
f 4688/9753/4676 4686/9754/4674 4704/9755/4692 4702/9756/4690 4700/9757/4688 4698/9758/4686 4696/9759/4684 4694/9760/4682 4692/9761/4680 4690/9762/4678
f 4701/9752/4689 4702/9751/4690 4704/9763/4692 4703/9764/4691
f 4703/9764/4691 4704/9763/4692 4686/9765/4674 4685/9766/4673
f 4685/9767/4673 4687/9768/4675 4689/9769/4677 4691/9770/4679 4693/9771/4681 4695/9772/4683 4697/9773/4685 4699/9774/4687 4701/9775/4689 4703/9776/4691
o Socket.228
v 0.160000 0.080000 -0.161000
v 0.160000 0.088000 -0.161000
v 0.163527 0.080000 -0.159854
v 0.163527 0.088000 -0.159854
v 0.165706 0.080000 -0.156854
v 0.165706 0.088000 -0.156854
v 0.165706 0.080000 -0.153146
v 0.165706 0.088000 -0.153146
v 0.163527 0.080000 -0.150146
v 0.163527 0.088000 -0.150146
v 0.160000 0.080000 -0.149000
v 0.160000 0.088000 -0.149000
v 0.156473 0.080000 -0.150146
v 0.156473 0.088000 -0.150146
v 0.154294 0.080000 -0.153146
v 0.154294 0.088000 -0.153146
v 0.154294 0.080000 -0.156854
v 0.154294 0.088000 -0.156854
v 0.156473 0.080000 -0.159854
v 0.156473 0.088000 -0.159854
vn -0.0000 -0.6437 -0.7653
vn -0.0000 0.6437 -0.7653
vn 0.4498 -0.6437 -0.6191
vn 0.4498 0.6437 -0.6191
vn 0.7278 -0.6437 -0.2365
vn 0.7278 0.6437 -0.2365
vn 0.7278 -0.6437 0.2365
vn 0.7278 0.6437 0.2365
vn 0.4498 -0.6437 0.6191
vn 0.4498 0.6437 0.6191
vn -0.0000 -0.6437 0.7653
vn -0.0000 0.6437 0.7653
vn -0.4498 -0.6437 0.6191
vn -0.4498 0.6437 0.6191
vn -0.7278 -0.6437 0.2365
vn -0.7278 0.6437 0.2365
vn -0.7278 -0.6437 -0.2365
vn -0.7278 0.6437 -0.2365
vn -0.4498 -0.6437 -0.6191
vn -0.4498 0.6437 -0.6191
vt 1.000000 0.500000
vt 1.000000 1.000000
vt 0.900000 1.000000
vt 0.900000 0.500000
vt 0.800000 1.000000
vt 0.800000 0.500000
vt 0.700000 1.000000
vt 0.700000 0.500000
vt 0.600000 1.000000
vt 0.600000 0.500000
vt 0.500000 1.000000
vt 0.500000 0.500000
vt 0.400000 1.000000
vt 0.400000 0.500000
vt 0.300000 1.000000
vt 0.300000 0.500000
vt 0.200000 1.000000
vt 0.200000 0.500000
vt 0.391068 0.444164
vt 0.250000 0.490000
vt 0.108932 0.444164
vt 0.021746 0.324164
vt 0.021746 0.175836
vt 0.108932 0.055836
vt 0.250000 0.010000
vt 0.391068 0.055836
vt 0.478254 0.175836
vt 0.478254 0.324164
vt 0.100000 1.000000
vt 0.100000 0.500000
vt -0.000000 1.000000
vt -0.000000 0.500000
vt 0.750000 0.490000
vt 0.891068 0.444164
vt 0.978254 0.324164
vt 0.978254 0.175836
vt 0.891068 0.055836
vt 0.750000 0.010000
vt 0.608932 0.055836
vt 0.521746 0.175836
vt 0.521746 0.324164
vt 0.608932 0.444164
s 1
usemtl M_Graphite
f 4705/9777/4693 4706/9778/4694 4708/9779/4696 4707/9780/4695
f 4707/9780/4695 4708/9779/4696 4710/9781/4698 4709/9782/4697
f 4709/9782/4697 4710/9781/4698 4712/9783/4700 4711/9784/4699
f 4711/9784/4699 4712/9783/4700 4714/9785/4702 4713/9786/4701
f 4713/9786/4701 4714/9785/4702 4716/9787/4704 4715/9788/4703
f 4715/9788/4703 4716/9787/4704 4718/9789/4706 4717/9790/4705
f 4717/9790/4705 4718/9789/4706 4720/9791/4708 4719/9792/4707
f 4719/9792/4707 4720/9791/4708 4722/9793/4710 4721/9794/4709
f 4708/9795/4696 4706/9796/4694 4724/9797/4712 4722/9798/4710 4720/9799/4708 4718/9800/4706 4716/9801/4704 4714/9802/4702 4712/9803/4700 4710/9804/4698
f 4721/9794/4709 4722/9793/4710 4724/9805/4712 4723/9806/4711
f 4723/9806/4711 4724/9805/4712 4706/9807/4694 4705/9808/4693
f 4705/9809/4693 4707/9810/4695 4709/9811/4697 4711/9812/4699 4713/9813/4701 4715/9814/4703 4717/9815/4705 4719/9816/4707 4721/9817/4709 4723/9818/4711
o Socket.229
v 0.205000 0.080000 -0.161000
v 0.205000 0.088000 -0.161000
v 0.208527 0.080000 -0.159854
v 0.208527 0.088000 -0.159854
v 0.210706 0.080000 -0.156854
v 0.210706 0.088000 -0.156854
v 0.210706 0.080000 -0.153146
v 0.210706 0.088000 -0.153146
v 0.208527 0.080000 -0.150146
v 0.208527 0.088000 -0.150146
v 0.205000 0.080000 -0.149000
v 0.205000 0.088000 -0.149000
v 0.201473 0.080000 -0.150146
v 0.201473 0.088000 -0.150146
v 0.199294 0.080000 -0.153146
v 0.199294 0.088000 -0.153146
v 0.199294 0.080000 -0.156854
v 0.199294 0.088000 -0.156854
v 0.201473 0.080000 -0.159854
v 0.201473 0.088000 -0.159854
vn -0.0000 -0.6437 -0.7653
vn -0.0000 0.6437 -0.7653
vn 0.4498 -0.6437 -0.6191
vn 0.4498 0.6437 -0.6191
vn 0.7278 -0.6437 -0.2365
vn 0.7278 0.6437 -0.2365
vn 0.7278 -0.6437 0.2365
vn 0.7278 0.6437 0.2365
vn 0.4498 -0.6437 0.6191
vn 0.4498 0.6437 0.6191
vn -0.0000 -0.6437 0.7653
vn -0.0000 0.6437 0.7653
vn -0.4498 -0.6437 0.6191
vn -0.4498 0.6437 0.6191
vn -0.7278 -0.6437 0.2365
vn -0.7278 0.6437 0.2365
vn -0.7278 -0.6437 -0.2365
vn -0.7278 0.6437 -0.2365
vn -0.4498 -0.6437 -0.6191
vn -0.4498 0.6437 -0.6191
vt 1.000000 0.500000
vt 1.000000 1.000000
vt 0.900000 1.000000
vt 0.900000 0.500000
vt 0.800000 1.000000
vt 0.800000 0.500000
vt 0.700000 1.000000
vt 0.700000 0.500000
vt 0.600000 1.000000
vt 0.600000 0.500000
vt 0.500000 1.000000
vt 0.500000 0.500000
vt 0.400000 1.000000
vt 0.400000 0.500000
vt 0.300000 1.000000
vt 0.300000 0.500000
vt 0.200000 1.000000
vt 0.200000 0.500000
vt 0.391068 0.444164
vt 0.250000 0.490000
vt 0.108932 0.444164
vt 0.021746 0.324164
vt 0.021746 0.175836
vt 0.108932 0.055836
vt 0.250000 0.010000
vt 0.391068 0.055836
vt 0.478254 0.175836
vt 0.478254 0.324164
vt 0.100000 1.000000
vt 0.100000 0.500000
vt -0.000000 1.000000
vt -0.000000 0.500000
vt 0.750000 0.490000
vt 0.891068 0.444164
vt 0.978254 0.324164
vt 0.978254 0.175836
vt 0.891068 0.055836
vt 0.750000 0.010000
vt 0.608932 0.055836
vt 0.521746 0.175836
vt 0.521746 0.324164
vt 0.608932 0.444164
s 1
usemtl M_Graphite
f 4725/9819/4713 4726/9820/4714 4728/9821/4716 4727/9822/4715
f 4727/9822/4715 4728/9821/4716 4730/9823/4718 4729/9824/4717
f 4729/9824/4717 4730/9823/4718 4732/9825/4720 4731/9826/4719
f 4731/9826/4719 4732/9825/4720 4734/9827/4722 4733/9828/4721
f 4733/9828/4721 4734/9827/4722 4736/9829/4724 4735/9830/4723
f 4735/9830/4723 4736/9829/4724 4738/9831/4726 4737/9832/4725
f 4737/9832/4725 4738/9831/4726 4740/9833/4728 4739/9834/4727
f 4739/9834/4727 4740/9833/4728 4742/9835/4730 4741/9836/4729
f 4728/9837/4716 4726/9838/4714 4744/9839/4732 4742/9840/4730 4740/9841/4728 4738/9842/4726 4736/9843/4724 4734/9844/4722 4732/9845/4720 4730/9846/4718
f 4741/9836/4729 4742/9835/4730 4744/9847/4732 4743/9848/4731
f 4743/9848/4731 4744/9847/4732 4726/9849/4714 4725/9850/4713
f 4725/9851/4713 4727/9852/4715 4729/9853/4717 4731/9854/4719 4733/9855/4721 4735/9856/4723 4737/9857/4725 4739/9858/4727 4741/9859/4729 4743/9860/4731
o Socket.230
v 0.250000 0.080000 -0.161000
v 0.250000 0.088000 -0.161000
v 0.253527 0.080000 -0.159854
v 0.253527 0.088000 -0.159854
v 0.255706 0.080000 -0.156854
v 0.255706 0.088000 -0.156854
v 0.255706 0.080000 -0.153146
v 0.255706 0.088000 -0.153146
v 0.253527 0.080000 -0.150146
v 0.253527 0.088000 -0.150146
v 0.250000 0.080000 -0.149000
v 0.250000 0.088000 -0.149000
v 0.246473 0.080000 -0.150146
v 0.246473 0.088000 -0.150146
v 0.244294 0.080000 -0.153146
v 0.244294 0.088000 -0.153146
v 0.244294 0.080000 -0.156854
v 0.244294 0.088000 -0.156854
v 0.246473 0.080000 -0.159854
v 0.246473 0.088000 -0.159854
vn -0.0000 -0.6437 -0.7653
vn -0.0000 0.6437 -0.7653
vn 0.4498 -0.6437 -0.6191
vn 0.4498 0.6437 -0.6191
vn 0.7278 -0.6437 -0.2365
vn 0.7278 0.6437 -0.2365
vn 0.7278 -0.6437 0.2365
vn 0.7278 0.6437 0.2365
vn 0.4498 -0.6437 0.6191
vn 0.4498 0.6437 0.6191
vn -0.0000 -0.6437 0.7653
vn -0.0000 0.6437 0.7653
vn -0.4498 -0.6437 0.6191
vn -0.4498 0.6437 0.6191
vn -0.7278 -0.6437 0.2365
vn -0.7278 0.6437 0.2365
vn -0.7278 -0.6437 -0.2365
vn -0.7278 0.6437 -0.2365
vn -0.4498 -0.6437 -0.6191
vn -0.4498 0.6437 -0.6191
vt 1.000000 0.500000
vt 1.000000 1.000000
vt 0.900000 1.000000
vt 0.900000 0.500000
vt 0.800000 1.000000
vt 0.800000 0.500000
vt 0.700000 1.000000
vt 0.700000 0.500000
vt 0.600000 1.000000
vt 0.600000 0.500000
vt 0.500000 1.000000
vt 0.500000 0.500000
vt 0.400000 1.000000
vt 0.400000 0.500000
vt 0.300000 1.000000
vt 0.300000 0.500000
vt 0.200000 1.000000
vt 0.200000 0.500000
vt 0.391068 0.444164
vt 0.250000 0.490000
vt 0.108932 0.444164
vt 0.021746 0.324164
vt 0.021746 0.175836
vt 0.108932 0.055836
vt 0.250000 0.010000
vt 0.391068 0.055836
vt 0.478254 0.175836
vt 0.478254 0.324164
vt 0.100000 1.000000
vt 0.100000 0.500000
vt -0.000000 1.000000
vt -0.000000 0.500000
vt 0.750000 0.490000
vt 0.891068 0.444164
vt 0.978254 0.324164
vt 0.978254 0.175836
vt 0.891068 0.055836
vt 0.750000 0.010000
vt 0.608932 0.055836
vt 0.521746 0.175836
vt 0.521746 0.324164
vt 0.608932 0.444164
s 1
usemtl M_Graphite
f 4745/9861/4733 4746/9862/4734 4748/9863/4736 4747/9864/4735
f 4747/9864/4735 4748/9863/4736 4750/9865/4738 4749/9866/4737
f 4749/9866/4737 4750/9865/4738 4752/9867/4740 4751/9868/4739
f 4751/9868/4739 4752/9867/4740 4754/9869/4742 4753/9870/4741
f 4753/9870/4741 4754/9869/4742 4756/9871/4744 4755/9872/4743
f 4755/9872/4743 4756/9871/4744 4758/9873/4746 4757/9874/4745
f 4757/9874/4745 4758/9873/4746 4760/9875/4748 4759/9876/4747
f 4759/9876/4747 4760/9875/4748 4762/9877/4750 4761/9878/4749
f 4748/9879/4736 4746/9880/4734 4764/9881/4752 4762/9882/4750 4760/9883/4748 4758/9884/4746 4756/9885/4744 4754/9886/4742 4752/9887/4740 4750/9888/4738
f 4761/9878/4749 4762/9877/4750 4764/9889/4752 4763/9890/4751
f 4763/9890/4751 4764/9889/4752 4746/9891/4734 4745/9892/4733
f 4745/9893/4733 4747/9894/4735 4749/9895/4737 4751/9896/4739 4753/9897/4741 4755/9898/4743 4757/9899/4745 4759/9900/4747 4761/9901/4749 4763/9902/4751
o Socket.231
v 0.295000 0.080000 -0.161000
v 0.295000 0.088000 -0.161000
v 0.298527 0.080000 -0.159854
v 0.298527 0.088000 -0.159854
v 0.300706 0.080000 -0.156854
v 0.300706 0.088000 -0.156854
v 0.300706 0.080000 -0.153146
v 0.300706 0.088000 -0.153146
v 0.298527 0.080000 -0.150146
v 0.298527 0.088000 -0.150146
v 0.295000 0.080000 -0.149000
v 0.295000 0.088000 -0.149000
v 0.291473 0.080000 -0.150146
v 0.291473 0.088000 -0.150146
v 0.289294 0.080000 -0.153146
v 0.289294 0.088000 -0.153146
v 0.289294 0.080000 -0.156854
v 0.289294 0.088000 -0.156854
v 0.291473 0.080000 -0.159854
v 0.291473 0.088000 -0.159854
vn -0.0000 -0.6437 -0.7653
vn -0.0000 0.6437 -0.7653
vn 0.4498 -0.6437 -0.6191
vn 0.4498 0.6437 -0.6191
vn 0.7278 -0.6437 -0.2365
vn 0.7278 0.6437 -0.2365
vn 0.7278 -0.6437 0.2365
vn 0.7278 0.6437 0.2365
vn 0.4498 -0.6437 0.6191
vn 0.4498 0.6437 0.6191
vn -0.0000 -0.6437 0.7653
vn -0.0000 0.6437 0.7653
vn -0.4498 -0.6437 0.6191
vn -0.4498 0.6437 0.6191
vn -0.7278 -0.6437 0.2365
vn -0.7278 0.6437 0.2365
vn -0.7278 -0.6437 -0.2365
vn -0.7278 0.6437 -0.2365
vn -0.4498 -0.6437 -0.6191
vn -0.4498 0.6437 -0.6191
vt 1.000000 0.500000
vt 1.000000 1.000000
vt 0.900000 1.000000
vt 0.900000 0.500000
vt 0.800000 1.000000
vt 0.800000 0.500000
vt 0.700000 1.000000
vt 0.700000 0.500000
vt 0.600000 1.000000
vt 0.600000 0.500000
vt 0.500000 1.000000
vt 0.500000 0.500000
vt 0.400000 1.000000
vt 0.400000 0.500000
vt 0.300000 1.000000
vt 0.300000 0.500000
vt 0.200000 1.000000
vt 0.200000 0.500000
vt 0.391068 0.444164
vt 0.250000 0.490000
vt 0.108932 0.444164
vt 0.021746 0.324164
vt 0.021746 0.175836
vt 0.108932 0.055836
vt 0.250000 0.010000
vt 0.391068 0.055836
vt 0.478254 0.175836
vt 0.478254 0.324164
vt 0.100000 1.000000
vt 0.100000 0.500000
vt -0.000000 1.000000
vt -0.000000 0.500000
vt 0.750000 0.490000
vt 0.891068 0.444164
vt 0.978254 0.324164
vt 0.978254 0.175836
vt 0.891068 0.055836
vt 0.750000 0.010000
vt 0.608932 0.055836
vt 0.521746 0.175836
vt 0.521746 0.324164
vt 0.608932 0.444164
s 1
usemtl M_Graphite
f 4765/9903/4753 4766/9904/4754 4768/9905/4756 4767/9906/4755
f 4767/9906/4755 4768/9905/4756 4770/9907/4758 4769/9908/4757
f 4769/9908/4757 4770/9907/4758 4772/9909/4760 4771/9910/4759
f 4771/9910/4759 4772/9909/4760 4774/9911/4762 4773/9912/4761
f 4773/9912/4761 4774/9911/4762 4776/9913/4764 4775/9914/4763
f 4775/9914/4763 4776/9913/4764 4778/9915/4766 4777/9916/4765
f 4777/9916/4765 4778/9915/4766 4780/9917/4768 4779/9918/4767
f 4779/9918/4767 4780/9917/4768 4782/9919/4770 4781/9920/4769
f 4768/9921/4756 4766/9922/4754 4784/9923/4772 4782/9924/4770 4780/9925/4768 4778/9926/4766 4776/9927/4764 4774/9928/4762 4772/9929/4760 4770/9930/4758
f 4781/9920/4769 4782/9919/4770 4784/9931/4772 4783/9932/4771
f 4783/9932/4771 4784/9931/4772 4766/9933/4754 4765/9934/4753
f 4765/9935/4753 4767/9936/4755 4769/9937/4757 4771/9938/4759 4773/9939/4761 4775/9940/4763 4777/9941/4765 4779/9942/4767 4781/9943/4769 4783/9944/4771
o Socket.232
v 0.340000 0.080000 -0.161000
v 0.340000 0.088000 -0.161000
v 0.343527 0.080000 -0.159854
v 0.343527 0.088000 -0.159854
v 0.345706 0.080000 -0.156854
v 0.345706 0.088000 -0.156854
v 0.345706 0.080000 -0.153146
v 0.345706 0.088000 -0.153146
v 0.343527 0.080000 -0.150146
v 0.343527 0.088000 -0.150146
v 0.340000 0.080000 -0.149000
v 0.340000 0.088000 -0.149000
v 0.336473 0.080000 -0.150146
v 0.336473 0.088000 -0.150146
v 0.334294 0.080000 -0.153146
v 0.334294 0.088000 -0.153146
v 0.334294 0.080000 -0.156854
v 0.334294 0.088000 -0.156854
v 0.336473 0.080000 -0.159854
v 0.336473 0.088000 -0.159854
vn -0.0000 -0.6437 -0.7653
vn -0.0000 0.6437 -0.7653
vn 0.4498 -0.6437 -0.6191
vn 0.4498 0.6437 -0.6191
vn 0.7278 -0.6437 -0.2365
vn 0.7278 0.6437 -0.2365
vn 0.7278 -0.6437 0.2365
vn 0.7278 0.6437 0.2365
vn 0.4498 -0.6437 0.6191
vn 0.4498 0.6437 0.6191
vn -0.0000 -0.6437 0.7653
vn -0.0000 0.6437 0.7653
vn -0.4498 -0.6437 0.6191
vn -0.4498 0.6437 0.6191
vn -0.7278 -0.6437 0.2365
vn -0.7278 0.6437 0.2365
vn -0.7278 -0.6437 -0.2365
vn -0.7278 0.6437 -0.2365
vn -0.4498 -0.6437 -0.6191
vn -0.4498 0.6437 -0.6191
vt 1.000000 0.500000
vt 1.000000 1.000000
vt 0.900000 1.000000
vt 0.900000 0.500000
vt 0.800000 1.000000
vt 0.800000 0.500000
vt 0.700000 1.000000
vt 0.700000 0.500000
vt 0.600000 1.000000
vt 0.600000 0.500000
vt 0.500000 1.000000
vt 0.500000 0.500000
vt 0.400000 1.000000
vt 0.400000 0.500000
vt 0.300000 1.000000
vt 0.300000 0.500000
vt 0.200000 1.000000
vt 0.200000 0.500000
vt 0.391068 0.444164
vt 0.250000 0.490000
vt 0.108932 0.444164
vt 0.021746 0.324164
vt 0.021746 0.175836
vt 0.108932 0.055836
vt 0.250000 0.010000
vt 0.391068 0.055836
vt 0.478254 0.175836
vt 0.478254 0.324164
vt 0.100000 1.000000
vt 0.100000 0.500000
vt -0.000000 1.000000
vt -0.000000 0.500000
vt 0.750000 0.490000
vt 0.891068 0.444164
vt 0.978254 0.324164
vt 0.978254 0.175836
vt 0.891068 0.055836
vt 0.750000 0.010000
vt 0.608932 0.055836
vt 0.521746 0.175836
vt 0.521746 0.324164
vt 0.608932 0.444164
s 1
usemtl M_Graphite
f 4785/9945/4773 4786/9946/4774 4788/9947/4776 4787/9948/4775
f 4787/9948/4775 4788/9947/4776 4790/9949/4778 4789/9950/4777
f 4789/9950/4777 4790/9949/4778 4792/9951/4780 4791/9952/4779
f 4791/9952/4779 4792/9951/4780 4794/9953/4782 4793/9954/4781
f 4793/9954/4781 4794/9953/4782 4796/9955/4784 4795/9956/4783
f 4795/9956/4783 4796/9955/4784 4798/9957/4786 4797/9958/4785
f 4797/9958/4785 4798/9957/4786 4800/9959/4788 4799/9960/4787
f 4799/9960/4787 4800/9959/4788 4802/9961/4790 4801/9962/4789
f 4788/9963/4776 4786/9964/4774 4804/9965/4792 4802/9966/4790 4800/9967/4788 4798/9968/4786 4796/9969/4784 4794/9970/4782 4792/9971/4780 4790/9972/4778
f 4801/9962/4789 4802/9961/4790 4804/9973/4792 4803/9974/4791
f 4803/9974/4791 4804/9973/4792 4786/9975/4774 4785/9976/4773
f 4785/9977/4773 4787/9978/4775 4789/9979/4777 4791/9980/4779 4793/9981/4781 4795/9982/4783 4797/9983/4785 4799/9984/4787 4801/9985/4789 4803/9986/4791
o Socket.233
v 0.385000 0.080000 -0.161000
v 0.385000 0.088000 -0.161000
v 0.388527 0.080000 -0.159854
v 0.388527 0.088000 -0.159854
v 0.390706 0.080000 -0.156854
v 0.390706 0.088000 -0.156854
v 0.390706 0.080000 -0.153146
v 0.390706 0.088000 -0.153146
v 0.388527 0.080000 -0.150146
v 0.388527 0.088000 -0.150146
v 0.385000 0.080000 -0.149000
v 0.385000 0.088000 -0.149000
v 0.381473 0.080000 -0.150146
v 0.381473 0.088000 -0.150146
v 0.379294 0.080000 -0.153146
v 0.379294 0.088000 -0.153146
v 0.379294 0.080000 -0.156854
v 0.379294 0.088000 -0.156854
v 0.381473 0.080000 -0.159854
v 0.381473 0.088000 -0.159854
vn -0.0000 -0.6437 -0.7653
vn -0.0000 0.6437 -0.7653
vn 0.4498 -0.6437 -0.6191
vn 0.4498 0.6437 -0.6191
vn 0.7278 -0.6437 -0.2365
vn 0.7278 0.6437 -0.2365
vn 0.7278 -0.6437 0.2365
vn 0.7278 0.6437 0.2365
vn 0.4498 -0.6437 0.6191
vn 0.4498 0.6437 0.6191
vn -0.0000 -0.6437 0.7653
vn -0.0000 0.6437 0.7653
vn -0.4498 -0.6437 0.6191
vn -0.4498 0.6437 0.6191
vn -0.7278 -0.6437 0.2365
vn -0.7278 0.6437 0.2365
vn -0.7278 -0.6437 -0.2365
vn -0.7278 0.6437 -0.2365
vn -0.4498 -0.6437 -0.6191
vn -0.4498 0.6437 -0.6191
vt 1.000000 0.500000
vt 1.000000 1.000000
vt 0.900000 1.000000
vt 0.900000 0.500000
vt 0.800000 1.000000
vt 0.800000 0.500000
vt 0.700000 1.000000
vt 0.700000 0.500000
vt 0.600000 1.000000
vt 0.600000 0.500000
vt 0.500000 1.000000
vt 0.500000 0.500000
vt 0.400000 1.000000
vt 0.400000 0.500000
vt 0.300000 1.000000
vt 0.300000 0.500000
vt 0.200000 1.000000
vt 0.200000 0.500000
vt 0.391068 0.444164
vt 0.250000 0.490000
vt 0.108932 0.444164
vt 0.021746 0.324164
vt 0.021746 0.175836
vt 0.108932 0.055836
vt 0.250000 0.010000
vt 0.391068 0.055836
vt 0.478254 0.175836
vt 0.478254 0.324164
vt 0.100000 1.000000
vt 0.100000 0.500000
vt -0.000000 1.000000
vt -0.000000 0.500000
vt 0.750000 0.490000
vt 0.891068 0.444164
vt 0.978254 0.324164
vt 0.978254 0.175836
vt 0.891068 0.055836
vt 0.750000 0.010000
vt 0.608932 0.055836
vt 0.521746 0.175836
vt 0.521746 0.324164
vt 0.608932 0.444164
s 1
usemtl M_Graphite
f 4805/9987/4793 4806/9988/4794 4808/9989/4796 4807/9990/4795
f 4807/9990/4795 4808/9989/4796 4810/9991/4798 4809/9992/4797
f 4809/9992/4797 4810/9991/4798 4812/9993/4800 4811/9994/4799
f 4811/9994/4799 4812/9993/4800 4814/9995/4802 4813/9996/4801
f 4813/9996/4801 4814/9995/4802 4816/9997/4804 4815/9998/4803
f 4815/9998/4803 4816/9997/4804 4818/9999/4806 4817/10000/4805
f 4817/10000/4805 4818/9999/4806 4820/10001/4808 4819/10002/4807
f 4819/10002/4807 4820/10001/4808 4822/10003/4810 4821/10004/4809
f 4808/10005/4796 4806/10006/4794 4824/10007/4812 4822/10008/4810 4820/10009/4808 4818/10010/4806 4816/10011/4804 4814/10012/4802 4812/10013/4800 4810/10014/4798
f 4821/10004/4809 4822/10003/4810 4824/10015/4812 4823/10016/4811
f 4823/10016/4811 4824/10015/4812 4806/10017/4794 4805/10018/4793
f 4805/10019/4793 4807/10020/4795 4809/10021/4797 4811/10022/4799 4813/10023/4801 4815/10024/4803 4817/10025/4805 4819/10026/4807 4821/10027/4809 4823/10028/4811
o Socket.234
v 0.430000 0.080000 -0.161000
v 0.430000 0.088000 -0.161000
v 0.433527 0.080000 -0.159854
v 0.433527 0.088000 -0.159854
v 0.435706 0.080000 -0.156854
v 0.435706 0.088000 -0.156854
v 0.435706 0.080000 -0.153146
v 0.435706 0.088000 -0.153146
v 0.433527 0.080000 -0.150146
v 0.433527 0.088000 -0.150146
v 0.430000 0.080000 -0.149000
v 0.430000 0.088000 -0.149000
v 0.426473 0.080000 -0.150146
v 0.426473 0.088000 -0.150146
v 0.424294 0.080000 -0.153146
v 0.424294 0.088000 -0.153146
v 0.424294 0.080000 -0.156854
v 0.424294 0.088000 -0.156854
v 0.426473 0.080000 -0.159854
v 0.426473 0.088000 -0.159854
vn -0.0000 -0.6437 -0.7653
vn -0.0000 0.6437 -0.7653
vn 0.4498 -0.6437 -0.6191
vn 0.4498 0.6437 -0.6191
vn 0.7278 -0.6437 -0.2365
vn 0.7278 0.6437 -0.2365
vn 0.7278 -0.6437 0.2365
vn 0.7278 0.6437 0.2365
vn 0.4498 -0.6437 0.6191
vn 0.4498 0.6437 0.6191
vn -0.0000 -0.6437 0.7653
vn -0.0000 0.6437 0.7653
vn -0.4498 -0.6437 0.6191
vn -0.4498 0.6437 0.6191
vn -0.7278 -0.6437 0.2365
vn -0.7278 0.6437 0.2365
vn -0.7278 -0.6437 -0.2365
vn -0.7278 0.6437 -0.2365
vn -0.4498 -0.6437 -0.6191
vn -0.4498 0.6437 -0.6191
vt 1.000000 0.500000
vt 1.000000 1.000000
vt 0.900000 1.000000
vt 0.900000 0.500000
vt 0.800000 1.000000
vt 0.800000 0.500000
vt 0.700000 1.000000
vt 0.700000 0.500000
vt 0.600000 1.000000
vt 0.600000 0.500000
vt 0.500000 1.000000
vt 0.500000 0.500000
vt 0.400000 1.000000
vt 0.400000 0.500000
vt 0.300000 1.000000
vt 0.300000 0.500000
vt 0.200000 1.000000
vt 0.200000 0.500000
vt 0.391068 0.444164
vt 0.250000 0.490000
vt 0.108932 0.444164
vt 0.021746 0.324164
vt 0.021746 0.175836
vt 0.108932 0.055836
vt 0.250000 0.010000
vt 0.391068 0.055836
vt 0.478254 0.175836
vt 0.478254 0.324164
vt 0.100000 1.000000
vt 0.100000 0.500000
vt -0.000000 1.000000
vt -0.000000 0.500000
vt 0.750000 0.490000
vt 0.891068 0.444164
vt 0.978254 0.324164
vt 0.978254 0.175836
vt 0.891068 0.055836
vt 0.750000 0.010000
vt 0.608932 0.055836
vt 0.521746 0.175836
vt 0.521746 0.324164
vt 0.608932 0.444164
s 1
usemtl M_Graphite
f 4825/10029/4813 4826/10030/4814 4828/10031/4816 4827/10032/4815
f 4827/10032/4815 4828/10031/4816 4830/10033/4818 4829/10034/4817
f 4829/10034/4817 4830/10033/4818 4832/10035/4820 4831/10036/4819
f 4831/10036/4819 4832/10035/4820 4834/10037/4822 4833/10038/4821
f 4833/10038/4821 4834/10037/4822 4836/10039/4824 4835/10040/4823
f 4835/10040/4823 4836/10039/4824 4838/10041/4826 4837/10042/4825
f 4837/10042/4825 4838/10041/4826 4840/10043/4828 4839/10044/4827
f 4839/10044/4827 4840/10043/4828 4842/10045/4830 4841/10046/4829
f 4828/10047/4816 4826/10048/4814 4844/10049/4832 4842/10050/4830 4840/10051/4828 4838/10052/4826 4836/10053/4824 4834/10054/4822 4832/10055/4820 4830/10056/4818
f 4841/10046/4829 4842/10045/4830 4844/10057/4832 4843/10058/4831
f 4843/10058/4831 4844/10057/4832 4826/10059/4814 4825/10060/4813
f 4825/10061/4813 4827/10062/4815 4829/10063/4817 4831/10064/4819 4833/10065/4821 4835/10066/4823 4837/10067/4825 4839/10068/4827 4841/10069/4829 4843/10070/4831
o Socket.235
v 0.475000 0.080000 -0.161000
v 0.475000 0.088000 -0.161000
v 0.478527 0.080000 -0.159854
v 0.478527 0.088000 -0.159854
v 0.480706 0.080000 -0.156854
v 0.480706 0.088000 -0.156854
v 0.480706 0.080000 -0.153146
v 0.480706 0.088000 -0.153146
v 0.478527 0.080000 -0.150146
v 0.478527 0.088000 -0.150146
v 0.475000 0.080000 -0.149000
v 0.475000 0.088000 -0.149000
v 0.471473 0.080000 -0.150146
v 0.471473 0.088000 -0.150146
v 0.469294 0.080000 -0.153146
v 0.469294 0.088000 -0.153146
v 0.469294 0.080000 -0.156854
v 0.469294 0.088000 -0.156854
v 0.471473 0.080000 -0.159854
v 0.471473 0.088000 -0.159854
vn -0.0000 -0.6437 -0.7653
vn -0.0000 0.6437 -0.7653
vn 0.4498 -0.6437 -0.6191
vn 0.4498 0.6437 -0.6191
vn 0.7278 -0.6437 -0.2365
vn 0.7278 0.6437 -0.2365
vn 0.7278 -0.6437 0.2365
vn 0.7278 0.6437 0.2365
vn 0.4498 -0.6437 0.6191
vn 0.4498 0.6437 0.6191
vn -0.0000 -0.6437 0.7653
vn -0.0000 0.6437 0.7653
vn -0.4498 -0.6437 0.6191
vn -0.4498 0.6437 0.6191
vn -0.7278 -0.6437 0.2365
vn -0.7278 0.6437 0.2365
vn -0.7278 -0.6437 -0.2365
vn -0.7278 0.6437 -0.2365
vn -0.4498 -0.6437 -0.6191
vn -0.4498 0.6437 -0.6191
vt 1.000000 0.500000
vt 1.000000 1.000000
vt 0.900000 1.000000
vt 0.900000 0.500000
vt 0.800000 1.000000
vt 0.800000 0.500000
vt 0.700000 1.000000
vt 0.700000 0.500000
vt 0.600000 1.000000
vt 0.600000 0.500000
vt 0.500000 1.000000
vt 0.500000 0.500000
vt 0.400000 1.000000
vt 0.400000 0.500000
vt 0.300000 1.000000
vt 0.300000 0.500000
vt 0.200000 1.000000
vt 0.200000 0.500000
vt 0.391068 0.444164
vt 0.250000 0.490000
vt 0.108932 0.444164
vt 0.021746 0.324164
vt 0.021746 0.175836
vt 0.108932 0.055836
vt 0.250000 0.010000
vt 0.391068 0.055836
vt 0.478254 0.175836
vt 0.478254 0.324164
vt 0.100000 1.000000
vt 0.100000 0.500000
vt -0.000000 1.000000
vt -0.000000 0.500000
vt 0.750000 0.490000
vt 0.891068 0.444164
vt 0.978254 0.324164
vt 0.978254 0.175836
vt 0.891068 0.055836
vt 0.750000 0.010000
vt 0.608932 0.055836
vt 0.521746 0.175836
vt 0.521746 0.324164
vt 0.608932 0.444164
s 1
usemtl M_Graphite
f 4845/10071/4833 4846/10072/4834 4848/10073/4836 4847/10074/4835
f 4847/10074/4835 4848/10073/4836 4850/10075/4838 4849/10076/4837
f 4849/10076/4837 4850/10075/4838 4852/10077/4840 4851/10078/4839
f 4851/10078/4839 4852/10077/4840 4854/10079/4842 4853/10080/4841
f 4853/10080/4841 4854/10079/4842 4856/10081/4844 4855/10082/4843
f 4855/10082/4843 4856/10081/4844 4858/10083/4846 4857/10084/4845
f 4857/10084/4845 4858/10083/4846 4860/10085/4848 4859/10086/4847
f 4859/10086/4847 4860/10085/4848 4862/10087/4850 4861/10088/4849
f 4848/10089/4836 4846/10090/4834 4864/10091/4852 4862/10092/4850 4860/10093/4848 4858/10094/4846 4856/10095/4844 4854/10096/4842 4852/10097/4840 4850/10098/4838
f 4861/10088/4849 4862/10087/4850 4864/10099/4852 4863/10100/4851
f 4863/10100/4851 4864/10099/4852 4846/10101/4834 4845/10102/4833
f 4845/10103/4833 4847/10104/4835 4849/10105/4837 4851/10106/4839 4853/10107/4841 4855/10108/4843 4857/10109/4845 4859/10110/4847 4861/10111/4849 4863/10112/4851
o Socket.236
v 0.520000 0.080000 -0.161000
v 0.520000 0.088000 -0.161000
v 0.523527 0.080000 -0.159854
v 0.523527 0.088000 -0.159854
v 0.525706 0.080000 -0.156854
v 0.525706 0.088000 -0.156854
v 0.525706 0.080000 -0.153146
v 0.525706 0.088000 -0.153146
v 0.523527 0.080000 -0.150146
v 0.523527 0.088000 -0.150146
v 0.520000 0.080000 -0.149000
v 0.520000 0.088000 -0.149000
v 0.516473 0.080000 -0.150146
v 0.516473 0.088000 -0.150146
v 0.514294 0.080000 -0.153146
v 0.514294 0.088000 -0.153146
v 0.514294 0.080000 -0.156854
v 0.514294 0.088000 -0.156854
v 0.516473 0.080000 -0.159854
v 0.516473 0.088000 -0.159854
vn -0.0000 -0.6437 -0.7653
vn -0.0000 0.6437 -0.7653
vn 0.4498 -0.6437 -0.6191
vn 0.4498 0.6437 -0.6191
vn 0.7278 -0.6437 -0.2365
vn 0.7278 0.6437 -0.2365
vn 0.7278 -0.6437 0.2365
vn 0.7278 0.6437 0.2365
vn 0.4498 -0.6437 0.6191
vn 0.4498 0.6437 0.6191
vn -0.0000 -0.6437 0.7653
vn -0.0000 0.6437 0.7653
vn -0.4498 -0.6437 0.6191
vn -0.4498 0.6437 0.6191
vn -0.7278 -0.6437 0.2365
vn -0.7278 0.6437 0.2365
vn -0.7278 -0.6437 -0.2365
vn -0.7278 0.6437 -0.2365
vn -0.4498 -0.6437 -0.6191
vn -0.4498 0.6437 -0.6191
vt 1.000000 0.500000
vt 1.000000 1.000000
vt 0.900000 1.000000
vt 0.900000 0.500000
vt 0.800000 1.000000
vt 0.800000 0.500000
vt 0.700000 1.000000
vt 0.700000 0.500000
vt 0.600000 1.000000
vt 0.600000 0.500000
vt 0.500000 1.000000
vt 0.500000 0.500000
vt 0.400000 1.000000
vt 0.400000 0.500000
vt 0.300000 1.000000
vt 0.300000 0.500000
vt 0.200000 1.000000
vt 0.200000 0.500000
vt 0.391068 0.444164
vt 0.250000 0.490000
vt 0.108932 0.444164
vt 0.021746 0.324164
vt 0.021746 0.175836
vt 0.108932 0.055836
vt 0.250000 0.010000
vt 0.391068 0.055836
vt 0.478254 0.175836
vt 0.478254 0.324164
vt 0.100000 1.000000
vt 0.100000 0.500000
vt -0.000000 1.000000
vt -0.000000 0.500000
vt 0.750000 0.490000
vt 0.891068 0.444164
vt 0.978254 0.324164
vt 0.978254 0.175836
vt 0.891068 0.055836
vt 0.750000 0.010000
vt 0.608932 0.055836
vt 0.521746 0.175836
vt 0.521746 0.324164
vt 0.608932 0.444164
s 1
usemtl M_Graphite
f 4865/10113/4853 4866/10114/4854 4868/10115/4856 4867/10116/4855
f 4867/10116/4855 4868/10115/4856 4870/10117/4858 4869/10118/4857
f 4869/10118/4857 4870/10117/4858 4872/10119/4860 4871/10120/4859
f 4871/10120/4859 4872/10119/4860 4874/10121/4862 4873/10122/4861
f 4873/10122/4861 4874/10121/4862 4876/10123/4864 4875/10124/4863
f 4875/10124/4863 4876/10123/4864 4878/10125/4866 4877/10126/4865
f 4877/10126/4865 4878/10125/4866 4880/10127/4868 4879/10128/4867
f 4879/10128/4867 4880/10127/4868 4882/10129/4870 4881/10130/4869
f 4868/10131/4856 4866/10132/4854 4884/10133/4872 4882/10134/4870 4880/10135/4868 4878/10136/4866 4876/10137/4864 4874/10138/4862 4872/10139/4860 4870/10140/4858
f 4881/10130/4869 4882/10129/4870 4884/10141/4872 4883/10142/4871
f 4883/10142/4871 4884/10141/4872 4866/10143/4854 4865/10144/4853
f 4865/10145/4853 4867/10146/4855 4869/10147/4857 4871/10148/4859 4873/10149/4861 4875/10150/4863 4877/10151/4865 4879/10152/4867 4881/10153/4869 4883/10154/4871
o Socket.237
v 0.565000 0.080000 -0.161000
v 0.565000 0.088000 -0.161000
v 0.568527 0.080000 -0.159854
v 0.568527 0.088000 -0.159854
v 0.570706 0.080000 -0.156854
v 0.570706 0.088000 -0.156854
v 0.570706 0.080000 -0.153146
v 0.570706 0.088000 -0.153146
v 0.568527 0.080000 -0.150146
v 0.568527 0.088000 -0.150146
v 0.565000 0.080000 -0.149000
v 0.565000 0.088000 -0.149000
v 0.561473 0.080000 -0.150146
v 0.561473 0.088000 -0.150146
v 0.559294 0.080000 -0.153146
v 0.559294 0.088000 -0.153146
v 0.559294 0.080000 -0.156854
v 0.559294 0.088000 -0.156854
v 0.561473 0.080000 -0.159854
v 0.561473 0.088000 -0.159854
vn -0.0000 -0.6437 -0.7653
vn -0.0000 0.6437 -0.7653
vn 0.4498 -0.6437 -0.6191
vn 0.4498 0.6437 -0.6191
vn 0.7278 -0.6437 -0.2365
vn 0.7278 0.6437 -0.2365
vn 0.7278 -0.6437 0.2365
vn 0.7278 0.6437 0.2365
vn 0.4498 -0.6437 0.6191
vn 0.4498 0.6437 0.6191
vn -0.0000 -0.6437 0.7653
vn -0.0000 0.6437 0.7653
vn -0.4498 -0.6437 0.6191
vn -0.4498 0.6437 0.6191
vn -0.7278 -0.6437 0.2365
vn -0.7278 0.6437 0.2365
vn -0.7278 -0.6437 -0.2365
vn -0.7278 0.6437 -0.2365
vn -0.4498 -0.6437 -0.6191
vn -0.4498 0.6437 -0.6191
vt 1.000000 0.500000
vt 1.000000 1.000000
vt 0.900000 1.000000
vt 0.900000 0.500000
vt 0.800000 1.000000
vt 0.800000 0.500000
vt 0.700000 1.000000
vt 0.700000 0.500000
vt 0.600000 1.000000
vt 0.600000 0.500000
vt 0.500000 1.000000
vt 0.500000 0.500000
vt 0.400000 1.000000
vt 0.400000 0.500000
vt 0.300000 1.000000
vt 0.300000 0.500000
vt 0.200000 1.000000
vt 0.200000 0.500000
vt 0.391068 0.444164
vt 0.250000 0.490000
vt 0.108932 0.444164
vt 0.021746 0.324164
vt 0.021746 0.175836
vt 0.108932 0.055836
vt 0.250000 0.010000
vt 0.391068 0.055836
vt 0.478254 0.175836
vt 0.478254 0.324164
vt 0.100000 1.000000
vt 0.100000 0.500000
vt -0.000000 1.000000
vt -0.000000 0.500000
vt 0.750000 0.490000
vt 0.891068 0.444164
vt 0.978254 0.324164
vt 0.978254 0.175836
vt 0.891068 0.055836
vt 0.750000 0.010000
vt 0.608932 0.055836
vt 0.521746 0.175836
vt 0.521746 0.324164
vt 0.608932 0.444164
s 1
usemtl M_Graphite
f 4885/10155/4873 4886/10156/4874 4888/10157/4876 4887/10158/4875
f 4887/10158/4875 4888/10157/4876 4890/10159/4878 4889/10160/4877
f 4889/10160/4877 4890/10159/4878 4892/10161/4880 4891/10162/4879
f 4891/10162/4879 4892/10161/4880 4894/10163/4882 4893/10164/4881
f 4893/10164/4881 4894/10163/4882 4896/10165/4884 4895/10166/4883
f 4895/10166/4883 4896/10165/4884 4898/10167/4886 4897/10168/4885
f 4897/10168/4885 4898/10167/4886 4900/10169/4888 4899/10170/4887
f 4899/10170/4887 4900/10169/4888 4902/10171/4890 4901/10172/4889
f 4888/10173/4876 4886/10174/4874 4904/10175/4892 4902/10176/4890 4900/10177/4888 4898/10178/4886 4896/10179/4884 4894/10180/4882 4892/10181/4880 4890/10182/4878
f 4901/10172/4889 4902/10171/4890 4904/10183/4892 4903/10184/4891
f 4903/10184/4891 4904/10183/4892 4886/10185/4874 4885/10186/4873
f 4885/10187/4873 4887/10188/4875 4889/10189/4877 4891/10190/4879 4893/10191/4881 4895/10192/4883 4897/10193/4885 4899/10194/4887 4901/10195/4889 4903/10196/4891
o Socket.238
v 0.610000 0.080000 -0.161000
v 0.610000 0.088000 -0.161000
v 0.613527 0.080000 -0.159854
v 0.613527 0.088000 -0.159854
v 0.615706 0.080000 -0.156854
v 0.615706 0.088000 -0.156854
v 0.615706 0.080000 -0.153146
v 0.615706 0.088000 -0.153146
v 0.613527 0.080000 -0.150146
v 0.613527 0.088000 -0.150146
v 0.610000 0.080000 -0.149000
v 0.610000 0.088000 -0.149000
v 0.606473 0.080000 -0.150146
v 0.606473 0.088000 -0.150146
v 0.604294 0.080000 -0.153146
v 0.604294 0.088000 -0.153146
v 0.604294 0.080000 -0.156854
v 0.604294 0.088000 -0.156854
v 0.606473 0.080000 -0.159854
v 0.606473 0.088000 -0.159854
vn -0.0000 -0.6437 -0.7653
vn -0.0000 0.6437 -0.7653
vn 0.4498 -0.6437 -0.6191
vn 0.4498 0.6437 -0.6191
vn 0.7278 -0.6437 -0.2365
vn 0.7278 0.6437 -0.2365
vn 0.7278 -0.6437 0.2365
vn 0.7278 0.6437 0.2365
vn 0.4498 -0.6437 0.6191
vn 0.4498 0.6437 0.6191
vn -0.0000 -0.6437 0.7653
vn -0.0000 0.6437 0.7653
vn -0.4498 -0.6437 0.6191
vn -0.4498 0.6437 0.6191
vn -0.7278 -0.6437 0.2365
vn -0.7278 0.6437 0.2365
vn -0.7278 -0.6437 -0.2365
vn -0.7278 0.6437 -0.2365
vn -0.4498 -0.6437 -0.6191
vn -0.4498 0.6437 -0.6191
vt 1.000000 0.500000
vt 1.000000 1.000000
vt 0.900000 1.000000
vt 0.900000 0.500000
vt 0.800000 1.000000
vt 0.800000 0.500000
vt 0.700000 1.000000
vt 0.700000 0.500000
vt 0.600000 1.000000
vt 0.600000 0.500000
vt 0.500000 1.000000
vt 0.500000 0.500000
vt 0.400000 1.000000
vt 0.400000 0.500000
vt 0.300000 1.000000
vt 0.300000 0.500000
vt 0.200000 1.000000
vt 0.200000 0.500000
vt 0.391068 0.444164
vt 0.250000 0.490000
vt 0.108932 0.444164
vt 0.021746 0.324164
vt 0.021746 0.175836
vt 0.108932 0.055836
vt 0.250000 0.010000
vt 0.391068 0.055836
vt 0.478254 0.175836
vt 0.478254 0.324164
vt 0.100000 1.000000
vt 0.100000 0.500000
vt -0.000000 1.000000
vt -0.000000 0.500000
vt 0.750000 0.490000
vt 0.891068 0.444164
vt 0.978254 0.324164
vt 0.978254 0.175836
vt 0.891068 0.055836
vt 0.750000 0.010000
vt 0.608932 0.055836
vt 0.521746 0.175836
vt 0.521746 0.324164
vt 0.608932 0.444164
s 1
usemtl M_Graphite
f 4905/10197/4893 4906/10198/4894 4908/10199/4896 4907/10200/4895
f 4907/10200/4895 4908/10199/4896 4910/10201/4898 4909/10202/4897
f 4909/10202/4897 4910/10201/4898 4912/10203/4900 4911/10204/4899
f 4911/10204/4899 4912/10203/4900 4914/10205/4902 4913/10206/4901
f 4913/10206/4901 4914/10205/4902 4916/10207/4904 4915/10208/4903
f 4915/10208/4903 4916/10207/4904 4918/10209/4906 4917/10210/4905
f 4917/10210/4905 4918/10209/4906 4920/10211/4908 4919/10212/4907
f 4919/10212/4907 4920/10211/4908 4922/10213/4910 4921/10214/4909
f 4908/10215/4896 4906/10216/4894 4924/10217/4912 4922/10218/4910 4920/10219/4908 4918/10220/4906 4916/10221/4904 4914/10222/4902 4912/10223/4900 4910/10224/4898
f 4921/10214/4909 4922/10213/4910 4924/10225/4912 4923/10226/4911
f 4923/10226/4911 4924/10225/4912 4906/10227/4894 4905/10228/4893
f 4905/10229/4893 4907/10230/4895 4909/10231/4897 4911/10232/4899 4913/10233/4901 4915/10234/4903 4917/10235/4905 4919/10236/4907 4921/10237/4909 4923/10238/4911
o Socket.239
v 0.655000 0.080000 -0.161000
v 0.655000 0.088000 -0.161000
v 0.658527 0.080000 -0.159854
v 0.658527 0.088000 -0.159854
v 0.660706 0.080000 -0.156854
v 0.660706 0.088000 -0.156854
v 0.660706 0.080000 -0.153146
v 0.660706 0.088000 -0.153146
v 0.658527 0.080000 -0.150146
v 0.658527 0.088000 -0.150146
v 0.655000 0.080000 -0.149000
v 0.655000 0.088000 -0.149000
v 0.651473 0.080000 -0.150146
v 0.651473 0.088000 -0.150146
v 0.649294 0.080000 -0.153146
v 0.649294 0.088000 -0.153146
v 0.649294 0.080000 -0.156854
v 0.649294 0.088000 -0.156854
v 0.651473 0.080000 -0.159854
v 0.651473 0.088000 -0.159854
vn -0.0000 -0.6437 -0.7653
vn -0.0000 0.6437 -0.7653
vn 0.4498 -0.6437 -0.6191
vn 0.4498 0.6437 -0.6191
vn 0.7278 -0.6437 -0.2365
vn 0.7278 0.6437 -0.2365
vn 0.7278 -0.6437 0.2365
vn 0.7278 0.6437 0.2365
vn 0.4498 -0.6437 0.6191
vn 0.4498 0.6437 0.6191
vn -0.0000 -0.6437 0.7653
vn -0.0000 0.6437 0.7653
vn -0.4498 -0.6437 0.6191
vn -0.4498 0.6437 0.6191
vn -0.7278 -0.6437 0.2365
vn -0.7278 0.6437 0.2365
vn -0.7278 -0.6437 -0.2365
vn -0.7278 0.6437 -0.2365
vn -0.4498 -0.6437 -0.6191
vn -0.4498 0.6437 -0.6191
vt 1.000000 0.500000
vt 1.000000 1.000000
vt 0.900000 1.000000
vt 0.900000 0.500000
vt 0.800000 1.000000
vt 0.800000 0.500000
vt 0.700000 1.000000
vt 0.700000 0.500000
vt 0.600000 1.000000
vt 0.600000 0.500000
vt 0.500000 1.000000
vt 0.500000 0.500000
vt 0.400000 1.000000
vt 0.400000 0.500000
vt 0.300000 1.000000
vt 0.300000 0.500000
vt 0.200000 1.000000
vt 0.200000 0.500000
vt 0.391068 0.444164
vt 0.250000 0.490000
vt 0.108932 0.444164
vt 0.021746 0.324164
vt 0.021746 0.175836
vt 0.108932 0.055836
vt 0.250000 0.010000
vt 0.391068 0.055836
vt 0.478254 0.175836
vt 0.478254 0.324164
vt 0.100000 1.000000
vt 0.100000 0.500000
vt -0.000000 1.000000
vt -0.000000 0.500000
vt 0.750000 0.490000
vt 0.891068 0.444164
vt 0.978254 0.324164
vt 0.978254 0.175836
vt 0.891068 0.055836
vt 0.750000 0.010000
vt 0.608932 0.055836
vt 0.521746 0.175836
vt 0.521746 0.324164
vt 0.608932 0.444164
s 1
usemtl M_Graphite
f 4925/10239/4913 4926/10240/4914 4928/10241/4916 4927/10242/4915
f 4927/10242/4915 4928/10241/4916 4930/10243/4918 4929/10244/4917
f 4929/10244/4917 4930/10243/4918 4932/10245/4920 4931/10246/4919
f 4931/10246/4919 4932/10245/4920 4934/10247/4922 4933/10248/4921
f 4933/10248/4921 4934/10247/4922 4936/10249/4924 4935/10250/4923
f 4935/10250/4923 4936/10249/4924 4938/10251/4926 4937/10252/4925
f 4937/10252/4925 4938/10251/4926 4940/10253/4928 4939/10254/4927
f 4939/10254/4927 4940/10253/4928 4942/10255/4930 4941/10256/4929
f 4928/10257/4916 4926/10258/4914 4944/10259/4932 4942/10260/4930 4940/10261/4928 4938/10262/4926 4936/10263/4924 4934/10264/4922 4932/10265/4920 4930/10266/4918
f 4941/10256/4929 4942/10255/4930 4944/10267/4932 4943/10268/4931
f 4943/10268/4931 4944/10267/4932 4926/10269/4914 4925/10270/4913
f 4925/10271/4913 4927/10272/4915 4929/10273/4917 4931/10274/4919 4933/10275/4921 4935/10276/4923 4937/10277/4925 4939/10278/4927 4941/10279/4929 4943/10280/4931
o Socket.240
v -0.650000 0.080000 -0.206000
v -0.650000 0.088000 -0.206000
v -0.646473 0.080000 -0.204854
v -0.646473 0.088000 -0.204854
v -0.644294 0.080000 -0.201854
v -0.644294 0.088000 -0.201854
v -0.644294 0.080000 -0.198146
v -0.644294 0.088000 -0.198146
v -0.646473 0.080000 -0.195146
v -0.646473 0.088000 -0.195146
v -0.650000 0.080000 -0.194000
v -0.650000 0.088000 -0.194000
v -0.653527 0.080000 -0.195146
v -0.653527 0.088000 -0.195146
v -0.655706 0.080000 -0.198146
v -0.655706 0.088000 -0.198146
v -0.655706 0.080000 -0.201854
v -0.655706 0.088000 -0.201854
v -0.653527 0.080000 -0.204854
v -0.653527 0.088000 -0.204854
vn -0.0000 -0.6437 -0.7653
vn -0.0000 0.6437 -0.7653
vn 0.4498 -0.6437 -0.6191
vn 0.4498 0.6437 -0.6191
vn 0.7278 -0.6437 -0.2365
vn 0.7278 0.6437 -0.2365
vn 0.7278 -0.6437 0.2365
vn 0.7278 0.6437 0.2365
vn 0.4498 -0.6437 0.6191
vn 0.4498 0.6437 0.6191
vn -0.0000 -0.6437 0.7653
vn -0.0000 0.6437 0.7653
vn -0.4498 -0.6437 0.6191
vn -0.4498 0.6437 0.6191
vn -0.7278 -0.6437 0.2365
vn -0.7278 0.6437 0.2365
vn -0.7278 -0.6437 -0.2365
vn -0.7278 0.6437 -0.2365
vn -0.4498 -0.6437 -0.6191
vn -0.4498 0.6437 -0.6191
vt 1.000000 0.500000
vt 1.000000 1.000000
vt 0.900000 1.000000
vt 0.900000 0.500000
vt 0.800000 1.000000
vt 0.800000 0.500000
vt 0.700000 1.000000
vt 0.700000 0.500000
vt 0.600000 1.000000
vt 0.600000 0.500000
vt 0.500000 1.000000
vt 0.500000 0.500000
vt 0.400000 1.000000
vt 0.400000 0.500000
vt 0.300000 1.000000
vt 0.300000 0.500000
vt 0.200000 1.000000
vt 0.200000 0.500000
vt 0.391068 0.444164
vt 0.250000 0.490000
vt 0.108932 0.444164
vt 0.021746 0.324164
vt 0.021746 0.175836
vt 0.108932 0.055836
vt 0.250000 0.010000
vt 0.391068 0.055836
vt 0.478254 0.175836
vt 0.478254 0.324164
vt 0.100000 1.000000
vt 0.100000 0.500000
vt -0.000000 1.000000
vt -0.000000 0.500000
vt 0.750000 0.490000
vt 0.891068 0.444164
vt 0.978254 0.324164
vt 0.978254 0.175836
vt 0.891068 0.055836
vt 0.750000 0.010000
vt 0.608932 0.055836
vt 0.521746 0.175836
vt 0.521746 0.324164
vt 0.608932 0.444164
s 1
usemtl M_Graphite
f 4945/10281/4933 4946/10282/4934 4948/10283/4936 4947/10284/4935
f 4947/10284/4935 4948/10283/4936 4950/10285/4938 4949/10286/4937
f 4949/10286/4937 4950/10285/4938 4952/10287/4940 4951/10288/4939
f 4951/10288/4939 4952/10287/4940 4954/10289/4942 4953/10290/4941
f 4953/10290/4941 4954/10289/4942 4956/10291/4944 4955/10292/4943
f 4955/10292/4943 4956/10291/4944 4958/10293/4946 4957/10294/4945
f 4957/10294/4945 4958/10293/4946 4960/10295/4948 4959/10296/4947
f 4959/10296/4947 4960/10295/4948 4962/10297/4950 4961/10298/4949
f 4948/10299/4936 4946/10300/4934 4964/10301/4952 4962/10302/4950 4960/10303/4948 4958/10304/4946 4956/10305/4944 4954/10306/4942 4952/10307/4940 4950/10308/4938
f 4961/10298/4949 4962/10297/4950 4964/10309/4952 4963/10310/4951
f 4963/10310/4951 4964/10309/4952 4946/10311/4934 4945/10312/4933
f 4945/10313/4933 4947/10314/4935 4949/10315/4937 4951/10316/4939 4953/10317/4941 4955/10318/4943 4957/10319/4945 4959/10320/4947 4961/10321/4949 4963/10322/4951
o Socket.241
v -0.605000 0.080000 -0.206000
v -0.605000 0.088000 -0.206000
v -0.601473 0.080000 -0.204854
v -0.601473 0.088000 -0.204854
v -0.599294 0.080000 -0.201854
v -0.599294 0.088000 -0.201854
v -0.599294 0.080000 -0.198146
v -0.599294 0.088000 -0.198146
v -0.601473 0.080000 -0.195146
v -0.601473 0.088000 -0.195146
v -0.605000 0.080000 -0.194000
v -0.605000 0.088000 -0.194000
v -0.608527 0.080000 -0.195146
v -0.608527 0.088000 -0.195146
v -0.610706 0.080000 -0.198146
v -0.610706 0.088000 -0.198146
v -0.610706 0.080000 -0.201854
v -0.610706 0.088000 -0.201854
v -0.608527 0.080000 -0.204854
v -0.608527 0.088000 -0.204854
vn -0.0000 -0.6437 -0.7653
vn -0.0000 0.6437 -0.7653
vn 0.4498 -0.6437 -0.6191
vn 0.4498 0.6437 -0.6191
vn 0.7278 -0.6437 -0.2365
vn 0.7278 0.6437 -0.2365
vn 0.7278 -0.6437 0.2365
vn 0.7278 0.6437 0.2365
vn 0.4498 -0.6437 0.6191
vn 0.4498 0.6437 0.6191
vn -0.0000 -0.6437 0.7653
vn -0.0000 0.6437 0.7653
vn -0.4498 -0.6437 0.6191
vn -0.4498 0.6437 0.6191
vn -0.7278 -0.6437 0.2365
vn -0.7278 0.6437 0.2365
vn -0.7278 -0.6437 -0.2365
vn -0.7278 0.6437 -0.2365
vn -0.4498 -0.6437 -0.6191
vn -0.4498 0.6437 -0.6191
vt 1.000000 0.500000
vt 1.000000 1.000000
vt 0.900000 1.000000
vt 0.900000 0.500000
vt 0.800000 1.000000
vt 0.800000 0.500000
vt 0.700000 1.000000
vt 0.700000 0.500000
vt 0.600000 1.000000
vt 0.600000 0.500000
vt 0.500000 1.000000
vt 0.500000 0.500000
vt 0.400000 1.000000
vt 0.400000 0.500000
vt 0.300000 1.000000
vt 0.300000 0.500000
vt 0.200000 1.000000
vt 0.200000 0.500000
vt 0.391068 0.444164
vt 0.250000 0.490000
vt 0.108932 0.444164
vt 0.021746 0.324164
vt 0.021746 0.175836
vt 0.108932 0.055836
vt 0.250000 0.010000
vt 0.391068 0.055836
vt 0.478254 0.175836
vt 0.478254 0.324164
vt 0.100000 1.000000
vt 0.100000 0.500000
vt -0.000000 1.000000
vt -0.000000 0.500000
vt 0.750000 0.490000
vt 0.891068 0.444164
vt 0.978254 0.324164
vt 0.978254 0.175836
vt 0.891068 0.055836
vt 0.750000 0.010000
vt 0.608932 0.055836
vt 0.521746 0.175836
vt 0.521746 0.324164
vt 0.608932 0.444164
s 1
usemtl M_Graphite
f 4965/10323/4953 4966/10324/4954 4968/10325/4956 4967/10326/4955
f 4967/10326/4955 4968/10325/4956 4970/10327/4958 4969/10328/4957
f 4969/10328/4957 4970/10327/4958 4972/10329/4960 4971/10330/4959
f 4971/10330/4959 4972/10329/4960 4974/10331/4962 4973/10332/4961
f 4973/10332/4961 4974/10331/4962 4976/10333/4964 4975/10334/4963
f 4975/10334/4963 4976/10333/4964 4978/10335/4966 4977/10336/4965
f 4977/10336/4965 4978/10335/4966 4980/10337/4968 4979/10338/4967
f 4979/10338/4967 4980/10337/4968 4982/10339/4970 4981/10340/4969
f 4968/10341/4956 4966/10342/4954 4984/10343/4972 4982/10344/4970 4980/10345/4968 4978/10346/4966 4976/10347/4964 4974/10348/4962 4972/10349/4960 4970/10350/4958
f 4981/10340/4969 4982/10339/4970 4984/10351/4972 4983/10352/4971
f 4983/10352/4971 4984/10351/4972 4966/10353/4954 4965/10354/4953
f 4965/10355/4953 4967/10356/4955 4969/10357/4957 4971/10358/4959 4973/10359/4961 4975/10360/4963 4977/10361/4965 4979/10362/4967 4981/10363/4969 4983/10364/4971
o Socket.242
v -0.560000 0.080000 -0.206000
v -0.560000 0.088000 -0.206000
v -0.556473 0.080000 -0.204854
v -0.556473 0.088000 -0.204854
v -0.554294 0.080000 -0.201854
v -0.554294 0.088000 -0.201854
v -0.554294 0.080000 -0.198146
v -0.554294 0.088000 -0.198146
v -0.556473 0.080000 -0.195146
v -0.556473 0.088000 -0.195146
v -0.560000 0.080000 -0.194000
v -0.560000 0.088000 -0.194000
v -0.563527 0.080000 -0.195146
v -0.563527 0.088000 -0.195146
v -0.565706 0.080000 -0.198146
v -0.565706 0.088000 -0.198146
v -0.565706 0.080000 -0.201854
v -0.565706 0.088000 -0.201854
v -0.563527 0.080000 -0.204854
v -0.563527 0.088000 -0.204854
vn -0.0000 -0.6437 -0.7653
vn -0.0000 0.6437 -0.7653
vn 0.4498 -0.6437 -0.6191
vn 0.4498 0.6437 -0.6191
vn 0.7278 -0.6437 -0.2365
vn 0.7278 0.6437 -0.2365
vn 0.7278 -0.6437 0.2365
vn 0.7278 0.6437 0.2365
vn 0.4498 -0.6437 0.6191
vn 0.4498 0.6437 0.6191
vn -0.0000 -0.6437 0.7653
vn -0.0000 0.6437 0.7653
vn -0.4498 -0.6437 0.6191
vn -0.4498 0.6437 0.6191
vn -0.7278 -0.6437 0.2365
vn -0.7278 0.6437 0.2365
vn -0.7278 -0.6437 -0.2365
vn -0.7278 0.6437 -0.2365
vn -0.4498 -0.6437 -0.6191
vn -0.4498 0.6437 -0.6191
vt 1.000000 0.500000
vt 1.000000 1.000000
vt 0.900000 1.000000
vt 0.900000 0.500000
vt 0.800000 1.000000
vt 0.800000 0.500000
vt 0.700000 1.000000
vt 0.700000 0.500000
vt 0.600000 1.000000
vt 0.600000 0.500000
vt 0.500000 1.000000
vt 0.500000 0.500000
vt 0.400000 1.000000
vt 0.400000 0.500000
vt 0.300000 1.000000
vt 0.300000 0.500000
vt 0.200000 1.000000
vt 0.200000 0.500000
vt 0.391068 0.444164
vt 0.250000 0.490000
vt 0.108932 0.444164
vt 0.021746 0.324164
vt 0.021746 0.175836
vt 0.108932 0.055836
vt 0.250000 0.010000
vt 0.391068 0.055836
vt 0.478254 0.175836
vt 0.478254 0.324164
vt 0.100000 1.000000
vt 0.100000 0.500000
vt -0.000000 1.000000
vt -0.000000 0.500000
vt 0.750000 0.490000
vt 0.891068 0.444164
vt 0.978254 0.324164
vt 0.978254 0.175836
vt 0.891068 0.055836
vt 0.750000 0.010000
vt 0.608932 0.055836
vt 0.521746 0.175836
vt 0.521746 0.324164
vt 0.608932 0.444164
s 1
usemtl M_Graphite
f 4985/10365/4973 4986/10366/4974 4988/10367/4976 4987/10368/4975
f 4987/10368/4975 4988/10367/4976 4990/10369/4978 4989/10370/4977
f 4989/10370/4977 4990/10369/4978 4992/10371/4980 4991/10372/4979
f 4991/10372/4979 4992/10371/4980 4994/10373/4982 4993/10374/4981
f 4993/10374/4981 4994/10373/4982 4996/10375/4984 4995/10376/4983
f 4995/10376/4983 4996/10375/4984 4998/10377/4986 4997/10378/4985
f 4997/10378/4985 4998/10377/4986 5000/10379/4988 4999/10380/4987
f 4999/10380/4987 5000/10379/4988 5002/10381/4990 5001/10382/4989
f 4988/10383/4976 4986/10384/4974 5004/10385/4992 5002/10386/4990 5000/10387/4988 4998/10388/4986 4996/10389/4984 4994/10390/4982 4992/10391/4980 4990/10392/4978
f 5001/10382/4989 5002/10381/4990 5004/10393/4992 5003/10394/4991
f 5003/10394/4991 5004/10393/4992 4986/10395/4974 4985/10396/4973
f 4985/10397/4973 4987/10398/4975 4989/10399/4977 4991/10400/4979 4993/10401/4981 4995/10402/4983 4997/10403/4985 4999/10404/4987 5001/10405/4989 5003/10406/4991
o Socket.243
v -0.515000 0.080000 -0.206000
v -0.515000 0.088000 -0.206000
v -0.511473 0.080000 -0.204854
v -0.511473 0.088000 -0.204854
v -0.509294 0.080000 -0.201854
v -0.509294 0.088000 -0.201854
v -0.509294 0.080000 -0.198146
v -0.509294 0.088000 -0.198146
v -0.511473 0.080000 -0.195146
v -0.511473 0.088000 -0.195146
v -0.515000 0.080000 -0.194000
v -0.515000 0.088000 -0.194000
v -0.518527 0.080000 -0.195146
v -0.518527 0.088000 -0.195146
v -0.520706 0.080000 -0.198146
v -0.520706 0.088000 -0.198146
v -0.520706 0.080000 -0.201854
v -0.520706 0.088000 -0.201854
v -0.518527 0.080000 -0.204854
v -0.518527 0.088000 -0.204854
vn -0.0000 -0.6437 -0.7653
vn -0.0000 0.6437 -0.7653
vn 0.4498 -0.6437 -0.6191
vn 0.4498 0.6437 -0.6191
vn 0.7278 -0.6437 -0.2365
vn 0.7278 0.6437 -0.2365
vn 0.7278 -0.6437 0.2365
vn 0.7278 0.6437 0.2365
vn 0.4498 -0.6437 0.6191
vn 0.4498 0.6437 0.6191
vn -0.0000 -0.6437 0.7653
vn -0.0000 0.6437 0.7653
vn -0.4498 -0.6437 0.6191
vn -0.4498 0.6437 0.6191
vn -0.7278 -0.6437 0.2365
vn -0.7278 0.6437 0.2365
vn -0.7278 -0.6437 -0.2365
vn -0.7278 0.6437 -0.2365
vn -0.4498 -0.6437 -0.6191
vn -0.4498 0.6437 -0.6191
vt 1.000000 0.500000
vt 1.000000 1.000000
vt 0.900000 1.000000
vt 0.900000 0.500000
vt 0.800000 1.000000
vt 0.800000 0.500000
vt 0.700000 1.000000
vt 0.700000 0.500000
vt 0.600000 1.000000
vt 0.600000 0.500000
vt 0.500000 1.000000
vt 0.500000 0.500000
vt 0.400000 1.000000
vt 0.400000 0.500000
vt 0.300000 1.000000
vt 0.300000 0.500000
vt 0.200000 1.000000
vt 0.200000 0.500000
vt 0.391068 0.444164
vt 0.250000 0.490000
vt 0.108932 0.444164
vt 0.021746 0.324164
vt 0.021746 0.175836
vt 0.108932 0.055836
vt 0.250000 0.010000
vt 0.391068 0.055836
vt 0.478254 0.175836
vt 0.478254 0.324164
vt 0.100000 1.000000
vt 0.100000 0.500000
vt -0.000000 1.000000
vt -0.000000 0.500000
vt 0.750000 0.490000
vt 0.891068 0.444164
vt 0.978254 0.324164
vt 0.978254 0.175836
vt 0.891068 0.055836
vt 0.750000 0.010000
vt 0.608932 0.055836
vt 0.521746 0.175836
vt 0.521746 0.324164
vt 0.608932 0.444164
s 1
usemtl M_Graphite
f 5005/10407/4993 5006/10408/4994 5008/10409/4996 5007/10410/4995
f 5007/10410/4995 5008/10409/4996 5010/10411/4998 5009/10412/4997
f 5009/10412/4997 5010/10411/4998 5012/10413/5000 5011/10414/4999
f 5011/10414/4999 5012/10413/5000 5014/10415/5002 5013/10416/5001
f 5013/10416/5001 5014/10415/5002 5016/10417/5004 5015/10418/5003
f 5015/10418/5003 5016/10417/5004 5018/10419/5006 5017/10420/5005
f 5017/10420/5005 5018/10419/5006 5020/10421/5008 5019/10422/5007
f 5019/10422/5007 5020/10421/5008 5022/10423/5010 5021/10424/5009
f 5008/10425/4996 5006/10426/4994 5024/10427/5012 5022/10428/5010 5020/10429/5008 5018/10430/5006 5016/10431/5004 5014/10432/5002 5012/10433/5000 5010/10434/4998
f 5021/10424/5009 5022/10423/5010 5024/10435/5012 5023/10436/5011
f 5023/10436/5011 5024/10435/5012 5006/10437/4994 5005/10438/4993
f 5005/10439/4993 5007/10440/4995 5009/10441/4997 5011/10442/4999 5013/10443/5001 5015/10444/5003 5017/10445/5005 5019/10446/5007 5021/10447/5009 5023/10448/5011
o Socket.244
v -0.470000 0.080000 -0.206000
v -0.470000 0.088000 -0.206000
v -0.466473 0.080000 -0.204854
v -0.466473 0.088000 -0.204854
v -0.464294 0.080000 -0.201854
v -0.464294 0.088000 -0.201854
v -0.464294 0.080000 -0.198146
v -0.464294 0.088000 -0.198146
v -0.466473 0.080000 -0.195146
v -0.466473 0.088000 -0.195146
v -0.470000 0.080000 -0.194000
v -0.470000 0.088000 -0.194000
v -0.473527 0.080000 -0.195146
v -0.473527 0.088000 -0.195146
v -0.475706 0.080000 -0.198146
v -0.475706 0.088000 -0.198146
v -0.475706 0.080000 -0.201854
v -0.475706 0.088000 -0.201854
v -0.473527 0.080000 -0.204854
v -0.473527 0.088000 -0.204854
vn -0.0000 -0.6437 -0.7653
vn -0.0000 0.6437 -0.7653
vn 0.4498 -0.6437 -0.6191
vn 0.4498 0.6437 -0.6191
vn 0.7278 -0.6437 -0.2365
vn 0.7278 0.6437 -0.2365
vn 0.7278 -0.6437 0.2365
vn 0.7278 0.6437 0.2365
vn 0.4498 -0.6437 0.6191
vn 0.4498 0.6437 0.6191
vn -0.0000 -0.6437 0.7653
vn -0.0000 0.6437 0.7653
vn -0.4498 -0.6437 0.6191
vn -0.4498 0.6437 0.6191
vn -0.7278 -0.6437 0.2365
vn -0.7278 0.6437 0.2365
vn -0.7278 -0.6437 -0.2365
vn -0.7278 0.6437 -0.2365
vn -0.4498 -0.6437 -0.6191
vn -0.4498 0.6437 -0.6191
vt 1.000000 0.500000
vt 1.000000 1.000000
vt 0.900000 1.000000
vt 0.900000 0.500000
vt 0.800000 1.000000
vt 0.800000 0.500000
vt 0.700000 1.000000
vt 0.700000 0.500000
vt 0.600000 1.000000
vt 0.600000 0.500000
vt 0.500000 1.000000
vt 0.500000 0.500000
vt 0.400000 1.000000
vt 0.400000 0.500000
vt 0.300000 1.000000
vt 0.300000 0.500000
vt 0.200000 1.000000
vt 0.200000 0.500000
vt 0.391068 0.444164
vt 0.250000 0.490000
vt 0.108932 0.444164
vt 0.021746 0.324164
vt 0.021746 0.175836
vt 0.108932 0.055836
vt 0.250000 0.010000
vt 0.391068 0.055836
vt 0.478254 0.175836
vt 0.478254 0.324164
vt 0.100000 1.000000
vt 0.100000 0.500000
vt -0.000000 1.000000
vt -0.000000 0.500000
vt 0.750000 0.490000
vt 0.891068 0.444164
vt 0.978254 0.324164
vt 0.978254 0.175836
vt 0.891068 0.055836
vt 0.750000 0.010000
vt 0.608932 0.055836
vt 0.521746 0.175836
vt 0.521746 0.324164
vt 0.608932 0.444164
s 1
usemtl M_Graphite
f 5025/10449/5013 5026/10450/5014 5028/10451/5016 5027/10452/5015
f 5027/10452/5015 5028/10451/5016 5030/10453/5018 5029/10454/5017
f 5029/10454/5017 5030/10453/5018 5032/10455/5020 5031/10456/5019
f 5031/10456/5019 5032/10455/5020 5034/10457/5022 5033/10458/5021
f 5033/10458/5021 5034/10457/5022 5036/10459/5024 5035/10460/5023
f 5035/10460/5023 5036/10459/5024 5038/10461/5026 5037/10462/5025
f 5037/10462/5025 5038/10461/5026 5040/10463/5028 5039/10464/5027
f 5039/10464/5027 5040/10463/5028 5042/10465/5030 5041/10466/5029
f 5028/10467/5016 5026/10468/5014 5044/10469/5032 5042/10470/5030 5040/10471/5028 5038/10472/5026 5036/10473/5024 5034/10474/5022 5032/10475/5020 5030/10476/5018
f 5041/10466/5029 5042/10465/5030 5044/10477/5032 5043/10478/5031
f 5043/10478/5031 5044/10477/5032 5026/10479/5014 5025/10480/5013
f 5025/10481/5013 5027/10482/5015 5029/10483/5017 5031/10484/5019 5033/10485/5021 5035/10486/5023 5037/10487/5025 5039/10488/5027 5041/10489/5029 5043/10490/5031
o Socket.245
v -0.425000 0.080000 -0.206000
v -0.425000 0.088000 -0.206000
v -0.421473 0.080000 -0.204854
v -0.421473 0.088000 -0.204854
v -0.419294 0.080000 -0.201854
v -0.419294 0.088000 -0.201854
v -0.419294 0.080000 -0.198146
v -0.419294 0.088000 -0.198146
v -0.421473 0.080000 -0.195146
v -0.421473 0.088000 -0.195146
v -0.425000 0.080000 -0.194000
v -0.425000 0.088000 -0.194000
v -0.428527 0.080000 -0.195146
v -0.428527 0.088000 -0.195146
v -0.430706 0.080000 -0.198146
v -0.430706 0.088000 -0.198146
v -0.430706 0.080000 -0.201854
v -0.430706 0.088000 -0.201854
v -0.428527 0.080000 -0.204854
v -0.428527 0.088000 -0.204854
vn -0.0000 -0.6437 -0.7653
vn -0.0000 0.6437 -0.7653
vn 0.4498 -0.6437 -0.6191
vn 0.4498 0.6437 -0.6191
vn 0.7278 -0.6437 -0.2365
vn 0.7278 0.6437 -0.2365
vn 0.7278 -0.6437 0.2365
vn 0.7278 0.6437 0.2365
vn 0.4498 -0.6437 0.6191
vn 0.4498 0.6437 0.6191
vn -0.0000 -0.6437 0.7653
vn -0.0000 0.6437 0.7653
vn -0.4498 -0.6437 0.6191
vn -0.4498 0.6437 0.6191
vn -0.7278 -0.6437 0.2365
vn -0.7278 0.6437 0.2365
vn -0.7278 -0.6437 -0.2365
vn -0.7278 0.6437 -0.2365
vn -0.4498 -0.6437 -0.6191
vn -0.4498 0.6437 -0.6191
vt 1.000000 0.500000
vt 1.000000 1.000000
vt 0.900000 1.000000
vt 0.900000 0.500000
vt 0.800000 1.000000
vt 0.800000 0.500000
vt 0.700000 1.000000
vt 0.700000 0.500000
vt 0.600000 1.000000
vt 0.600000 0.500000
vt 0.500000 1.000000
vt 0.500000 0.500000
vt 0.400000 1.000000
vt 0.400000 0.500000
vt 0.300000 1.000000
vt 0.300000 0.500000
vt 0.200000 1.000000
vt 0.200000 0.500000
vt 0.391068 0.444164
vt 0.250000 0.490000
vt 0.108932 0.444164
vt 0.021746 0.324164
vt 0.021746 0.175836
vt 0.108932 0.055836
vt 0.250000 0.010000
vt 0.391068 0.055836
vt 0.478254 0.175836
vt 0.478254 0.324164
vt 0.100000 1.000000
vt 0.100000 0.500000
vt -0.000000 1.000000
vt -0.000000 0.500000
vt 0.750000 0.490000
vt 0.891068 0.444164
vt 0.978254 0.324164
vt 0.978254 0.175836
vt 0.891068 0.055836
vt 0.750000 0.010000
vt 0.608932 0.055836
vt 0.521746 0.175836
vt 0.521746 0.324164
vt 0.608932 0.444164
s 1
usemtl M_Graphite
f 5045/10491/5033 5046/10492/5034 5048/10493/5036 5047/10494/5035
f 5047/10494/5035 5048/10493/5036 5050/10495/5038 5049/10496/5037
f 5049/10496/5037 5050/10495/5038 5052/10497/5040 5051/10498/5039
f 5051/10498/5039 5052/10497/5040 5054/10499/5042 5053/10500/5041
f 5053/10500/5041 5054/10499/5042 5056/10501/5044 5055/10502/5043
f 5055/10502/5043 5056/10501/5044 5058/10503/5046 5057/10504/5045
f 5057/10504/5045 5058/10503/5046 5060/10505/5048 5059/10506/5047
f 5059/10506/5047 5060/10505/5048 5062/10507/5050 5061/10508/5049
f 5048/10509/5036 5046/10510/5034 5064/10511/5052 5062/10512/5050 5060/10513/5048 5058/10514/5046 5056/10515/5044 5054/10516/5042 5052/10517/5040 5050/10518/5038
f 5061/10508/5049 5062/10507/5050 5064/10519/5052 5063/10520/5051
f 5063/10520/5051 5064/10519/5052 5046/10521/5034 5045/10522/5033
f 5045/10523/5033 5047/10524/5035 5049/10525/5037 5051/10526/5039 5053/10527/5041 5055/10528/5043 5057/10529/5045 5059/10530/5047 5061/10531/5049 5063/10532/5051
o Socket.246
v -0.380000 0.080000 -0.206000
v -0.380000 0.088000 -0.206000
v -0.376473 0.080000 -0.204854
v -0.376473 0.088000 -0.204854
v -0.374294 0.080000 -0.201854
v -0.374294 0.088000 -0.201854
v -0.374294 0.080000 -0.198146
v -0.374294 0.088000 -0.198146
v -0.376473 0.080000 -0.195146
v -0.376473 0.088000 -0.195146
v -0.380000 0.080000 -0.194000
v -0.380000 0.088000 -0.194000
v -0.383527 0.080000 -0.195146
v -0.383527 0.088000 -0.195146
v -0.385706 0.080000 -0.198146
v -0.385706 0.088000 -0.198146
v -0.385706 0.080000 -0.201854
v -0.385706 0.088000 -0.201854
v -0.383527 0.080000 -0.204854
v -0.383527 0.088000 -0.204854
vn -0.0000 -0.6437 -0.7653
vn -0.0000 0.6437 -0.7653
vn 0.4498 -0.6437 -0.6191
vn 0.4498 0.6437 -0.6191
vn 0.7278 -0.6437 -0.2365
vn 0.7278 0.6437 -0.2365
vn 0.7278 -0.6437 0.2365
vn 0.7278 0.6437 0.2365
vn 0.4498 -0.6437 0.6191
vn 0.4498 0.6437 0.6191
vn -0.0000 -0.6437 0.7653
vn -0.0000 0.6437 0.7653
vn -0.4498 -0.6437 0.6191
vn -0.4498 0.6437 0.6191
vn -0.7278 -0.6437 0.2365
vn -0.7278 0.6437 0.2365
vn -0.7278 -0.6437 -0.2365
vn -0.7278 0.6437 -0.2365
vn -0.4498 -0.6437 -0.6191
vn -0.4498 0.6437 -0.6191
vt 1.000000 0.500000
vt 1.000000 1.000000
vt 0.900000 1.000000
vt 0.900000 0.500000
vt 0.800000 1.000000
vt 0.800000 0.500000
vt 0.700000 1.000000
vt 0.700000 0.500000
vt 0.600000 1.000000
vt 0.600000 0.500000
vt 0.500000 1.000000
vt 0.500000 0.500000
vt 0.400000 1.000000
vt 0.400000 0.500000
vt 0.300000 1.000000
vt 0.300000 0.500000
vt 0.200000 1.000000
vt 0.200000 0.500000
vt 0.391068 0.444164
vt 0.250000 0.490000
vt 0.108932 0.444164
vt 0.021746 0.324164
vt 0.021746 0.175836
vt 0.108932 0.055836
vt 0.250000 0.010000
vt 0.391068 0.055836
vt 0.478254 0.175836
vt 0.478254 0.324164
vt 0.100000 1.000000
vt 0.100000 0.500000
vt -0.000000 1.000000
vt -0.000000 0.500000
vt 0.750000 0.490000
vt 0.891068 0.444164
vt 0.978254 0.324164
vt 0.978254 0.175836
vt 0.891068 0.055836
vt 0.750000 0.010000
vt 0.608932 0.055836
vt 0.521746 0.175836
vt 0.521746 0.324164
vt 0.608932 0.444164
s 1
usemtl M_Graphite
f 5065/10533/5053 5066/10534/5054 5068/10535/5056 5067/10536/5055
f 5067/10536/5055 5068/10535/5056 5070/10537/5058 5069/10538/5057
f 5069/10538/5057 5070/10537/5058 5072/10539/5060 5071/10540/5059
f 5071/10540/5059 5072/10539/5060 5074/10541/5062 5073/10542/5061
f 5073/10542/5061 5074/10541/5062 5076/10543/5064 5075/10544/5063
f 5075/10544/5063 5076/10543/5064 5078/10545/5066 5077/10546/5065
f 5077/10546/5065 5078/10545/5066 5080/10547/5068 5079/10548/5067
f 5079/10548/5067 5080/10547/5068 5082/10549/5070 5081/10550/5069
f 5068/10551/5056 5066/10552/5054 5084/10553/5072 5082/10554/5070 5080/10555/5068 5078/10556/5066 5076/10557/5064 5074/10558/5062 5072/10559/5060 5070/10560/5058
f 5081/10550/5069 5082/10549/5070 5084/10561/5072 5083/10562/5071
f 5083/10562/5071 5084/10561/5072 5066/10563/5054 5065/10564/5053
f 5065/10565/5053 5067/10566/5055 5069/10567/5057 5071/10568/5059 5073/10569/5061 5075/10570/5063 5077/10571/5065 5079/10572/5067 5081/10573/5069 5083/10574/5071
o Socket.247
v -0.335000 0.080000 -0.206000
v -0.335000 0.088000 -0.206000
v -0.331473 0.080000 -0.204854
v -0.331473 0.088000 -0.204854
v -0.329294 0.080000 -0.201854
v -0.329294 0.088000 -0.201854
v -0.329294 0.080000 -0.198146
v -0.329294 0.088000 -0.198146
v -0.331473 0.080000 -0.195146
v -0.331473 0.088000 -0.195146
v -0.335000 0.080000 -0.194000
v -0.335000 0.088000 -0.194000
v -0.338527 0.080000 -0.195146
v -0.338527 0.088000 -0.195146
v -0.340706 0.080000 -0.198146
v -0.340706 0.088000 -0.198146
v -0.340706 0.080000 -0.201854
v -0.340706 0.088000 -0.201854
v -0.338527 0.080000 -0.204854
v -0.338527 0.088000 -0.204854
vn -0.0000 -0.6437 -0.7653
vn -0.0000 0.6437 -0.7653
vn 0.4498 -0.6437 -0.6191
vn 0.4498 0.6437 -0.6191
vn 0.7278 -0.6437 -0.2365
vn 0.7278 0.6437 -0.2365
vn 0.7278 -0.6437 0.2365
vn 0.7278 0.6437 0.2365
vn 0.4498 -0.6437 0.6191
vn 0.4498 0.6437 0.6191
vn -0.0000 -0.6437 0.7653
vn -0.0000 0.6437 0.7653
vn -0.4498 -0.6437 0.6191
vn -0.4498 0.6437 0.6191
vn -0.7278 -0.6437 0.2365
vn -0.7278 0.6437 0.2365
vn -0.7278 -0.6437 -0.2365
vn -0.7278 0.6437 -0.2365
vn -0.4498 -0.6437 -0.6191
vn -0.4498 0.6437 -0.6191
vt 1.000000 0.500000
vt 1.000000 1.000000
vt 0.900000 1.000000
vt 0.900000 0.500000
vt 0.800000 1.000000
vt 0.800000 0.500000
vt 0.700000 1.000000
vt 0.700000 0.500000
vt 0.600000 1.000000
vt 0.600000 0.500000
vt 0.500000 1.000000
vt 0.500000 0.500000
vt 0.400000 1.000000
vt 0.400000 0.500000
vt 0.300000 1.000000
vt 0.300000 0.500000
vt 0.200000 1.000000
vt 0.200000 0.500000
vt 0.391068 0.444164
vt 0.250000 0.490000
vt 0.108932 0.444164
vt 0.021746 0.324164
vt 0.021746 0.175836
vt 0.108932 0.055836
vt 0.250000 0.010000
vt 0.391068 0.055836
vt 0.478254 0.175836
vt 0.478254 0.324164
vt 0.100000 1.000000
vt 0.100000 0.500000
vt -0.000000 1.000000
vt -0.000000 0.500000
vt 0.750000 0.490000
vt 0.891068 0.444164
vt 0.978254 0.324164
vt 0.978254 0.175836
vt 0.891068 0.055836
vt 0.750000 0.010000
vt 0.608932 0.055836
vt 0.521746 0.175836
vt 0.521746 0.324164
vt 0.608932 0.444164
s 1
usemtl M_Graphite
f 5085/10575/5073 5086/10576/5074 5088/10577/5076 5087/10578/5075
f 5087/10578/5075 5088/10577/5076 5090/10579/5078 5089/10580/5077
f 5089/10580/5077 5090/10579/5078 5092/10581/5080 5091/10582/5079
f 5091/10582/5079 5092/10581/5080 5094/10583/5082 5093/10584/5081
f 5093/10584/5081 5094/10583/5082 5096/10585/5084 5095/10586/5083
f 5095/10586/5083 5096/10585/5084 5098/10587/5086 5097/10588/5085
f 5097/10588/5085 5098/10587/5086 5100/10589/5088 5099/10590/5087
f 5099/10590/5087 5100/10589/5088 5102/10591/5090 5101/10592/5089
f 5088/10593/5076 5086/10594/5074 5104/10595/5092 5102/10596/5090 5100/10597/5088 5098/10598/5086 5096/10599/5084 5094/10600/5082 5092/10601/5080 5090/10602/5078
f 5101/10592/5089 5102/10591/5090 5104/10603/5092 5103/10604/5091
f 5103/10604/5091 5104/10603/5092 5086/10605/5074 5085/10606/5073
f 5085/10607/5073 5087/10608/5075 5089/10609/5077 5091/10610/5079 5093/10611/5081 5095/10612/5083 5097/10613/5085 5099/10614/5087 5101/10615/5089 5103/10616/5091
o Socket.248
v -0.290000 0.080000 -0.206000
v -0.290000 0.088000 -0.206000
v -0.286473 0.080000 -0.204854
v -0.286473 0.088000 -0.204854
v -0.284294 0.080000 -0.201854
v -0.284294 0.088000 -0.201854
v -0.284294 0.080000 -0.198146
v -0.284294 0.088000 -0.198146
v -0.286473 0.080000 -0.195146
v -0.286473 0.088000 -0.195146
v -0.290000 0.080000 -0.194000
v -0.290000 0.088000 -0.194000
v -0.293527 0.080000 -0.195146
v -0.293527 0.088000 -0.195146
v -0.295706 0.080000 -0.198146
v -0.295706 0.088000 -0.198146
v -0.295706 0.080000 -0.201854
v -0.295706 0.088000 -0.201854
v -0.293527 0.080000 -0.204854
v -0.293527 0.088000 -0.204854
vn -0.0000 -0.6437 -0.7653
vn -0.0000 0.6437 -0.7653
vn 0.4498 -0.6437 -0.6191
vn 0.4498 0.6437 -0.6191
vn 0.7278 -0.6437 -0.2365
vn 0.7278 0.6437 -0.2365
vn 0.7278 -0.6437 0.2365
vn 0.7278 0.6437 0.2365
vn 0.4498 -0.6437 0.6191
vn 0.4498 0.6437 0.6191
vn -0.0000 -0.6437 0.7653
vn -0.0000 0.6437 0.7653
vn -0.4498 -0.6437 0.6191
vn -0.4498 0.6437 0.6191
vn -0.7278 -0.6437 0.2365
vn -0.7278 0.6437 0.2365
vn -0.7278 -0.6437 -0.2365
vn -0.7278 0.6437 -0.2365
vn -0.4498 -0.6437 -0.6191
vn -0.4498 0.6437 -0.6191
vt 1.000000 0.500000
vt 1.000000 1.000000
vt 0.900000 1.000000
vt 0.900000 0.500000
vt 0.800000 1.000000
vt 0.800000 0.500000
vt 0.700000 1.000000
vt 0.700000 0.500000
vt 0.600000 1.000000
vt 0.600000 0.500000
vt 0.500000 1.000000
vt 0.500000 0.500000
vt 0.400000 1.000000
vt 0.400000 0.500000
vt 0.300000 1.000000
vt 0.300000 0.500000
vt 0.200000 1.000000
vt 0.200000 0.500000
vt 0.391068 0.444164
vt 0.250000 0.490000
vt 0.108932 0.444164
vt 0.021746 0.324164
vt 0.021746 0.175836
vt 0.108932 0.055836
vt 0.250000 0.010000
vt 0.391068 0.055836
vt 0.478254 0.175836
vt 0.478254 0.324164
vt 0.100000 1.000000
vt 0.100000 0.500000
vt -0.000000 1.000000
vt -0.000000 0.500000
vt 0.750000 0.490000
vt 0.891068 0.444164
vt 0.978254 0.324164
vt 0.978254 0.175836
vt 0.891068 0.055836
vt 0.750000 0.010000
vt 0.608932 0.055836
vt 0.521746 0.175836
vt 0.521746 0.324164
vt 0.608932 0.444164
s 1
usemtl M_Graphite
f 5105/10617/5093 5106/10618/5094 5108/10619/5096 5107/10620/5095
f 5107/10620/5095 5108/10619/5096 5110/10621/5098 5109/10622/5097
f 5109/10622/5097 5110/10621/5098 5112/10623/5100 5111/10624/5099
f 5111/10624/5099 5112/10623/5100 5114/10625/5102 5113/10626/5101
f 5113/10626/5101 5114/10625/5102 5116/10627/5104 5115/10628/5103
f 5115/10628/5103 5116/10627/5104 5118/10629/5106 5117/10630/5105
f 5117/10630/5105 5118/10629/5106 5120/10631/5108 5119/10632/5107
f 5119/10632/5107 5120/10631/5108 5122/10633/5110 5121/10634/5109
f 5108/10635/5096 5106/10636/5094 5124/10637/5112 5122/10638/5110 5120/10639/5108 5118/10640/5106 5116/10641/5104 5114/10642/5102 5112/10643/5100 5110/10644/5098
f 5121/10634/5109 5122/10633/5110 5124/10645/5112 5123/10646/5111
f 5123/10646/5111 5124/10645/5112 5106/10647/5094 5105/10648/5093
f 5105/10649/5093 5107/10650/5095 5109/10651/5097 5111/10652/5099 5113/10653/5101 5115/10654/5103 5117/10655/5105 5119/10656/5107 5121/10657/5109 5123/10658/5111
o Socket.249
v -0.245000 0.080000 -0.206000
v -0.245000 0.088000 -0.206000
v -0.241473 0.080000 -0.204854
v -0.241473 0.088000 -0.204854
v -0.239294 0.080000 -0.201854
v -0.239294 0.088000 -0.201854
v -0.239294 0.080000 -0.198146
v -0.239294 0.088000 -0.198146
v -0.241473 0.080000 -0.195146
v -0.241473 0.088000 -0.195146
v -0.245000 0.080000 -0.194000
v -0.245000 0.088000 -0.194000
v -0.248527 0.080000 -0.195146
v -0.248527 0.088000 -0.195146
v -0.250706 0.080000 -0.198146
v -0.250706 0.088000 -0.198146
v -0.250706 0.080000 -0.201854
v -0.250706 0.088000 -0.201854
v -0.248527 0.080000 -0.204854
v -0.248527 0.088000 -0.204854
vn -0.0000 -0.6437 -0.7653
vn -0.0000 0.6437 -0.7653
vn 0.4498 -0.6437 -0.6191
vn 0.4498 0.6437 -0.6191
vn 0.7278 -0.6437 -0.2365
vn 0.7278 0.6437 -0.2365
vn 0.7278 -0.6437 0.2365
vn 0.7278 0.6437 0.2365
vn 0.4498 -0.6437 0.6191
vn 0.4498 0.6437 0.6191
vn -0.0000 -0.6437 0.7653
vn -0.0000 0.6437 0.7653
vn -0.4498 -0.6437 0.6191
vn -0.4498 0.6437 0.6191
vn -0.7278 -0.6437 0.2365
vn -0.7278 0.6437 0.2365
vn -0.7278 -0.6437 -0.2365
vn -0.7278 0.6437 -0.2365
vn -0.4498 -0.6437 -0.6191
vn -0.4498 0.6437 -0.6191
vt 1.000000 0.500000
vt 1.000000 1.000000
vt 0.900000 1.000000
vt 0.900000 0.500000
vt 0.800000 1.000000
vt 0.800000 0.500000
vt 0.700000 1.000000
vt 0.700000 0.500000
vt 0.600000 1.000000
vt 0.600000 0.500000
vt 0.500000 1.000000
vt 0.500000 0.500000
vt 0.400000 1.000000
vt 0.400000 0.500000
vt 0.300000 1.000000
vt 0.300000 0.500000
vt 0.200000 1.000000
vt 0.200000 0.500000
vt 0.391068 0.444164
vt 0.250000 0.490000
vt 0.108932 0.444164
vt 0.021746 0.324164
vt 0.021746 0.175836
vt 0.108932 0.055836
vt 0.250000 0.010000
vt 0.391068 0.055836
vt 0.478254 0.175836
vt 0.478254 0.324164
vt 0.100000 1.000000
vt 0.100000 0.500000
vt -0.000000 1.000000
vt -0.000000 0.500000
vt 0.750000 0.490000
vt 0.891068 0.444164
vt 0.978254 0.324164
vt 0.978254 0.175836
vt 0.891068 0.055836
vt 0.750000 0.010000
vt 0.608932 0.055836
vt 0.521746 0.175836
vt 0.521746 0.324164
vt 0.608932 0.444164
s 1
usemtl M_Graphite
f 5125/10659/5113 5126/10660/5114 5128/10661/5116 5127/10662/5115
f 5127/10662/5115 5128/10661/5116 5130/10663/5118 5129/10664/5117
f 5129/10664/5117 5130/10663/5118 5132/10665/5120 5131/10666/5119
f 5131/10666/5119 5132/10665/5120 5134/10667/5122 5133/10668/5121
f 5133/10668/5121 5134/10667/5122 5136/10669/5124 5135/10670/5123
f 5135/10670/5123 5136/10669/5124 5138/10671/5126 5137/10672/5125
f 5137/10672/5125 5138/10671/5126 5140/10673/5128 5139/10674/5127
f 5139/10674/5127 5140/10673/5128 5142/10675/5130 5141/10676/5129
f 5128/10677/5116 5126/10678/5114 5144/10679/5132 5142/10680/5130 5140/10681/5128 5138/10682/5126 5136/10683/5124 5134/10684/5122 5132/10685/5120 5130/10686/5118
f 5141/10676/5129 5142/10675/5130 5144/10687/5132 5143/10688/5131
f 5143/10688/5131 5144/10687/5132 5126/10689/5114 5125/10690/5113
f 5125/10691/5113 5127/10692/5115 5129/10693/5117 5131/10694/5119 5133/10695/5121 5135/10696/5123 5137/10697/5125 5139/10698/5127 5141/10699/5129 5143/10700/5131
o Socket.250
v -0.200000 0.080000 -0.206000
v -0.200000 0.088000 -0.206000
v -0.196473 0.080000 -0.204854
v -0.196473 0.088000 -0.204854
v -0.194294 0.080000 -0.201854
v -0.194294 0.088000 -0.201854
v -0.194294 0.080000 -0.198146
v -0.194294 0.088000 -0.198146
v -0.196473 0.080000 -0.195146
v -0.196473 0.088000 -0.195146
v -0.200000 0.080000 -0.194000
v -0.200000 0.088000 -0.194000
v -0.203527 0.080000 -0.195146
v -0.203527 0.088000 -0.195146
v -0.205706 0.080000 -0.198146
v -0.205706 0.088000 -0.198146
v -0.205706 0.080000 -0.201854
v -0.205706 0.088000 -0.201854
v -0.203527 0.080000 -0.204854
v -0.203527 0.088000 -0.204854
vn -0.0000 -0.6437 -0.7653
vn -0.0000 0.6437 -0.7653
vn 0.4498 -0.6437 -0.6191
vn 0.4498 0.6437 -0.6191
vn 0.7278 -0.6437 -0.2365
vn 0.7278 0.6437 -0.2365
vn 0.7278 -0.6437 0.2365
vn 0.7278 0.6437 0.2365
vn 0.4498 -0.6437 0.6191
vn 0.4498 0.6437 0.6191
vn -0.0000 -0.6437 0.7653
vn -0.0000 0.6437 0.7653
vn -0.4498 -0.6437 0.6191
vn -0.4498 0.6437 0.6191
vn -0.7278 -0.6437 0.2365
vn -0.7278 0.6437 0.2365
vn -0.7278 -0.6437 -0.2365
vn -0.7278 0.6437 -0.2365
vn -0.4498 -0.6437 -0.6191
vn -0.4498 0.6437 -0.6191
vt 1.000000 0.500000
vt 1.000000 1.000000
vt 0.900000 1.000000
vt 0.900000 0.500000
vt 0.800000 1.000000
vt 0.800000 0.500000
vt 0.700000 1.000000
vt 0.700000 0.500000
vt 0.600000 1.000000
vt 0.600000 0.500000
vt 0.500000 1.000000
vt 0.500000 0.500000
vt 0.400000 1.000000
vt 0.400000 0.500000
vt 0.300000 1.000000
vt 0.300000 0.500000
vt 0.200000 1.000000
vt 0.200000 0.500000
vt 0.391068 0.444164
vt 0.250000 0.490000
vt 0.108932 0.444164
vt 0.021746 0.324164
vt 0.021746 0.175836
vt 0.108932 0.055836
vt 0.250000 0.010000
vt 0.391068 0.055836
vt 0.478254 0.175836
vt 0.478254 0.324164
vt 0.100000 1.000000
vt 0.100000 0.500000
vt -0.000000 1.000000
vt -0.000000 0.500000
vt 0.750000 0.490000
vt 0.891068 0.444164
vt 0.978254 0.324164
vt 0.978254 0.175836
vt 0.891068 0.055836
vt 0.750000 0.010000
vt 0.608932 0.055836
vt 0.521746 0.175836
vt 0.521746 0.324164
vt 0.608932 0.444164
s 1
usemtl M_Graphite
f 5145/10701/5133 5146/10702/5134 5148/10703/5136 5147/10704/5135
f 5147/10704/5135 5148/10703/5136 5150/10705/5138 5149/10706/5137
f 5149/10706/5137 5150/10705/5138 5152/10707/5140 5151/10708/5139
f 5151/10708/5139 5152/10707/5140 5154/10709/5142 5153/10710/5141
f 5153/10710/5141 5154/10709/5142 5156/10711/5144 5155/10712/5143
f 5155/10712/5143 5156/10711/5144 5158/10713/5146 5157/10714/5145
f 5157/10714/5145 5158/10713/5146 5160/10715/5148 5159/10716/5147
f 5159/10716/5147 5160/10715/5148 5162/10717/5150 5161/10718/5149
f 5148/10719/5136 5146/10720/5134 5164/10721/5152 5162/10722/5150 5160/10723/5148 5158/10724/5146 5156/10725/5144 5154/10726/5142 5152/10727/5140 5150/10728/5138
f 5161/10718/5149 5162/10717/5150 5164/10729/5152 5163/10730/5151
f 5163/10730/5151 5164/10729/5152 5146/10731/5134 5145/10732/5133
f 5145/10733/5133 5147/10734/5135 5149/10735/5137 5151/10736/5139 5153/10737/5141 5155/10738/5143 5157/10739/5145 5159/10740/5147 5161/10741/5149 5163/10742/5151
o Socket.251
v -0.155000 0.080000 -0.206000
v -0.155000 0.088000 -0.206000
v -0.151473 0.080000 -0.204854
v -0.151473 0.088000 -0.204854
v -0.149294 0.080000 -0.201854
v -0.149294 0.088000 -0.201854
v -0.149294 0.080000 -0.198146
v -0.149294 0.088000 -0.198146
v -0.151473 0.080000 -0.195146
v -0.151473 0.088000 -0.195146
v -0.155000 0.080000 -0.194000
v -0.155000 0.088000 -0.194000
v -0.158527 0.080000 -0.195146
v -0.158527 0.088000 -0.195146
v -0.160706 0.080000 -0.198146
v -0.160706 0.088000 -0.198146
v -0.160706 0.080000 -0.201854
v -0.160706 0.088000 -0.201854
v -0.158527 0.080000 -0.204854
v -0.158527 0.088000 -0.204854
vn -0.0000 -0.6437 -0.7653
vn -0.0000 0.6437 -0.7653
vn 0.4498 -0.6437 -0.6191
vn 0.4498 0.6437 -0.6191
vn 0.7278 -0.6437 -0.2365
vn 0.7278 0.6437 -0.2365
vn 0.7278 -0.6437 0.2365
vn 0.7278 0.6437 0.2365
vn 0.4498 -0.6437 0.6191
vn 0.4498 0.6437 0.6191
vn -0.0000 -0.6437 0.7653
vn -0.0000 0.6437 0.7653
vn -0.4498 -0.6437 0.6191
vn -0.4498 0.6437 0.6191
vn -0.7278 -0.6437 0.2365
vn -0.7278 0.6437 0.2365
vn -0.7278 -0.6437 -0.2365
vn -0.7278 0.6437 -0.2365
vn -0.4498 -0.6437 -0.6191
vn -0.4498 0.6437 -0.6191
vt 1.000000 0.500000
vt 1.000000 1.000000
vt 0.900000 1.000000
vt 0.900000 0.500000
vt 0.800000 1.000000
vt 0.800000 0.500000
vt 0.700000 1.000000
vt 0.700000 0.500000
vt 0.600000 1.000000
vt 0.600000 0.500000
vt 0.500000 1.000000
vt 0.500000 0.500000
vt 0.400000 1.000000
vt 0.400000 0.500000
vt 0.300000 1.000000
vt 0.300000 0.500000
vt 0.200000 1.000000
vt 0.200000 0.500000
vt 0.391068 0.444164
vt 0.250000 0.490000
vt 0.108932 0.444164
vt 0.021746 0.324164
vt 0.021746 0.175836
vt 0.108932 0.055836
vt 0.250000 0.010000
vt 0.391068 0.055836
vt 0.478254 0.175836
vt 0.478254 0.324164
vt 0.100000 1.000000
vt 0.100000 0.500000
vt -0.000000 1.000000
vt -0.000000 0.500000
vt 0.750000 0.490000
vt 0.891068 0.444164
vt 0.978254 0.324164
vt 0.978254 0.175836
vt 0.891068 0.055836
vt 0.750000 0.010000
vt 0.608932 0.055836
vt 0.521746 0.175836
vt 0.521746 0.324164
vt 0.608932 0.444164
s 1
usemtl M_Graphite
f 5165/10743/5153 5166/10744/5154 5168/10745/5156 5167/10746/5155
f 5167/10746/5155 5168/10745/5156 5170/10747/5158 5169/10748/5157
f 5169/10748/5157 5170/10747/5158 5172/10749/5160 5171/10750/5159
f 5171/10750/5159 5172/10749/5160 5174/10751/5162 5173/10752/5161
f 5173/10752/5161 5174/10751/5162 5176/10753/5164 5175/10754/5163
f 5175/10754/5163 5176/10753/5164 5178/10755/5166 5177/10756/5165
f 5177/10756/5165 5178/10755/5166 5180/10757/5168 5179/10758/5167
f 5179/10758/5167 5180/10757/5168 5182/10759/5170 5181/10760/5169
f 5168/10761/5156 5166/10762/5154 5184/10763/5172 5182/10764/5170 5180/10765/5168 5178/10766/5166 5176/10767/5164 5174/10768/5162 5172/10769/5160 5170/10770/5158
f 5181/10760/5169 5182/10759/5170 5184/10771/5172 5183/10772/5171
f 5183/10772/5171 5184/10771/5172 5166/10773/5154 5165/10774/5153
f 5165/10775/5153 5167/10776/5155 5169/10777/5157 5171/10778/5159 5173/10779/5161 5175/10780/5163 5177/10781/5165 5179/10782/5167 5181/10783/5169 5183/10784/5171
o Socket.252
v -0.110000 0.080000 -0.206000
v -0.110000 0.088000 -0.206000
v -0.106473 0.080000 -0.204854
v -0.106473 0.088000 -0.204854
v -0.104294 0.080000 -0.201854
v -0.104294 0.088000 -0.201854
v -0.104294 0.080000 -0.198146
v -0.104294 0.088000 -0.198146
v -0.106473 0.080000 -0.195146
v -0.106473 0.088000 -0.195146
v -0.110000 0.080000 -0.194000
v -0.110000 0.088000 -0.194000
v -0.113527 0.080000 -0.195146
v -0.113527 0.088000 -0.195146
v -0.115706 0.080000 -0.198146
v -0.115706 0.088000 -0.198146
v -0.115706 0.080000 -0.201854
v -0.115706 0.088000 -0.201854
v -0.113527 0.080000 -0.204854
v -0.113527 0.088000 -0.204854
vn -0.0000 -0.6437 -0.7653
vn -0.0000 0.6437 -0.7653
vn 0.4498 -0.6437 -0.6191
vn 0.4498 0.6437 -0.6191
vn 0.7278 -0.6437 -0.2365
vn 0.7278 0.6437 -0.2365
vn 0.7278 -0.6437 0.2365
vn 0.7278 0.6437 0.2365
vn 0.4498 -0.6437 0.6191
vn 0.4498 0.6437 0.6191
vn -0.0000 -0.6437 0.7653
vn -0.0000 0.6437 0.7653
vn -0.4498 -0.6437 0.6191
vn -0.4498 0.6437 0.6191
vn -0.7278 -0.6437 0.2365
vn -0.7278 0.6437 0.2365
vn -0.7278 -0.6437 -0.2365
vn -0.7278 0.6437 -0.2365
vn -0.4498 -0.6437 -0.6191
vn -0.4498 0.6437 -0.6191
vt 1.000000 0.500000
vt 1.000000 1.000000
vt 0.900000 1.000000
vt 0.900000 0.500000
vt 0.800000 1.000000
vt 0.800000 0.500000
vt 0.700000 1.000000
vt 0.700000 0.500000
vt 0.600000 1.000000
vt 0.600000 0.500000
vt 0.500000 1.000000
vt 0.500000 0.500000
vt 0.400000 1.000000
vt 0.400000 0.500000
vt 0.300000 1.000000
vt 0.300000 0.500000
vt 0.200000 1.000000
vt 0.200000 0.500000
vt 0.391068 0.444164
vt 0.250000 0.490000
vt 0.108932 0.444164
vt 0.021746 0.324164
vt 0.021746 0.175836
vt 0.108932 0.055836
vt 0.250000 0.010000
vt 0.391068 0.055836
vt 0.478254 0.175836
vt 0.478254 0.324164
vt 0.100000 1.000000
vt 0.100000 0.500000
vt -0.000000 1.000000
vt -0.000000 0.500000
vt 0.750000 0.490000
vt 0.891068 0.444164
vt 0.978254 0.324164
vt 0.978254 0.175836
vt 0.891068 0.055836
vt 0.750000 0.010000
vt 0.608932 0.055836
vt 0.521746 0.175836
vt 0.521746 0.324164
vt 0.608932 0.444164
s 1
usemtl M_Graphite
f 5185/10785/5173 5186/10786/5174 5188/10787/5176 5187/10788/5175
f 5187/10788/5175 5188/10787/5176 5190/10789/5178 5189/10790/5177
f 5189/10790/5177 5190/10789/5178 5192/10791/5180 5191/10792/5179
f 5191/10792/5179 5192/10791/5180 5194/10793/5182 5193/10794/5181
f 5193/10794/5181 5194/10793/5182 5196/10795/5184 5195/10796/5183
f 5195/10796/5183 5196/10795/5184 5198/10797/5186 5197/10798/5185
f 5197/10798/5185 5198/10797/5186 5200/10799/5188 5199/10800/5187
f 5199/10800/5187 5200/10799/5188 5202/10801/5190 5201/10802/5189
f 5188/10803/5176 5186/10804/5174 5204/10805/5192 5202/10806/5190 5200/10807/5188 5198/10808/5186 5196/10809/5184 5194/10810/5182 5192/10811/5180 5190/10812/5178
f 5201/10802/5189 5202/10801/5190 5204/10813/5192 5203/10814/5191
f 5203/10814/5191 5204/10813/5192 5186/10815/5174 5185/10816/5173
f 5185/10817/5173 5187/10818/5175 5189/10819/5177 5191/10820/5179 5193/10821/5181 5195/10822/5183 5197/10823/5185 5199/10824/5187 5201/10825/5189 5203/10826/5191
o Socket.253
v -0.065000 0.080000 -0.206000
v -0.065000 0.088000 -0.206000
v -0.061473 0.080000 -0.204854
v -0.061473 0.088000 -0.204854
v -0.059294 0.080000 -0.201854
v -0.059294 0.088000 -0.201854
v -0.059294 0.080000 -0.198146
v -0.059294 0.088000 -0.198146
v -0.061473 0.080000 -0.195146
v -0.061473 0.088000 -0.195146
v -0.065000 0.080000 -0.194000
v -0.065000 0.088000 -0.194000
v -0.068527 0.080000 -0.195146
v -0.068527 0.088000 -0.195146
v -0.070706 0.080000 -0.198146
v -0.070706 0.088000 -0.198146
v -0.070706 0.080000 -0.201854
v -0.070706 0.088000 -0.201854
v -0.068527 0.080000 -0.204854
v -0.068527 0.088000 -0.204854
vn -0.0000 -0.6437 -0.7653
vn -0.0000 0.6437 -0.7653
vn 0.4498 -0.6437 -0.6191
vn 0.4498 0.6437 -0.6191
vn 0.7278 -0.6437 -0.2365
vn 0.7278 0.6437 -0.2365
vn 0.7278 -0.6437 0.2365
vn 0.7278 0.6437 0.2365
vn 0.4498 -0.6437 0.6191
vn 0.4498 0.6437 0.6191
vn -0.0000 -0.6437 0.7653
vn -0.0000 0.6437 0.7653
vn -0.4498 -0.6437 0.6191
vn -0.4498 0.6437 0.6191
vn -0.7278 -0.6437 0.2365
vn -0.7278 0.6437 0.2365
vn -0.7278 -0.6437 -0.2365
vn -0.7278 0.6437 -0.2365
vn -0.4498 -0.6437 -0.6191
vn -0.4498 0.6437 -0.6191
vt 1.000000 0.500000
vt 1.000000 1.000000
vt 0.900000 1.000000
vt 0.900000 0.500000
vt 0.800000 1.000000
vt 0.800000 0.500000
vt 0.700000 1.000000
vt 0.700000 0.500000
vt 0.600000 1.000000
vt 0.600000 0.500000
vt 0.500000 1.000000
vt 0.500000 0.500000
vt 0.400000 1.000000
vt 0.400000 0.500000
vt 0.300000 1.000000
vt 0.300000 0.500000
vt 0.200000 1.000000
vt 0.200000 0.500000
vt 0.391068 0.444164
vt 0.250000 0.490000
vt 0.108932 0.444164
vt 0.021746 0.324164
vt 0.021746 0.175836
vt 0.108932 0.055836
vt 0.250000 0.010000
vt 0.391068 0.055836
vt 0.478254 0.175836
vt 0.478254 0.324164
vt 0.100000 1.000000
vt 0.100000 0.500000
vt -0.000000 1.000000
vt -0.000000 0.500000
vt 0.750000 0.490000
vt 0.891068 0.444164
vt 0.978254 0.324164
vt 0.978254 0.175836
vt 0.891068 0.055836
vt 0.750000 0.010000
vt 0.608932 0.055836
vt 0.521746 0.175836
vt 0.521746 0.324164
vt 0.608932 0.444164
s 1
usemtl M_Graphite
f 5205/10827/5193 5206/10828/5194 5208/10829/5196 5207/10830/5195
f 5207/10830/5195 5208/10829/5196 5210/10831/5198 5209/10832/5197
f 5209/10832/5197 5210/10831/5198 5212/10833/5200 5211/10834/5199
f 5211/10834/5199 5212/10833/5200 5214/10835/5202 5213/10836/5201
f 5213/10836/5201 5214/10835/5202 5216/10837/5204 5215/10838/5203
f 5215/10838/5203 5216/10837/5204 5218/10839/5206 5217/10840/5205
f 5217/10840/5205 5218/10839/5206 5220/10841/5208 5219/10842/5207
f 5219/10842/5207 5220/10841/5208 5222/10843/5210 5221/10844/5209
f 5208/10845/5196 5206/10846/5194 5224/10847/5212 5222/10848/5210 5220/10849/5208 5218/10850/5206 5216/10851/5204 5214/10852/5202 5212/10853/5200 5210/10854/5198
f 5221/10844/5209 5222/10843/5210 5224/10855/5212 5223/10856/5211
f 5223/10856/5211 5224/10855/5212 5206/10857/5194 5205/10858/5193
f 5205/10859/5193 5207/10860/5195 5209/10861/5197 5211/10862/5199 5213/10863/5201 5215/10864/5203 5217/10865/5205 5219/10866/5207 5221/10867/5209 5223/10868/5211
o Socket.254
v -0.020000 0.080000 -0.206000
v -0.020000 0.088000 -0.206000
v -0.016473 0.080000 -0.204854
v -0.016473 0.088000 -0.204854
v -0.014294 0.080000 -0.201854
v -0.014294 0.088000 -0.201854
v -0.014294 0.080000 -0.198146
v -0.014294 0.088000 -0.198146
v -0.016473 0.080000 -0.195146
v -0.016473 0.088000 -0.195146
v -0.020000 0.080000 -0.194000
v -0.020000 0.088000 -0.194000
v -0.023527 0.080000 -0.195146
v -0.023527 0.088000 -0.195146
v -0.025706 0.080000 -0.198146
v -0.025706 0.088000 -0.198146
v -0.025706 0.080000 -0.201854
v -0.025706 0.088000 -0.201854
v -0.023527 0.080000 -0.204854
v -0.023527 0.088000 -0.204854
vn -0.0000 -0.6437 -0.7653
vn -0.0000 0.6437 -0.7653
vn 0.4498 -0.6437 -0.6191
vn 0.4498 0.6437 -0.6191
vn 0.7278 -0.6437 -0.2365
vn 0.7278 0.6437 -0.2365
vn 0.7278 -0.6437 0.2365
vn 0.7278 0.6437 0.2365
vn 0.4498 -0.6437 0.6191
vn 0.4498 0.6437 0.6191
vn -0.0000 -0.6437 0.7653
vn -0.0000 0.6437 0.7653
vn -0.4498 -0.6437 0.6191
vn -0.4498 0.6437 0.6191
vn -0.7278 -0.6437 0.2365
vn -0.7278 0.6437 0.2365
vn -0.7278 -0.6437 -0.2365
vn -0.7278 0.6437 -0.2365
vn -0.4498 -0.6437 -0.6191
vn -0.4498 0.6437 -0.6191
vt 1.000000 0.500000
vt 1.000000 1.000000
vt 0.900000 1.000000
vt 0.900000 0.500000
vt 0.800000 1.000000
vt 0.800000 0.500000
vt 0.700000 1.000000
vt 0.700000 0.500000
vt 0.600000 1.000000
vt 0.600000 0.500000
vt 0.500000 1.000000
vt 0.500000 0.500000
vt 0.400000 1.000000
vt 0.400000 0.500000
vt 0.300000 1.000000
vt 0.300000 0.500000
vt 0.200000 1.000000
vt 0.200000 0.500000
vt 0.391068 0.444164
vt 0.250000 0.490000
vt 0.108932 0.444164
vt 0.021746 0.324164
vt 0.021746 0.175836
vt 0.108932 0.055836
vt 0.250000 0.010000
vt 0.391068 0.055836
vt 0.478254 0.175836
vt 0.478254 0.324164
vt 0.100000 1.000000
vt 0.100000 0.500000
vt -0.000000 1.000000
vt -0.000000 0.500000
vt 0.750000 0.490000
vt 0.891068 0.444164
vt 0.978254 0.324164
vt 0.978254 0.175836
vt 0.891068 0.055836
vt 0.750000 0.010000
vt 0.608932 0.055836
vt 0.521746 0.175836
vt 0.521746 0.324164
vt 0.608932 0.444164
s 1
usemtl M_Graphite
f 5225/10869/5213 5226/10870/5214 5228/10871/5216 5227/10872/5215
f 5227/10872/5215 5228/10871/5216 5230/10873/5218 5229/10874/5217
f 5229/10874/5217 5230/10873/5218 5232/10875/5220 5231/10876/5219
f 5231/10876/5219 5232/10875/5220 5234/10877/5222 5233/10878/5221
f 5233/10878/5221 5234/10877/5222 5236/10879/5224 5235/10880/5223
f 5235/10880/5223 5236/10879/5224 5238/10881/5226 5237/10882/5225
f 5237/10882/5225 5238/10881/5226 5240/10883/5228 5239/10884/5227
f 5239/10884/5227 5240/10883/5228 5242/10885/5230 5241/10886/5229
f 5228/10887/5216 5226/10888/5214 5244/10889/5232 5242/10890/5230 5240/10891/5228 5238/10892/5226 5236/10893/5224 5234/10894/5222 5232/10895/5220 5230/10896/5218
f 5241/10886/5229 5242/10885/5230 5244/10897/5232 5243/10898/5231
f 5243/10898/5231 5244/10897/5232 5226/10899/5214 5225/10900/5213
f 5225/10901/5213 5227/10902/5215 5229/10903/5217 5231/10904/5219 5233/10905/5221 5235/10906/5223 5237/10907/5225 5239/10908/5227 5241/10909/5229 5243/10910/5231
o Socket.255
v 0.025000 0.080000 -0.206000
v 0.025000 0.088000 -0.206000
v 0.028527 0.080000 -0.204854
v 0.028527 0.088000 -0.204854
v 0.030706 0.080000 -0.201854
v 0.030706 0.088000 -0.201854
v 0.030706 0.080000 -0.198146
v 0.030706 0.088000 -0.198146
v 0.028527 0.080000 -0.195146
v 0.028527 0.088000 -0.195146
v 0.025000 0.080000 -0.194000
v 0.025000 0.088000 -0.194000
v 0.021473 0.080000 -0.195146
v 0.021473 0.088000 -0.195146
v 0.019294 0.080000 -0.198146
v 0.019294 0.088000 -0.198146
v 0.019294 0.080000 -0.201854
v 0.019294 0.088000 -0.201854
v 0.021473 0.080000 -0.204854
v 0.021473 0.088000 -0.204854
vn -0.0000 -0.6437 -0.7653
vn -0.0000 0.6437 -0.7653
vn 0.4498 -0.6437 -0.6191
vn 0.4498 0.6437 -0.6191
vn 0.7278 -0.6437 -0.2365
vn 0.7278 0.6437 -0.2365
vn 0.7278 -0.6437 0.2365
vn 0.7278 0.6437 0.2365
vn 0.4498 -0.6437 0.6191
vn 0.4498 0.6437 0.6191
vn -0.0000 -0.6437 0.7653
vn -0.0000 0.6437 0.7653
vn -0.4498 -0.6437 0.6191
vn -0.4498 0.6437 0.6191
vn -0.7278 -0.6437 0.2365
vn -0.7278 0.6437 0.2365
vn -0.7278 -0.6437 -0.2365
vn -0.7278 0.6437 -0.2365
vn -0.4498 -0.6437 -0.6191
vn -0.4498 0.6437 -0.6191
vt 1.000000 0.500000
vt 1.000000 1.000000
vt 0.900000 1.000000
vt 0.900000 0.500000
vt 0.800000 1.000000
vt 0.800000 0.500000
vt 0.700000 1.000000
vt 0.700000 0.500000
vt 0.600000 1.000000
vt 0.600000 0.500000
vt 0.500000 1.000000
vt 0.500000 0.500000
vt 0.400000 1.000000
vt 0.400000 0.500000
vt 0.300000 1.000000
vt 0.300000 0.500000
vt 0.200000 1.000000
vt 0.200000 0.500000
vt 0.391068 0.444164
vt 0.250000 0.490000
vt 0.108932 0.444164
vt 0.021746 0.324164
vt 0.021746 0.175836
vt 0.108932 0.055836
vt 0.250000 0.010000
vt 0.391068 0.055836
vt 0.478254 0.175836
vt 0.478254 0.324164
vt 0.100000 1.000000
vt 0.100000 0.500000
vt -0.000000 1.000000
vt -0.000000 0.500000
vt 0.750000 0.490000
vt 0.891068 0.444164
vt 0.978254 0.324164
vt 0.978254 0.175836
vt 0.891068 0.055836
vt 0.750000 0.010000
vt 0.608932 0.055836
vt 0.521746 0.175836
vt 0.521746 0.324164
vt 0.608932 0.444164
s 1
usemtl M_Graphite
f 5245/10911/5233 5246/10912/5234 5248/10913/5236 5247/10914/5235
f 5247/10914/5235 5248/10913/5236 5250/10915/5238 5249/10916/5237
f 5249/10916/5237 5250/10915/5238 5252/10917/5240 5251/10918/5239
f 5251/10918/5239 5252/10917/5240 5254/10919/5242 5253/10920/5241
f 5253/10920/5241 5254/10919/5242 5256/10921/5244 5255/10922/5243
f 5255/10922/5243 5256/10921/5244 5258/10923/5246 5257/10924/5245
f 5257/10924/5245 5258/10923/5246 5260/10925/5248 5259/10926/5247
f 5259/10926/5247 5260/10925/5248 5262/10927/5250 5261/10928/5249
f 5248/10929/5236 5246/10930/5234 5264/10931/5252 5262/10932/5250 5260/10933/5248 5258/10934/5246 5256/10935/5244 5254/10936/5242 5252/10937/5240 5250/10938/5238
f 5261/10928/5249 5262/10927/5250 5264/10939/5252 5263/10940/5251
f 5263/10940/5251 5264/10939/5252 5246/10941/5234 5245/10942/5233
f 5245/10943/5233 5247/10944/5235 5249/10945/5237 5251/10946/5239 5253/10947/5241 5255/10948/5243 5257/10949/5245 5259/10950/5247 5261/10951/5249 5263/10952/5251
o Socket.256
v 0.070000 0.080000 -0.206000
v 0.070000 0.088000 -0.206000
v 0.073527 0.080000 -0.204854
v 0.073527 0.088000 -0.204854
v 0.075706 0.080000 -0.201854
v 0.075706 0.088000 -0.201854
v 0.075706 0.080000 -0.198146
v 0.075706 0.088000 -0.198146
v 0.073527 0.080000 -0.195146
v 0.073527 0.088000 -0.195146
v 0.070000 0.080000 -0.194000
v 0.070000 0.088000 -0.194000
v 0.066473 0.080000 -0.195146
v 0.066473 0.088000 -0.195146
v 0.064294 0.080000 -0.198146
v 0.064294 0.088000 -0.198146
v 0.064294 0.080000 -0.201854
v 0.064294 0.088000 -0.201854
v 0.066473 0.080000 -0.204854
v 0.066473 0.088000 -0.204854
vn -0.0000 -0.6437 -0.7653
vn -0.0000 0.6437 -0.7653
vn 0.4498 -0.6437 -0.6191
vn 0.4498 0.6437 -0.6191
vn 0.7278 -0.6437 -0.2365
vn 0.7278 0.6437 -0.2365
vn 0.7278 -0.6437 0.2365
vn 0.7278 0.6437 0.2365
vn 0.4498 -0.6437 0.6191
vn 0.4498 0.6437 0.6191
vn -0.0000 -0.6437 0.7653
vn -0.0000 0.6437 0.7653
vn -0.4498 -0.6437 0.6191
vn -0.4498 0.6437 0.6191
vn -0.7278 -0.6437 0.2365
vn -0.7278 0.6437 0.2365
vn -0.7278 -0.6437 -0.2365
vn -0.7278 0.6437 -0.2365
vn -0.4498 -0.6437 -0.6191
vn -0.4498 0.6437 -0.6191
vt 1.000000 0.500000
vt 1.000000 1.000000
vt 0.900000 1.000000
vt 0.900000 0.500000
vt 0.800000 1.000000
vt 0.800000 0.500000
vt 0.700000 1.000000
vt 0.700000 0.500000
vt 0.600000 1.000000
vt 0.600000 0.500000
vt 0.500000 1.000000
vt 0.500000 0.500000
vt 0.400000 1.000000
vt 0.400000 0.500000
vt 0.300000 1.000000
vt 0.300000 0.500000
vt 0.200000 1.000000
vt 0.200000 0.500000
vt 0.391068 0.444164
vt 0.250000 0.490000
vt 0.108932 0.444164
vt 0.021746 0.324164
vt 0.021746 0.175836
vt 0.108932 0.055836
vt 0.250000 0.010000
vt 0.391068 0.055836
vt 0.478254 0.175836
vt 0.478254 0.324164
vt 0.100000 1.000000
vt 0.100000 0.500000
vt -0.000000 1.000000
vt -0.000000 0.500000
vt 0.750000 0.490000
vt 0.891068 0.444164
vt 0.978254 0.324164
vt 0.978254 0.175836
vt 0.891068 0.055836
vt 0.750000 0.010000
vt 0.608932 0.055836
vt 0.521746 0.175836
vt 0.521746 0.324164
vt 0.608932 0.444164
s 1
usemtl M_Graphite
f 5265/10953/5253 5266/10954/5254 5268/10955/5256 5267/10956/5255
f 5267/10956/5255 5268/10955/5256 5270/10957/5258 5269/10958/5257
f 5269/10958/5257 5270/10957/5258 5272/10959/5260 5271/10960/5259
f 5271/10960/5259 5272/10959/5260 5274/10961/5262 5273/10962/5261
f 5273/10962/5261 5274/10961/5262 5276/10963/5264 5275/10964/5263
f 5275/10964/5263 5276/10963/5264 5278/10965/5266 5277/10966/5265
f 5277/10966/5265 5278/10965/5266 5280/10967/5268 5279/10968/5267
f 5279/10968/5267 5280/10967/5268 5282/10969/5270 5281/10970/5269
f 5268/10971/5256 5266/10972/5254 5284/10973/5272 5282/10974/5270 5280/10975/5268 5278/10976/5266 5276/10977/5264 5274/10978/5262 5272/10979/5260 5270/10980/5258
f 5281/10970/5269 5282/10969/5270 5284/10981/5272 5283/10982/5271
f 5283/10982/5271 5284/10981/5272 5266/10983/5254 5265/10984/5253
f 5265/10985/5253 5267/10986/5255 5269/10987/5257 5271/10988/5259 5273/10989/5261 5275/10990/5263 5277/10991/5265 5279/10992/5267 5281/10993/5269 5283/10994/5271
o Socket.257
v 0.115000 0.080000 -0.206000
v 0.115000 0.088000 -0.206000
v 0.118527 0.080000 -0.204854
v 0.118527 0.088000 -0.204854
v 0.120706 0.080000 -0.201854
v 0.120706 0.088000 -0.201854
v 0.120706 0.080000 -0.198146
v 0.120706 0.088000 -0.198146
v 0.118527 0.080000 -0.195146
v 0.118527 0.088000 -0.195146
v 0.115000 0.080000 -0.194000
v 0.115000 0.088000 -0.194000
v 0.111473 0.080000 -0.195146
v 0.111473 0.088000 -0.195146
v 0.109294 0.080000 -0.198146
v 0.109294 0.088000 -0.198146
v 0.109294 0.080000 -0.201854
v 0.109294 0.088000 -0.201854
v 0.111473 0.080000 -0.204854
v 0.111473 0.088000 -0.204854
vn -0.0000 -0.6437 -0.7653
vn -0.0000 0.6437 -0.7653
vn 0.4498 -0.6437 -0.6191
vn 0.4498 0.6437 -0.6191
vn 0.7278 -0.6437 -0.2365
vn 0.7278 0.6437 -0.2365
vn 0.7278 -0.6437 0.2365
vn 0.7278 0.6437 0.2365
vn 0.4498 -0.6437 0.6191
vn 0.4498 0.6437 0.6191
vn -0.0000 -0.6437 0.7653
vn -0.0000 0.6437 0.7653
vn -0.4498 -0.6437 0.6191
vn -0.4498 0.6437 0.6191
vn -0.7278 -0.6437 0.2365
vn -0.7278 0.6437 0.2365
vn -0.7278 -0.6437 -0.2365
vn -0.7278 0.6437 -0.2365
vn -0.4498 -0.6437 -0.6191
vn -0.4498 0.6437 -0.6191
vt 1.000000 0.500000
vt 1.000000 1.000000
vt 0.900000 1.000000
vt 0.900000 0.500000
vt 0.800000 1.000000
vt 0.800000 0.500000
vt 0.700000 1.000000
vt 0.700000 0.500000
vt 0.600000 1.000000
vt 0.600000 0.500000
vt 0.500000 1.000000
vt 0.500000 0.500000
vt 0.400000 1.000000
vt 0.400000 0.500000
vt 0.300000 1.000000
vt 0.300000 0.500000
vt 0.200000 1.000000
vt 0.200000 0.500000
vt 0.391068 0.444164
vt 0.250000 0.490000
vt 0.108932 0.444164
vt 0.021746 0.324164
vt 0.021746 0.175836
vt 0.108932 0.055836
vt 0.250000 0.010000
vt 0.391068 0.055836
vt 0.478254 0.175836
vt 0.478254 0.324164
vt 0.100000 1.000000
vt 0.100000 0.500000
vt -0.000000 1.000000
vt -0.000000 0.500000
vt 0.750000 0.490000
vt 0.891068 0.444164
vt 0.978254 0.324164
vt 0.978254 0.175836
vt 0.891068 0.055836
vt 0.750000 0.010000
vt 0.608932 0.055836
vt 0.521746 0.175836
vt 0.521746 0.324164
vt 0.608932 0.444164
s 1
usemtl M_Graphite
f 5285/10995/5273 5286/10996/5274 5288/10997/5276 5287/10998/5275
f 5287/10998/5275 5288/10997/5276 5290/10999/5278 5289/11000/5277
f 5289/11000/5277 5290/10999/5278 5292/11001/5280 5291/11002/5279
f 5291/11002/5279 5292/11001/5280 5294/11003/5282 5293/11004/5281
f 5293/11004/5281 5294/11003/5282 5296/11005/5284 5295/11006/5283
f 5295/11006/5283 5296/11005/5284 5298/11007/5286 5297/11008/5285
f 5297/11008/5285 5298/11007/5286 5300/11009/5288 5299/11010/5287
f 5299/11010/5287 5300/11009/5288 5302/11011/5290 5301/11012/5289
f 5288/11013/5276 5286/11014/5274 5304/11015/5292 5302/11016/5290 5300/11017/5288 5298/11018/5286 5296/11019/5284 5294/11020/5282 5292/11021/5280 5290/11022/5278
f 5301/11012/5289 5302/11011/5290 5304/11023/5292 5303/11024/5291
f 5303/11024/5291 5304/11023/5292 5286/11025/5274 5285/11026/5273
f 5285/11027/5273 5287/11028/5275 5289/11029/5277 5291/11030/5279 5293/11031/5281 5295/11032/5283 5297/11033/5285 5299/11034/5287 5301/11035/5289 5303/11036/5291
o Socket.258
v 0.160000 0.080000 -0.206000
v 0.160000 0.088000 -0.206000
v 0.163527 0.080000 -0.204854
v 0.163527 0.088000 -0.204854
v 0.165706 0.080000 -0.201854
v 0.165706 0.088000 -0.201854
v 0.165706 0.080000 -0.198146
v 0.165706 0.088000 -0.198146
v 0.163527 0.080000 -0.195146
v 0.163527 0.088000 -0.195146
v 0.160000 0.080000 -0.194000
v 0.160000 0.088000 -0.194000
v 0.156473 0.080000 -0.195146
v 0.156473 0.088000 -0.195146
v 0.154294 0.080000 -0.198146
v 0.154294 0.088000 -0.198146
v 0.154294 0.080000 -0.201854
v 0.154294 0.088000 -0.201854
v 0.156473 0.080000 -0.204854
v 0.156473 0.088000 -0.204854
vn -0.0000 -0.6437 -0.7653
vn -0.0000 0.6437 -0.7653
vn 0.4498 -0.6437 -0.6191
vn 0.4498 0.6437 -0.6191
vn 0.7278 -0.6437 -0.2365
vn 0.7278 0.6437 -0.2365
vn 0.7278 -0.6437 0.2365
vn 0.7278 0.6437 0.2365
vn 0.4498 -0.6437 0.6191
vn 0.4498 0.6437 0.6191
vn -0.0000 -0.6437 0.7653
vn -0.0000 0.6437 0.7653
vn -0.4498 -0.6437 0.6191
vn -0.4498 0.6437 0.6191
vn -0.7278 -0.6437 0.2365
vn -0.7278 0.6437 0.2365
vn -0.7278 -0.6437 -0.2365
vn -0.7278 0.6437 -0.2365
vn -0.4498 -0.6437 -0.6191
vn -0.4498 0.6437 -0.6191
vt 1.000000 0.500000
vt 1.000000 1.000000
vt 0.900000 1.000000
vt 0.900000 0.500000
vt 0.800000 1.000000
vt 0.800000 0.500000
vt 0.700000 1.000000
vt 0.700000 0.500000
vt 0.600000 1.000000
vt 0.600000 0.500000
vt 0.500000 1.000000
vt 0.500000 0.500000
vt 0.400000 1.000000
vt 0.400000 0.500000
vt 0.300000 1.000000
vt 0.300000 0.500000
vt 0.200000 1.000000
vt 0.200000 0.500000
vt 0.391068 0.444164
vt 0.250000 0.490000
vt 0.108932 0.444164
vt 0.021746 0.324164
vt 0.021746 0.175836
vt 0.108932 0.055836
vt 0.250000 0.010000
vt 0.391068 0.055836
vt 0.478254 0.175836
vt 0.478254 0.324164
vt 0.100000 1.000000
vt 0.100000 0.500000
vt -0.000000 1.000000
vt -0.000000 0.500000
vt 0.750000 0.490000
vt 0.891068 0.444164
vt 0.978254 0.324164
vt 0.978254 0.175836
vt 0.891068 0.055836
vt 0.750000 0.010000
vt 0.608932 0.055836
vt 0.521746 0.175836
vt 0.521746 0.324164
vt 0.608932 0.444164
s 1
usemtl M_Graphite
f 5305/11037/5293 5306/11038/5294 5308/11039/5296 5307/11040/5295
f 5307/11040/5295 5308/11039/5296 5310/11041/5298 5309/11042/5297
f 5309/11042/5297 5310/11041/5298 5312/11043/5300 5311/11044/5299
f 5311/11044/5299 5312/11043/5300 5314/11045/5302 5313/11046/5301
f 5313/11046/5301 5314/11045/5302 5316/11047/5304 5315/11048/5303
f 5315/11048/5303 5316/11047/5304 5318/11049/5306 5317/11050/5305
f 5317/11050/5305 5318/11049/5306 5320/11051/5308 5319/11052/5307
f 5319/11052/5307 5320/11051/5308 5322/11053/5310 5321/11054/5309
f 5308/11055/5296 5306/11056/5294 5324/11057/5312 5322/11058/5310 5320/11059/5308 5318/11060/5306 5316/11061/5304 5314/11062/5302 5312/11063/5300 5310/11064/5298
f 5321/11054/5309 5322/11053/5310 5324/11065/5312 5323/11066/5311
f 5323/11066/5311 5324/11065/5312 5306/11067/5294 5305/11068/5293
f 5305/11069/5293 5307/11070/5295 5309/11071/5297 5311/11072/5299 5313/11073/5301 5315/11074/5303 5317/11075/5305 5319/11076/5307 5321/11077/5309 5323/11078/5311
o Socket.259
v 0.205000 0.080000 -0.206000
v 0.205000 0.088000 -0.206000
v 0.208527 0.080000 -0.204854
v 0.208527 0.088000 -0.204854
v 0.210706 0.080000 -0.201854
v 0.210706 0.088000 -0.201854
v 0.210706 0.080000 -0.198146
v 0.210706 0.088000 -0.198146
v 0.208527 0.080000 -0.195146
v 0.208527 0.088000 -0.195146
v 0.205000 0.080000 -0.194000
v 0.205000 0.088000 -0.194000
v 0.201473 0.080000 -0.195146
v 0.201473 0.088000 -0.195146
v 0.199294 0.080000 -0.198146
v 0.199294 0.088000 -0.198146
v 0.199294 0.080000 -0.201854
v 0.199294 0.088000 -0.201854
v 0.201473 0.080000 -0.204854
v 0.201473 0.088000 -0.204854
vn -0.0000 -0.6437 -0.7653
vn -0.0000 0.6437 -0.7653
vn 0.4498 -0.6437 -0.6191
vn 0.4498 0.6437 -0.6191
vn 0.7278 -0.6437 -0.2365
vn 0.7278 0.6437 -0.2365
vn 0.7278 -0.6437 0.2365
vn 0.7278 0.6437 0.2365
vn 0.4498 -0.6437 0.6191
vn 0.4498 0.6437 0.6191
vn -0.0000 -0.6437 0.7653
vn -0.0000 0.6437 0.7653
vn -0.4498 -0.6437 0.6191
vn -0.4498 0.6437 0.6191
vn -0.7278 -0.6437 0.2365
vn -0.7278 0.6437 0.2365
vn -0.7278 -0.6437 -0.2365
vn -0.7278 0.6437 -0.2365
vn -0.4498 -0.6437 -0.6191
vn -0.4498 0.6437 -0.6191
vt 1.000000 0.500000
vt 1.000000 1.000000
vt 0.900000 1.000000
vt 0.900000 0.500000
vt 0.800000 1.000000
vt 0.800000 0.500000
vt 0.700000 1.000000
vt 0.700000 0.500000
vt 0.600000 1.000000
vt 0.600000 0.500000
vt 0.500000 1.000000
vt 0.500000 0.500000
vt 0.400000 1.000000
vt 0.400000 0.500000
vt 0.300000 1.000000
vt 0.300000 0.500000
vt 0.200000 1.000000
vt 0.200000 0.500000
vt 0.391068 0.444164
vt 0.250000 0.490000
vt 0.108932 0.444164
vt 0.021746 0.324164
vt 0.021746 0.175836
vt 0.108932 0.055836
vt 0.250000 0.010000
vt 0.391068 0.055836
vt 0.478254 0.175836
vt 0.478254 0.324164
vt 0.100000 1.000000
vt 0.100000 0.500000
vt -0.000000 1.000000
vt -0.000000 0.500000
vt 0.750000 0.490000
vt 0.891068 0.444164
vt 0.978254 0.324164
vt 0.978254 0.175836
vt 0.891068 0.055836
vt 0.750000 0.010000
vt 0.608932 0.055836
vt 0.521746 0.175836
vt 0.521746 0.324164
vt 0.608932 0.444164
s 1
usemtl M_Graphite
f 5325/11079/5313 5326/11080/5314 5328/11081/5316 5327/11082/5315
f 5327/11082/5315 5328/11081/5316 5330/11083/5318 5329/11084/5317
f 5329/11084/5317 5330/11083/5318 5332/11085/5320 5331/11086/5319
f 5331/11086/5319 5332/11085/5320 5334/11087/5322 5333/11088/5321
f 5333/11088/5321 5334/11087/5322 5336/11089/5324 5335/11090/5323
f 5335/11090/5323 5336/11089/5324 5338/11091/5326 5337/11092/5325
f 5337/11092/5325 5338/11091/5326 5340/11093/5328 5339/11094/5327
f 5339/11094/5327 5340/11093/5328 5342/11095/5330 5341/11096/5329
f 5328/11097/5316 5326/11098/5314 5344/11099/5332 5342/11100/5330 5340/11101/5328 5338/11102/5326 5336/11103/5324 5334/11104/5322 5332/11105/5320 5330/11106/5318
f 5341/11096/5329 5342/11095/5330 5344/11107/5332 5343/11108/5331
f 5343/11108/5331 5344/11107/5332 5326/11109/5314 5325/11110/5313
f 5325/11111/5313 5327/11112/5315 5329/11113/5317 5331/11114/5319 5333/11115/5321 5335/11116/5323 5337/11117/5325 5339/11118/5327 5341/11119/5329 5343/11120/5331
o Socket.260
v 0.250000 0.080000 -0.206000
v 0.250000 0.088000 -0.206000
v 0.253527 0.080000 -0.204854
v 0.253527 0.088000 -0.204854
v 0.255706 0.080000 -0.201854
v 0.255706 0.088000 -0.201854
v 0.255706 0.080000 -0.198146
v 0.255706 0.088000 -0.198146
v 0.253527 0.080000 -0.195146
v 0.253527 0.088000 -0.195146
v 0.250000 0.080000 -0.194000
v 0.250000 0.088000 -0.194000
v 0.246473 0.080000 -0.195146
v 0.246473 0.088000 -0.195146
v 0.244294 0.080000 -0.198146
v 0.244294 0.088000 -0.198146
v 0.244294 0.080000 -0.201854
v 0.244294 0.088000 -0.201854
v 0.246473 0.080000 -0.204854
v 0.246473 0.088000 -0.204854
vn -0.0000 -0.6437 -0.7653
vn -0.0000 0.6437 -0.7653
vn 0.4498 -0.6437 -0.6191
vn 0.4498 0.6437 -0.6191
vn 0.7278 -0.6437 -0.2365
vn 0.7278 0.6437 -0.2365
vn 0.7278 -0.6437 0.2365
vn 0.7278 0.6437 0.2365
vn 0.4498 -0.6437 0.6191
vn 0.4498 0.6437 0.6191
vn -0.0000 -0.6437 0.7653
vn -0.0000 0.6437 0.7653
vn -0.4498 -0.6437 0.6191
vn -0.4498 0.6437 0.6191
vn -0.7278 -0.6437 0.2365
vn -0.7278 0.6437 0.2365
vn -0.7278 -0.6437 -0.2365
vn -0.7278 0.6437 -0.2365
vn -0.4498 -0.6437 -0.6191
vn -0.4498 0.6437 -0.6191
vt 1.000000 0.500000
vt 1.000000 1.000000
vt 0.900000 1.000000
vt 0.900000 0.500000
vt 0.800000 1.000000
vt 0.800000 0.500000
vt 0.700000 1.000000
vt 0.700000 0.500000
vt 0.600000 1.000000
vt 0.600000 0.500000
vt 0.500000 1.000000
vt 0.500000 0.500000
vt 0.400000 1.000000
vt 0.400000 0.500000
vt 0.300000 1.000000
vt 0.300000 0.500000
vt 0.200000 1.000000
vt 0.200000 0.500000
vt 0.391068 0.444164
vt 0.250000 0.490000
vt 0.108932 0.444164
vt 0.021746 0.324164
vt 0.021746 0.175836
vt 0.108932 0.055836
vt 0.250000 0.010000
vt 0.391068 0.055836
vt 0.478254 0.175836
vt 0.478254 0.324164
vt 0.100000 1.000000
vt 0.100000 0.500000
vt -0.000000 1.000000
vt -0.000000 0.500000
vt 0.750000 0.490000
vt 0.891068 0.444164
vt 0.978254 0.324164
vt 0.978254 0.175836
vt 0.891068 0.055836
vt 0.750000 0.010000
vt 0.608932 0.055836
vt 0.521746 0.175836
vt 0.521746 0.324164
vt 0.608932 0.444164
s 1
usemtl M_Graphite
f 5345/11121/5333 5346/11122/5334 5348/11123/5336 5347/11124/5335
f 5347/11124/5335 5348/11123/5336 5350/11125/5338 5349/11126/5337
f 5349/11126/5337 5350/11125/5338 5352/11127/5340 5351/11128/5339
f 5351/11128/5339 5352/11127/5340 5354/11129/5342 5353/11130/5341
f 5353/11130/5341 5354/11129/5342 5356/11131/5344 5355/11132/5343
f 5355/11132/5343 5356/11131/5344 5358/11133/5346 5357/11134/5345
f 5357/11134/5345 5358/11133/5346 5360/11135/5348 5359/11136/5347
f 5359/11136/5347 5360/11135/5348 5362/11137/5350 5361/11138/5349
f 5348/11139/5336 5346/11140/5334 5364/11141/5352 5362/11142/5350 5360/11143/5348 5358/11144/5346 5356/11145/5344 5354/11146/5342 5352/11147/5340 5350/11148/5338
f 5361/11138/5349 5362/11137/5350 5364/11149/5352 5363/11150/5351
f 5363/11150/5351 5364/11149/5352 5346/11151/5334 5345/11152/5333
f 5345/11153/5333 5347/11154/5335 5349/11155/5337 5351/11156/5339 5353/11157/5341 5355/11158/5343 5357/11159/5345 5359/11160/5347 5361/11161/5349 5363/11162/5351
o Socket.261
v 0.295000 0.080000 -0.206000
v 0.295000 0.088000 -0.206000
v 0.298527 0.080000 -0.204854
v 0.298527 0.088000 -0.204854
v 0.300706 0.080000 -0.201854
v 0.300706 0.088000 -0.201854
v 0.300706 0.080000 -0.198146
v 0.300706 0.088000 -0.198146
v 0.298527 0.080000 -0.195146
v 0.298527 0.088000 -0.195146
v 0.295000 0.080000 -0.194000
v 0.295000 0.088000 -0.194000
v 0.291473 0.080000 -0.195146
v 0.291473 0.088000 -0.195146
v 0.289294 0.080000 -0.198146
v 0.289294 0.088000 -0.198146
v 0.289294 0.080000 -0.201854
v 0.289294 0.088000 -0.201854
v 0.291473 0.080000 -0.204854
v 0.291473 0.088000 -0.204854
vn -0.0000 -0.6437 -0.7653
vn -0.0000 0.6437 -0.7653
vn 0.4498 -0.6437 -0.6191
vn 0.4498 0.6437 -0.6191
vn 0.7278 -0.6437 -0.2365
vn 0.7278 0.6437 -0.2365
vn 0.7278 -0.6437 0.2365
vn 0.7278 0.6437 0.2365
vn 0.4498 -0.6437 0.6191
vn 0.4498 0.6437 0.6191
vn -0.0000 -0.6437 0.7653
vn -0.0000 0.6437 0.7653
vn -0.4498 -0.6437 0.6191
vn -0.4498 0.6437 0.6191
vn -0.7278 -0.6437 0.2365
vn -0.7278 0.6437 0.2365
vn -0.7278 -0.6437 -0.2365
vn -0.7278 0.6437 -0.2365
vn -0.4498 -0.6437 -0.6191
vn -0.4498 0.6437 -0.6191
vt 1.000000 0.500000
vt 1.000000 1.000000
vt 0.900000 1.000000
vt 0.900000 0.500000
vt 0.800000 1.000000
vt 0.800000 0.500000
vt 0.700000 1.000000
vt 0.700000 0.500000
vt 0.600000 1.000000
vt 0.600000 0.500000
vt 0.500000 1.000000
vt 0.500000 0.500000
vt 0.400000 1.000000
vt 0.400000 0.500000
vt 0.300000 1.000000
vt 0.300000 0.500000
vt 0.200000 1.000000
vt 0.200000 0.500000
vt 0.391068 0.444164
vt 0.250000 0.490000
vt 0.108932 0.444164
vt 0.021746 0.324164
vt 0.021746 0.175836
vt 0.108932 0.055836
vt 0.250000 0.010000
vt 0.391068 0.055836
vt 0.478254 0.175836
vt 0.478254 0.324164
vt 0.100000 1.000000
vt 0.100000 0.500000
vt -0.000000 1.000000
vt -0.000000 0.500000
vt 0.750000 0.490000
vt 0.891068 0.444164
vt 0.978254 0.324164
vt 0.978254 0.175836
vt 0.891068 0.055836
vt 0.750000 0.010000
vt 0.608932 0.055836
vt 0.521746 0.175836
vt 0.521746 0.324164
vt 0.608932 0.444164
s 1
usemtl M_Graphite
f 5365/11163/5353 5366/11164/5354 5368/11165/5356 5367/11166/5355
f 5367/11166/5355 5368/11165/5356 5370/11167/5358 5369/11168/5357
f 5369/11168/5357 5370/11167/5358 5372/11169/5360 5371/11170/5359
f 5371/11170/5359 5372/11169/5360 5374/11171/5362 5373/11172/5361
f 5373/11172/5361 5374/11171/5362 5376/11173/5364 5375/11174/5363
f 5375/11174/5363 5376/11173/5364 5378/11175/5366 5377/11176/5365
f 5377/11176/5365 5378/11175/5366 5380/11177/5368 5379/11178/5367
f 5379/11178/5367 5380/11177/5368 5382/11179/5370 5381/11180/5369
f 5368/11181/5356 5366/11182/5354 5384/11183/5372 5382/11184/5370 5380/11185/5368 5378/11186/5366 5376/11187/5364 5374/11188/5362 5372/11189/5360 5370/11190/5358
f 5381/11180/5369 5382/11179/5370 5384/11191/5372 5383/11192/5371
f 5383/11192/5371 5384/11191/5372 5366/11193/5354 5365/11194/5353
f 5365/11195/5353 5367/11196/5355 5369/11197/5357 5371/11198/5359 5373/11199/5361 5375/11200/5363 5377/11201/5365 5379/11202/5367 5381/11203/5369 5383/11204/5371
o Socket.262
v 0.340000 0.080000 -0.206000
v 0.340000 0.088000 -0.206000
v 0.343527 0.080000 -0.204854
v 0.343527 0.088000 -0.204854
v 0.345706 0.080000 -0.201854
v 0.345706 0.088000 -0.201854
v 0.345706 0.080000 -0.198146
v 0.345706 0.088000 -0.198146
v 0.343527 0.080000 -0.195146
v 0.343527 0.088000 -0.195146
v 0.340000 0.080000 -0.194000
v 0.340000 0.088000 -0.194000
v 0.336473 0.080000 -0.195146
v 0.336473 0.088000 -0.195146
v 0.334294 0.080000 -0.198146
v 0.334294 0.088000 -0.198146
v 0.334294 0.080000 -0.201854
v 0.334294 0.088000 -0.201854
v 0.336473 0.080000 -0.204854
v 0.336473 0.088000 -0.204854
vn -0.0000 -0.6437 -0.7653
vn -0.0000 0.6437 -0.7653
vn 0.4498 -0.6437 -0.6191
vn 0.4498 0.6437 -0.6191
vn 0.7278 -0.6437 -0.2365
vn 0.7278 0.6437 -0.2365
vn 0.7278 -0.6437 0.2365
vn 0.7278 0.6437 0.2365
vn 0.4498 -0.6437 0.6191
vn 0.4498 0.6437 0.6191
vn -0.0000 -0.6437 0.7653
vn -0.0000 0.6437 0.7653
vn -0.4498 -0.6437 0.6191
vn -0.4498 0.6437 0.6191
vn -0.7278 -0.6437 0.2365
vn -0.7278 0.6437 0.2365
vn -0.7278 -0.6437 -0.2365
vn -0.7278 0.6437 -0.2365
vn -0.4498 -0.6437 -0.6191
vn -0.4498 0.6437 -0.6191
vt 1.000000 0.500000
vt 1.000000 1.000000
vt 0.900000 1.000000
vt 0.900000 0.500000
vt 0.800000 1.000000
vt 0.800000 0.500000
vt 0.700000 1.000000
vt 0.700000 0.500000
vt 0.600000 1.000000
vt 0.600000 0.500000
vt 0.500000 1.000000
vt 0.500000 0.500000
vt 0.400000 1.000000
vt 0.400000 0.500000
vt 0.300000 1.000000
vt 0.300000 0.500000
vt 0.200000 1.000000
vt 0.200000 0.500000
vt 0.391068 0.444164
vt 0.250000 0.490000
vt 0.108932 0.444164
vt 0.021746 0.324164
vt 0.021746 0.175836
vt 0.108932 0.055836
vt 0.250000 0.010000
vt 0.391068 0.055836
vt 0.478254 0.175836
vt 0.478254 0.324164
vt 0.100000 1.000000
vt 0.100000 0.500000
vt -0.000000 1.000000
vt -0.000000 0.500000
vt 0.750000 0.490000
vt 0.891068 0.444164
vt 0.978254 0.324164
vt 0.978254 0.175836
vt 0.891068 0.055836
vt 0.750000 0.010000
vt 0.608932 0.055836
vt 0.521746 0.175836
vt 0.521746 0.324164
vt 0.608932 0.444164
s 1
usemtl M_Graphite
f 5385/11205/5373 5386/11206/5374 5388/11207/5376 5387/11208/5375
f 5387/11208/5375 5388/11207/5376 5390/11209/5378 5389/11210/5377
f 5389/11210/5377 5390/11209/5378 5392/11211/5380 5391/11212/5379
f 5391/11212/5379 5392/11211/5380 5394/11213/5382 5393/11214/5381
f 5393/11214/5381 5394/11213/5382 5396/11215/5384 5395/11216/5383
f 5395/11216/5383 5396/11215/5384 5398/11217/5386 5397/11218/5385
f 5397/11218/5385 5398/11217/5386 5400/11219/5388 5399/11220/5387
f 5399/11220/5387 5400/11219/5388 5402/11221/5390 5401/11222/5389
f 5388/11223/5376 5386/11224/5374 5404/11225/5392 5402/11226/5390 5400/11227/5388 5398/11228/5386 5396/11229/5384 5394/11230/5382 5392/11231/5380 5390/11232/5378
f 5401/11222/5389 5402/11221/5390 5404/11233/5392 5403/11234/5391
f 5403/11234/5391 5404/11233/5392 5386/11235/5374 5385/11236/5373
f 5385/11237/5373 5387/11238/5375 5389/11239/5377 5391/11240/5379 5393/11241/5381 5395/11242/5383 5397/11243/5385 5399/11244/5387 5401/11245/5389 5403/11246/5391
o Socket.263
v 0.385000 0.080000 -0.206000
v 0.385000 0.088000 -0.206000
v 0.388527 0.080000 -0.204854
v 0.388527 0.088000 -0.204854
v 0.390706 0.080000 -0.201854
v 0.390706 0.088000 -0.201854
v 0.390706 0.080000 -0.198146
v 0.390706 0.088000 -0.198146
v 0.388527 0.080000 -0.195146
v 0.388527 0.088000 -0.195146
v 0.385000 0.080000 -0.194000
v 0.385000 0.088000 -0.194000
v 0.381473 0.080000 -0.195146
v 0.381473 0.088000 -0.195146
v 0.379294 0.080000 -0.198146
v 0.379294 0.088000 -0.198146
v 0.379294 0.080000 -0.201854
v 0.379294 0.088000 -0.201854
v 0.381473 0.080000 -0.204854
v 0.381473 0.088000 -0.204854
vn -0.0000 -0.6437 -0.7653
vn -0.0000 0.6437 -0.7653
vn 0.4498 -0.6437 -0.6191
vn 0.4498 0.6437 -0.6191
vn 0.7278 -0.6437 -0.2365
vn 0.7278 0.6437 -0.2365
vn 0.7278 -0.6437 0.2365
vn 0.7278 0.6437 0.2365
vn 0.4498 -0.6437 0.6191
vn 0.4498 0.6437 0.6191
vn -0.0000 -0.6437 0.7653
vn -0.0000 0.6437 0.7653
vn -0.4498 -0.6437 0.6191
vn -0.4498 0.6437 0.6191
vn -0.7278 -0.6437 0.2365
vn -0.7278 0.6437 0.2365
vn -0.7278 -0.6437 -0.2365
vn -0.7278 0.6437 -0.2365
vn -0.4498 -0.6437 -0.6191
vn -0.4498 0.6437 -0.6191
vt 1.000000 0.500000
vt 1.000000 1.000000
vt 0.900000 1.000000
vt 0.900000 0.500000
vt 0.800000 1.000000
vt 0.800000 0.500000
vt 0.700000 1.000000
vt 0.700000 0.500000
vt 0.600000 1.000000
vt 0.600000 0.500000
vt 0.500000 1.000000
vt 0.500000 0.500000
vt 0.400000 1.000000
vt 0.400000 0.500000
vt 0.300000 1.000000
vt 0.300000 0.500000
vt 0.200000 1.000000
vt 0.200000 0.500000
vt 0.391068 0.444164
vt 0.250000 0.490000
vt 0.108932 0.444164
vt 0.021746 0.324164
vt 0.021746 0.175836
vt 0.108932 0.055836
vt 0.250000 0.010000
vt 0.391068 0.055836
vt 0.478254 0.175836
vt 0.478254 0.324164
vt 0.100000 1.000000
vt 0.100000 0.500000
vt -0.000000 1.000000
vt -0.000000 0.500000
vt 0.750000 0.490000
vt 0.891068 0.444164
vt 0.978254 0.324164
vt 0.978254 0.175836
vt 0.891068 0.055836
vt 0.750000 0.010000
vt 0.608932 0.055836
vt 0.521746 0.175836
vt 0.521746 0.324164
vt 0.608932 0.444164
s 1
usemtl M_Graphite
f 5405/11247/5393 5406/11248/5394 5408/11249/5396 5407/11250/5395
f 5407/11250/5395 5408/11249/5396 5410/11251/5398 5409/11252/5397
f 5409/11252/5397 5410/11251/5398 5412/11253/5400 5411/11254/5399
f 5411/11254/5399 5412/11253/5400 5414/11255/5402 5413/11256/5401
f 5413/11256/5401 5414/11255/5402 5416/11257/5404 5415/11258/5403
f 5415/11258/5403 5416/11257/5404 5418/11259/5406 5417/11260/5405
f 5417/11260/5405 5418/11259/5406 5420/11261/5408 5419/11262/5407
f 5419/11262/5407 5420/11261/5408 5422/11263/5410 5421/11264/5409
f 5408/11265/5396 5406/11266/5394 5424/11267/5412 5422/11268/5410 5420/11269/5408 5418/11270/5406 5416/11271/5404 5414/11272/5402 5412/11273/5400 5410/11274/5398
f 5421/11264/5409 5422/11263/5410 5424/11275/5412 5423/11276/5411
f 5423/11276/5411 5424/11275/5412 5406/11277/5394 5405/11278/5393
f 5405/11279/5393 5407/11280/5395 5409/11281/5397 5411/11282/5399 5413/11283/5401 5415/11284/5403 5417/11285/5405 5419/11286/5407 5421/11287/5409 5423/11288/5411
o Socket.264
v 0.430000 0.080000 -0.206000
v 0.430000 0.088000 -0.206000
v 0.433527 0.080000 -0.204854
v 0.433527 0.088000 -0.204854
v 0.435706 0.080000 -0.201854
v 0.435706 0.088000 -0.201854
v 0.435706 0.080000 -0.198146
v 0.435706 0.088000 -0.198146
v 0.433527 0.080000 -0.195146
v 0.433527 0.088000 -0.195146
v 0.430000 0.080000 -0.194000
v 0.430000 0.088000 -0.194000
v 0.426473 0.080000 -0.195146
v 0.426473 0.088000 -0.195146
v 0.424294 0.080000 -0.198146
v 0.424294 0.088000 -0.198146
v 0.424294 0.080000 -0.201854
v 0.424294 0.088000 -0.201854
v 0.426473 0.080000 -0.204854
v 0.426473 0.088000 -0.204854
vn -0.0000 -0.6437 -0.7653
vn -0.0000 0.6437 -0.7653
vn 0.4498 -0.6437 -0.6191
vn 0.4498 0.6437 -0.6191
vn 0.7278 -0.6437 -0.2365
vn 0.7278 0.6437 -0.2365
vn 0.7278 -0.6437 0.2365
vn 0.7278 0.6437 0.2365
vn 0.4498 -0.6437 0.6191
vn 0.4498 0.6437 0.6191
vn -0.0000 -0.6437 0.7653
vn -0.0000 0.6437 0.7653
vn -0.4498 -0.6437 0.6191
vn -0.4498 0.6437 0.6191
vn -0.7278 -0.6437 0.2365
vn -0.7278 0.6437 0.2365
vn -0.7278 -0.6437 -0.2365
vn -0.7278 0.6437 -0.2365
vn -0.4498 -0.6437 -0.6191
vn -0.4498 0.6437 -0.6191
vt 1.000000 0.500000
vt 1.000000 1.000000
vt 0.900000 1.000000
vt 0.900000 0.500000
vt 0.800000 1.000000
vt 0.800000 0.500000
vt 0.700000 1.000000
vt 0.700000 0.500000
vt 0.600000 1.000000
vt 0.600000 0.500000
vt 0.500000 1.000000
vt 0.500000 0.500000
vt 0.400000 1.000000
vt 0.400000 0.500000
vt 0.300000 1.000000
vt 0.300000 0.500000
vt 0.200000 1.000000
vt 0.200000 0.500000
vt 0.391068 0.444164
vt 0.250000 0.490000
vt 0.108932 0.444164
vt 0.021746 0.324164
vt 0.021746 0.175836
vt 0.108932 0.055836
vt 0.250000 0.010000
vt 0.391068 0.055836
vt 0.478254 0.175836
vt 0.478254 0.324164
vt 0.100000 1.000000
vt 0.100000 0.500000
vt -0.000000 1.000000
vt -0.000000 0.500000
vt 0.750000 0.490000
vt 0.891068 0.444164
vt 0.978254 0.324164
vt 0.978254 0.175836
vt 0.891068 0.055836
vt 0.750000 0.010000
vt 0.608932 0.055836
vt 0.521746 0.175836
vt 0.521746 0.324164
vt 0.608932 0.444164
s 1
usemtl M_Graphite
f 5425/11289/5413 5426/11290/5414 5428/11291/5416 5427/11292/5415
f 5427/11292/5415 5428/11291/5416 5430/11293/5418 5429/11294/5417
f 5429/11294/5417 5430/11293/5418 5432/11295/5420 5431/11296/5419
f 5431/11296/5419 5432/11295/5420 5434/11297/5422 5433/11298/5421
f 5433/11298/5421 5434/11297/5422 5436/11299/5424 5435/11300/5423
f 5435/11300/5423 5436/11299/5424 5438/11301/5426 5437/11302/5425
f 5437/11302/5425 5438/11301/5426 5440/11303/5428 5439/11304/5427
f 5439/11304/5427 5440/11303/5428 5442/11305/5430 5441/11306/5429
f 5428/11307/5416 5426/11308/5414 5444/11309/5432 5442/11310/5430 5440/11311/5428 5438/11312/5426 5436/11313/5424 5434/11314/5422 5432/11315/5420 5430/11316/5418
f 5441/11306/5429 5442/11305/5430 5444/11317/5432 5443/11318/5431
f 5443/11318/5431 5444/11317/5432 5426/11319/5414 5425/11320/5413
f 5425/11321/5413 5427/11322/5415 5429/11323/5417 5431/11324/5419 5433/11325/5421 5435/11326/5423 5437/11327/5425 5439/11328/5427 5441/11329/5429 5443/11330/5431
o Socket.265
v 0.475000 0.080000 -0.206000
v 0.475000 0.088000 -0.206000
v 0.478527 0.080000 -0.204854
v 0.478527 0.088000 -0.204854
v 0.480706 0.080000 -0.201854
v 0.480706 0.088000 -0.201854
v 0.480706 0.080000 -0.198146
v 0.480706 0.088000 -0.198146
v 0.478527 0.080000 -0.195146
v 0.478527 0.088000 -0.195146
v 0.475000 0.080000 -0.194000
v 0.475000 0.088000 -0.194000
v 0.471473 0.080000 -0.195146
v 0.471473 0.088000 -0.195146
v 0.469294 0.080000 -0.198146
v 0.469294 0.088000 -0.198146
v 0.469294 0.080000 -0.201854
v 0.469294 0.088000 -0.201854
v 0.471473 0.080000 -0.204854
v 0.471473 0.088000 -0.204854
vn -0.0000 -0.6437 -0.7653
vn -0.0000 0.6437 -0.7653
vn 0.4498 -0.6437 -0.6191
vn 0.4498 0.6437 -0.6191
vn 0.7278 -0.6437 -0.2365
vn 0.7278 0.6437 -0.2365
vn 0.7278 -0.6437 0.2365
vn 0.7278 0.6437 0.2365
vn 0.4498 -0.6437 0.6191
vn 0.4498 0.6437 0.6191
vn -0.0000 -0.6437 0.7653
vn -0.0000 0.6437 0.7653
vn -0.4498 -0.6437 0.6191
vn -0.4498 0.6437 0.6191
vn -0.7278 -0.6437 0.2365
vn -0.7278 0.6437 0.2365
vn -0.7278 -0.6437 -0.2365
vn -0.7278 0.6437 -0.2365
vn -0.4498 -0.6437 -0.6191
vn -0.4498 0.6437 -0.6191
vt 1.000000 0.500000
vt 1.000000 1.000000
vt 0.900000 1.000000
vt 0.900000 0.500000
vt 0.800000 1.000000
vt 0.800000 0.500000
vt 0.700000 1.000000
vt 0.700000 0.500000
vt 0.600000 1.000000
vt 0.600000 0.500000
vt 0.500000 1.000000
vt 0.500000 0.500000
vt 0.400000 1.000000
vt 0.400000 0.500000
vt 0.300000 1.000000
vt 0.300000 0.500000
vt 0.200000 1.000000
vt 0.200000 0.500000
vt 0.391068 0.444164
vt 0.250000 0.490000
vt 0.108932 0.444164
vt 0.021746 0.324164
vt 0.021746 0.175836
vt 0.108932 0.055836
vt 0.250000 0.010000
vt 0.391068 0.055836
vt 0.478254 0.175836
vt 0.478254 0.324164
vt 0.100000 1.000000
vt 0.100000 0.500000
vt -0.000000 1.000000
vt -0.000000 0.500000
vt 0.750000 0.490000
vt 0.891068 0.444164
vt 0.978254 0.324164
vt 0.978254 0.175836
vt 0.891068 0.055836
vt 0.750000 0.010000
vt 0.608932 0.055836
vt 0.521746 0.175836
vt 0.521746 0.324164
vt 0.608932 0.444164
s 1
usemtl M_Graphite
f 5445/11331/5433 5446/11332/5434 5448/11333/5436 5447/11334/5435
f 5447/11334/5435 5448/11333/5436 5450/11335/5438 5449/11336/5437
f 5449/11336/5437 5450/11335/5438 5452/11337/5440 5451/11338/5439
f 5451/11338/5439 5452/11337/5440 5454/11339/5442 5453/11340/5441
f 5453/11340/5441 5454/11339/5442 5456/11341/5444 5455/11342/5443
f 5455/11342/5443 5456/11341/5444 5458/11343/5446 5457/11344/5445
f 5457/11344/5445 5458/11343/5446 5460/11345/5448 5459/11346/5447
f 5459/11346/5447 5460/11345/5448 5462/11347/5450 5461/11348/5449
f 5448/11349/5436 5446/11350/5434 5464/11351/5452 5462/11352/5450 5460/11353/5448 5458/11354/5446 5456/11355/5444 5454/11356/5442 5452/11357/5440 5450/11358/5438
f 5461/11348/5449 5462/11347/5450 5464/11359/5452 5463/11360/5451
f 5463/11360/5451 5464/11359/5452 5446/11361/5434 5445/11362/5433
f 5445/11363/5433 5447/11364/5435 5449/11365/5437 5451/11366/5439 5453/11367/5441 5455/11368/5443 5457/11369/5445 5459/11370/5447 5461/11371/5449 5463/11372/5451
o Socket.266
v 0.520000 0.080000 -0.206000
v 0.520000 0.088000 -0.206000
v 0.523527 0.080000 -0.204854
v 0.523527 0.088000 -0.204854
v 0.525706 0.080000 -0.201854
v 0.525706 0.088000 -0.201854
v 0.525706 0.080000 -0.198146
v 0.525706 0.088000 -0.198146
v 0.523527 0.080000 -0.195146
v 0.523527 0.088000 -0.195146
v 0.520000 0.080000 -0.194000
v 0.520000 0.088000 -0.194000
v 0.516473 0.080000 -0.195146
v 0.516473 0.088000 -0.195146
v 0.514294 0.080000 -0.198146
v 0.514294 0.088000 -0.198146
v 0.514294 0.080000 -0.201854
v 0.514294 0.088000 -0.201854
v 0.516473 0.080000 -0.204854
v 0.516473 0.088000 -0.204854
vn -0.0000 -0.6437 -0.7653
vn -0.0000 0.6437 -0.7653
vn 0.4498 -0.6437 -0.6191
vn 0.4498 0.6437 -0.6191
vn 0.7278 -0.6437 -0.2365
vn 0.7278 0.6437 -0.2365
vn 0.7278 -0.6437 0.2365
vn 0.7278 0.6437 0.2365
vn 0.4498 -0.6437 0.6191
vn 0.4498 0.6437 0.6191
vn -0.0000 -0.6437 0.7653
vn -0.0000 0.6437 0.7653
vn -0.4498 -0.6437 0.6191
vn -0.4498 0.6437 0.6191
vn -0.7278 -0.6437 0.2365
vn -0.7278 0.6437 0.2365
vn -0.7278 -0.6437 -0.2365
vn -0.7278 0.6437 -0.2365
vn -0.4498 -0.6437 -0.6191
vn -0.4498 0.6437 -0.6191
vt 1.000000 0.500000
vt 1.000000 1.000000
vt 0.900000 1.000000
vt 0.900000 0.500000
vt 0.800000 1.000000
vt 0.800000 0.500000
vt 0.700000 1.000000
vt 0.700000 0.500000
vt 0.600000 1.000000
vt 0.600000 0.500000
vt 0.500000 1.000000
vt 0.500000 0.500000
vt 0.400000 1.000000
vt 0.400000 0.500000
vt 0.300000 1.000000
vt 0.300000 0.500000
vt 0.200000 1.000000
vt 0.200000 0.500000
vt 0.391068 0.444164
vt 0.250000 0.490000
vt 0.108932 0.444164
vt 0.021746 0.324164
vt 0.021746 0.175836
vt 0.108932 0.055836
vt 0.250000 0.010000
vt 0.391068 0.055836
vt 0.478254 0.175836
vt 0.478254 0.324164
vt 0.100000 1.000000
vt 0.100000 0.500000
vt -0.000000 1.000000
vt -0.000000 0.500000
vt 0.750000 0.490000
vt 0.891068 0.444164
vt 0.978254 0.324164
vt 0.978254 0.175836
vt 0.891068 0.055836
vt 0.750000 0.010000
vt 0.608932 0.055836
vt 0.521746 0.175836
vt 0.521746 0.324164
vt 0.608932 0.444164
s 1
usemtl M_Graphite
f 5465/11373/5453 5466/11374/5454 5468/11375/5456 5467/11376/5455
f 5467/11376/5455 5468/11375/5456 5470/11377/5458 5469/11378/5457
f 5469/11378/5457 5470/11377/5458 5472/11379/5460 5471/11380/5459
f 5471/11380/5459 5472/11379/5460 5474/11381/5462 5473/11382/5461
f 5473/11382/5461 5474/11381/5462 5476/11383/5464 5475/11384/5463
f 5475/11384/5463 5476/11383/5464 5478/11385/5466 5477/11386/5465
f 5477/11386/5465 5478/11385/5466 5480/11387/5468 5479/11388/5467
f 5479/11388/5467 5480/11387/5468 5482/11389/5470 5481/11390/5469
f 5468/11391/5456 5466/11392/5454 5484/11393/5472 5482/11394/5470 5480/11395/5468 5478/11396/5466 5476/11397/5464 5474/11398/5462 5472/11399/5460 5470/11400/5458
f 5481/11390/5469 5482/11389/5470 5484/11401/5472 5483/11402/5471
f 5483/11402/5471 5484/11401/5472 5466/11403/5454 5465/11404/5453
f 5465/11405/5453 5467/11406/5455 5469/11407/5457 5471/11408/5459 5473/11409/5461 5475/11410/5463 5477/11411/5465 5479/11412/5467 5481/11413/5469 5483/11414/5471
o Socket.267
v 0.565000 0.080000 -0.206000
v 0.565000 0.088000 -0.206000
v 0.568527 0.080000 -0.204854
v 0.568527 0.088000 -0.204854
v 0.570706 0.080000 -0.201854
v 0.570706 0.088000 -0.201854
v 0.570706 0.080000 -0.198146
v 0.570706 0.088000 -0.198146
v 0.568527 0.080000 -0.195146
v 0.568527 0.088000 -0.195146
v 0.565000 0.080000 -0.194000
v 0.565000 0.088000 -0.194000
v 0.561473 0.080000 -0.195146
v 0.561473 0.088000 -0.195146
v 0.559294 0.080000 -0.198146
v 0.559294 0.088000 -0.198146
v 0.559294 0.080000 -0.201854
v 0.559294 0.088000 -0.201854
v 0.561473 0.080000 -0.204854
v 0.561473 0.088000 -0.204854
vn -0.0000 -0.6437 -0.7653
vn -0.0000 0.6437 -0.7653
vn 0.4498 -0.6437 -0.6191
vn 0.4498 0.6437 -0.6191
vn 0.7278 -0.6437 -0.2365
vn 0.7278 0.6437 -0.2365
vn 0.7278 -0.6437 0.2365
vn 0.7278 0.6437 0.2365
vn 0.4498 -0.6437 0.6191
vn 0.4498 0.6437 0.6191
vn -0.0000 -0.6437 0.7653
vn -0.0000 0.6437 0.7653
vn -0.4498 -0.6437 0.6191
vn -0.4498 0.6437 0.6191
vn -0.7278 -0.6437 0.2365
vn -0.7278 0.6437 0.2365
vn -0.7278 -0.6437 -0.2365
vn -0.7278 0.6437 -0.2365
vn -0.4498 -0.6437 -0.6191
vn -0.4498 0.6437 -0.6191
vt 1.000000 0.500000
vt 1.000000 1.000000
vt 0.900000 1.000000
vt 0.900000 0.500000
vt 0.800000 1.000000
vt 0.800000 0.500000
vt 0.700000 1.000000
vt 0.700000 0.500000
vt 0.600000 1.000000
vt 0.600000 0.500000
vt 0.500000 1.000000
vt 0.500000 0.500000
vt 0.400000 1.000000
vt 0.400000 0.500000
vt 0.300000 1.000000
vt 0.300000 0.500000
vt 0.200000 1.000000
vt 0.200000 0.500000
vt 0.391068 0.444164
vt 0.250000 0.490000
vt 0.108932 0.444164
vt 0.021746 0.324164
vt 0.021746 0.175836
vt 0.108932 0.055836
vt 0.250000 0.010000
vt 0.391068 0.055836
vt 0.478254 0.175836
vt 0.478254 0.324164
vt 0.100000 1.000000
vt 0.100000 0.500000
vt -0.000000 1.000000
vt -0.000000 0.500000
vt 0.750000 0.490000
vt 0.891068 0.444164
vt 0.978254 0.324164
vt 0.978254 0.175836
vt 0.891068 0.055836
vt 0.750000 0.010000
vt 0.608932 0.055836
vt 0.521746 0.175836
vt 0.521746 0.324164
vt 0.608932 0.444164
s 1
usemtl M_Graphite
f 5485/11415/5473 5486/11416/5474 5488/11417/5476 5487/11418/5475
f 5487/11418/5475 5488/11417/5476 5490/11419/5478 5489/11420/5477
f 5489/11420/5477 5490/11419/5478 5492/11421/5480 5491/11422/5479
f 5491/11422/5479 5492/11421/5480 5494/11423/5482 5493/11424/5481
f 5493/11424/5481 5494/11423/5482 5496/11425/5484 5495/11426/5483
f 5495/11426/5483 5496/11425/5484 5498/11427/5486 5497/11428/5485
f 5497/11428/5485 5498/11427/5486 5500/11429/5488 5499/11430/5487
f 5499/11430/5487 5500/11429/5488 5502/11431/5490 5501/11432/5489
f 5488/11433/5476 5486/11434/5474 5504/11435/5492 5502/11436/5490 5500/11437/5488 5498/11438/5486 5496/11439/5484 5494/11440/5482 5492/11441/5480 5490/11442/5478
f 5501/11432/5489 5502/11431/5490 5504/11443/5492 5503/11444/5491
f 5503/11444/5491 5504/11443/5492 5486/11445/5474 5485/11446/5473
f 5485/11447/5473 5487/11448/5475 5489/11449/5477 5491/11450/5479 5493/11451/5481 5495/11452/5483 5497/11453/5485 5499/11454/5487 5501/11455/5489 5503/11456/5491
o Socket.268
v 0.610000 0.080000 -0.206000
v 0.610000 0.088000 -0.206000
v 0.613527 0.080000 -0.204854
v 0.613527 0.088000 -0.204854
v 0.615706 0.080000 -0.201854
v 0.615706 0.088000 -0.201854
v 0.615706 0.080000 -0.198146
v 0.615706 0.088000 -0.198146
v 0.613527 0.080000 -0.195146
v 0.613527 0.088000 -0.195146
v 0.610000 0.080000 -0.194000
v 0.610000 0.088000 -0.194000
v 0.606473 0.080000 -0.195146
v 0.606473 0.088000 -0.195146
v 0.604294 0.080000 -0.198146
v 0.604294 0.088000 -0.198146
v 0.604294 0.080000 -0.201854
v 0.604294 0.088000 -0.201854
v 0.606473 0.080000 -0.204854
v 0.606473 0.088000 -0.204854
vn -0.0000 -0.6437 -0.7653
vn -0.0000 0.6437 -0.7653
vn 0.4498 -0.6437 -0.6191
vn 0.4498 0.6437 -0.6191
vn 0.7278 -0.6437 -0.2365
vn 0.7278 0.6437 -0.2365
vn 0.7278 -0.6437 0.2365
vn 0.7278 0.6437 0.2365
vn 0.4498 -0.6437 0.6191
vn 0.4498 0.6437 0.6191
vn -0.0000 -0.6437 0.7653
vn -0.0000 0.6437 0.7653
vn -0.4498 -0.6437 0.6191
vn -0.4498 0.6437 0.6191
vn -0.7278 -0.6437 0.2365
vn -0.7278 0.6437 0.2365
vn -0.7278 -0.6437 -0.2365
vn -0.7278 0.6437 -0.2365
vn -0.4498 -0.6437 -0.6191
vn -0.4498 0.6437 -0.6191
vt 1.000000 0.500000
vt 1.000000 1.000000
vt 0.900000 1.000000
vt 0.900000 0.500000
vt 0.800000 1.000000
vt 0.800000 0.500000
vt 0.700000 1.000000
vt 0.700000 0.500000
vt 0.600000 1.000000
vt 0.600000 0.500000
vt 0.500000 1.000000
vt 0.500000 0.500000
vt 0.400000 1.000000
vt 0.400000 0.500000
vt 0.300000 1.000000
vt 0.300000 0.500000
vt 0.200000 1.000000
vt 0.200000 0.500000
vt 0.391068 0.444164
vt 0.250000 0.490000
vt 0.108932 0.444164
vt 0.021746 0.324164
vt 0.021746 0.175836
vt 0.108932 0.055836
vt 0.250000 0.010000
vt 0.391068 0.055836
vt 0.478254 0.175836
vt 0.478254 0.324164
vt 0.100000 1.000000
vt 0.100000 0.500000
vt -0.000000 1.000000
vt -0.000000 0.500000
vt 0.750000 0.490000
vt 0.891068 0.444164
vt 0.978254 0.324164
vt 0.978254 0.175836
vt 0.891068 0.055836
vt 0.750000 0.010000
vt 0.608932 0.055836
vt 0.521746 0.175836
vt 0.521746 0.324164
vt 0.608932 0.444164
s 1
usemtl M_Graphite
f 5505/11457/5493 5506/11458/5494 5508/11459/5496 5507/11460/5495
f 5507/11460/5495 5508/11459/5496 5510/11461/5498 5509/11462/5497
f 5509/11462/5497 5510/11461/5498 5512/11463/5500 5511/11464/5499
f 5511/11464/5499 5512/11463/5500 5514/11465/5502 5513/11466/5501
f 5513/11466/5501 5514/11465/5502 5516/11467/5504 5515/11468/5503
f 5515/11468/5503 5516/11467/5504 5518/11469/5506 5517/11470/5505
f 5517/11470/5505 5518/11469/5506 5520/11471/5508 5519/11472/5507
f 5519/11472/5507 5520/11471/5508 5522/11473/5510 5521/11474/5509
f 5508/11475/5496 5506/11476/5494 5524/11477/5512 5522/11478/5510 5520/11479/5508 5518/11480/5506 5516/11481/5504 5514/11482/5502 5512/11483/5500 5510/11484/5498
f 5521/11474/5509 5522/11473/5510 5524/11485/5512 5523/11486/5511
f 5523/11486/5511 5524/11485/5512 5506/11487/5494 5505/11488/5493
f 5505/11489/5493 5507/11490/5495 5509/11491/5497 5511/11492/5499 5513/11493/5501 5515/11494/5503 5517/11495/5505 5519/11496/5507 5521/11497/5509 5523/11498/5511
o Socket.269
v 0.655000 0.080000 -0.206000
v 0.655000 0.088000 -0.206000
v 0.658527 0.080000 -0.204854
v 0.658527 0.088000 -0.204854
v 0.660706 0.080000 -0.201854
v 0.660706 0.088000 -0.201854
v 0.660706 0.080000 -0.198146
v 0.660706 0.088000 -0.198146
v 0.658527 0.080000 -0.195146
v 0.658527 0.088000 -0.195146
v 0.655000 0.080000 -0.194000
v 0.655000 0.088000 -0.194000
v 0.651473 0.080000 -0.195146
v 0.651473 0.088000 -0.195146
v 0.649294 0.080000 -0.198146
v 0.649294 0.088000 -0.198146
v 0.649294 0.080000 -0.201854
v 0.649294 0.088000 -0.201854
v 0.651473 0.080000 -0.204854
v 0.651473 0.088000 -0.204854
vn -0.0000 -0.6437 -0.7653
vn -0.0000 0.6437 -0.7653
vn 0.4498 -0.6437 -0.6191
vn 0.4498 0.6437 -0.6191
vn 0.7278 -0.6437 -0.2365
vn 0.7278 0.6437 -0.2365
vn 0.7278 -0.6437 0.2365
vn 0.7278 0.6437 0.2365
vn 0.4498 -0.6437 0.6191
vn 0.4498 0.6437 0.6191
vn -0.0000 -0.6437 0.7653
vn -0.0000 0.6437 0.7653
vn -0.4498 -0.6437 0.6191
vn -0.4498 0.6437 0.6191
vn -0.7278 -0.6437 0.2365
vn -0.7278 0.6437 0.2365
vn -0.7278 -0.6437 -0.2365
vn -0.7278 0.6437 -0.2365
vn -0.4498 -0.6437 -0.6191
vn -0.4498 0.6437 -0.6191
vt 1.000000 0.500000
vt 1.000000 1.000000
vt 0.900000 1.000000
vt 0.900000 0.500000
vt 0.800000 1.000000
vt 0.800000 0.500000
vt 0.700000 1.000000
vt 0.700000 0.500000
vt 0.600000 1.000000
vt 0.600000 0.500000
vt 0.500000 1.000000
vt 0.500000 0.500000
vt 0.400000 1.000000
vt 0.400000 0.500000
vt 0.300000 1.000000
vt 0.300000 0.500000
vt 0.200000 1.000000
vt 0.200000 0.500000
vt 0.391068 0.444164
vt 0.250000 0.490000
vt 0.108932 0.444164
vt 0.021746 0.324164
vt 0.021746 0.175836
vt 0.108932 0.055836
vt 0.250000 0.010000
vt 0.391068 0.055836
vt 0.478254 0.175836
vt 0.478254 0.324164
vt 0.100000 1.000000
vt 0.100000 0.500000
vt -0.000000 1.000000
vt -0.000000 0.500000
vt 0.750000 0.490000
vt 0.891068 0.444164
vt 0.978254 0.324164
vt 0.978254 0.175836
vt 0.891068 0.055836
vt 0.750000 0.010000
vt 0.608932 0.055836
vt 0.521746 0.175836
vt 0.521746 0.324164
vt 0.608932 0.444164
s 1
usemtl M_Graphite
f 5525/11499/5513 5526/11500/5514 5528/11501/5516 5527/11502/5515
f 5527/11502/5515 5528/11501/5516 5530/11503/5518 5529/11504/5517
f 5529/11504/5517 5530/11503/5518 5532/11505/5520 5531/11506/5519
f 5531/11506/5519 5532/11505/5520 5534/11507/5522 5533/11508/5521
f 5533/11508/5521 5534/11507/5522 5536/11509/5524 5535/11510/5523
f 5535/11510/5523 5536/11509/5524 5538/11511/5526 5537/11512/5525
f 5537/11512/5525 5538/11511/5526 5540/11513/5528 5539/11514/5527
f 5539/11514/5527 5540/11513/5528 5542/11515/5530 5541/11516/5529
f 5528/11517/5516 5526/11518/5514 5544/11519/5532 5542/11520/5530 5540/11521/5528 5538/11522/5526 5536/11523/5524 5534/11524/5522 5532/11525/5520 5530/11526/5518
f 5541/11516/5529 5542/11515/5530 5544/11527/5532 5543/11528/5531
f 5543/11528/5531 5544/11527/5532 5526/11529/5514 5525/11530/5513
f 5525/11531/5513 5527/11532/5515 5529/11533/5517 5531/11534/5519 5533/11535/5521 5535/11536/5523 5537/11537/5525 5539/11538/5527 5541/11539/5529 5543/11540/5531
o Socket.270
v -0.650000 0.080000 -0.251000
v -0.650000 0.088000 -0.251000
v -0.646473 0.080000 -0.249854
v -0.646473 0.088000 -0.249854
v -0.644294 0.080000 -0.246854
v -0.644294 0.088000 -0.246854
v -0.644294 0.080000 -0.243146
v -0.644294 0.088000 -0.243146
v -0.646473 0.080000 -0.240146
v -0.646473 0.088000 -0.240146
v -0.650000 0.080000 -0.239000
v -0.650000 0.088000 -0.239000
v -0.653527 0.080000 -0.240146
v -0.653527 0.088000 -0.240146
v -0.655706 0.080000 -0.243146
v -0.655706 0.088000 -0.243146
v -0.655706 0.080000 -0.246854
v -0.655706 0.088000 -0.246854
v -0.653527 0.080000 -0.249854
v -0.653527 0.088000 -0.249854
vn -0.0000 -0.6437 -0.7653
vn -0.0000 0.6437 -0.7653
vn 0.4498 -0.6437 -0.6191
vn 0.4498 0.6437 -0.6191
vn 0.7278 -0.6437 -0.2365
vn 0.7278 0.6437 -0.2365
vn 0.7278 -0.6437 0.2365
vn 0.7278 0.6437 0.2365
vn 0.4498 -0.6437 0.6191
vn 0.4498 0.6437 0.6191
vn -0.0000 -0.6437 0.7653
vn -0.0000 0.6437 0.7653
vn -0.4498 -0.6437 0.6191
vn -0.4498 0.6437 0.6191
vn -0.7278 -0.6437 0.2365
vn -0.7278 0.6437 0.2365
vn -0.7278 -0.6437 -0.2365
vn -0.7278 0.6437 -0.2365
vn -0.4498 -0.6437 -0.6191
vn -0.4498 0.6437 -0.6191
vt 1.000000 0.500000
vt 1.000000 1.000000
vt 0.900000 1.000000
vt 0.900000 0.500000
vt 0.800000 1.000000
vt 0.800000 0.500000
vt 0.700000 1.000000
vt 0.700000 0.500000
vt 0.600000 1.000000
vt 0.600000 0.500000
vt 0.500000 1.000000
vt 0.500000 0.500000
vt 0.400000 1.000000
vt 0.400000 0.500000
vt 0.300000 1.000000
vt 0.300000 0.500000
vt 0.200000 1.000000
vt 0.200000 0.500000
vt 0.391068 0.444164
vt 0.250000 0.490000
vt 0.108932 0.444164
vt 0.021746 0.324164
vt 0.021746 0.175836
vt 0.108932 0.055836
vt 0.250000 0.010000
vt 0.391068 0.055836
vt 0.478254 0.175836
vt 0.478254 0.324164
vt 0.100000 1.000000
vt 0.100000 0.500000
vt -0.000000 1.000000
vt -0.000000 0.500000
vt 0.750000 0.490000
vt 0.891068 0.444164
vt 0.978254 0.324164
vt 0.978254 0.175836
vt 0.891068 0.055836
vt 0.750000 0.010000
vt 0.608932 0.055836
vt 0.521746 0.175836
vt 0.521746 0.324164
vt 0.608932 0.444164
s 1
usemtl M_Graphite
f 5545/11541/5533 5546/11542/5534 5548/11543/5536 5547/11544/5535
f 5547/11544/5535 5548/11543/5536 5550/11545/5538 5549/11546/5537
f 5549/11546/5537 5550/11545/5538 5552/11547/5540 5551/11548/5539
f 5551/11548/5539 5552/11547/5540 5554/11549/5542 5553/11550/5541
f 5553/11550/5541 5554/11549/5542 5556/11551/5544 5555/11552/5543
f 5555/11552/5543 5556/11551/5544 5558/11553/5546 5557/11554/5545
f 5557/11554/5545 5558/11553/5546 5560/11555/5548 5559/11556/5547
f 5559/11556/5547 5560/11555/5548 5562/11557/5550 5561/11558/5549
f 5548/11559/5536 5546/11560/5534 5564/11561/5552 5562/11562/5550 5560/11563/5548 5558/11564/5546 5556/11565/5544 5554/11566/5542 5552/11567/5540 5550/11568/5538
f 5561/11558/5549 5562/11557/5550 5564/11569/5552 5563/11570/5551
f 5563/11570/5551 5564/11569/5552 5546/11571/5534 5545/11572/5533
f 5545/11573/5533 5547/11574/5535 5549/11575/5537 5551/11576/5539 5553/11577/5541 5555/11578/5543 5557/11579/5545 5559/11580/5547 5561/11581/5549 5563/11582/5551
o Socket.271
v -0.605000 0.080000 -0.251000
v -0.605000 0.088000 -0.251000
v -0.601473 0.080000 -0.249854
v -0.601473 0.088000 -0.249854
v -0.599294 0.080000 -0.246854
v -0.599294 0.088000 -0.246854
v -0.599294 0.080000 -0.243146
v -0.599294 0.088000 -0.243146
v -0.601473 0.080000 -0.240146
v -0.601473 0.088000 -0.240146
v -0.605000 0.080000 -0.239000
v -0.605000 0.088000 -0.239000
v -0.608527 0.080000 -0.240146
v -0.608527 0.088000 -0.240146
v -0.610706 0.080000 -0.243146
v -0.610706 0.088000 -0.243146
v -0.610706 0.080000 -0.246854
v -0.610706 0.088000 -0.246854
v -0.608527 0.080000 -0.249854
v -0.608527 0.088000 -0.249854
vn -0.0000 -0.6437 -0.7653
vn -0.0000 0.6437 -0.7653
vn 0.4498 -0.6437 -0.6191
vn 0.4498 0.6437 -0.6191
vn 0.7278 -0.6437 -0.2365
vn 0.7278 0.6437 -0.2365
vn 0.7278 -0.6437 0.2365
vn 0.7278 0.6437 0.2365
vn 0.4498 -0.6437 0.6191
vn 0.4498 0.6437 0.6191
vn -0.0000 -0.6437 0.7653
vn -0.0000 0.6437 0.7653
vn -0.4498 -0.6437 0.6191
vn -0.4498 0.6437 0.6191
vn -0.7278 -0.6437 0.2365
vn -0.7278 0.6437 0.2365
vn -0.7278 -0.6437 -0.2365
vn -0.7278 0.6437 -0.2365
vn -0.4498 -0.6437 -0.6191
vn -0.4498 0.6437 -0.6191
vt 1.000000 0.500000
vt 1.000000 1.000000
vt 0.900000 1.000000
vt 0.900000 0.500000
vt 0.800000 1.000000
vt 0.800000 0.500000
vt 0.700000 1.000000
vt 0.700000 0.500000
vt 0.600000 1.000000
vt 0.600000 0.500000
vt 0.500000 1.000000
vt 0.500000 0.500000
vt 0.400000 1.000000
vt 0.400000 0.500000
vt 0.300000 1.000000
vt 0.300000 0.500000
vt 0.200000 1.000000
vt 0.200000 0.500000
vt 0.391068 0.444164
vt 0.250000 0.490000
vt 0.108932 0.444164
vt 0.021746 0.324164
vt 0.021746 0.175836
vt 0.108932 0.055836
vt 0.250000 0.010000
vt 0.391068 0.055836
vt 0.478254 0.175836
vt 0.478254 0.324164
vt 0.100000 1.000000
vt 0.100000 0.500000
vt -0.000000 1.000000
vt -0.000000 0.500000
vt 0.750000 0.490000
vt 0.891068 0.444164
vt 0.978254 0.324164
vt 0.978254 0.175836
vt 0.891068 0.055836
vt 0.750000 0.010000
vt 0.608932 0.055836
vt 0.521746 0.175836
vt 0.521746 0.324164
vt 0.608932 0.444164
s 1
usemtl M_Graphite
f 5565/11583/5553 5566/11584/5554 5568/11585/5556 5567/11586/5555
f 5567/11586/5555 5568/11585/5556 5570/11587/5558 5569/11588/5557
f 5569/11588/5557 5570/11587/5558 5572/11589/5560 5571/11590/5559
f 5571/11590/5559 5572/11589/5560 5574/11591/5562 5573/11592/5561
f 5573/11592/5561 5574/11591/5562 5576/11593/5564 5575/11594/5563
f 5575/11594/5563 5576/11593/5564 5578/11595/5566 5577/11596/5565
f 5577/11596/5565 5578/11595/5566 5580/11597/5568 5579/11598/5567
f 5579/11598/5567 5580/11597/5568 5582/11599/5570 5581/11600/5569
f 5568/11601/5556 5566/11602/5554 5584/11603/5572 5582/11604/5570 5580/11605/5568 5578/11606/5566 5576/11607/5564 5574/11608/5562 5572/11609/5560 5570/11610/5558
f 5581/11600/5569 5582/11599/5570 5584/11611/5572 5583/11612/5571
f 5583/11612/5571 5584/11611/5572 5566/11613/5554 5565/11614/5553
f 5565/11615/5553 5567/11616/5555 5569/11617/5557 5571/11618/5559 5573/11619/5561 5575/11620/5563 5577/11621/5565 5579/11622/5567 5581/11623/5569 5583/11624/5571
o Socket.272
v -0.560000 0.080000 -0.251000
v -0.560000 0.088000 -0.251000
v -0.556473 0.080000 -0.249854
v -0.556473 0.088000 -0.249854
v -0.554294 0.080000 -0.246854
v -0.554294 0.088000 -0.246854
v -0.554294 0.080000 -0.243146
v -0.554294 0.088000 -0.243146
v -0.556473 0.080000 -0.240146
v -0.556473 0.088000 -0.240146
v -0.560000 0.080000 -0.239000
v -0.560000 0.088000 -0.239000
v -0.563527 0.080000 -0.240146
v -0.563527 0.088000 -0.240146
v -0.565706 0.080000 -0.243146
v -0.565706 0.088000 -0.243146
v -0.565706 0.080000 -0.246854
v -0.565706 0.088000 -0.246854
v -0.563527 0.080000 -0.249854
v -0.563527 0.088000 -0.249854
vn -0.0000 -0.6437 -0.7653
vn -0.0000 0.6437 -0.7653
vn 0.4498 -0.6437 -0.6191
vn 0.4498 0.6437 -0.6191
vn 0.7278 -0.6437 -0.2365
vn 0.7278 0.6437 -0.2365
vn 0.7278 -0.6437 0.2365
vn 0.7278 0.6437 0.2365
vn 0.4498 -0.6437 0.6191
vn 0.4498 0.6437 0.6191
vn -0.0000 -0.6437 0.7653
vn -0.0000 0.6437 0.7653
vn -0.4498 -0.6437 0.6191
vn -0.4498 0.6437 0.6191
vn -0.7278 -0.6437 0.2365
vn -0.7278 0.6437 0.2365
vn -0.7278 -0.6437 -0.2365
vn -0.7278 0.6437 -0.2365
vn -0.4498 -0.6437 -0.6191
vn -0.4498 0.6437 -0.6191
vt 1.000000 0.500000
vt 1.000000 1.000000
vt 0.900000 1.000000
vt 0.900000 0.500000
vt 0.800000 1.000000
vt 0.800000 0.500000
vt 0.700000 1.000000
vt 0.700000 0.500000
vt 0.600000 1.000000
vt 0.600000 0.500000
vt 0.500000 1.000000
vt 0.500000 0.500000
vt 0.400000 1.000000
vt 0.400000 0.500000
vt 0.300000 1.000000
vt 0.300000 0.500000
vt 0.200000 1.000000
vt 0.200000 0.500000
vt 0.391068 0.444164
vt 0.250000 0.490000
vt 0.108932 0.444164
vt 0.021746 0.324164
vt 0.021746 0.175836
vt 0.108932 0.055836
vt 0.250000 0.010000
vt 0.391068 0.055836
vt 0.478254 0.175836
vt 0.478254 0.324164
vt 0.100000 1.000000
vt 0.100000 0.500000
vt -0.000000 1.000000
vt -0.000000 0.500000
vt 0.750000 0.490000
vt 0.891068 0.444164
vt 0.978254 0.324164
vt 0.978254 0.175836
vt 0.891068 0.055836
vt 0.750000 0.010000
vt 0.608932 0.055836
vt 0.521746 0.175836
vt 0.521746 0.324164
vt 0.608932 0.444164
s 1
usemtl M_Graphite
f 5585/11625/5573 5586/11626/5574 5588/11627/5576 5587/11628/5575
f 5587/11628/5575 5588/11627/5576 5590/11629/5578 5589/11630/5577
f 5589/11630/5577 5590/11629/5578 5592/11631/5580 5591/11632/5579
f 5591/11632/5579 5592/11631/5580 5594/11633/5582 5593/11634/5581
f 5593/11634/5581 5594/11633/5582 5596/11635/5584 5595/11636/5583
f 5595/11636/5583 5596/11635/5584 5598/11637/5586 5597/11638/5585
f 5597/11638/5585 5598/11637/5586 5600/11639/5588 5599/11640/5587
f 5599/11640/5587 5600/11639/5588 5602/11641/5590 5601/11642/5589
f 5588/11643/5576 5586/11644/5574 5604/11645/5592 5602/11646/5590 5600/11647/5588 5598/11648/5586 5596/11649/5584 5594/11650/5582 5592/11651/5580 5590/11652/5578
f 5601/11642/5589 5602/11641/5590 5604/11653/5592 5603/11654/5591
f 5603/11654/5591 5604/11653/5592 5586/11655/5574 5585/11656/5573
f 5585/11657/5573 5587/11658/5575 5589/11659/5577 5591/11660/5579 5593/11661/5581 5595/11662/5583 5597/11663/5585 5599/11664/5587 5601/11665/5589 5603/11666/5591
o Socket.273
v -0.515000 0.080000 -0.251000
v -0.515000 0.088000 -0.251000
v -0.511473 0.080000 -0.249854
v -0.511473 0.088000 -0.249854
v -0.509294 0.080000 -0.246854
v -0.509294 0.088000 -0.246854
v -0.509294 0.080000 -0.243146
v -0.509294 0.088000 -0.243146
v -0.511473 0.080000 -0.240146
v -0.511473 0.088000 -0.240146
v -0.515000 0.080000 -0.239000
v -0.515000 0.088000 -0.239000
v -0.518527 0.080000 -0.240146
v -0.518527 0.088000 -0.240146
v -0.520706 0.080000 -0.243146
v -0.520706 0.088000 -0.243146
v -0.520706 0.080000 -0.246854
v -0.520706 0.088000 -0.246854
v -0.518527 0.080000 -0.249854
v -0.518527 0.088000 -0.249854
vn -0.0000 -0.6437 -0.7653
vn -0.0000 0.6437 -0.7653
vn 0.4498 -0.6437 -0.6191
vn 0.4498 0.6437 -0.6191
vn 0.7278 -0.6437 -0.2365
vn 0.7278 0.6437 -0.2365
vn 0.7278 -0.6437 0.2365
vn 0.7278 0.6437 0.2365
vn 0.4498 -0.6437 0.6191
vn 0.4498 0.6437 0.6191
vn -0.0000 -0.6437 0.7653
vn -0.0000 0.6437 0.7653
vn -0.4498 -0.6437 0.6191
vn -0.4498 0.6437 0.6191
vn -0.7278 -0.6437 0.2365
vn -0.7278 0.6437 0.2365
vn -0.7278 -0.6437 -0.2365
vn -0.7278 0.6437 -0.2365
vn -0.4498 -0.6437 -0.6191
vn -0.4498 0.6437 -0.6191
vt 1.000000 0.500000
vt 1.000000 1.000000
vt 0.900000 1.000000
vt 0.900000 0.500000
vt 0.800000 1.000000
vt 0.800000 0.500000
vt 0.700000 1.000000
vt 0.700000 0.500000
vt 0.600000 1.000000
vt 0.600000 0.500000
vt 0.500000 1.000000
vt 0.500000 0.500000
vt 0.400000 1.000000
vt 0.400000 0.500000
vt 0.300000 1.000000
vt 0.300000 0.500000
vt 0.200000 1.000000
vt 0.200000 0.500000
vt 0.391068 0.444164
vt 0.250000 0.490000
vt 0.108932 0.444164
vt 0.021746 0.324164
vt 0.021746 0.175836
vt 0.108932 0.055836
vt 0.250000 0.010000
vt 0.391068 0.055836
vt 0.478254 0.175836
vt 0.478254 0.324164
vt 0.100000 1.000000
vt 0.100000 0.500000
vt -0.000000 1.000000
vt -0.000000 0.500000
vt 0.750000 0.490000
vt 0.891068 0.444164
vt 0.978254 0.324164
vt 0.978254 0.175836
vt 0.891068 0.055836
vt 0.750000 0.010000
vt 0.608932 0.055836
vt 0.521746 0.175836
vt 0.521746 0.324164
vt 0.608932 0.444164
s 1
usemtl M_Graphite
f 5605/11667/5593 5606/11668/5594 5608/11669/5596 5607/11670/5595
f 5607/11670/5595 5608/11669/5596 5610/11671/5598 5609/11672/5597
f 5609/11672/5597 5610/11671/5598 5612/11673/5600 5611/11674/5599
f 5611/11674/5599 5612/11673/5600 5614/11675/5602 5613/11676/5601
f 5613/11676/5601 5614/11675/5602 5616/11677/5604 5615/11678/5603
f 5615/11678/5603 5616/11677/5604 5618/11679/5606 5617/11680/5605
f 5617/11680/5605 5618/11679/5606 5620/11681/5608 5619/11682/5607
f 5619/11682/5607 5620/11681/5608 5622/11683/5610 5621/11684/5609
f 5608/11685/5596 5606/11686/5594 5624/11687/5612 5622/11688/5610 5620/11689/5608 5618/11690/5606 5616/11691/5604 5614/11692/5602 5612/11693/5600 5610/11694/5598
f 5621/11684/5609 5622/11683/5610 5624/11695/5612 5623/11696/5611
f 5623/11696/5611 5624/11695/5612 5606/11697/5594 5605/11698/5593
f 5605/11699/5593 5607/11700/5595 5609/11701/5597 5611/11702/5599 5613/11703/5601 5615/11704/5603 5617/11705/5605 5619/11706/5607 5621/11707/5609 5623/11708/5611
o Socket.274
v -0.470000 0.080000 -0.251000
v -0.470000 0.088000 -0.251000
v -0.466473 0.080000 -0.249854
v -0.466473 0.088000 -0.249854
v -0.464294 0.080000 -0.246854
v -0.464294 0.088000 -0.246854
v -0.464294 0.080000 -0.243146
v -0.464294 0.088000 -0.243146
v -0.466473 0.080000 -0.240146
v -0.466473 0.088000 -0.240146
v -0.470000 0.080000 -0.239000
v -0.470000 0.088000 -0.239000
v -0.473527 0.080000 -0.240146
v -0.473527 0.088000 -0.240146
v -0.475706 0.080000 -0.243146
v -0.475706 0.088000 -0.243146
v -0.475706 0.080000 -0.246854
v -0.475706 0.088000 -0.246854
v -0.473527 0.080000 -0.249854
v -0.473527 0.088000 -0.249854
vn -0.0000 -0.6437 -0.7653
vn -0.0000 0.6437 -0.7653
vn 0.4498 -0.6437 -0.6191
vn 0.4498 0.6437 -0.6191
vn 0.7278 -0.6437 -0.2365
vn 0.7278 0.6437 -0.2365
vn 0.7278 -0.6437 0.2365
vn 0.7278 0.6437 0.2365
vn 0.4498 -0.6437 0.6191
vn 0.4498 0.6437 0.6191
vn -0.0000 -0.6437 0.7653
vn -0.0000 0.6437 0.7653
vn -0.4498 -0.6437 0.6191
vn -0.4498 0.6437 0.6191
vn -0.7278 -0.6437 0.2365
vn -0.7278 0.6437 0.2365
vn -0.7278 -0.6437 -0.2365
vn -0.7278 0.6437 -0.2365
vn -0.4498 -0.6437 -0.6191
vn -0.4498 0.6437 -0.6191
vt 1.000000 0.500000
vt 1.000000 1.000000
vt 0.900000 1.000000
vt 0.900000 0.500000
vt 0.800000 1.000000
vt 0.800000 0.500000
vt 0.700000 1.000000
vt 0.700000 0.500000
vt 0.600000 1.000000
vt 0.600000 0.500000
vt 0.500000 1.000000
vt 0.500000 0.500000
vt 0.400000 1.000000
vt 0.400000 0.500000
vt 0.300000 1.000000
vt 0.300000 0.500000
vt 0.200000 1.000000
vt 0.200000 0.500000
vt 0.391068 0.444164
vt 0.250000 0.490000
vt 0.108932 0.444164
vt 0.021746 0.324164
vt 0.021746 0.175836
vt 0.108932 0.055836
vt 0.250000 0.010000
vt 0.391068 0.055836
vt 0.478254 0.175836
vt 0.478254 0.324164
vt 0.100000 1.000000
vt 0.100000 0.500000
vt -0.000000 1.000000
vt -0.000000 0.500000
vt 0.750000 0.490000
vt 0.891068 0.444164
vt 0.978254 0.324164
vt 0.978254 0.175836
vt 0.891068 0.055836
vt 0.750000 0.010000
vt 0.608932 0.055836
vt 0.521746 0.175836
vt 0.521746 0.324164
vt 0.608932 0.444164
s 1
usemtl M_Graphite
f 5625/11709/5613 5626/11710/5614 5628/11711/5616 5627/11712/5615
f 5627/11712/5615 5628/11711/5616 5630/11713/5618 5629/11714/5617
f 5629/11714/5617 5630/11713/5618 5632/11715/5620 5631/11716/5619
f 5631/11716/5619 5632/11715/5620 5634/11717/5622 5633/11718/5621
f 5633/11718/5621 5634/11717/5622 5636/11719/5624 5635/11720/5623
f 5635/11720/5623 5636/11719/5624 5638/11721/5626 5637/11722/5625
f 5637/11722/5625 5638/11721/5626 5640/11723/5628 5639/11724/5627
f 5639/11724/5627 5640/11723/5628 5642/11725/5630 5641/11726/5629
f 5628/11727/5616 5626/11728/5614 5644/11729/5632 5642/11730/5630 5640/11731/5628 5638/11732/5626 5636/11733/5624 5634/11734/5622 5632/11735/5620 5630/11736/5618
f 5641/11726/5629 5642/11725/5630 5644/11737/5632 5643/11738/5631
f 5643/11738/5631 5644/11737/5632 5626/11739/5614 5625/11740/5613
f 5625/11741/5613 5627/11742/5615 5629/11743/5617 5631/11744/5619 5633/11745/5621 5635/11746/5623 5637/11747/5625 5639/11748/5627 5641/11749/5629 5643/11750/5631
o Socket.275
v -0.425000 0.080000 -0.251000
v -0.425000 0.088000 -0.251000
v -0.421473 0.080000 -0.249854
v -0.421473 0.088000 -0.249854
v -0.419294 0.080000 -0.246854
v -0.419294 0.088000 -0.246854
v -0.419294 0.080000 -0.243146
v -0.419294 0.088000 -0.243146
v -0.421473 0.080000 -0.240146
v -0.421473 0.088000 -0.240146
v -0.425000 0.080000 -0.239000
v -0.425000 0.088000 -0.239000
v -0.428527 0.080000 -0.240146
v -0.428527 0.088000 -0.240146
v -0.430706 0.080000 -0.243146
v -0.430706 0.088000 -0.243146
v -0.430706 0.080000 -0.246854
v -0.430706 0.088000 -0.246854
v -0.428527 0.080000 -0.249854
v -0.428527 0.088000 -0.249854
vn -0.0000 -0.6437 -0.7653
vn -0.0000 0.6437 -0.7653
vn 0.4498 -0.6437 -0.6191
vn 0.4498 0.6437 -0.6191
vn 0.7278 -0.6437 -0.2365
vn 0.7278 0.6437 -0.2365
vn 0.7278 -0.6437 0.2365
vn 0.7278 0.6437 0.2365
vn 0.4498 -0.6437 0.6191
vn 0.4498 0.6437 0.6191
vn -0.0000 -0.6437 0.7653
vn -0.0000 0.6437 0.7653
vn -0.4498 -0.6437 0.6191
vn -0.4498 0.6437 0.6191
vn -0.7278 -0.6437 0.2365
vn -0.7278 0.6437 0.2365
vn -0.7278 -0.6437 -0.2365
vn -0.7278 0.6437 -0.2365
vn -0.4498 -0.6437 -0.6191
vn -0.4498 0.6437 -0.6191
vt 1.000000 0.500000
vt 1.000000 1.000000
vt 0.900000 1.000000
vt 0.900000 0.500000
vt 0.800000 1.000000
vt 0.800000 0.500000
vt 0.700000 1.000000
vt 0.700000 0.500000
vt 0.600000 1.000000
vt 0.600000 0.500000
vt 0.500000 1.000000
vt 0.500000 0.500000
vt 0.400000 1.000000
vt 0.400000 0.500000
vt 0.300000 1.000000
vt 0.300000 0.500000
vt 0.200000 1.000000
vt 0.200000 0.500000
vt 0.391068 0.444164
vt 0.250000 0.490000
vt 0.108932 0.444164
vt 0.021746 0.324164
vt 0.021746 0.175836
vt 0.108932 0.055836
vt 0.250000 0.010000
vt 0.391068 0.055836
vt 0.478254 0.175836
vt 0.478254 0.324164
vt 0.100000 1.000000
vt 0.100000 0.500000
vt -0.000000 1.000000
vt -0.000000 0.500000
vt 0.750000 0.490000
vt 0.891068 0.444164
vt 0.978254 0.324164
vt 0.978254 0.175836
vt 0.891068 0.055836
vt 0.750000 0.010000
vt 0.608932 0.055836
vt 0.521746 0.175836
vt 0.521746 0.324164
vt 0.608932 0.444164
s 1
usemtl M_Graphite
f 5645/11751/5633 5646/11752/5634 5648/11753/5636 5647/11754/5635
f 5647/11754/5635 5648/11753/5636 5650/11755/5638 5649/11756/5637
f 5649/11756/5637 5650/11755/5638 5652/11757/5640 5651/11758/5639
f 5651/11758/5639 5652/11757/5640 5654/11759/5642 5653/11760/5641
f 5653/11760/5641 5654/11759/5642 5656/11761/5644 5655/11762/5643
f 5655/11762/5643 5656/11761/5644 5658/11763/5646 5657/11764/5645
f 5657/11764/5645 5658/11763/5646 5660/11765/5648 5659/11766/5647
f 5659/11766/5647 5660/11765/5648 5662/11767/5650 5661/11768/5649
f 5648/11769/5636 5646/11770/5634 5664/11771/5652 5662/11772/5650 5660/11773/5648 5658/11774/5646 5656/11775/5644 5654/11776/5642 5652/11777/5640 5650/11778/5638
f 5661/11768/5649 5662/11767/5650 5664/11779/5652 5663/11780/5651
f 5663/11780/5651 5664/11779/5652 5646/11781/5634 5645/11782/5633
f 5645/11783/5633 5647/11784/5635 5649/11785/5637 5651/11786/5639 5653/11787/5641 5655/11788/5643 5657/11789/5645 5659/11790/5647 5661/11791/5649 5663/11792/5651
o Socket.276
v -0.380000 0.080000 -0.251000
v -0.380000 0.088000 -0.251000
v -0.376473 0.080000 -0.249854
v -0.376473 0.088000 -0.249854
v -0.374294 0.080000 -0.246854
v -0.374294 0.088000 -0.246854
v -0.374294 0.080000 -0.243146
v -0.374294 0.088000 -0.243146
v -0.376473 0.080000 -0.240146
v -0.376473 0.088000 -0.240146
v -0.380000 0.080000 -0.239000
v -0.380000 0.088000 -0.239000
v -0.383527 0.080000 -0.240146
v -0.383527 0.088000 -0.240146
v -0.385706 0.080000 -0.243146
v -0.385706 0.088000 -0.243146
v -0.385706 0.080000 -0.246854
v -0.385706 0.088000 -0.246854
v -0.383527 0.080000 -0.249854
v -0.383527 0.088000 -0.249854
vn -0.0000 -0.6437 -0.7653
vn -0.0000 0.6437 -0.7653
vn 0.4498 -0.6437 -0.6191
vn 0.4498 0.6437 -0.6191
vn 0.7278 -0.6437 -0.2365
vn 0.7278 0.6437 -0.2365
vn 0.7278 -0.6437 0.2365
vn 0.7278 0.6437 0.2365
vn 0.4498 -0.6437 0.6191
vn 0.4498 0.6437 0.6191
vn -0.0000 -0.6437 0.7653
vn -0.0000 0.6437 0.7653
vn -0.4498 -0.6437 0.6191
vn -0.4498 0.6437 0.6191
vn -0.7278 -0.6437 0.2365
vn -0.7278 0.6437 0.2365
vn -0.7278 -0.6437 -0.2365
vn -0.7278 0.6437 -0.2365
vn -0.4498 -0.6437 -0.6191
vn -0.4498 0.6437 -0.6191
vt 1.000000 0.500000
vt 1.000000 1.000000
vt 0.900000 1.000000
vt 0.900000 0.500000
vt 0.800000 1.000000
vt 0.800000 0.500000
vt 0.700000 1.000000
vt 0.700000 0.500000
vt 0.600000 1.000000
vt 0.600000 0.500000
vt 0.500000 1.000000
vt 0.500000 0.500000
vt 0.400000 1.000000
vt 0.400000 0.500000
vt 0.300000 1.000000
vt 0.300000 0.500000
vt 0.200000 1.000000
vt 0.200000 0.500000
vt 0.391068 0.444164
vt 0.250000 0.490000
vt 0.108932 0.444164
vt 0.021746 0.324164
vt 0.021746 0.175836
vt 0.108932 0.055836
vt 0.250000 0.010000
vt 0.391068 0.055836
vt 0.478254 0.175836
vt 0.478254 0.324164
vt 0.100000 1.000000
vt 0.100000 0.500000
vt -0.000000 1.000000
vt -0.000000 0.500000
vt 0.750000 0.490000
vt 0.891068 0.444164
vt 0.978254 0.324164
vt 0.978254 0.175836
vt 0.891068 0.055836
vt 0.750000 0.010000
vt 0.608932 0.055836
vt 0.521746 0.175836
vt 0.521746 0.324164
vt 0.608932 0.444164
s 1
usemtl M_Graphite
f 5665/11793/5653 5666/11794/5654 5668/11795/5656 5667/11796/5655
f 5667/11796/5655 5668/11795/5656 5670/11797/5658 5669/11798/5657
f 5669/11798/5657 5670/11797/5658 5672/11799/5660 5671/11800/5659
f 5671/11800/5659 5672/11799/5660 5674/11801/5662 5673/11802/5661
f 5673/11802/5661 5674/11801/5662 5676/11803/5664 5675/11804/5663
f 5675/11804/5663 5676/11803/5664 5678/11805/5666 5677/11806/5665
f 5677/11806/5665 5678/11805/5666 5680/11807/5668 5679/11808/5667
f 5679/11808/5667 5680/11807/5668 5682/11809/5670 5681/11810/5669
f 5668/11811/5656 5666/11812/5654 5684/11813/5672 5682/11814/5670 5680/11815/5668 5678/11816/5666 5676/11817/5664 5674/11818/5662 5672/11819/5660 5670/11820/5658
f 5681/11810/5669 5682/11809/5670 5684/11821/5672 5683/11822/5671
f 5683/11822/5671 5684/11821/5672 5666/11823/5654 5665/11824/5653
f 5665/11825/5653 5667/11826/5655 5669/11827/5657 5671/11828/5659 5673/11829/5661 5675/11830/5663 5677/11831/5665 5679/11832/5667 5681/11833/5669 5683/11834/5671
o Socket.277
v -0.335000 0.080000 -0.251000
v -0.335000 0.088000 -0.251000
v -0.331473 0.080000 -0.249854
v -0.331473 0.088000 -0.249854
v -0.329294 0.080000 -0.246854
v -0.329294 0.088000 -0.246854
v -0.329294 0.080000 -0.243146
v -0.329294 0.088000 -0.243146
v -0.331473 0.080000 -0.240146
v -0.331473 0.088000 -0.240146
v -0.335000 0.080000 -0.239000
v -0.335000 0.088000 -0.239000
v -0.338527 0.080000 -0.240146
v -0.338527 0.088000 -0.240146
v -0.340706 0.080000 -0.243146
v -0.340706 0.088000 -0.243146
v -0.340706 0.080000 -0.246854
v -0.340706 0.088000 -0.246854
v -0.338527 0.080000 -0.249854
v -0.338527 0.088000 -0.249854
vn -0.0000 -0.6437 -0.7653
vn -0.0000 0.6437 -0.7653
vn 0.4498 -0.6437 -0.6191
vn 0.4498 0.6437 -0.6191
vn 0.7278 -0.6437 -0.2365
vn 0.7278 0.6437 -0.2365
vn 0.7278 -0.6437 0.2365
vn 0.7278 0.6437 0.2365
vn 0.4498 -0.6437 0.6191
vn 0.4498 0.6437 0.6191
vn -0.0000 -0.6437 0.7653
vn -0.0000 0.6437 0.7653
vn -0.4498 -0.6437 0.6191
vn -0.4498 0.6437 0.6191
vn -0.7278 -0.6437 0.2365
vn -0.7278 0.6437 0.2365
vn -0.7278 -0.6437 -0.2365
vn -0.7278 0.6437 -0.2365
vn -0.4498 -0.6437 -0.6191
vn -0.4498 0.6437 -0.6191
vt 1.000000 0.500000
vt 1.000000 1.000000
vt 0.900000 1.000000
vt 0.900000 0.500000
vt 0.800000 1.000000
vt 0.800000 0.500000
vt 0.700000 1.000000
vt 0.700000 0.500000
vt 0.600000 1.000000
vt 0.600000 0.500000
vt 0.500000 1.000000
vt 0.500000 0.500000
vt 0.400000 1.000000
vt 0.400000 0.500000
vt 0.300000 1.000000
vt 0.300000 0.500000
vt 0.200000 1.000000
vt 0.200000 0.500000
vt 0.391068 0.444164
vt 0.250000 0.490000
vt 0.108932 0.444164
vt 0.021746 0.324164
vt 0.021746 0.175836
vt 0.108932 0.055836
vt 0.250000 0.010000
vt 0.391068 0.055836
vt 0.478254 0.175836
vt 0.478254 0.324164
vt 0.100000 1.000000
vt 0.100000 0.500000
vt -0.000000 1.000000
vt -0.000000 0.500000
vt 0.750000 0.490000
vt 0.891068 0.444164
vt 0.978254 0.324164
vt 0.978254 0.175836
vt 0.891068 0.055836
vt 0.750000 0.010000
vt 0.608932 0.055836
vt 0.521746 0.175836
vt 0.521746 0.324164
vt 0.608932 0.444164
s 1
usemtl M_Graphite
f 5685/11835/5673 5686/11836/5674 5688/11837/5676 5687/11838/5675
f 5687/11838/5675 5688/11837/5676 5690/11839/5678 5689/11840/5677
f 5689/11840/5677 5690/11839/5678 5692/11841/5680 5691/11842/5679
f 5691/11842/5679 5692/11841/5680 5694/11843/5682 5693/11844/5681
f 5693/11844/5681 5694/11843/5682 5696/11845/5684 5695/11846/5683
f 5695/11846/5683 5696/11845/5684 5698/11847/5686 5697/11848/5685
f 5697/11848/5685 5698/11847/5686 5700/11849/5688 5699/11850/5687
f 5699/11850/5687 5700/11849/5688 5702/11851/5690 5701/11852/5689
f 5688/11853/5676 5686/11854/5674 5704/11855/5692 5702/11856/5690 5700/11857/5688 5698/11858/5686 5696/11859/5684 5694/11860/5682 5692/11861/5680 5690/11862/5678
f 5701/11852/5689 5702/11851/5690 5704/11863/5692 5703/11864/5691
f 5703/11864/5691 5704/11863/5692 5686/11865/5674 5685/11866/5673
f 5685/11867/5673 5687/11868/5675 5689/11869/5677 5691/11870/5679 5693/11871/5681 5695/11872/5683 5697/11873/5685 5699/11874/5687 5701/11875/5689 5703/11876/5691
o Socket.278
v -0.290000 0.080000 -0.251000
v -0.290000 0.088000 -0.251000
v -0.286473 0.080000 -0.249854
v -0.286473 0.088000 -0.249854
v -0.284294 0.080000 -0.246854
v -0.284294 0.088000 -0.246854
v -0.284294 0.080000 -0.243146
v -0.284294 0.088000 -0.243146
v -0.286473 0.080000 -0.240146
v -0.286473 0.088000 -0.240146
v -0.290000 0.080000 -0.239000
v -0.290000 0.088000 -0.239000
v -0.293527 0.080000 -0.240146
v -0.293527 0.088000 -0.240146
v -0.295706 0.080000 -0.243146
v -0.295706 0.088000 -0.243146
v -0.295706 0.080000 -0.246854
v -0.295706 0.088000 -0.246854
v -0.293527 0.080000 -0.249854
v -0.293527 0.088000 -0.249854
vn -0.0000 -0.6437 -0.7653
vn -0.0000 0.6437 -0.7653
vn 0.4498 -0.6437 -0.6191
vn 0.4498 0.6437 -0.6191
vn 0.7278 -0.6437 -0.2365
vn 0.7278 0.6437 -0.2365
vn 0.7278 -0.6437 0.2365
vn 0.7278 0.6437 0.2365
vn 0.4498 -0.6437 0.6191
vn 0.4498 0.6437 0.6191
vn -0.0000 -0.6437 0.7653
vn -0.0000 0.6437 0.7653
vn -0.4498 -0.6437 0.6191
vn -0.4498 0.6437 0.6191
vn -0.7278 -0.6437 0.2365
vn -0.7278 0.6437 0.2365
vn -0.7278 -0.6437 -0.2365
vn -0.7278 0.6437 -0.2365
vn -0.4498 -0.6437 -0.6191
vn -0.4498 0.6437 -0.6191
vt 1.000000 0.500000
vt 1.000000 1.000000
vt 0.900000 1.000000
vt 0.900000 0.500000
vt 0.800000 1.000000
vt 0.800000 0.500000
vt 0.700000 1.000000
vt 0.700000 0.500000
vt 0.600000 1.000000
vt 0.600000 0.500000
vt 0.500000 1.000000
vt 0.500000 0.500000
vt 0.400000 1.000000
vt 0.400000 0.500000
vt 0.300000 1.000000
vt 0.300000 0.500000
vt 0.200000 1.000000
vt 0.200000 0.500000
vt 0.391068 0.444164
vt 0.250000 0.490000
vt 0.108932 0.444164
vt 0.021746 0.324164
vt 0.021746 0.175836
vt 0.108932 0.055836
vt 0.250000 0.010000
vt 0.391068 0.055836
vt 0.478254 0.175836
vt 0.478254 0.324164
vt 0.100000 1.000000
vt 0.100000 0.500000
vt -0.000000 1.000000
vt -0.000000 0.500000
vt 0.750000 0.490000
vt 0.891068 0.444164
vt 0.978254 0.324164
vt 0.978254 0.175836
vt 0.891068 0.055836
vt 0.750000 0.010000
vt 0.608932 0.055836
vt 0.521746 0.175836
vt 0.521746 0.324164
vt 0.608932 0.444164
s 1
usemtl M_Graphite
f 5705/11877/5693 5706/11878/5694 5708/11879/5696 5707/11880/5695
f 5707/11880/5695 5708/11879/5696 5710/11881/5698 5709/11882/5697
f 5709/11882/5697 5710/11881/5698 5712/11883/5700 5711/11884/5699
f 5711/11884/5699 5712/11883/5700 5714/11885/5702 5713/11886/5701
f 5713/11886/5701 5714/11885/5702 5716/11887/5704 5715/11888/5703
f 5715/11888/5703 5716/11887/5704 5718/11889/5706 5717/11890/5705
f 5717/11890/5705 5718/11889/5706 5720/11891/5708 5719/11892/5707
f 5719/11892/5707 5720/11891/5708 5722/11893/5710 5721/11894/5709
f 5708/11895/5696 5706/11896/5694 5724/11897/5712 5722/11898/5710 5720/11899/5708 5718/11900/5706 5716/11901/5704 5714/11902/5702 5712/11903/5700 5710/11904/5698
f 5721/11894/5709 5722/11893/5710 5724/11905/5712 5723/11906/5711
f 5723/11906/5711 5724/11905/5712 5706/11907/5694 5705/11908/5693
f 5705/11909/5693 5707/11910/5695 5709/11911/5697 5711/11912/5699 5713/11913/5701 5715/11914/5703 5717/11915/5705 5719/11916/5707 5721/11917/5709 5723/11918/5711
o Socket.279
v -0.245000 0.080000 -0.251000
v -0.245000 0.088000 -0.251000
v -0.241473 0.080000 -0.249854
v -0.241473 0.088000 -0.249854
v -0.239294 0.080000 -0.246854
v -0.239294 0.088000 -0.246854
v -0.239294 0.080000 -0.243146
v -0.239294 0.088000 -0.243146
v -0.241473 0.080000 -0.240146
v -0.241473 0.088000 -0.240146
v -0.245000 0.080000 -0.239000
v -0.245000 0.088000 -0.239000
v -0.248527 0.080000 -0.240146
v -0.248527 0.088000 -0.240146
v -0.250706 0.080000 -0.243146
v -0.250706 0.088000 -0.243146
v -0.250706 0.080000 -0.246854
v -0.250706 0.088000 -0.246854
v -0.248527 0.080000 -0.249854
v -0.248527 0.088000 -0.249854
vn -0.0000 -0.6437 -0.7653
vn -0.0000 0.6437 -0.7653
vn 0.4498 -0.6437 -0.6191
vn 0.4498 0.6437 -0.6191
vn 0.7278 -0.6437 -0.2365
vn 0.7278 0.6437 -0.2365
vn 0.7278 -0.6437 0.2365
vn 0.7278 0.6437 0.2365
vn 0.4498 -0.6437 0.6191
vn 0.4498 0.6437 0.6191
vn -0.0000 -0.6437 0.7653
vn -0.0000 0.6437 0.7653
vn -0.4498 -0.6437 0.6191
vn -0.4498 0.6437 0.6191
vn -0.7278 -0.6437 0.2365
vn -0.7278 0.6437 0.2365
vn -0.7278 -0.6437 -0.2365
vn -0.7278 0.6437 -0.2365
vn -0.4498 -0.6437 -0.6191
vn -0.4498 0.6437 -0.6191
vt 1.000000 0.500000
vt 1.000000 1.000000
vt 0.900000 1.000000
vt 0.900000 0.500000
vt 0.800000 1.000000
vt 0.800000 0.500000
vt 0.700000 1.000000
vt 0.700000 0.500000
vt 0.600000 1.000000
vt 0.600000 0.500000
vt 0.500000 1.000000
vt 0.500000 0.500000
vt 0.400000 1.000000
vt 0.400000 0.500000
vt 0.300000 1.000000
vt 0.300000 0.500000
vt 0.200000 1.000000
vt 0.200000 0.500000
vt 0.391068 0.444164
vt 0.250000 0.490000
vt 0.108932 0.444164
vt 0.021746 0.324164
vt 0.021746 0.175836
vt 0.108932 0.055836
vt 0.250000 0.010000
vt 0.391068 0.055836
vt 0.478254 0.175836
vt 0.478254 0.324164
vt 0.100000 1.000000
vt 0.100000 0.500000
vt -0.000000 1.000000
vt -0.000000 0.500000
vt 0.750000 0.490000
vt 0.891068 0.444164
vt 0.978254 0.324164
vt 0.978254 0.175836
vt 0.891068 0.055836
vt 0.750000 0.010000
vt 0.608932 0.055836
vt 0.521746 0.175836
vt 0.521746 0.324164
vt 0.608932 0.444164
s 1
usemtl M_Graphite
f 5725/11919/5713 5726/11920/5714 5728/11921/5716 5727/11922/5715
f 5727/11922/5715 5728/11921/5716 5730/11923/5718 5729/11924/5717
f 5729/11924/5717 5730/11923/5718 5732/11925/5720 5731/11926/5719
f 5731/11926/5719 5732/11925/5720 5734/11927/5722 5733/11928/5721
f 5733/11928/5721 5734/11927/5722 5736/11929/5724 5735/11930/5723
f 5735/11930/5723 5736/11929/5724 5738/11931/5726 5737/11932/5725
f 5737/11932/5725 5738/11931/5726 5740/11933/5728 5739/11934/5727
f 5739/11934/5727 5740/11933/5728 5742/11935/5730 5741/11936/5729
f 5728/11937/5716 5726/11938/5714 5744/11939/5732 5742/11940/5730 5740/11941/5728 5738/11942/5726 5736/11943/5724 5734/11944/5722 5732/11945/5720 5730/11946/5718
f 5741/11936/5729 5742/11935/5730 5744/11947/5732 5743/11948/5731
f 5743/11948/5731 5744/11947/5732 5726/11949/5714 5725/11950/5713
f 5725/11951/5713 5727/11952/5715 5729/11953/5717 5731/11954/5719 5733/11955/5721 5735/11956/5723 5737/11957/5725 5739/11958/5727 5741/11959/5729 5743/11960/5731
o Socket.280
v -0.200000 0.080000 -0.251000
v -0.200000 0.088000 -0.251000
v -0.196473 0.080000 -0.249854
v -0.196473 0.088000 -0.249854
v -0.194294 0.080000 -0.246854
v -0.194294 0.088000 -0.246854
v -0.194294 0.080000 -0.243146
v -0.194294 0.088000 -0.243146
v -0.196473 0.080000 -0.240146
v -0.196473 0.088000 -0.240146
v -0.200000 0.080000 -0.239000
v -0.200000 0.088000 -0.239000
v -0.203527 0.080000 -0.240146
v -0.203527 0.088000 -0.240146
v -0.205706 0.080000 -0.243146
v -0.205706 0.088000 -0.243146
v -0.205706 0.080000 -0.246854
v -0.205706 0.088000 -0.246854
v -0.203527 0.080000 -0.249854
v -0.203527 0.088000 -0.249854
vn -0.0000 -0.6437 -0.7653
vn -0.0000 0.6437 -0.7653
vn 0.4498 -0.6437 -0.6191
vn 0.4498 0.6437 -0.6191
vn 0.7278 -0.6437 -0.2365
vn 0.7278 0.6437 -0.2365
vn 0.7278 -0.6437 0.2365
vn 0.7278 0.6437 0.2365
vn 0.4498 -0.6437 0.6191
vn 0.4498 0.6437 0.6191
vn -0.0000 -0.6437 0.7653
vn -0.0000 0.6437 0.7653
vn -0.4498 -0.6437 0.6191
vn -0.4498 0.6437 0.6191
vn -0.7278 -0.6437 0.2365
vn -0.7278 0.6437 0.2365
vn -0.7278 -0.6437 -0.2365
vn -0.7278 0.6437 -0.2365
vn -0.4498 -0.6437 -0.6191
vn -0.4498 0.6437 -0.6191
vt 1.000000 0.500000
vt 1.000000 1.000000
vt 0.900000 1.000000
vt 0.900000 0.500000
vt 0.800000 1.000000
vt 0.800000 0.500000
vt 0.700000 1.000000
vt 0.700000 0.500000
vt 0.600000 1.000000
vt 0.600000 0.500000
vt 0.500000 1.000000
vt 0.500000 0.500000
vt 0.400000 1.000000
vt 0.400000 0.500000
vt 0.300000 1.000000
vt 0.300000 0.500000
vt 0.200000 1.000000
vt 0.200000 0.500000
vt 0.391068 0.444164
vt 0.250000 0.490000
vt 0.108932 0.444164
vt 0.021746 0.324164
vt 0.021746 0.175836
vt 0.108932 0.055836
vt 0.250000 0.010000
vt 0.391068 0.055836
vt 0.478254 0.175836
vt 0.478254 0.324164
vt 0.100000 1.000000
vt 0.100000 0.500000
vt -0.000000 1.000000
vt -0.000000 0.500000
vt 0.750000 0.490000
vt 0.891068 0.444164
vt 0.978254 0.324164
vt 0.978254 0.175836
vt 0.891068 0.055836
vt 0.750000 0.010000
vt 0.608932 0.055836
vt 0.521746 0.175836
vt 0.521746 0.324164
vt 0.608932 0.444164
s 1
usemtl M_Graphite
f 5745/11961/5733 5746/11962/5734 5748/11963/5736 5747/11964/5735
f 5747/11964/5735 5748/11963/5736 5750/11965/5738 5749/11966/5737
f 5749/11966/5737 5750/11965/5738 5752/11967/5740 5751/11968/5739
f 5751/11968/5739 5752/11967/5740 5754/11969/5742 5753/11970/5741
f 5753/11970/5741 5754/11969/5742 5756/11971/5744 5755/11972/5743
f 5755/11972/5743 5756/11971/5744 5758/11973/5746 5757/11974/5745
f 5757/11974/5745 5758/11973/5746 5760/11975/5748 5759/11976/5747
f 5759/11976/5747 5760/11975/5748 5762/11977/5750 5761/11978/5749
f 5748/11979/5736 5746/11980/5734 5764/11981/5752 5762/11982/5750 5760/11983/5748 5758/11984/5746 5756/11985/5744 5754/11986/5742 5752/11987/5740 5750/11988/5738
f 5761/11978/5749 5762/11977/5750 5764/11989/5752 5763/11990/5751
f 5763/11990/5751 5764/11989/5752 5746/11991/5734 5745/11992/5733
f 5745/11993/5733 5747/11994/5735 5749/11995/5737 5751/11996/5739 5753/11997/5741 5755/11998/5743 5757/11999/5745 5759/12000/5747 5761/12001/5749 5763/12002/5751
o Socket.281
v -0.155000 0.080000 -0.251000
v -0.155000 0.088000 -0.251000
v -0.151473 0.080000 -0.249854
v -0.151473 0.088000 -0.249854
v -0.149294 0.080000 -0.246854
v -0.149294 0.088000 -0.246854
v -0.149294 0.080000 -0.243146
v -0.149294 0.088000 -0.243146
v -0.151473 0.080000 -0.240146
v -0.151473 0.088000 -0.240146
v -0.155000 0.080000 -0.239000
v -0.155000 0.088000 -0.239000
v -0.158527 0.080000 -0.240146
v -0.158527 0.088000 -0.240146
v -0.160706 0.080000 -0.243146
v -0.160706 0.088000 -0.243146
v -0.160706 0.080000 -0.246854
v -0.160706 0.088000 -0.246854
v -0.158527 0.080000 -0.249854
v -0.158527 0.088000 -0.249854
vn -0.0000 -0.6437 -0.7653
vn -0.0000 0.6437 -0.7653
vn 0.4498 -0.6437 -0.6191
vn 0.4498 0.6437 -0.6191
vn 0.7278 -0.6437 -0.2365
vn 0.7278 0.6437 -0.2365
vn 0.7278 -0.6437 0.2365
vn 0.7278 0.6437 0.2365
vn 0.4498 -0.6437 0.6191
vn 0.4498 0.6437 0.6191
vn -0.0000 -0.6437 0.7653
vn -0.0000 0.6437 0.7653
vn -0.4498 -0.6437 0.6191
vn -0.4498 0.6437 0.6191
vn -0.7278 -0.6437 0.2365
vn -0.7278 0.6437 0.2365
vn -0.7278 -0.6437 -0.2365
vn -0.7278 0.6437 -0.2365
vn -0.4498 -0.6437 -0.6191
vn -0.4498 0.6437 -0.6191
vt 1.000000 0.500000
vt 1.000000 1.000000
vt 0.900000 1.000000
vt 0.900000 0.500000
vt 0.800000 1.000000
vt 0.800000 0.500000
vt 0.700000 1.000000
vt 0.700000 0.500000
vt 0.600000 1.000000
vt 0.600000 0.500000
vt 0.500000 1.000000
vt 0.500000 0.500000
vt 0.400000 1.000000
vt 0.400000 0.500000
vt 0.300000 1.000000
vt 0.300000 0.500000
vt 0.200000 1.000000
vt 0.200000 0.500000
vt 0.391068 0.444164
vt 0.250000 0.490000
vt 0.108932 0.444164
vt 0.021746 0.324164
vt 0.021746 0.175836
vt 0.108932 0.055836
vt 0.250000 0.010000
vt 0.391068 0.055836
vt 0.478254 0.175836
vt 0.478254 0.324164
vt 0.100000 1.000000
vt 0.100000 0.500000
vt -0.000000 1.000000
vt -0.000000 0.500000
vt 0.750000 0.490000
vt 0.891068 0.444164
vt 0.978254 0.324164
vt 0.978254 0.175836
vt 0.891068 0.055836
vt 0.750000 0.010000
vt 0.608932 0.055836
vt 0.521746 0.175836
vt 0.521746 0.324164
vt 0.608932 0.444164
s 1
usemtl M_Graphite
f 5765/12003/5753 5766/12004/5754 5768/12005/5756 5767/12006/5755
f 5767/12006/5755 5768/12005/5756 5770/12007/5758 5769/12008/5757
f 5769/12008/5757 5770/12007/5758 5772/12009/5760 5771/12010/5759
f 5771/12010/5759 5772/12009/5760 5774/12011/5762 5773/12012/5761
f 5773/12012/5761 5774/12011/5762 5776/12013/5764 5775/12014/5763
f 5775/12014/5763 5776/12013/5764 5778/12015/5766 5777/12016/5765
f 5777/12016/5765 5778/12015/5766 5780/12017/5768 5779/12018/5767
f 5779/12018/5767 5780/12017/5768 5782/12019/5770 5781/12020/5769
f 5768/12021/5756 5766/12022/5754 5784/12023/5772 5782/12024/5770 5780/12025/5768 5778/12026/5766 5776/12027/5764 5774/12028/5762 5772/12029/5760 5770/12030/5758
f 5781/12020/5769 5782/12019/5770 5784/12031/5772 5783/12032/5771
f 5783/12032/5771 5784/12031/5772 5766/12033/5754 5765/12034/5753
f 5765/12035/5753 5767/12036/5755 5769/12037/5757 5771/12038/5759 5773/12039/5761 5775/12040/5763 5777/12041/5765 5779/12042/5767 5781/12043/5769 5783/12044/5771
o Socket.282
v -0.110000 0.080000 -0.251000
v -0.110000 0.088000 -0.251000
v -0.106473 0.080000 -0.249854
v -0.106473 0.088000 -0.249854
v -0.104294 0.080000 -0.246854
v -0.104294 0.088000 -0.246854
v -0.104294 0.080000 -0.243146
v -0.104294 0.088000 -0.243146
v -0.106473 0.080000 -0.240146
v -0.106473 0.088000 -0.240146
v -0.110000 0.080000 -0.239000
v -0.110000 0.088000 -0.239000
v -0.113527 0.080000 -0.240146
v -0.113527 0.088000 -0.240146
v -0.115706 0.080000 -0.243146
v -0.115706 0.088000 -0.243146
v -0.115706 0.080000 -0.246854
v -0.115706 0.088000 -0.246854
v -0.113527 0.080000 -0.249854
v -0.113527 0.088000 -0.249854
vn -0.0000 -0.6437 -0.7653
vn -0.0000 0.6437 -0.7653
vn 0.4498 -0.6437 -0.6191
vn 0.4498 0.6437 -0.6191
vn 0.7278 -0.6437 -0.2365
vn 0.7278 0.6437 -0.2365
vn 0.7278 -0.6437 0.2365
vn 0.7278 0.6437 0.2365
vn 0.4498 -0.6437 0.6191
vn 0.4498 0.6437 0.6191
vn -0.0000 -0.6437 0.7653
vn -0.0000 0.6437 0.7653
vn -0.4498 -0.6437 0.6191
vn -0.4498 0.6437 0.6191
vn -0.7278 -0.6437 0.2365
vn -0.7278 0.6437 0.2365
vn -0.7278 -0.6437 -0.2365
vn -0.7278 0.6437 -0.2365
vn -0.4498 -0.6437 -0.6191
vn -0.4498 0.6437 -0.6191
vt 1.000000 0.500000
vt 1.000000 1.000000
vt 0.900000 1.000000
vt 0.900000 0.500000
vt 0.800000 1.000000
vt 0.800000 0.500000
vt 0.700000 1.000000
vt 0.700000 0.500000
vt 0.600000 1.000000
vt 0.600000 0.500000
vt 0.500000 1.000000
vt 0.500000 0.500000
vt 0.400000 1.000000
vt 0.400000 0.500000
vt 0.300000 1.000000
vt 0.300000 0.500000
vt 0.200000 1.000000
vt 0.200000 0.500000
vt 0.391068 0.444164
vt 0.250000 0.490000
vt 0.108932 0.444164
vt 0.021746 0.324164
vt 0.021746 0.175836
vt 0.108932 0.055836
vt 0.250000 0.010000
vt 0.391068 0.055836
vt 0.478254 0.175836
vt 0.478254 0.324164
vt 0.100000 1.000000
vt 0.100000 0.500000
vt -0.000000 1.000000
vt -0.000000 0.500000
vt 0.750000 0.490000
vt 0.891068 0.444164
vt 0.978254 0.324164
vt 0.978254 0.175836
vt 0.891068 0.055836
vt 0.750000 0.010000
vt 0.608932 0.055836
vt 0.521746 0.175836
vt 0.521746 0.324164
vt 0.608932 0.444164
s 1
usemtl M_Graphite
f 5785/12045/5773 5786/12046/5774 5788/12047/5776 5787/12048/5775
f 5787/12048/5775 5788/12047/5776 5790/12049/5778 5789/12050/5777
f 5789/12050/5777 5790/12049/5778 5792/12051/5780 5791/12052/5779
f 5791/12052/5779 5792/12051/5780 5794/12053/5782 5793/12054/5781
f 5793/12054/5781 5794/12053/5782 5796/12055/5784 5795/12056/5783
f 5795/12056/5783 5796/12055/5784 5798/12057/5786 5797/12058/5785
f 5797/12058/5785 5798/12057/5786 5800/12059/5788 5799/12060/5787
f 5799/12060/5787 5800/12059/5788 5802/12061/5790 5801/12062/5789
f 5788/12063/5776 5786/12064/5774 5804/12065/5792 5802/12066/5790 5800/12067/5788 5798/12068/5786 5796/12069/5784 5794/12070/5782 5792/12071/5780 5790/12072/5778
f 5801/12062/5789 5802/12061/5790 5804/12073/5792 5803/12074/5791
f 5803/12074/5791 5804/12073/5792 5786/12075/5774 5785/12076/5773
f 5785/12077/5773 5787/12078/5775 5789/12079/5777 5791/12080/5779 5793/12081/5781 5795/12082/5783 5797/12083/5785 5799/12084/5787 5801/12085/5789 5803/12086/5791
o Socket.283
v -0.065000 0.080000 -0.251000
v -0.065000 0.088000 -0.251000
v -0.061473 0.080000 -0.249854
v -0.061473 0.088000 -0.249854
v -0.059294 0.080000 -0.246854
v -0.059294 0.088000 -0.246854
v -0.059294 0.080000 -0.243146
v -0.059294 0.088000 -0.243146
v -0.061473 0.080000 -0.240146
v -0.061473 0.088000 -0.240146
v -0.065000 0.080000 -0.239000
v -0.065000 0.088000 -0.239000
v -0.068527 0.080000 -0.240146
v -0.068527 0.088000 -0.240146
v -0.070706 0.080000 -0.243146
v -0.070706 0.088000 -0.243146
v -0.070706 0.080000 -0.246854
v -0.070706 0.088000 -0.246854
v -0.068527 0.080000 -0.249854
v -0.068527 0.088000 -0.249854
vn -0.0000 -0.6437 -0.7653
vn -0.0000 0.6437 -0.7653
vn 0.4498 -0.6437 -0.6191
vn 0.4498 0.6437 -0.6191
vn 0.7278 -0.6437 -0.2365
vn 0.7278 0.6437 -0.2365
vn 0.7278 -0.6437 0.2365
vn 0.7278 0.6437 0.2365
vn 0.4498 -0.6437 0.6191
vn 0.4498 0.6437 0.6191
vn -0.0000 -0.6437 0.7653
vn -0.0000 0.6437 0.7653
vn -0.4498 -0.6437 0.6191
vn -0.4498 0.6437 0.6191
vn -0.7278 -0.6437 0.2365
vn -0.7278 0.6437 0.2365
vn -0.7278 -0.6437 -0.2365
vn -0.7278 0.6437 -0.2365
vn -0.4498 -0.6437 -0.6191
vn -0.4498 0.6437 -0.6191
vt 1.000000 0.500000
vt 1.000000 1.000000
vt 0.900000 1.000000
vt 0.900000 0.500000
vt 0.800000 1.000000
vt 0.800000 0.500000
vt 0.700000 1.000000
vt 0.700000 0.500000
vt 0.600000 1.000000
vt 0.600000 0.500000
vt 0.500000 1.000000
vt 0.500000 0.500000
vt 0.400000 1.000000
vt 0.400000 0.500000
vt 0.300000 1.000000
vt 0.300000 0.500000
vt 0.200000 1.000000
vt 0.200000 0.500000
vt 0.391068 0.444164
vt 0.250000 0.490000
vt 0.108932 0.444164
vt 0.021746 0.324164
vt 0.021746 0.175836
vt 0.108932 0.055836
vt 0.250000 0.010000
vt 0.391068 0.055836
vt 0.478254 0.175836
vt 0.478254 0.324164
vt 0.100000 1.000000
vt 0.100000 0.500000
vt -0.000000 1.000000
vt -0.000000 0.500000
vt 0.750000 0.490000
vt 0.891068 0.444164
vt 0.978254 0.324164
vt 0.978254 0.175836
vt 0.891068 0.055836
vt 0.750000 0.010000
vt 0.608932 0.055836
vt 0.521746 0.175836
vt 0.521746 0.324164
vt 0.608932 0.444164
s 1
usemtl M_Graphite
f 5805/12087/5793 5806/12088/5794 5808/12089/5796 5807/12090/5795
f 5807/12090/5795 5808/12089/5796 5810/12091/5798 5809/12092/5797
f 5809/12092/5797 5810/12091/5798 5812/12093/5800 5811/12094/5799
f 5811/12094/5799 5812/12093/5800 5814/12095/5802 5813/12096/5801
f 5813/12096/5801 5814/12095/5802 5816/12097/5804 5815/12098/5803
f 5815/12098/5803 5816/12097/5804 5818/12099/5806 5817/12100/5805
f 5817/12100/5805 5818/12099/5806 5820/12101/5808 5819/12102/5807
f 5819/12102/5807 5820/12101/5808 5822/12103/5810 5821/12104/5809
f 5808/12105/5796 5806/12106/5794 5824/12107/5812 5822/12108/5810 5820/12109/5808 5818/12110/5806 5816/12111/5804 5814/12112/5802 5812/12113/5800 5810/12114/5798
f 5821/12104/5809 5822/12103/5810 5824/12115/5812 5823/12116/5811
f 5823/12116/5811 5824/12115/5812 5806/12117/5794 5805/12118/5793
f 5805/12119/5793 5807/12120/5795 5809/12121/5797 5811/12122/5799 5813/12123/5801 5815/12124/5803 5817/12125/5805 5819/12126/5807 5821/12127/5809 5823/12128/5811
o Socket.284
v -0.020000 0.080000 -0.251000
v -0.020000 0.088000 -0.251000
v -0.016473 0.080000 -0.249854
v -0.016473 0.088000 -0.249854
v -0.014294 0.080000 -0.246854
v -0.014294 0.088000 -0.246854
v -0.014294 0.080000 -0.243146
v -0.014294 0.088000 -0.243146
v -0.016473 0.080000 -0.240146
v -0.016473 0.088000 -0.240146
v -0.020000 0.080000 -0.239000
v -0.020000 0.088000 -0.239000
v -0.023527 0.080000 -0.240146
v -0.023527 0.088000 -0.240146
v -0.025706 0.080000 -0.243146
v -0.025706 0.088000 -0.243146
v -0.025706 0.080000 -0.246854
v -0.025706 0.088000 -0.246854
v -0.023527 0.080000 -0.249854
v -0.023527 0.088000 -0.249854
vn -0.0000 -0.6437 -0.7653
vn -0.0000 0.6437 -0.7653
vn 0.4498 -0.6437 -0.6191
vn 0.4498 0.6437 -0.6191
vn 0.7278 -0.6437 -0.2365
vn 0.7278 0.6437 -0.2365
vn 0.7278 -0.6437 0.2365
vn 0.7278 0.6437 0.2365
vn 0.4498 -0.6437 0.6191
vn 0.4498 0.6437 0.6191
vn -0.0000 -0.6437 0.7653
vn -0.0000 0.6437 0.7653
vn -0.4498 -0.6437 0.6191
vn -0.4498 0.6437 0.6191
vn -0.7278 -0.6437 0.2365
vn -0.7278 0.6437 0.2365
vn -0.7278 -0.6437 -0.2365
vn -0.7278 0.6437 -0.2365
vn -0.4498 -0.6437 -0.6191
vn -0.4498 0.6437 -0.6191
vt 1.000000 0.500000
vt 1.000000 1.000000
vt 0.900000 1.000000
vt 0.900000 0.500000
vt 0.800000 1.000000
vt 0.800000 0.500000
vt 0.700000 1.000000
vt 0.700000 0.500000
vt 0.600000 1.000000
vt 0.600000 0.500000
vt 0.500000 1.000000
vt 0.500000 0.500000
vt 0.400000 1.000000
vt 0.400000 0.500000
vt 0.300000 1.000000
vt 0.300000 0.500000
vt 0.200000 1.000000
vt 0.200000 0.500000
vt 0.391068 0.444164
vt 0.250000 0.490000
vt 0.108932 0.444164
vt 0.021746 0.324164
vt 0.021746 0.175836
vt 0.108932 0.055836
vt 0.250000 0.010000
vt 0.391068 0.055836
vt 0.478254 0.175836
vt 0.478254 0.324164
vt 0.100000 1.000000
vt 0.100000 0.500000
vt -0.000000 1.000000
vt -0.000000 0.500000
vt 0.750000 0.490000
vt 0.891068 0.444164
vt 0.978254 0.324164
vt 0.978254 0.175836
vt 0.891068 0.055836
vt 0.750000 0.010000
vt 0.608932 0.055836
vt 0.521746 0.175836
vt 0.521746 0.324164
vt 0.608932 0.444164
s 1
usemtl M_Graphite
f 5825/12129/5813 5826/12130/5814 5828/12131/5816 5827/12132/5815
f 5827/12132/5815 5828/12131/5816 5830/12133/5818 5829/12134/5817
f 5829/12134/5817 5830/12133/5818 5832/12135/5820 5831/12136/5819
f 5831/12136/5819 5832/12135/5820 5834/12137/5822 5833/12138/5821
f 5833/12138/5821 5834/12137/5822 5836/12139/5824 5835/12140/5823
f 5835/12140/5823 5836/12139/5824 5838/12141/5826 5837/12142/5825
f 5837/12142/5825 5838/12141/5826 5840/12143/5828 5839/12144/5827
f 5839/12144/5827 5840/12143/5828 5842/12145/5830 5841/12146/5829
f 5828/12147/5816 5826/12148/5814 5844/12149/5832 5842/12150/5830 5840/12151/5828 5838/12152/5826 5836/12153/5824 5834/12154/5822 5832/12155/5820 5830/12156/5818
f 5841/12146/5829 5842/12145/5830 5844/12157/5832 5843/12158/5831
f 5843/12158/5831 5844/12157/5832 5826/12159/5814 5825/12160/5813
f 5825/12161/5813 5827/12162/5815 5829/12163/5817 5831/12164/5819 5833/12165/5821 5835/12166/5823 5837/12167/5825 5839/12168/5827 5841/12169/5829 5843/12170/5831
o Socket.285
v 0.025000 0.080000 -0.251000
v 0.025000 0.088000 -0.251000
v 0.028527 0.080000 -0.249854
v 0.028527 0.088000 -0.249854
v 0.030706 0.080000 -0.246854
v 0.030706 0.088000 -0.246854
v 0.030706 0.080000 -0.243146
v 0.030706 0.088000 -0.243146
v 0.028527 0.080000 -0.240146
v 0.028527 0.088000 -0.240146
v 0.025000 0.080000 -0.239000
v 0.025000 0.088000 -0.239000
v 0.021473 0.080000 -0.240146
v 0.021473 0.088000 -0.240146
v 0.019294 0.080000 -0.243146
v 0.019294 0.088000 -0.243146
v 0.019294 0.080000 -0.246854
v 0.019294 0.088000 -0.246854
v 0.021473 0.080000 -0.249854
v 0.021473 0.088000 -0.249854
vn -0.0000 -0.6437 -0.7653
vn -0.0000 0.6437 -0.7653
vn 0.4498 -0.6437 -0.6191
vn 0.4498 0.6437 -0.6191
vn 0.7278 -0.6437 -0.2365
vn 0.7278 0.6437 -0.2365
vn 0.7278 -0.6437 0.2365
vn 0.7278 0.6437 0.2365
vn 0.4498 -0.6437 0.6191
vn 0.4498 0.6437 0.6191
vn -0.0000 -0.6437 0.7653
vn -0.0000 0.6437 0.7653
vn -0.4498 -0.6437 0.6191
vn -0.4498 0.6437 0.6191
vn -0.7278 -0.6437 0.2365
vn -0.7278 0.6437 0.2365
vn -0.7278 -0.6437 -0.2365
vn -0.7278 0.6437 -0.2365
vn -0.4498 -0.6437 -0.6191
vn -0.4498 0.6437 -0.6191
vt 1.000000 0.500000
vt 1.000000 1.000000
vt 0.900000 1.000000
vt 0.900000 0.500000
vt 0.800000 1.000000
vt 0.800000 0.500000
vt 0.700000 1.000000
vt 0.700000 0.500000
vt 0.600000 1.000000
vt 0.600000 0.500000
vt 0.500000 1.000000
vt 0.500000 0.500000
vt 0.400000 1.000000
vt 0.400000 0.500000
vt 0.300000 1.000000
vt 0.300000 0.500000
vt 0.200000 1.000000
vt 0.200000 0.500000
vt 0.391068 0.444164
vt 0.250000 0.490000
vt 0.108932 0.444164
vt 0.021746 0.324164
vt 0.021746 0.175836
vt 0.108932 0.055836
vt 0.250000 0.010000
vt 0.391068 0.055836
vt 0.478254 0.175836
vt 0.478254 0.324164
vt 0.100000 1.000000
vt 0.100000 0.500000
vt -0.000000 1.000000
vt -0.000000 0.500000
vt 0.750000 0.490000
vt 0.891068 0.444164
vt 0.978254 0.324164
vt 0.978254 0.175836
vt 0.891068 0.055836
vt 0.750000 0.010000
vt 0.608932 0.055836
vt 0.521746 0.175836
vt 0.521746 0.324164
vt 0.608932 0.444164
s 1
usemtl M_Graphite
f 5845/12171/5833 5846/12172/5834 5848/12173/5836 5847/12174/5835
f 5847/12174/5835 5848/12173/5836 5850/12175/5838 5849/12176/5837
f 5849/12176/5837 5850/12175/5838 5852/12177/5840 5851/12178/5839
f 5851/12178/5839 5852/12177/5840 5854/12179/5842 5853/12180/5841
f 5853/12180/5841 5854/12179/5842 5856/12181/5844 5855/12182/5843
f 5855/12182/5843 5856/12181/5844 5858/12183/5846 5857/12184/5845
f 5857/12184/5845 5858/12183/5846 5860/12185/5848 5859/12186/5847
f 5859/12186/5847 5860/12185/5848 5862/12187/5850 5861/12188/5849
f 5848/12189/5836 5846/12190/5834 5864/12191/5852 5862/12192/5850 5860/12193/5848 5858/12194/5846 5856/12195/5844 5854/12196/5842 5852/12197/5840 5850/12198/5838
f 5861/12188/5849 5862/12187/5850 5864/12199/5852 5863/12200/5851
f 5863/12200/5851 5864/12199/5852 5846/12201/5834 5845/12202/5833
f 5845/12203/5833 5847/12204/5835 5849/12205/5837 5851/12206/5839 5853/12207/5841 5855/12208/5843 5857/12209/5845 5859/12210/5847 5861/12211/5849 5863/12212/5851
o Socket.286
v 0.070000 0.080000 -0.251000
v 0.070000 0.088000 -0.251000
v 0.073527 0.080000 -0.249854
v 0.073527 0.088000 -0.249854
v 0.075706 0.080000 -0.246854
v 0.075706 0.088000 -0.246854
v 0.075706 0.080000 -0.243146
v 0.075706 0.088000 -0.243146
v 0.073527 0.080000 -0.240146
v 0.073527 0.088000 -0.240146
v 0.070000 0.080000 -0.239000
v 0.070000 0.088000 -0.239000
v 0.066473 0.080000 -0.240146
v 0.066473 0.088000 -0.240146
v 0.064294 0.080000 -0.243146
v 0.064294 0.088000 -0.243146
v 0.064294 0.080000 -0.246854
v 0.064294 0.088000 -0.246854
v 0.066473 0.080000 -0.249854
v 0.066473 0.088000 -0.249854
vn -0.0000 -0.6437 -0.7653
vn -0.0000 0.6437 -0.7653
vn 0.4498 -0.6437 -0.6191
vn 0.4498 0.6437 -0.6191
vn 0.7278 -0.6437 -0.2365
vn 0.7278 0.6437 -0.2365
vn 0.7278 -0.6437 0.2365
vn 0.7278 0.6437 0.2365
vn 0.4498 -0.6437 0.6191
vn 0.4498 0.6437 0.6191
vn -0.0000 -0.6437 0.7653
vn -0.0000 0.6437 0.7653
vn -0.4498 -0.6437 0.6191
vn -0.4498 0.6437 0.6191
vn -0.7278 -0.6437 0.2365
vn -0.7278 0.6437 0.2365
vn -0.7278 -0.6437 -0.2365
vn -0.7278 0.6437 -0.2365
vn -0.4498 -0.6437 -0.6191
vn -0.4498 0.6437 -0.6191
vt 1.000000 0.500000
vt 1.000000 1.000000
vt 0.900000 1.000000
vt 0.900000 0.500000
vt 0.800000 1.000000
vt 0.800000 0.500000
vt 0.700000 1.000000
vt 0.700000 0.500000
vt 0.600000 1.000000
vt 0.600000 0.500000
vt 0.500000 1.000000
vt 0.500000 0.500000
vt 0.400000 1.000000
vt 0.400000 0.500000
vt 0.300000 1.000000
vt 0.300000 0.500000
vt 0.200000 1.000000
vt 0.200000 0.500000
vt 0.391068 0.444164
vt 0.250000 0.490000
vt 0.108932 0.444164
vt 0.021746 0.324164
vt 0.021746 0.175836
vt 0.108932 0.055836
vt 0.250000 0.010000
vt 0.391068 0.055836
vt 0.478254 0.175836
vt 0.478254 0.324164
vt 0.100000 1.000000
vt 0.100000 0.500000
vt -0.000000 1.000000
vt -0.000000 0.500000
vt 0.750000 0.490000
vt 0.891068 0.444164
vt 0.978254 0.324164
vt 0.978254 0.175836
vt 0.891068 0.055836
vt 0.750000 0.010000
vt 0.608932 0.055836
vt 0.521746 0.175836
vt 0.521746 0.324164
vt 0.608932 0.444164
s 1
usemtl M_Graphite
f 5865/12213/5853 5866/12214/5854 5868/12215/5856 5867/12216/5855
f 5867/12216/5855 5868/12215/5856 5870/12217/5858 5869/12218/5857
f 5869/12218/5857 5870/12217/5858 5872/12219/5860 5871/12220/5859
f 5871/12220/5859 5872/12219/5860 5874/12221/5862 5873/12222/5861
f 5873/12222/5861 5874/12221/5862 5876/12223/5864 5875/12224/5863
f 5875/12224/5863 5876/12223/5864 5878/12225/5866 5877/12226/5865
f 5877/12226/5865 5878/12225/5866 5880/12227/5868 5879/12228/5867
f 5879/12228/5867 5880/12227/5868 5882/12229/5870 5881/12230/5869
f 5868/12231/5856 5866/12232/5854 5884/12233/5872 5882/12234/5870 5880/12235/5868 5878/12236/5866 5876/12237/5864 5874/12238/5862 5872/12239/5860 5870/12240/5858
f 5881/12230/5869 5882/12229/5870 5884/12241/5872 5883/12242/5871
f 5883/12242/5871 5884/12241/5872 5866/12243/5854 5865/12244/5853
f 5865/12245/5853 5867/12246/5855 5869/12247/5857 5871/12248/5859 5873/12249/5861 5875/12250/5863 5877/12251/5865 5879/12252/5867 5881/12253/5869 5883/12254/5871
o Socket.287
v 0.115000 0.080000 -0.251000
v 0.115000 0.088000 -0.251000
v 0.118527 0.080000 -0.249854
v 0.118527 0.088000 -0.249854
v 0.120706 0.080000 -0.246854
v 0.120706 0.088000 -0.246854
v 0.120706 0.080000 -0.243146
v 0.120706 0.088000 -0.243146
v 0.118527 0.080000 -0.240146
v 0.118527 0.088000 -0.240146
v 0.115000 0.080000 -0.239000
v 0.115000 0.088000 -0.239000
v 0.111473 0.080000 -0.240146
v 0.111473 0.088000 -0.240146
v 0.109294 0.080000 -0.243146
v 0.109294 0.088000 -0.243146
v 0.109294 0.080000 -0.246854
v 0.109294 0.088000 -0.246854
v 0.111473 0.080000 -0.249854
v 0.111473 0.088000 -0.249854
vn -0.0000 -0.6437 -0.7653
vn -0.0000 0.6437 -0.7653
vn 0.4498 -0.6437 -0.6191
vn 0.4498 0.6437 -0.6191
vn 0.7278 -0.6437 -0.2365
vn 0.7278 0.6437 -0.2365
vn 0.7278 -0.6437 0.2365
vn 0.7278 0.6437 0.2365
vn 0.4498 -0.6437 0.6191
vn 0.4498 0.6437 0.6191
vn -0.0000 -0.6437 0.7653
vn -0.0000 0.6437 0.7653
vn -0.4498 -0.6437 0.6191
vn -0.4498 0.6437 0.6191
vn -0.7278 -0.6437 0.2365
vn -0.7278 0.6437 0.2365
vn -0.7278 -0.6437 -0.2365
vn -0.7278 0.6437 -0.2365
vn -0.4498 -0.6437 -0.6191
vn -0.4498 0.6437 -0.6191
vt 1.000000 0.500000
vt 1.000000 1.000000
vt 0.900000 1.000000
vt 0.900000 0.500000
vt 0.800000 1.000000
vt 0.800000 0.500000
vt 0.700000 1.000000
vt 0.700000 0.500000
vt 0.600000 1.000000
vt 0.600000 0.500000
vt 0.500000 1.000000
vt 0.500000 0.500000
vt 0.400000 1.000000
vt 0.400000 0.500000
vt 0.300000 1.000000
vt 0.300000 0.500000
vt 0.200000 1.000000
vt 0.200000 0.500000
vt 0.391068 0.444164
vt 0.250000 0.490000
vt 0.108932 0.444164
vt 0.021746 0.324164
vt 0.021746 0.175836
vt 0.108932 0.055836
vt 0.250000 0.010000
vt 0.391068 0.055836
vt 0.478254 0.175836
vt 0.478254 0.324164
vt 0.100000 1.000000
vt 0.100000 0.500000
vt -0.000000 1.000000
vt -0.000000 0.500000
vt 0.750000 0.490000
vt 0.891068 0.444164
vt 0.978254 0.324164
vt 0.978254 0.175836
vt 0.891068 0.055836
vt 0.750000 0.010000
vt 0.608932 0.055836
vt 0.521746 0.175836
vt 0.521746 0.324164
vt 0.608932 0.444164
s 1
usemtl M_Graphite
f 5885/12255/5873 5886/12256/5874 5888/12257/5876 5887/12258/5875
f 5887/12258/5875 5888/12257/5876 5890/12259/5878 5889/12260/5877
f 5889/12260/5877 5890/12259/5878 5892/12261/5880 5891/12262/5879
f 5891/12262/5879 5892/12261/5880 5894/12263/5882 5893/12264/5881
f 5893/12264/5881 5894/12263/5882 5896/12265/5884 5895/12266/5883
f 5895/12266/5883 5896/12265/5884 5898/12267/5886 5897/12268/5885
f 5897/12268/5885 5898/12267/5886 5900/12269/5888 5899/12270/5887
f 5899/12270/5887 5900/12269/5888 5902/12271/5890 5901/12272/5889
f 5888/12273/5876 5886/12274/5874 5904/12275/5892 5902/12276/5890 5900/12277/5888 5898/12278/5886 5896/12279/5884 5894/12280/5882 5892/12281/5880 5890/12282/5878
f 5901/12272/5889 5902/12271/5890 5904/12283/5892 5903/12284/5891
f 5903/12284/5891 5904/12283/5892 5886/12285/5874 5885/12286/5873
f 5885/12287/5873 5887/12288/5875 5889/12289/5877 5891/12290/5879 5893/12291/5881 5895/12292/5883 5897/12293/5885 5899/12294/5887 5901/12295/5889 5903/12296/5891
o Socket.288
v 0.160000 0.080000 -0.251000
v 0.160000 0.088000 -0.251000
v 0.163527 0.080000 -0.249854
v 0.163527 0.088000 -0.249854
v 0.165706 0.080000 -0.246854
v 0.165706 0.088000 -0.246854
v 0.165706 0.080000 -0.243146
v 0.165706 0.088000 -0.243146
v 0.163527 0.080000 -0.240146
v 0.163527 0.088000 -0.240146
v 0.160000 0.080000 -0.239000
v 0.160000 0.088000 -0.239000
v 0.156473 0.080000 -0.240146
v 0.156473 0.088000 -0.240146
v 0.154294 0.080000 -0.243146
v 0.154294 0.088000 -0.243146
v 0.154294 0.080000 -0.246854
v 0.154294 0.088000 -0.246854
v 0.156473 0.080000 -0.249854
v 0.156473 0.088000 -0.249854
vn -0.0000 -0.6437 -0.7653
vn -0.0000 0.6437 -0.7653
vn 0.4498 -0.6437 -0.6191
vn 0.4498 0.6437 -0.6191
vn 0.7278 -0.6437 -0.2365
vn 0.7278 0.6437 -0.2365
vn 0.7278 -0.6437 0.2365
vn 0.7278 0.6437 0.2365
vn 0.4498 -0.6437 0.6191
vn 0.4498 0.6437 0.6191
vn -0.0000 -0.6437 0.7653
vn -0.0000 0.6437 0.7653
vn -0.4498 -0.6437 0.6191
vn -0.4498 0.6437 0.6191
vn -0.7278 -0.6437 0.2365
vn -0.7278 0.6437 0.2365
vn -0.7278 -0.6437 -0.2365
vn -0.7278 0.6437 -0.2365
vn -0.4498 -0.6437 -0.6191
vn -0.4498 0.6437 -0.6191
vt 1.000000 0.500000
vt 1.000000 1.000000
vt 0.900000 1.000000
vt 0.900000 0.500000
vt 0.800000 1.000000
vt 0.800000 0.500000
vt 0.700000 1.000000
vt 0.700000 0.500000
vt 0.600000 1.000000
vt 0.600000 0.500000
vt 0.500000 1.000000
vt 0.500000 0.500000
vt 0.400000 1.000000
vt 0.400000 0.500000
vt 0.300000 1.000000
vt 0.300000 0.500000
vt 0.200000 1.000000
vt 0.200000 0.500000
vt 0.391068 0.444164
vt 0.250000 0.490000
vt 0.108932 0.444164
vt 0.021746 0.324164
vt 0.021746 0.175836
vt 0.108932 0.055836
vt 0.250000 0.010000
vt 0.391068 0.055836
vt 0.478254 0.175836
vt 0.478254 0.324164
vt 0.100000 1.000000
vt 0.100000 0.500000
vt -0.000000 1.000000
vt -0.000000 0.500000
vt 0.750000 0.490000
vt 0.891068 0.444164
vt 0.978254 0.324164
vt 0.978254 0.175836
vt 0.891068 0.055836
vt 0.750000 0.010000
vt 0.608932 0.055836
vt 0.521746 0.175836
vt 0.521746 0.324164
vt 0.608932 0.444164
s 1
usemtl M_Graphite
f 5905/12297/5893 5906/12298/5894 5908/12299/5896 5907/12300/5895
f 5907/12300/5895 5908/12299/5896 5910/12301/5898 5909/12302/5897
f 5909/12302/5897 5910/12301/5898 5912/12303/5900 5911/12304/5899
f 5911/12304/5899 5912/12303/5900 5914/12305/5902 5913/12306/5901
f 5913/12306/5901 5914/12305/5902 5916/12307/5904 5915/12308/5903
f 5915/12308/5903 5916/12307/5904 5918/12309/5906 5917/12310/5905
f 5917/12310/5905 5918/12309/5906 5920/12311/5908 5919/12312/5907
f 5919/12312/5907 5920/12311/5908 5922/12313/5910 5921/12314/5909
f 5908/12315/5896 5906/12316/5894 5924/12317/5912 5922/12318/5910 5920/12319/5908 5918/12320/5906 5916/12321/5904 5914/12322/5902 5912/12323/5900 5910/12324/5898
f 5921/12314/5909 5922/12313/5910 5924/12325/5912 5923/12326/5911
f 5923/12326/5911 5924/12325/5912 5906/12327/5894 5905/12328/5893
f 5905/12329/5893 5907/12330/5895 5909/12331/5897 5911/12332/5899 5913/12333/5901 5915/12334/5903 5917/12335/5905 5919/12336/5907 5921/12337/5909 5923/12338/5911
o Socket.289
v 0.205000 0.080000 -0.251000
v 0.205000 0.088000 -0.251000
v 0.208527 0.080000 -0.249854
v 0.208527 0.088000 -0.249854
v 0.210706 0.080000 -0.246854
v 0.210706 0.088000 -0.246854
v 0.210706 0.080000 -0.243146
v 0.210706 0.088000 -0.243146
v 0.208527 0.080000 -0.240146
v 0.208527 0.088000 -0.240146
v 0.205000 0.080000 -0.239000
v 0.205000 0.088000 -0.239000
v 0.201473 0.080000 -0.240146
v 0.201473 0.088000 -0.240146
v 0.199294 0.080000 -0.243146
v 0.199294 0.088000 -0.243146
v 0.199294 0.080000 -0.246854
v 0.199294 0.088000 -0.246854
v 0.201473 0.080000 -0.249854
v 0.201473 0.088000 -0.249854
vn -0.0000 -0.6437 -0.7653
vn -0.0000 0.6437 -0.7653
vn 0.4498 -0.6437 -0.6191
vn 0.4498 0.6437 -0.6191
vn 0.7278 -0.6437 -0.2365
vn 0.7278 0.6437 -0.2365
vn 0.7278 -0.6437 0.2365
vn 0.7278 0.6437 0.2365
vn 0.4498 -0.6437 0.6191
vn 0.4498 0.6437 0.6191
vn -0.0000 -0.6437 0.7653
vn -0.0000 0.6437 0.7653
vn -0.4498 -0.6437 0.6191
vn -0.4498 0.6437 0.6191
vn -0.7278 -0.6437 0.2365
vn -0.7278 0.6437 0.2365
vn -0.7278 -0.6437 -0.2365
vn -0.7278 0.6437 -0.2365
vn -0.4498 -0.6437 -0.6191
vn -0.4498 0.6437 -0.6191
vt 1.000000 0.500000
vt 1.000000 1.000000
vt 0.900000 1.000000
vt 0.900000 0.500000
vt 0.800000 1.000000
vt 0.800000 0.500000
vt 0.700000 1.000000
vt 0.700000 0.500000
vt 0.600000 1.000000
vt 0.600000 0.500000
vt 0.500000 1.000000
vt 0.500000 0.500000
vt 0.400000 1.000000
vt 0.400000 0.500000
vt 0.300000 1.000000
vt 0.300000 0.500000
vt 0.200000 1.000000
vt 0.200000 0.500000
vt 0.391068 0.444164
vt 0.250000 0.490000
vt 0.108932 0.444164
vt 0.021746 0.324164
vt 0.021746 0.175836
vt 0.108932 0.055836
vt 0.250000 0.010000
vt 0.391068 0.055836
vt 0.478254 0.175836
vt 0.478254 0.324164
vt 0.100000 1.000000
vt 0.100000 0.500000
vt -0.000000 1.000000
vt -0.000000 0.500000
vt 0.750000 0.490000
vt 0.891068 0.444164
vt 0.978254 0.324164
vt 0.978254 0.175836
vt 0.891068 0.055836
vt 0.750000 0.010000
vt 0.608932 0.055836
vt 0.521746 0.175836
vt 0.521746 0.324164
vt 0.608932 0.444164
s 1
usemtl M_Graphite
f 5925/12339/5913 5926/12340/5914 5928/12341/5916 5927/12342/5915
f 5927/12342/5915 5928/12341/5916 5930/12343/5918 5929/12344/5917
f 5929/12344/5917 5930/12343/5918 5932/12345/5920 5931/12346/5919
f 5931/12346/5919 5932/12345/5920 5934/12347/5922 5933/12348/5921
f 5933/12348/5921 5934/12347/5922 5936/12349/5924 5935/12350/5923
f 5935/12350/5923 5936/12349/5924 5938/12351/5926 5937/12352/5925
f 5937/12352/5925 5938/12351/5926 5940/12353/5928 5939/12354/5927
f 5939/12354/5927 5940/12353/5928 5942/12355/5930 5941/12356/5929
f 5928/12357/5916 5926/12358/5914 5944/12359/5932 5942/12360/5930 5940/12361/5928 5938/12362/5926 5936/12363/5924 5934/12364/5922 5932/12365/5920 5930/12366/5918
f 5941/12356/5929 5942/12355/5930 5944/12367/5932 5943/12368/5931
f 5943/12368/5931 5944/12367/5932 5926/12369/5914 5925/12370/5913
f 5925/12371/5913 5927/12372/5915 5929/12373/5917 5931/12374/5919 5933/12375/5921 5935/12376/5923 5937/12377/5925 5939/12378/5927 5941/12379/5929 5943/12380/5931
o Socket.290
v 0.250000 0.080000 -0.251000
v 0.250000 0.088000 -0.251000
v 0.253527 0.080000 -0.249854
v 0.253527 0.088000 -0.249854
v 0.255706 0.080000 -0.246854
v 0.255706 0.088000 -0.246854
v 0.255706 0.080000 -0.243146
v 0.255706 0.088000 -0.243146
v 0.253527 0.080000 -0.240146
v 0.253527 0.088000 -0.240146
v 0.250000 0.080000 -0.239000
v 0.250000 0.088000 -0.239000
v 0.246473 0.080000 -0.240146
v 0.246473 0.088000 -0.240146
v 0.244294 0.080000 -0.243146
v 0.244294 0.088000 -0.243146
v 0.244294 0.080000 -0.246854
v 0.244294 0.088000 -0.246854
v 0.246473 0.080000 -0.249854
v 0.246473 0.088000 -0.249854
vn -0.0000 -0.6437 -0.7653
vn -0.0000 0.6437 -0.7653
vn 0.4498 -0.6437 -0.6191
vn 0.4498 0.6437 -0.6191
vn 0.7278 -0.6437 -0.2365
vn 0.7278 0.6437 -0.2365
vn 0.7278 -0.6437 0.2365
vn 0.7278 0.6437 0.2365
vn 0.4498 -0.6437 0.6191
vn 0.4498 0.6437 0.6191
vn -0.0000 -0.6437 0.7653
vn -0.0000 0.6437 0.7653
vn -0.4498 -0.6437 0.6191
vn -0.4498 0.6437 0.6191
vn -0.7278 -0.6437 0.2365
vn -0.7278 0.6437 0.2365
vn -0.7278 -0.6437 -0.2365
vn -0.7278 0.6437 -0.2365
vn -0.4498 -0.6437 -0.6191
vn -0.4498 0.6437 -0.6191
vt 1.000000 0.500000
vt 1.000000 1.000000
vt 0.900000 1.000000
vt 0.900000 0.500000
vt 0.800000 1.000000
vt 0.800000 0.500000
vt 0.700000 1.000000
vt 0.700000 0.500000
vt 0.600000 1.000000
vt 0.600000 0.500000
vt 0.500000 1.000000
vt 0.500000 0.500000
vt 0.400000 1.000000
vt 0.400000 0.500000
vt 0.300000 1.000000
vt 0.300000 0.500000
vt 0.200000 1.000000
vt 0.200000 0.500000
vt 0.391068 0.444164
vt 0.250000 0.490000
vt 0.108932 0.444164
vt 0.021746 0.324164
vt 0.021746 0.175836
vt 0.108932 0.055836
vt 0.250000 0.010000
vt 0.391068 0.055836
vt 0.478254 0.175836
vt 0.478254 0.324164
vt 0.100000 1.000000
vt 0.100000 0.500000
vt -0.000000 1.000000
vt -0.000000 0.500000
vt 0.750000 0.490000
vt 0.891068 0.444164
vt 0.978254 0.324164
vt 0.978254 0.175836
vt 0.891068 0.055836
vt 0.750000 0.010000
vt 0.608932 0.055836
vt 0.521746 0.175836
vt 0.521746 0.324164
vt 0.608932 0.444164
s 1
usemtl M_Graphite
f 5945/12381/5933 5946/12382/5934 5948/12383/5936 5947/12384/5935
f 5947/12384/5935 5948/12383/5936 5950/12385/5938 5949/12386/5937
f 5949/12386/5937 5950/12385/5938 5952/12387/5940 5951/12388/5939
f 5951/12388/5939 5952/12387/5940 5954/12389/5942 5953/12390/5941
f 5953/12390/5941 5954/12389/5942 5956/12391/5944 5955/12392/5943
f 5955/12392/5943 5956/12391/5944 5958/12393/5946 5957/12394/5945
f 5957/12394/5945 5958/12393/5946 5960/12395/5948 5959/12396/5947
f 5959/12396/5947 5960/12395/5948 5962/12397/5950 5961/12398/5949
f 5948/12399/5936 5946/12400/5934 5964/12401/5952 5962/12402/5950 5960/12403/5948 5958/12404/5946 5956/12405/5944 5954/12406/5942 5952/12407/5940 5950/12408/5938
f 5961/12398/5949 5962/12397/5950 5964/12409/5952 5963/12410/5951
f 5963/12410/5951 5964/12409/5952 5946/12411/5934 5945/12412/5933
f 5945/12413/5933 5947/12414/5935 5949/12415/5937 5951/12416/5939 5953/12417/5941 5955/12418/5943 5957/12419/5945 5959/12420/5947 5961/12421/5949 5963/12422/5951
o Socket.291
v 0.295000 0.080000 -0.251000
v 0.295000 0.088000 -0.251000
v 0.298527 0.080000 -0.249854
v 0.298527 0.088000 -0.249854
v 0.300706 0.080000 -0.246854
v 0.300706 0.088000 -0.246854
v 0.300706 0.080000 -0.243146
v 0.300706 0.088000 -0.243146
v 0.298527 0.080000 -0.240146
v 0.298527 0.088000 -0.240146
v 0.295000 0.080000 -0.239000
v 0.295000 0.088000 -0.239000
v 0.291473 0.080000 -0.240146
v 0.291473 0.088000 -0.240146
v 0.289294 0.080000 -0.243146
v 0.289294 0.088000 -0.243146
v 0.289294 0.080000 -0.246854
v 0.289294 0.088000 -0.246854
v 0.291473 0.080000 -0.249854
v 0.291473 0.088000 -0.249854
vn -0.0000 -0.6437 -0.7653
vn -0.0000 0.6437 -0.7653
vn 0.4498 -0.6437 -0.6191
vn 0.4498 0.6437 -0.6191
vn 0.7278 -0.6437 -0.2365
vn 0.7278 0.6437 -0.2365
vn 0.7278 -0.6437 0.2365
vn 0.7278 0.6437 0.2365
vn 0.4498 -0.6437 0.6191
vn 0.4498 0.6437 0.6191
vn -0.0000 -0.6437 0.7653
vn -0.0000 0.6437 0.7653
vn -0.4498 -0.6437 0.6191
vn -0.4498 0.6437 0.6191
vn -0.7278 -0.6437 0.2365
vn -0.7278 0.6437 0.2365
vn -0.7278 -0.6437 -0.2365
vn -0.7278 0.6437 -0.2365
vn -0.4498 -0.6437 -0.6191
vn -0.4498 0.6437 -0.6191
vt 1.000000 0.500000
vt 1.000000 1.000000
vt 0.900000 1.000000
vt 0.900000 0.500000
vt 0.800000 1.000000
vt 0.800000 0.500000
vt 0.700000 1.000000
vt 0.700000 0.500000
vt 0.600000 1.000000
vt 0.600000 0.500000
vt 0.500000 1.000000
vt 0.500000 0.500000
vt 0.400000 1.000000
vt 0.400000 0.500000
vt 0.300000 1.000000
vt 0.300000 0.500000
vt 0.200000 1.000000
vt 0.200000 0.500000
vt 0.391068 0.444164
vt 0.250000 0.490000
vt 0.108932 0.444164
vt 0.021746 0.324164
vt 0.021746 0.175836
vt 0.108932 0.055836
vt 0.250000 0.010000
vt 0.391068 0.055836
vt 0.478254 0.175836
vt 0.478254 0.324164
vt 0.100000 1.000000
vt 0.100000 0.500000
vt -0.000000 1.000000
vt -0.000000 0.500000
vt 0.750000 0.490000
vt 0.891068 0.444164
vt 0.978254 0.324164
vt 0.978254 0.175836
vt 0.891068 0.055836
vt 0.750000 0.010000
vt 0.608932 0.055836
vt 0.521746 0.175836
vt 0.521746 0.324164
vt 0.608932 0.444164
s 1
usemtl M_Graphite
f 5965/12423/5953 5966/12424/5954 5968/12425/5956 5967/12426/5955
f 5967/12426/5955 5968/12425/5956 5970/12427/5958 5969/12428/5957
f 5969/12428/5957 5970/12427/5958 5972/12429/5960 5971/12430/5959
f 5971/12430/5959 5972/12429/5960 5974/12431/5962 5973/12432/5961
f 5973/12432/5961 5974/12431/5962 5976/12433/5964 5975/12434/5963
f 5975/12434/5963 5976/12433/5964 5978/12435/5966 5977/12436/5965
f 5977/12436/5965 5978/12435/5966 5980/12437/5968 5979/12438/5967
f 5979/12438/5967 5980/12437/5968 5982/12439/5970 5981/12440/5969
f 5968/12441/5956 5966/12442/5954 5984/12443/5972 5982/12444/5970 5980/12445/5968 5978/12446/5966 5976/12447/5964 5974/12448/5962 5972/12449/5960 5970/12450/5958
f 5981/12440/5969 5982/12439/5970 5984/12451/5972 5983/12452/5971
f 5983/12452/5971 5984/12451/5972 5966/12453/5954 5965/12454/5953
f 5965/12455/5953 5967/12456/5955 5969/12457/5957 5971/12458/5959 5973/12459/5961 5975/12460/5963 5977/12461/5965 5979/12462/5967 5981/12463/5969 5983/12464/5971
o Socket.292
v 0.340000 0.080000 -0.251000
v 0.340000 0.088000 -0.251000
v 0.343527 0.080000 -0.249854
v 0.343527 0.088000 -0.249854
v 0.345706 0.080000 -0.246854
v 0.345706 0.088000 -0.246854
v 0.345706 0.080000 -0.243146
v 0.345706 0.088000 -0.243146
v 0.343527 0.080000 -0.240146
v 0.343527 0.088000 -0.240146
v 0.340000 0.080000 -0.239000
v 0.340000 0.088000 -0.239000
v 0.336473 0.080000 -0.240146
v 0.336473 0.088000 -0.240146
v 0.334294 0.080000 -0.243146
v 0.334294 0.088000 -0.243146
v 0.334294 0.080000 -0.246854
v 0.334294 0.088000 -0.246854
v 0.336473 0.080000 -0.249854
v 0.336473 0.088000 -0.249854
vn -0.0000 -0.6437 -0.7653
vn -0.0000 0.6437 -0.7653
vn 0.4498 -0.6437 -0.6191
vn 0.4498 0.6437 -0.6191
vn 0.7278 -0.6437 -0.2365
vn 0.7278 0.6437 -0.2365
vn 0.7278 -0.6437 0.2365
vn 0.7278 0.6437 0.2365
vn 0.4498 -0.6437 0.6191
vn 0.4498 0.6437 0.6191
vn -0.0000 -0.6437 0.7653
vn -0.0000 0.6437 0.7653
vn -0.4498 -0.6437 0.6191
vn -0.4498 0.6437 0.6191
vn -0.7278 -0.6437 0.2365
vn -0.7278 0.6437 0.2365
vn -0.7278 -0.6437 -0.2365
vn -0.7278 0.6437 -0.2365
vn -0.4498 -0.6437 -0.6191
vn -0.4498 0.6437 -0.6191
vt 1.000000 0.500000
vt 1.000000 1.000000
vt 0.900000 1.000000
vt 0.900000 0.500000
vt 0.800000 1.000000
vt 0.800000 0.500000
vt 0.700000 1.000000
vt 0.700000 0.500000
vt 0.600000 1.000000
vt 0.600000 0.500000
vt 0.500000 1.000000
vt 0.500000 0.500000
vt 0.400000 1.000000
vt 0.400000 0.500000
vt 0.300000 1.000000
vt 0.300000 0.500000
vt 0.200000 1.000000
vt 0.200000 0.500000
vt 0.391068 0.444164
vt 0.250000 0.490000
vt 0.108932 0.444164
vt 0.021746 0.324164
vt 0.021746 0.175836
vt 0.108932 0.055836
vt 0.250000 0.010000
vt 0.391068 0.055836
vt 0.478254 0.175836
vt 0.478254 0.324164
vt 0.100000 1.000000
vt 0.100000 0.500000
vt -0.000000 1.000000
vt -0.000000 0.500000
vt 0.750000 0.490000
vt 0.891068 0.444164
vt 0.978254 0.324164
vt 0.978254 0.175836
vt 0.891068 0.055836
vt 0.750000 0.010000
vt 0.608932 0.055836
vt 0.521746 0.175836
vt 0.521746 0.324164
vt 0.608932 0.444164
s 1
usemtl M_Graphite
f 5985/12465/5973 5986/12466/5974 5988/12467/5976 5987/12468/5975
f 5987/12468/5975 5988/12467/5976 5990/12469/5978 5989/12470/5977
f 5989/12470/5977 5990/12469/5978 5992/12471/5980 5991/12472/5979
f 5991/12472/5979 5992/12471/5980 5994/12473/5982 5993/12474/5981
f 5993/12474/5981 5994/12473/5982 5996/12475/5984 5995/12476/5983
f 5995/12476/5983 5996/12475/5984 5998/12477/5986 5997/12478/5985
f 5997/12478/5985 5998/12477/5986 6000/12479/5988 5999/12480/5987
f 5999/12480/5987 6000/12479/5988 6002/12481/5990 6001/12482/5989
f 5988/12483/5976 5986/12484/5974 6004/12485/5992 6002/12486/5990 6000/12487/5988 5998/12488/5986 5996/12489/5984 5994/12490/5982 5992/12491/5980 5990/12492/5978
f 6001/12482/5989 6002/12481/5990 6004/12493/5992 6003/12494/5991
f 6003/12494/5991 6004/12493/5992 5986/12495/5974 5985/12496/5973
f 5985/12497/5973 5987/12498/5975 5989/12499/5977 5991/12500/5979 5993/12501/5981 5995/12502/5983 5997/12503/5985 5999/12504/5987 6001/12505/5989 6003/12506/5991
o Socket.293
v 0.385000 0.080000 -0.251000
v 0.385000 0.088000 -0.251000
v 0.388527 0.080000 -0.249854
v 0.388527 0.088000 -0.249854
v 0.390706 0.080000 -0.246854
v 0.390706 0.088000 -0.246854
v 0.390706 0.080000 -0.243146
v 0.390706 0.088000 -0.243146
v 0.388527 0.080000 -0.240146
v 0.388527 0.088000 -0.240146
v 0.385000 0.080000 -0.239000
v 0.385000 0.088000 -0.239000
v 0.381473 0.080000 -0.240146
v 0.381473 0.088000 -0.240146
v 0.379294 0.080000 -0.243146
v 0.379294 0.088000 -0.243146
v 0.379294 0.080000 -0.246854
v 0.379294 0.088000 -0.246854
v 0.381473 0.080000 -0.249854
v 0.381473 0.088000 -0.249854
vn -0.0000 -0.6437 -0.7653
vn -0.0000 0.6437 -0.7653
vn 0.4498 -0.6437 -0.6191
vn 0.4498 0.6437 -0.6191
vn 0.7278 -0.6437 -0.2365
vn 0.7278 0.6437 -0.2365
vn 0.7278 -0.6437 0.2365
vn 0.7278 0.6437 0.2365
vn 0.4498 -0.6437 0.6191
vn 0.4498 0.6437 0.6191
vn -0.0000 -0.6437 0.7653
vn -0.0000 0.6437 0.7653
vn -0.4498 -0.6437 0.6191
vn -0.4498 0.6437 0.6191
vn -0.7278 -0.6437 0.2365
vn -0.7278 0.6437 0.2365
vn -0.7278 -0.6437 -0.2365
vn -0.7278 0.6437 -0.2365
vn -0.4498 -0.6437 -0.6191
vn -0.4498 0.6437 -0.6191
vt 1.000000 0.500000
vt 1.000000 1.000000
vt 0.900000 1.000000
vt 0.900000 0.500000
vt 0.800000 1.000000
vt 0.800000 0.500000
vt 0.700000 1.000000
vt 0.700000 0.500000
vt 0.600000 1.000000
vt 0.600000 0.500000
vt 0.500000 1.000000
vt 0.500000 0.500000
vt 0.400000 1.000000
vt 0.400000 0.500000
vt 0.300000 1.000000
vt 0.300000 0.500000
vt 0.200000 1.000000
vt 0.200000 0.500000
vt 0.391068 0.444164
vt 0.250000 0.490000
vt 0.108932 0.444164
vt 0.021746 0.324164
vt 0.021746 0.175836
vt 0.108932 0.055836
vt 0.250000 0.010000
vt 0.391068 0.055836
vt 0.478254 0.175836
vt 0.478254 0.324164
vt 0.100000 1.000000
vt 0.100000 0.500000
vt -0.000000 1.000000
vt -0.000000 0.500000
vt 0.750000 0.490000
vt 0.891068 0.444164
vt 0.978254 0.324164
vt 0.978254 0.175836
vt 0.891068 0.055836
vt 0.750000 0.010000
vt 0.608932 0.055836
vt 0.521746 0.175836
vt 0.521746 0.324164
vt 0.608932 0.444164
s 1
usemtl M_Graphite
f 6005/12507/5993 6006/12508/5994 6008/12509/5996 6007/12510/5995
f 6007/12510/5995 6008/12509/5996 6010/12511/5998 6009/12512/5997
f 6009/12512/5997 6010/12511/5998 6012/12513/6000 6011/12514/5999
f 6011/12514/5999 6012/12513/6000 6014/12515/6002 6013/12516/6001
f 6013/12516/6001 6014/12515/6002 6016/12517/6004 6015/12518/6003
f 6015/12518/6003 6016/12517/6004 6018/12519/6006 6017/12520/6005
f 6017/12520/6005 6018/12519/6006 6020/12521/6008 6019/12522/6007
f 6019/12522/6007 6020/12521/6008 6022/12523/6010 6021/12524/6009
f 6008/12525/5996 6006/12526/5994 6024/12527/6012 6022/12528/6010 6020/12529/6008 6018/12530/6006 6016/12531/6004 6014/12532/6002 6012/12533/6000 6010/12534/5998
f 6021/12524/6009 6022/12523/6010 6024/12535/6012 6023/12536/6011
f 6023/12536/6011 6024/12535/6012 6006/12537/5994 6005/12538/5993
f 6005/12539/5993 6007/12540/5995 6009/12541/5997 6011/12542/5999 6013/12543/6001 6015/12544/6003 6017/12545/6005 6019/12546/6007 6021/12547/6009 6023/12548/6011
o Socket.294
v 0.430000 0.080000 -0.251000
v 0.430000 0.088000 -0.251000
v 0.433527 0.080000 -0.249854
v 0.433527 0.088000 -0.249854
v 0.435706 0.080000 -0.246854
v 0.435706 0.088000 -0.246854
v 0.435706 0.080000 -0.243146
v 0.435706 0.088000 -0.243146
v 0.433527 0.080000 -0.240146
v 0.433527 0.088000 -0.240146
v 0.430000 0.080000 -0.239000
v 0.430000 0.088000 -0.239000
v 0.426473 0.080000 -0.240146
v 0.426473 0.088000 -0.240146
v 0.424294 0.080000 -0.243146
v 0.424294 0.088000 -0.243146
v 0.424294 0.080000 -0.246854
v 0.424294 0.088000 -0.246854
v 0.426473 0.080000 -0.249854
v 0.426473 0.088000 -0.249854
vn -0.0000 -0.6437 -0.7653
vn -0.0000 0.6437 -0.7653
vn 0.4498 -0.6437 -0.6191
vn 0.4498 0.6437 -0.6191
vn 0.7278 -0.6437 -0.2365
vn 0.7278 0.6437 -0.2365
vn 0.7278 -0.6437 0.2365
vn 0.7278 0.6437 0.2365
vn 0.4498 -0.6437 0.6191
vn 0.4498 0.6437 0.6191
vn -0.0000 -0.6437 0.7653
vn -0.0000 0.6437 0.7653
vn -0.4498 -0.6437 0.6191
vn -0.4498 0.6437 0.6191
vn -0.7278 -0.6437 0.2365
vn -0.7278 0.6437 0.2365
vn -0.7278 -0.6437 -0.2365
vn -0.7278 0.6437 -0.2365
vn -0.4498 -0.6437 -0.6191
vn -0.4498 0.6437 -0.6191
vt 1.000000 0.500000
vt 1.000000 1.000000
vt 0.900000 1.000000
vt 0.900000 0.500000
vt 0.800000 1.000000
vt 0.800000 0.500000
vt 0.700000 1.000000
vt 0.700000 0.500000
vt 0.600000 1.000000
vt 0.600000 0.500000
vt 0.500000 1.000000
vt 0.500000 0.500000
vt 0.400000 1.000000
vt 0.400000 0.500000
vt 0.300000 1.000000
vt 0.300000 0.500000
vt 0.200000 1.000000
vt 0.200000 0.500000
vt 0.391068 0.444164
vt 0.250000 0.490000
vt 0.108932 0.444164
vt 0.021746 0.324164
vt 0.021746 0.175836
vt 0.108932 0.055836
vt 0.250000 0.010000
vt 0.391068 0.055836
vt 0.478254 0.175836
vt 0.478254 0.324164
vt 0.100000 1.000000
vt 0.100000 0.500000
vt -0.000000 1.000000
vt -0.000000 0.500000
vt 0.750000 0.490000
vt 0.891068 0.444164
vt 0.978254 0.324164
vt 0.978254 0.175836
vt 0.891068 0.055836
vt 0.750000 0.010000
vt 0.608932 0.055836
vt 0.521746 0.175836
vt 0.521746 0.324164
vt 0.608932 0.444164
s 1
usemtl M_Graphite
f 6025/12549/6013 6026/12550/6014 6028/12551/6016 6027/12552/6015
f 6027/12552/6015 6028/12551/6016 6030/12553/6018 6029/12554/6017
f 6029/12554/6017 6030/12553/6018 6032/12555/6020 6031/12556/6019
f 6031/12556/6019 6032/12555/6020 6034/12557/6022 6033/12558/6021
f 6033/12558/6021 6034/12557/6022 6036/12559/6024 6035/12560/6023
f 6035/12560/6023 6036/12559/6024 6038/12561/6026 6037/12562/6025
f 6037/12562/6025 6038/12561/6026 6040/12563/6028 6039/12564/6027
f 6039/12564/6027 6040/12563/6028 6042/12565/6030 6041/12566/6029
f 6028/12567/6016 6026/12568/6014 6044/12569/6032 6042/12570/6030 6040/12571/6028 6038/12572/6026 6036/12573/6024 6034/12574/6022 6032/12575/6020 6030/12576/6018
f 6041/12566/6029 6042/12565/6030 6044/12577/6032 6043/12578/6031
f 6043/12578/6031 6044/12577/6032 6026/12579/6014 6025/12580/6013
f 6025/12581/6013 6027/12582/6015 6029/12583/6017 6031/12584/6019 6033/12585/6021 6035/12586/6023 6037/12587/6025 6039/12588/6027 6041/12589/6029 6043/12590/6031
o Socket.295
v 0.475000 0.080000 -0.251000
v 0.475000 0.088000 -0.251000
v 0.478527 0.080000 -0.249854
v 0.478527 0.088000 -0.249854
v 0.480706 0.080000 -0.246854
v 0.480706 0.088000 -0.246854
v 0.480706 0.080000 -0.243146
v 0.480706 0.088000 -0.243146
v 0.478527 0.080000 -0.240146
v 0.478527 0.088000 -0.240146
v 0.475000 0.080000 -0.239000
v 0.475000 0.088000 -0.239000
v 0.471473 0.080000 -0.240146
v 0.471473 0.088000 -0.240146
v 0.469294 0.080000 -0.243146
v 0.469294 0.088000 -0.243146
v 0.469294 0.080000 -0.246854
v 0.469294 0.088000 -0.246854
v 0.471473 0.080000 -0.249854
v 0.471473 0.088000 -0.249854
vn -0.0000 -0.6437 -0.7653
vn -0.0000 0.6437 -0.7653
vn 0.4498 -0.6437 -0.6191
vn 0.4498 0.6437 -0.6191
vn 0.7278 -0.6437 -0.2365
vn 0.7278 0.6437 -0.2365
vn 0.7278 -0.6437 0.2365
vn 0.7278 0.6437 0.2365
vn 0.4498 -0.6437 0.6191
vn 0.4498 0.6437 0.6191
vn -0.0000 -0.6437 0.7653
vn -0.0000 0.6437 0.7653
vn -0.4498 -0.6437 0.6191
vn -0.4498 0.6437 0.6191
vn -0.7278 -0.6437 0.2365
vn -0.7278 0.6437 0.2365
vn -0.7278 -0.6437 -0.2365
vn -0.7278 0.6437 -0.2365
vn -0.4498 -0.6437 -0.6191
vn -0.4498 0.6437 -0.6191
vt 1.000000 0.500000
vt 1.000000 1.000000
vt 0.900000 1.000000
vt 0.900000 0.500000
vt 0.800000 1.000000
vt 0.800000 0.500000
vt 0.700000 1.000000
vt 0.700000 0.500000
vt 0.600000 1.000000
vt 0.600000 0.500000
vt 0.500000 1.000000
vt 0.500000 0.500000
vt 0.400000 1.000000
vt 0.400000 0.500000
vt 0.300000 1.000000
vt 0.300000 0.500000
vt 0.200000 1.000000
vt 0.200000 0.500000
vt 0.391068 0.444164
vt 0.250000 0.490000
vt 0.108932 0.444164
vt 0.021746 0.324164
vt 0.021746 0.175836
vt 0.108932 0.055836
vt 0.250000 0.010000
vt 0.391068 0.055836
vt 0.478254 0.175836
vt 0.478254 0.324164
vt 0.100000 1.000000
vt 0.100000 0.500000
vt -0.000000 1.000000
vt -0.000000 0.500000
vt 0.750000 0.490000
vt 0.891068 0.444164
vt 0.978254 0.324164
vt 0.978254 0.175836
vt 0.891068 0.055836
vt 0.750000 0.010000
vt 0.608932 0.055836
vt 0.521746 0.175836
vt 0.521746 0.324164
vt 0.608932 0.444164
s 1
usemtl M_Graphite
f 6045/12591/6033 6046/12592/6034 6048/12593/6036 6047/12594/6035
f 6047/12594/6035 6048/12593/6036 6050/12595/6038 6049/12596/6037
f 6049/12596/6037 6050/12595/6038 6052/12597/6040 6051/12598/6039
f 6051/12598/6039 6052/12597/6040 6054/12599/6042 6053/12600/6041
f 6053/12600/6041 6054/12599/6042 6056/12601/6044 6055/12602/6043
f 6055/12602/6043 6056/12601/6044 6058/12603/6046 6057/12604/6045
f 6057/12604/6045 6058/12603/6046 6060/12605/6048 6059/12606/6047
f 6059/12606/6047 6060/12605/6048 6062/12607/6050 6061/12608/6049
f 6048/12609/6036 6046/12610/6034 6064/12611/6052 6062/12612/6050 6060/12613/6048 6058/12614/6046 6056/12615/6044 6054/12616/6042 6052/12617/6040 6050/12618/6038
f 6061/12608/6049 6062/12607/6050 6064/12619/6052 6063/12620/6051
f 6063/12620/6051 6064/12619/6052 6046/12621/6034 6045/12622/6033
f 6045/12623/6033 6047/12624/6035 6049/12625/6037 6051/12626/6039 6053/12627/6041 6055/12628/6043 6057/12629/6045 6059/12630/6047 6061/12631/6049 6063/12632/6051
o Socket.296
v 0.520000 0.080000 -0.251000
v 0.520000 0.088000 -0.251000
v 0.523527 0.080000 -0.249854
v 0.523527 0.088000 -0.249854
v 0.525706 0.080000 -0.246854
v 0.525706 0.088000 -0.246854
v 0.525706 0.080000 -0.243146
v 0.525706 0.088000 -0.243146
v 0.523527 0.080000 -0.240146
v 0.523527 0.088000 -0.240146
v 0.520000 0.080000 -0.239000
v 0.520000 0.088000 -0.239000
v 0.516473 0.080000 -0.240146
v 0.516473 0.088000 -0.240146
v 0.514294 0.080000 -0.243146
v 0.514294 0.088000 -0.243146
v 0.514294 0.080000 -0.246854
v 0.514294 0.088000 -0.246854
v 0.516473 0.080000 -0.249854
v 0.516473 0.088000 -0.249854
vn -0.0000 -0.6437 -0.7653
vn -0.0000 0.6437 -0.7653
vn 0.4498 -0.6437 -0.6191
vn 0.4498 0.6437 -0.6191
vn 0.7278 -0.6437 -0.2365
vn 0.7278 0.6437 -0.2365
vn 0.7278 -0.6437 0.2365
vn 0.7278 0.6437 0.2365
vn 0.4498 -0.6437 0.6191
vn 0.4498 0.6437 0.6191
vn -0.0000 -0.6437 0.7653
vn -0.0000 0.6437 0.7653
vn -0.4498 -0.6437 0.6191
vn -0.4498 0.6437 0.6191
vn -0.7278 -0.6437 0.2365
vn -0.7278 0.6437 0.2365
vn -0.7278 -0.6437 -0.2365
vn -0.7278 0.6437 -0.2365
vn -0.4498 -0.6437 -0.6191
vn -0.4498 0.6437 -0.6191
vt 1.000000 0.500000
vt 1.000000 1.000000
vt 0.900000 1.000000
vt 0.900000 0.500000
vt 0.800000 1.000000
vt 0.800000 0.500000
vt 0.700000 1.000000
vt 0.700000 0.500000
vt 0.600000 1.000000
vt 0.600000 0.500000
vt 0.500000 1.000000
vt 0.500000 0.500000
vt 0.400000 1.000000
vt 0.400000 0.500000
vt 0.300000 1.000000
vt 0.300000 0.500000
vt 0.200000 1.000000
vt 0.200000 0.500000
vt 0.391068 0.444164
vt 0.250000 0.490000
vt 0.108932 0.444164
vt 0.021746 0.324164
vt 0.021746 0.175836
vt 0.108932 0.055836
vt 0.250000 0.010000
vt 0.391068 0.055836
vt 0.478254 0.175836
vt 0.478254 0.324164
vt 0.100000 1.000000
vt 0.100000 0.500000
vt -0.000000 1.000000
vt -0.000000 0.500000
vt 0.750000 0.490000
vt 0.891068 0.444164
vt 0.978254 0.324164
vt 0.978254 0.175836
vt 0.891068 0.055836
vt 0.750000 0.010000
vt 0.608932 0.055836
vt 0.521746 0.175836
vt 0.521746 0.324164
vt 0.608932 0.444164
s 1
usemtl M_Graphite
f 6065/12633/6053 6066/12634/6054 6068/12635/6056 6067/12636/6055
f 6067/12636/6055 6068/12635/6056 6070/12637/6058 6069/12638/6057
f 6069/12638/6057 6070/12637/6058 6072/12639/6060 6071/12640/6059
f 6071/12640/6059 6072/12639/6060 6074/12641/6062 6073/12642/6061
f 6073/12642/6061 6074/12641/6062 6076/12643/6064 6075/12644/6063
f 6075/12644/6063 6076/12643/6064 6078/12645/6066 6077/12646/6065
f 6077/12646/6065 6078/12645/6066 6080/12647/6068 6079/12648/6067
f 6079/12648/6067 6080/12647/6068 6082/12649/6070 6081/12650/6069
f 6068/12651/6056 6066/12652/6054 6084/12653/6072 6082/12654/6070 6080/12655/6068 6078/12656/6066 6076/12657/6064 6074/12658/6062 6072/12659/6060 6070/12660/6058
f 6081/12650/6069 6082/12649/6070 6084/12661/6072 6083/12662/6071
f 6083/12662/6071 6084/12661/6072 6066/12663/6054 6065/12664/6053
f 6065/12665/6053 6067/12666/6055 6069/12667/6057 6071/12668/6059 6073/12669/6061 6075/12670/6063 6077/12671/6065 6079/12672/6067 6081/12673/6069 6083/12674/6071
o Socket.297
v 0.565000 0.080000 -0.251000
v 0.565000 0.088000 -0.251000
v 0.568527 0.080000 -0.249854
v 0.568527 0.088000 -0.249854
v 0.570706 0.080000 -0.246854
v 0.570706 0.088000 -0.246854
v 0.570706 0.080000 -0.243146
v 0.570706 0.088000 -0.243146
v 0.568527 0.080000 -0.240146
v 0.568527 0.088000 -0.240146
v 0.565000 0.080000 -0.239000
v 0.565000 0.088000 -0.239000
v 0.561473 0.080000 -0.240146
v 0.561473 0.088000 -0.240146
v 0.559294 0.080000 -0.243146
v 0.559294 0.088000 -0.243146
v 0.559294 0.080000 -0.246854
v 0.559294 0.088000 -0.246854
v 0.561473 0.080000 -0.249854
v 0.561473 0.088000 -0.249854
vn -0.0000 -0.6437 -0.7653
vn -0.0000 0.6437 -0.7653
vn 0.4498 -0.6437 -0.6191
vn 0.4498 0.6437 -0.6191
vn 0.7278 -0.6437 -0.2365
vn 0.7278 0.6437 -0.2365
vn 0.7278 -0.6437 0.2365
vn 0.7278 0.6437 0.2365
vn 0.4498 -0.6437 0.6191
vn 0.4498 0.6437 0.6191
vn -0.0000 -0.6437 0.7653
vn -0.0000 0.6437 0.7653
vn -0.4498 -0.6437 0.6191
vn -0.4498 0.6437 0.6191
vn -0.7278 -0.6437 0.2365
vn -0.7278 0.6437 0.2365
vn -0.7278 -0.6437 -0.2365
vn -0.7278 0.6437 -0.2365
vn -0.4498 -0.6437 -0.6191
vn -0.4498 0.6437 -0.6191
vt 1.000000 0.500000
vt 1.000000 1.000000
vt 0.900000 1.000000
vt 0.900000 0.500000
vt 0.800000 1.000000
vt 0.800000 0.500000
vt 0.700000 1.000000
vt 0.700000 0.500000
vt 0.600000 1.000000
vt 0.600000 0.500000
vt 0.500000 1.000000
vt 0.500000 0.500000
vt 0.400000 1.000000
vt 0.400000 0.500000
vt 0.300000 1.000000
vt 0.300000 0.500000
vt 0.200000 1.000000
vt 0.200000 0.500000
vt 0.391068 0.444164
vt 0.250000 0.490000
vt 0.108932 0.444164
vt 0.021746 0.324164
vt 0.021746 0.175836
vt 0.108932 0.055836
vt 0.250000 0.010000
vt 0.391068 0.055836
vt 0.478254 0.175836
vt 0.478254 0.324164
vt 0.100000 1.000000
vt 0.100000 0.500000
vt -0.000000 1.000000
vt -0.000000 0.500000
vt 0.750000 0.490000
vt 0.891068 0.444164
vt 0.978254 0.324164
vt 0.978254 0.175836
vt 0.891068 0.055836
vt 0.750000 0.010000
vt 0.608932 0.055836
vt 0.521746 0.175836
vt 0.521746 0.324164
vt 0.608932 0.444164
s 1
usemtl M_Graphite
f 6085/12675/6073 6086/12676/6074 6088/12677/6076 6087/12678/6075
f 6087/12678/6075 6088/12677/6076 6090/12679/6078 6089/12680/6077
f 6089/12680/6077 6090/12679/6078 6092/12681/6080 6091/12682/6079
f 6091/12682/6079 6092/12681/6080 6094/12683/6082 6093/12684/6081
f 6093/12684/6081 6094/12683/6082 6096/12685/6084 6095/12686/6083
f 6095/12686/6083 6096/12685/6084 6098/12687/6086 6097/12688/6085
f 6097/12688/6085 6098/12687/6086 6100/12689/6088 6099/12690/6087
f 6099/12690/6087 6100/12689/6088 6102/12691/6090 6101/12692/6089
f 6088/12693/6076 6086/12694/6074 6104/12695/6092 6102/12696/6090 6100/12697/6088 6098/12698/6086 6096/12699/6084 6094/12700/6082 6092/12701/6080 6090/12702/6078
f 6101/12692/6089 6102/12691/6090 6104/12703/6092 6103/12704/6091
f 6103/12704/6091 6104/12703/6092 6086/12705/6074 6085/12706/6073
f 6085/12707/6073 6087/12708/6075 6089/12709/6077 6091/12710/6079 6093/12711/6081 6095/12712/6083 6097/12713/6085 6099/12714/6087 6101/12715/6089 6103/12716/6091
o Socket.298
v 0.610000 0.080000 -0.251000
v 0.610000 0.088000 -0.251000
v 0.613527 0.080000 -0.249854
v 0.613527 0.088000 -0.249854
v 0.615706 0.080000 -0.246854
v 0.615706 0.088000 -0.246854
v 0.615706 0.080000 -0.243146
v 0.615706 0.088000 -0.243146
v 0.613527 0.080000 -0.240146
v 0.613527 0.088000 -0.240146
v 0.610000 0.080000 -0.239000
v 0.610000 0.088000 -0.239000
v 0.606473 0.080000 -0.240146
v 0.606473 0.088000 -0.240146
v 0.604294 0.080000 -0.243146
v 0.604294 0.088000 -0.243146
v 0.604294 0.080000 -0.246854
v 0.604294 0.088000 -0.246854
v 0.606473 0.080000 -0.249854
v 0.606473 0.088000 -0.249854
vn -0.0000 -0.6437 -0.7653
vn -0.0000 0.6437 -0.7653
vn 0.4498 -0.6437 -0.6191
vn 0.4498 0.6437 -0.6191
vn 0.7278 -0.6437 -0.2365
vn 0.7278 0.6437 -0.2365
vn 0.7278 -0.6437 0.2365
vn 0.7278 0.6437 0.2365
vn 0.4498 -0.6437 0.6191
vn 0.4498 0.6437 0.6191
vn -0.0000 -0.6437 0.7653
vn -0.0000 0.6437 0.7653
vn -0.4498 -0.6437 0.6191
vn -0.4498 0.6437 0.6191
vn -0.7278 -0.6437 0.2365
vn -0.7278 0.6437 0.2365
vn -0.7278 -0.6437 -0.2365
vn -0.7278 0.6437 -0.2365
vn -0.4498 -0.6437 -0.6191
vn -0.4498 0.6437 -0.6191
vt 1.000000 0.500000
vt 1.000000 1.000000
vt 0.900000 1.000000
vt 0.900000 0.500000
vt 0.800000 1.000000
vt 0.800000 0.500000
vt 0.700000 1.000000
vt 0.700000 0.500000
vt 0.600000 1.000000
vt 0.600000 0.500000
vt 0.500000 1.000000
vt 0.500000 0.500000
vt 0.400000 1.000000
vt 0.400000 0.500000
vt 0.300000 1.000000
vt 0.300000 0.500000
vt 0.200000 1.000000
vt 0.200000 0.500000
vt 0.391068 0.444164
vt 0.250000 0.490000
vt 0.108932 0.444164
vt 0.021746 0.324164
vt 0.021746 0.175836
vt 0.108932 0.055836
vt 0.250000 0.010000
vt 0.391068 0.055836
vt 0.478254 0.175836
vt 0.478254 0.324164
vt 0.100000 1.000000
vt 0.100000 0.500000
vt -0.000000 1.000000
vt -0.000000 0.500000
vt 0.750000 0.490000
vt 0.891068 0.444164
vt 0.978254 0.324164
vt 0.978254 0.175836
vt 0.891068 0.055836
vt 0.750000 0.010000
vt 0.608932 0.055836
vt 0.521746 0.175836
vt 0.521746 0.324164
vt 0.608932 0.444164
s 1
usemtl M_Graphite
f 6105/12717/6093 6106/12718/6094 6108/12719/6096 6107/12720/6095
f 6107/12720/6095 6108/12719/6096 6110/12721/6098 6109/12722/6097
f 6109/12722/6097 6110/12721/6098 6112/12723/6100 6111/12724/6099
f 6111/12724/6099 6112/12723/6100 6114/12725/6102 6113/12726/6101
f 6113/12726/6101 6114/12725/6102 6116/12727/6104 6115/12728/6103
f 6115/12728/6103 6116/12727/6104 6118/12729/6106 6117/12730/6105
f 6117/12730/6105 6118/12729/6106 6120/12731/6108 6119/12732/6107
f 6119/12732/6107 6120/12731/6108 6122/12733/6110 6121/12734/6109
f 6108/12735/6096 6106/12736/6094 6124/12737/6112 6122/12738/6110 6120/12739/6108 6118/12740/6106 6116/12741/6104 6114/12742/6102 6112/12743/6100 6110/12744/6098
f 6121/12734/6109 6122/12733/6110 6124/12745/6112 6123/12746/6111
f 6123/12746/6111 6124/12745/6112 6106/12747/6094 6105/12748/6093
f 6105/12749/6093 6107/12750/6095 6109/12751/6097 6111/12752/6099 6113/12753/6101 6115/12754/6103 6117/12755/6105 6119/12756/6107 6121/12757/6109 6123/12758/6111
o Socket.299
v 0.655000 0.080000 -0.251000
v 0.655000 0.088000 -0.251000
v 0.658527 0.080000 -0.249854
v 0.658527 0.088000 -0.249854
v 0.660706 0.080000 -0.246854
v 0.660706 0.088000 -0.246854
v 0.660706 0.080000 -0.243146
v 0.660706 0.088000 -0.243146
v 0.658527 0.080000 -0.240146
v 0.658527 0.088000 -0.240146
v 0.655000 0.080000 -0.239000
v 0.655000 0.088000 -0.239000
v 0.651473 0.080000 -0.240146
v 0.651473 0.088000 -0.240146
v 0.649294 0.080000 -0.243146
v 0.649294 0.088000 -0.243146
v 0.649294 0.080000 -0.246854
v 0.649294 0.088000 -0.246854
v 0.651473 0.080000 -0.249854
v 0.651473 0.088000 -0.249854
vn -0.0000 -0.6437 -0.7653
vn -0.0000 0.6437 -0.7653
vn 0.4498 -0.6437 -0.6191
vn 0.4498 0.6437 -0.6191
vn 0.7278 -0.6437 -0.2365
vn 0.7278 0.6437 -0.2365
vn 0.7278 -0.6437 0.2365
vn 0.7278 0.6437 0.2365
vn 0.4498 -0.6437 0.6191
vn 0.4498 0.6437 0.6191
vn -0.0000 -0.6437 0.7653
vn -0.0000 0.6437 0.7653
vn -0.4498 -0.6437 0.6191
vn -0.4498 0.6437 0.6191
vn -0.7278 -0.6437 0.2365
vn -0.7278 0.6437 0.2365
vn -0.7278 -0.6437 -0.2365
vn -0.7278 0.6437 -0.2365
vn -0.4498 -0.6437 -0.6191
vn -0.4498 0.6437 -0.6191
vt 1.000000 0.500000
vt 1.000000 1.000000
vt 0.900000 1.000000
vt 0.900000 0.500000
vt 0.800000 1.000000
vt 0.800000 0.500000
vt 0.700000 1.000000
vt 0.700000 0.500000
vt 0.600000 1.000000
vt 0.600000 0.500000
vt 0.500000 1.000000
vt 0.500000 0.500000
vt 0.400000 1.000000
vt 0.400000 0.500000
vt 0.300000 1.000000
vt 0.300000 0.500000
vt 0.200000 1.000000
vt 0.200000 0.500000
vt 0.391068 0.444164
vt 0.250000 0.490000
vt 0.108932 0.444164
vt 0.021746 0.324164
vt 0.021746 0.175836
vt 0.108932 0.055836
vt 0.250000 0.010000
vt 0.391068 0.055836
vt 0.478254 0.175836
vt 0.478254 0.324164
vt 0.100000 1.000000
vt 0.100000 0.500000
vt -0.000000 1.000000
vt -0.000000 0.500000
vt 0.750000 0.490000
vt 0.891068 0.444164
vt 0.978254 0.324164
vt 0.978254 0.175836
vt 0.891068 0.055836
vt 0.750000 0.010000
vt 0.608932 0.055836
vt 0.521746 0.175836
vt 0.521746 0.324164
vt 0.608932 0.444164
s 1
usemtl M_Graphite
f 6125/12759/6113 6126/12760/6114 6128/12761/6116 6127/12762/6115
f 6127/12762/6115 6128/12761/6116 6130/12763/6118 6129/12764/6117
f 6129/12764/6117 6130/12763/6118 6132/12765/6120 6131/12766/6119
f 6131/12766/6119 6132/12765/6120 6134/12767/6122 6133/12768/6121
f 6133/12768/6121 6134/12767/6122 6136/12769/6124 6135/12770/6123
f 6135/12770/6123 6136/12769/6124 6138/12771/6126 6137/12772/6125
f 6137/12772/6125 6138/12771/6126 6140/12773/6128 6139/12774/6127
f 6139/12774/6127 6140/12773/6128 6142/12775/6130 6141/12776/6129
f 6128/12777/6116 6126/12778/6114 6144/12779/6132 6142/12780/6130 6140/12781/6128 6138/12782/6126 6136/12783/6124 6134/12784/6122 6132/12785/6120 6130/12786/6118
f 6141/12776/6129 6142/12775/6130 6144/12787/6132 6143/12788/6131
f 6143/12788/6131 6144/12787/6132 6126/12789/6114 6125/12790/6113
f 6125/12791/6113 6127/12792/6115 6129/12793/6117 6131/12794/6119 6133/12795/6121 6135/12796/6123 6137/12797/6125 6139/12798/6127 6141/12799/6129 6143/12800/6131
