# Blender 4.5.11 LTS
# www.blender.org
mtllib ToolRail.mtl
o Rail
v -0.295000 0.000000 0.015000
v -0.295000 0.005000 0.020000
v -0.300000 0.005000 0.015000
v -0.295000 0.001464 0.018536
v -0.297887 0.002113 0.017887
v -0.298536 0.005000 0.018536
v -0.298536 0.001464 0.015000
v -0.295000 0.055000 0.020000
v -0.295000 0.060000 0.015000
v -0.300000 0.055000 0.015000
v -0.295000 0.058536 0.018536
v -0.297887 0.057887 0.017887
v -0.298536 0.058536 0.015000
v -0.298536 0.055000 0.018536
v -0.295000 0.000000 -0.015000
v -0.300000 0.005000 -0.015000
v -0.295000 0.005000 -0.020000
v -0.298536 0.001464 -0.015000
v -0.297887 0.002113 -0.017887
v -0.298536 0.005000 -0.018536
v -0.295000 0.001464 -0.018536
v -0.295000 0.060000 -0.015000
v -0.295000 0.055000 -0.020000
v -0.300000 0.055000 -0.015000
v -0.295000 0.058536 -0.018536
v -0.297887 0.057887 -0.017887
v -0.298536 0.055000 -0.018536
v -0.298536 0.058536 -0.015000
v 0.295000 0.000000 0.015000
v 0.300000 0.005000 0.015000
v 0.295000 0.005000 0.020000
v 0.298536 0.001464 0.015000
v 0.297887 0.002113 0.017887
v 0.298536 0.005000 0.018536
v 0.295000 0.001464 0.018536
v 0.295000 0.060000 0.015000
v 0.295000 0.055000 0.020000
v 0.300000 0.055000 0.015000
v 0.295000 0.058536 0.018536
v 0.297887 0.057887 0.017887
v 0.298536 0.055000 0.018536
v 0.298536 0.058536 0.015000
v 0.295000 0.000000 -0.015000
v 0.295000 0.005000 -0.020000
v 0.300000 0.005000 -0.015000
v 0.295000 0.001464 -0.018536
v 0.297887 0.002113 -0.017887
v 0.298536 0.005000 -0.018536
v 0.298536 0.001464 -0.015000
v 0.295000 0.060000 -0.015000
v 0.300000 0.055000 -0.015000
v 0.295000 0.055000 -0.020000
v 0.298536 0.058536 -0.015000
v 0.297887 0.057887 -0.017887
v 0.298536 0.055000 -0.018536
v 0.295000 0.058536 -0.018536
vn -0.3251 -0.8881 0.3251
vn -0.3251 -0.3251 0.8881
vn -0.8881 -0.3251 0.3251
vn -0.3251 0.3251 0.8881
vn -0.3251 0.8881 0.3251
vn -0.8881 0.3251 0.3251
vn -0.3251 -0.8881 -0.3251
vn -0.8881 -0.3251 -0.3251
vn -0.3251 -0.3251 -0.8881
vn -0.3251 0.8881 -0.3251
vn -0.3251 0.3251 -0.8881
vn -0.8881 0.3251 -0.3251
vn 0.3251 -0.8881 0.3251
vn 0.8881 -0.3251 0.3251
vn 0.3251 -0.3251 0.8881
vn 0.3251 0.8881 0.3251
vn 0.3251 0.3251 0.8881
vn 0.8881 0.3251 0.3251
vn 0.3251 -0.8881 -0.3251
vn 0.3251 -0.3251 -0.8881
vn 0.8881 -0.3251 -0.3251
vn 0.3251 0.8881 -0.3251
vn 0.8881 0.3251 -0.3251
vn 0.3251 0.3251 -0.8881
vn -0.3827 -0.9239 -0.0000
vn -0.9239 -0.3827 -0.0000
vn -0.3827 -0.0000 0.9239
vn -0.9239 -0.0000 0.3827
vn -0.3827 0.9239 -0.0000
vn -0.9239 0.3827 -0.0000
vn -0.3827 -0.0000 -0.9239
vn -0.9239 -0.0000 -0.3827
vn -0.0000 -0.9239 -0.3827
vn -0.0000 -0.3827 -0.9239
vn -0.0000 0.9239 -0.3827
vn -0.0000 0.3827 -0.9239
vn 0.9239 -0.0000 -0.3827
vn 0.3827 -0.0000 -0.9239
vn 0.3827 -0.9239 -0.0000
vn 0.9239 -0.3827 -0.0000
vn 0.3827 0.9239 -0.0000
vn 0.9239 0.3827 -0.0000
vn 0.3827 -0.0000 0.9239
vn 0.9239 -0.0000 0.3827
vn -0.0000 -0.9239 0.3827
vn -0.0000 -0.3827 0.9239
vn -0.0000 0.9239 0.3827
vn -0.0000 0.3827 0.9239
vn -0.0000 -1.0000 -0.0000
vn -1.0000 -0.0000 -0.0000
vn -0.0000 -0.0000 1.0000
vn -0.0000 1.0000 -0.0000
vn -0.0000 -0.0000 -1.0000
vn 1.0000 -0.0000 -0.0000
vt 0.127083 0.718750
vt 0.127083 0.750000
vt 0.125880 0.750000
vt 0.125000 0.718750
vt 0.395833 0.997917
vt 0.395833 1.000000
vt 0.383805 1.000000
vt 0.375000 0.997917
vt 0.395833 0.031250
vt 0.375000 0.031250
vt 0.375000 0.013208
vt 0.395833 0.000000
vt 0.604167 0.997917
vt 0.625000 0.997917
vt 0.625000 0.999120
vt 0.604167 1.000000
vt 0.872917 0.718750
vt 0.875000 0.718750
vt 0.875000 0.736792
vt 0.872917 0.750000
vt 0.604167 0.031250
vt 0.604167 0.000000
vt 0.616195 0.000000
vt 0.625000 0.031250
vt 0.127083 0.531250
vt 0.125000 0.531250
vt 0.125000 0.513208
vt 0.127083 0.500000
vt 0.395833 0.218750
vt 0.395833 0.250000
vt 0.379403 0.250440
vt 0.375000 0.218750
vt 0.395833 0.252083
vt 0.375000 0.252083
vt 0.872917 0.531250
vt 0.872917 0.500000
vt 0.874120 0.500000
vt 0.875000 0.531250
vt 0.604167 0.252083
vt 0.604167 0.250000
vt 0.620597 0.243396
vt 0.625000 0.252083
vt 0.604167 0.218750
vt 0.625000 0.218750
vt 0.372917 0.718750
vt 0.375000 0.718750
vt 0.377935 0.745891
vt 0.373958 0.751042
vt 0.395833 0.718750
vt 0.395833 0.750000
vt 0.395833 0.752083
vt 0.627083 0.718750
vt 0.626042 0.751042
vt 0.622358 0.745597
vt 0.625000 0.718750
vt 0.604167 0.752083
vt 0.604167 0.750000
vt 0.604167 0.718750
vt 0.372917 0.531250
vt 0.373958 0.498958
vt 0.377642 0.504403
vt 0.375000 0.531250
vt 0.395833 0.497917
vt 0.395833 0.500000
vt 0.395833 0.531250
vt 0.627083 0.531250
vt 0.625000 0.531250
vt 0.622065 0.504109
vt 0.626042 0.498958
vt 0.604167 0.531250
vt 0.604167 0.500000
vt 0.604167 0.497917
s 0
usemtl M_Graphite
f 1/1/1 4/2/1 5/3/1 7/4/1
f 2/5/2 6/6/2 5/7/2 4/8/2
f 3/9/3 7/10/3 5/11/3 6/12/3
f 8/13/4 11/14/4 12/15/4 14/16/4
f 9/17/5 13/18/5 12/19/5 11/20/5
f 10/21/6 14/22/6 12/23/6 13/24/6
f 15/25/7 18/26/7 19/27/7 21/28/7
f 16/29/8 20/30/8 19/31/8 18/32/8
f 17/33/9 21/34/9 19/31/9 20/30/9
f 22/35/10 25/36/10 26/37/10 28/38/10
f 23/39/11 27/40/11 26/41/11 25/42/11
f 24/43/12 28/44/12 26/41/12 27/40/12
f 29/45/13 32/46/13 33/47/13 35/48/13
f 30/49/14 34/50/14 33/47/14 32/46/14
f 31/51/15 35/48/15 33/47/15 34/50/15
f 36/52/16 39/53/16 40/54/16 42/55/16
f 37/56/17 41/57/17 40/54/17 39/53/17
f 38/58/18 42/55/18 40/54/18 41/57/18
f 43/59/19 46/60/19 47/61/19 49/62/19
f 44/63/20 48/64/20 47/61/20 46/60/20
f 45/65/21 49/62/21 47/61/21 48/64/21
f 50/66/22 53/67/22 54/68/22 56/69/22
f 51/70/23 55/71/23 54/68/23 53/67/23
f 52/72/24 56/69/24 54/68/24 55/71/24
f 15/25/25 1/1/25 7/4/25 18/26/25
f 18/32/26 7/10/26 3/9/26 16/29/26
f 2/5/27 8/13/27 14/16/27 6/6/27
f 6/12/28 14/22/28 10/21/28 3/9/28
f 9/17/29 22/35/29 28/38/29 13/18/29
f 13/24/30 28/44/30 24/43/30 10/21/30
f 23/39/31 17/33/31 20/30/31 27/40/31
f 27/40/32 20/30/32 16/29/32 24/43/32
f 43/59/33 15/25/33 21/28/33 46/60/33
f 46/60/34 21/34/34 17/33/34 44/63/34
f 22/35/35 50/66/35 56/69/35 25/36/35
f 25/42/36 56/69/36 52/72/36 23/39/36
f 51/70/37 45/65/37 48/64/37 55/71/37
f 55/71/38 48/64/38 44/63/38 52/72/38
f 29/45/39 43/59/39 49/62/39 32/46/39
f 32/46/40 49/62/40 45/65/40 30/49/40
f 50/66/41 36/52/41 42/55/41 53/67/41
f 53/67/42 42/55/42 38/58/42 51/70/42
f 37/56/43 31/51/43 34/50/43 41/57/43
f 41/57/44 34/50/44 30/49/44 38/58/44
f 1/1/45 29/45/45 35/48/45 4/2/45
f 4/8/46 35/48/46 31/51/46 2/5/46
f 36/52/47 9/17/47 11/20/47 39/53/47
f 39/53/48 11/14/48 8/13/48 37/56/48
f 15/25/49 43/59/49 29/45/49 1/1/49
f 3/9/50 10/21/50 24/43/50 16/29/50
f 31/51/51 37/56/51 8/13/51 2/5/51
f 50/66/52 22/35/52 9/17/52 36/52/52
f 17/33/53 23/39/53 52/72/53 44/63/53
f 45/65/54 51/70/54 38/58/54 30/49/54
o Hook
v -0.211000 0.000000 0.025000
v -0.212172 0.002828 0.025000
v -0.215000 0.004000 0.025000
v -0.217828 0.002828 0.025000
v -0.219000 0.000000 0.025000
v -0.217828 -0.002828 0.025000
v -0.215000 -0.004000 0.025000
v -0.212172 -0.002828 0.025000
v -0.211557 0.000000 0.019342
v -0.212706 0.002828 0.019571
v -0.215480 0.004000 0.020123
v -0.218254 0.002828 0.020675
v -0.219404 0.000000 0.020903
v -0.218254 -0.002828 0.020675
v -0.215480 -0.004000 0.020123
v -0.212706 -0.002828 0.019571
v -0.213207 0.000000 0.013902
v -0.214290 0.002828 0.014351
v -0.216903 0.004000 0.015433
v -0.219516 0.002828 0.016515
v -0.220599 0.000000 0.016964
v -0.219516 -0.002828 0.016515
v -0.216903 -0.004000 0.015433
v -0.214290 -0.002828 0.014351
v -0.215887 0.000000 0.008888
v -0.216862 0.002828 0.009539
v -0.219213 0.004000 0.011111
v -0.221565 0.002828 0.012682
v -0.222539 0.000000 0.013333
v -0.221565 -0.002828 0.012682
v -0.219213 -0.004000 0.011111
v -0.216862 -0.002828 0.009539
v -0.219494 0.000000 0.004494
v -0.220322 0.002828 0.005322
v -0.222322 0.004000 0.007322
v -0.224322 0.002828 0.009322
v -0.225151 0.000000 0.010151
v -0.224322 -0.002828 0.009322
v -0.222322 -0.004000 0.007322
v -0.220322 -0.002828 0.005322
v -0.223888 0.000000 0.000887
v -0.224539 0.002828 0.001862
v -0.226111 0.004000 0.004213
v -0.227682 0.002828 0.006565
v -0.228333 0.000000 0.007539
v -0.227682 -0.002828 0.006565
v -0.226111 -0.004000 0.004213
v -0.224539 -0.002828 0.001862
v -0.228902 0.000000 -0.001793
v -0.229351 0.002828 -0.000710
v -0.230433 0.004000 0.001903
v -0.231515 0.002828 0.004516
v -0.231964 0.000000 0.005599
v -0.231515 -0.002828 0.004516
v -0.230433 -0.004000 0.001903
v -0.229351 -0.002828 -0.000710
v -0.234342 0.000000 -0.003443
v -0.234571 0.002828 -0.002294
v -0.235123 0.004000 0.000480
v -0.235675 0.002828 0.003254
v -0.235903 0.000000 0.004404
v -0.235675 -0.002828 0.003254
v -0.235123 -0.004000 0.000480
v -0.234571 -0.002828 -0.002294
v -0.240000 0.000000 -0.004000
v -0.240000 0.002828 -0.002828
v -0.240000 0.004000 0.000000
v -0.240000 0.002828 0.002828
v -0.240000 0.000000 0.004000
v -0.240000 -0.002828 0.002828
v -0.240000 -0.004000 0.000000
v -0.240000 -0.002828 -0.002828
v -0.245658 0.000000 -0.003443
v -0.245429 0.002828 -0.002294
v -0.244877 0.004000 0.000480
v -0.244325 0.002828 0.003254
v -0.244097 0.000000 0.004404
v -0.244325 -0.002828 0.003254
v -0.244877 -0.004000 0.000480
v -0.245429 -0.002828 -0.002294
v -0.251098 0.000000 -0.001793
v -0.250649 0.002828 -0.000710
v -0.249567 0.004000 0.001903
v -0.248485 0.002828 0.004516
v -0.248036 0.000000 0.005599
v -0.248485 -0.002828 0.004516
v -0.249567 -0.004000 0.001903
v -0.250649 -0.002828 -0.000710
v -0.256112 0.000000 0.000887
v -0.255461 0.002828 0.001862
v -0.253889 0.004000 0.004213
v -0.252318 0.002828 0.006565
v -0.251667 0.000000 0.007539
v -0.252318 -0.002828 0.006565
v -0.253889 -0.004000 0.004213
v -0.255461 -0.002828 0.001862
v -0.260506 0.000000 0.004494
v -0.259678 0.002828 0.005322
v -0.257678 0.004000 0.007322
v -0.255678 0.002828 0.009322
v -0.254849 0.000000 0.010151
v -0.255678 -0.002828 0.009322
v -0.257678 -0.004000 0.007322
v -0.259678 -0.002828 0.005322
v -0.264113 0.000000 0.008888
v -0.263138 0.002828 0.009539
v -0.260787 0.004000 0.011111
v -0.258435 0.002828 0.012682
v -0.257461 0.000000 0.013333
v -0.258435 -0.002828 0.012682
v -0.260787 -0.004000 0.011111
v -0.263138 -0.002828 0.009539
v -0.266793 0.000000 0.013902
v -0.265710 0.002828 0.014351
v -0.263097 0.004000 0.015433
v -0.260484 0.002828 0.016515
v -0.259401 0.000000 0.016964
v -0.260484 -0.002828 0.016515
v -0.263097 -0.004000 0.015433
v -0.265710 -0.002828 0.014351
v -0.268443 0.000000 0.019342
v -0.267294 0.002828 0.019571
v -0.264520 0.004000 0.020123
v -0.261746 0.002828 0.020675
v -0.260596 0.000000 0.020903
v -0.261746 -0.002828 0.020675
v -0.264520 -0.004000 0.020123
v -0.267294 -0.002828 0.019571
v -0.269000 0.000000 0.025000
v -0.267828 0.002828 0.025000
v -0.265000 0.004000 0.025000
v -0.262172 0.002828 0.025000
v -0.261000 0.000000 0.025000
v -0.262172 -0.002828 0.025000
v -0.265000 -0.004000 0.025000
v -0.267828 -0.002828 0.025000
v -0.268443 0.000000 0.030658
v -0.267294 0.002828 0.030429
v -0.264520 0.004000 0.029877
v -0.261746 0.002828 0.029325
v -0.260596 0.000000 0.029097
v -0.261746 -0.002828 0.029325
v -0.264520 -0.004000 0.029877
v -0.267294 -0.002828 0.030429
v -0.266793 0.000000 0.036098
v -0.265710 0.002828 0.035649
v -0.263097 0.004000 0.034567
v -0.260484 0.002828 0.033485
v -0.259401 0.000000 0.033036
v -0.260484 -0.002828 0.033485
v -0.263097 -0.004000 0.034567
v -0.265710 -0.002828 0.035649
v -0.264113 0.000000 0.041112
v -0.263138 0.002828 0.040461
v -0.260787 0.004000 0.038889
v -0.258435 0.002828 0.037318
v -0.257461 0.000000 0.036667
v -0.258435 -0.002828 0.037318
v -0.260787 -0.004000 0.038889
v -0.263138 -0.002828 0.040461
v -0.260506 0.000000 0.045506
v -0.259678 0.002828 0.044678
v -0.257678 0.004000 0.042678
v -0.255678 0.002828 0.040678
v -0.254849 0.000000 0.039849
v -0.255678 -0.002828 0.040678
v -0.257678 -0.004000 0.042678
v -0.259678 -0.002828 0.044678
v -0.256112 0.000000 0.049113
v -0.255461 0.002828 0.048138
v -0.253889 0.004000 0.045787
v -0.252318 0.002828 0.043435
v -0.251667 0.000000 0.042461
v -0.252318 -0.002828 0.043435
v -0.253889 -0.004000 0.045787
v -0.255461 -0.002828 0.048138
v -0.251098 0.000000 0.051793
v -0.250649 0.002828 0.050710
v -0.249567 0.004000 0.048097
v -0.248485 0.002828 0.045484
v -0.248036 0.000000 0.044401
v -0.248485 -0.002828 0.045484
v -0.249567 -0.004000 0.048097
v -0.250649 -0.002828 0.050710
v -0.245658 0.000000 0.053443
v -0.245429 0.002828 0.052294
v -0.244877 0.004000 0.049520
v -0.244325 0.002828 0.046746
v -0.244097 0.000000 0.045596
v -0.244325 -0.002828 0.046746
v -0.244877 -0.004000 0.049520
v -0.245429 -0.002828 0.052294
v -0.240000 0.000000 0.054000
v -0.240000 0.002828 0.052828
v -0.240000 0.004000 0.050000
v -0.240000 0.002828 0.047172
v -0.240000 0.000000 0.046000
v -0.240000 -0.002828 0.047172
v -0.240000 -0.004000 0.050000
v -0.240000 -0.002828 0.052828
v -0.234342 0.000000 0.053443
v -0.234571 0.002828 0.052294
v -0.235123 0.004000 0.049520
v -0.235675 0.002828 0.046746
v -0.235903 0.000000 0.045596
v -0.235675 -0.002828 0.046746
v -0.235123 -0.004000 0.049520
v -0.234571 -0.002828 0.052294
v -0.228902 0.000000 0.051793
v -0.229351 0.002828 0.050710
v -0.230433 0.004000 0.048097
v -0.231515 0.002828 0.045484
v -0.231964 0.000000 0.044401
v -0.231515 -0.002828 0.045484
v -0.230433 -0.004000 0.048097
v -0.229351 -0.002828 0.050710
v -0.223888 0.000000 0.049113
v -0.224539 0.002828 0.048138
v -0.226111 0.004000 0.045787
v -0.227682 0.002828 0.043435
v -0.228333 0.000000 0.042461
v -0.227682 -0.002828 0.043435
v -0.226111 -0.004000 0.045787
v -0.224539 -0.002828 0.048138
v -0.219494 0.000000 0.045506
v -0.220322 0.002828 0.044678
v -0.222322 0.004000 0.042678
v -0.224322 0.002828 0.040678
v -0.225151 0.000000 0.039849
v -0.224322 -0.002828 0.040678
v -0.222322 -0.004000 0.042678
v -0.220322 -0.002828 0.044678
v -0.215887 0.000000 0.041112
v -0.216862 0.002828 0.040461
v -0.219213 0.004000 0.038889
v -0.221565 0.002828 0.037318
v -0.222539 0.000000 0.036667
v -0.221565 -0.002828 0.037318
v -0.219213 -0.004000 0.038889
v -0.216862 -0.002828 0.040461
v -0.213207 0.000000 0.036098
v -0.214290 0.002828 0.035649
v -0.216903 0.004000 0.034567
v -0.219516 0.002828 0.033485
v -0.220599 0.000000 0.033036
v -0.219516 -0.002828 0.033485
v -0.216903 -0.004000 0.034567
v -0.214290 -0.002828 0.035649
v -0.211557 0.000000 0.030658
v -0.212706 0.002828 0.030429
v -0.215480 0.004000 0.029877
v -0.218254 0.002828 0.029325
v -0.219404 0.000000 0.029097
v -0.218254 -0.002828 0.029325
v -0.215480 -0.004000 0.029877
v -0.212706 -0.002828 0.030429
vn 1.0000 -0.0000 -0.0000
vn 0.7187 0.6954 -0.0000
vn 0.0239 0.9997 -0.0000
vn -0.6948 0.7192 -0.0000
vn -1.0000 -0.0000 -0.0000
vn -0.6948 -0.7192 -0.0000
vn 0.0239 -0.9997 -0.0000
vn 0.7187 -0.6954 -0.0000
vn 0.9808 -0.0000 -0.1951
vn 0.7049 0.6954 -0.1402
vn 0.0234 0.9997 -0.0047
vn -0.6814 0.7192 0.1355
vn -0.9808 -0.0000 0.1951
vn -0.6814 -0.7192 0.1355
vn 0.0234 -0.9997 -0.0047
vn 0.7049 -0.6954 -0.1402
vn 0.9239 -0.0000 -0.3827
vn 0.6640 0.6954 -0.2750
vn 0.0221 0.9997 -0.0091
vn -0.6419 0.7192 0.2659
vn -0.9239 -0.0000 0.3827
vn -0.6419 -0.7192 0.2659
vn 0.0221 -0.9997 -0.0091
vn 0.6640 -0.6954 -0.2750
vn 0.8315 -0.0000 -0.5556
vn 0.5975 0.6954 -0.3993
vn 0.0199 0.9997 -0.0133
vn -0.5777 0.7192 0.3860
vn -0.8315 -0.0000 0.5556
vn -0.5777 -0.7192 0.3860
vn 0.0199 -0.9997 -0.0133
vn 0.5975 -0.6954 -0.3993
vn 0.7071 -0.0000 -0.7071
vn 0.5082 0.6954 -0.5082
vn 0.0169 0.9997 -0.0169
vn -0.4913 0.7192 0.4913
vn -0.7071 -0.0000 0.7071
vn -0.4913 -0.7192 0.4913
vn 0.0169 -0.9997 -0.0169
vn 0.5082 -0.6954 -0.5082
vn 0.5556 -0.0000 -0.8315
vn 0.3993 0.6954 -0.5975
vn 0.0133 0.9997 -0.0199
vn -0.3860 0.7192 0.5777
vn -0.5556 -0.0000 0.8315
vn -0.3860 -0.7192 0.5777
vn 0.0133 -0.9997 -0.0199
vn 0.3993 -0.6954 -0.5975
vn 0.3827 -0.0000 -0.9239
vn 0.2750 0.6954 -0.6640
vn 0.0091 0.9997 -0.0221
vn -0.2659 0.7192 0.6419
vn -0.3827 -0.0000 0.9239
vn -0.2659 -0.7192 0.6419
vn 0.0091 -0.9997 -0.0221
vn 0.2750 -0.6954 -0.6640
vn 0.1951 -0.0000 -0.9808
vn 0.1402 0.6954 -0.7049
vn 0.0047 0.9997 -0.0234
vn -0.1355 0.7192 0.6814
vn -0.1951 -0.0000 0.9808
vn -0.1355 -0.7192 0.6814
vn 0.0047 -0.9997 -0.0234
vn 0.1402 -0.6954 -0.7049
vn -0.0000 -0.0000 -1.0000
vn -0.0000 0.6954 -0.7187
vn -0.0000 0.9997 -0.0239
vn -0.0000 0.7192 0.6948
vn -0.0000 -0.0000 1.0000
vn -0.0000 -0.7192 0.6948
vn -0.0000 -0.9997 -0.0239
vn -0.0000 -0.6954 -0.7187
vn -0.1951 -0.0000 -0.9808
vn -0.1402 0.6954 -0.7049
vn -0.0047 0.9997 -0.0234
vn 0.1355 0.7192 0.6814
vn 0.1951 -0.0000 0.9808
vn 0.1355 -0.7192 0.6814
vn -0.0047 -0.9997 -0.0234
vn -0.1402 -0.6954 -0.7049
vn -0.3827 -0.0000 -0.9239
vn -0.2750 0.6954 -0.6640
vn -0.0091 0.9997 -0.0221
vn 0.2659 0.7192 0.6419
vn 0.3827 -0.0000 0.9239
vn 0.2659 -0.7192 0.6419
vn -0.0091 -0.9997 -0.0221
vn -0.2750 -0.6954 -0.6640
vn -0.5556 -0.0000 -0.8315
vn -0.3993 0.6954 -0.5975
vn -0.0133 0.9997 -0.0199
vn 0.3860 0.7192 0.5777
vn 0.5556 -0.0000 0.8315
vn 0.3860 -0.7192 0.5777
vn -0.0133 -0.9997 -0.0199
vn -0.3993 -0.6954 -0.5975
vn -0.7071 -0.0000 -0.7071
vn -0.5082 0.6954 -0.5082
vn -0.0169 0.9997 -0.0169
vn 0.4913 0.7192 0.4913
vn 0.7071 -0.0000 0.7071
vn 0.4913 -0.7192 0.4913
vn -0.0169 -0.9997 -0.0169
vn -0.5082 -0.6954 -0.5082
vn -0.8315 -0.0000 -0.5556
vn -0.5975 0.6954 -0.3993
vn -0.0199 0.9997 -0.0133
vn 0.5777 0.7192 0.3860
vn 0.8315 -0.0000 0.5556
vn 0.5777 -0.7192 0.3860
vn -0.0199 -0.9997 -0.0133
vn -0.5975 -0.6954 -0.3993
vn -0.9239 -0.0000 -0.3827
vn -0.6640 0.6954 -0.2750
vn -0.0221 0.9997 -0.0091
vn 0.6419 0.7192 0.2659
vn 0.9239 -0.0000 0.3827
vn 0.6419 -0.7192 0.2659
vn -0.0221 -0.9997 -0.0091
vn -0.6640 -0.6954 -0.2750
vn -0.9808 -0.0000 -0.1951
vn -0.7049 0.6954 -0.1402
vn -0.0234 0.9997 -0.0047
vn 0.6814 0.7192 0.1355
vn 0.9808 -0.0000 0.1951
vn 0.6814 -0.7192 0.1355
vn -0.0234 -0.9997 -0.0047
vn -0.7049 -0.6954 -0.1402
vn -0.7187 0.6954 -0.0000
vn -0.0239 0.9997 -0.0000
vn 0.6948 0.7192 -0.0000
vn 0.6948 -0.7192 -0.0000
vn -0.0239 -0.9997 -0.0000
vn -0.7187 -0.6954 -0.0000
vn -0.7049 0.6954 0.1402
vn -0.0234 0.9997 0.0047
vn 0.6814 0.7192 -0.1355
vn 0.6814 -0.7192 -0.1355
vn -0.0234 -0.9997 0.0047
vn -0.7049 -0.6954 0.1402
vn -0.6640 0.6954 0.2750
vn -0.0221 0.9997 0.0091
vn 0.6419 0.7192 -0.2659
vn 0.6419 -0.7192 -0.2659
vn -0.0221 -0.9997 0.0091
vn -0.6640 -0.6954 0.2750
vn -0.5975 0.6954 0.3993
vn -0.0199 0.9997 0.0133
vn 0.5777 0.7192 -0.3860
vn 0.5777 -0.7192 -0.3860
vn -0.0199 -0.9997 0.0133
vn -0.5975 -0.6954 0.3993
vn -0.5082 0.6954 0.5082
vn -0.0169 0.9997 0.0169
vn 0.4913 0.7192 -0.4913
vn 0.4913 -0.7192 -0.4913
vn -0.0169 -0.9997 0.0169
vn -0.5082 -0.6954 0.5082
vn -0.3993 0.6954 0.5975
vn -0.0133 0.9997 0.0199
vn 0.3860 0.7192 -0.5777
vn 0.3860 -0.7192 -0.5777
vn -0.0133 -0.9997 0.0199
vn -0.3993 -0.6954 0.5975
vn -0.2750 0.6954 0.6640
vn -0.0091 0.9997 0.0221
vn 0.2659 0.7192 -0.6419
vn 0.2659 -0.7192 -0.6419
vn -0.0091 -0.9997 0.0221
vn -0.2750 -0.6954 0.6640
vn -0.1402 0.6954 0.7049
vn -0.0047 0.9997 0.0234
vn 0.1355 0.7192 -0.6814
vn 0.1355 -0.7192 -0.6814
vn -0.0047 -0.9997 0.0234
vn -0.1402 -0.6954 0.7049
vn -0.0000 0.6954 0.7187
vn -0.0000 0.9997 0.0239
vn -0.0000 0.7192 -0.6948
vn -0.0000 -0.7192 -0.6948
vn -0.0000 -0.9997 0.0239
vn -0.0000 -0.6954 0.7187
vn 0.1402 0.6954 0.7049
vn 0.0047 0.9997 0.0234
vn -0.1355 0.7192 -0.6814
vn -0.1355 -0.7192 -0.6814
vn 0.0047 -0.9997 0.0234
vn 0.1402 -0.6954 0.7049
vn 0.2750 0.6954 0.6640
vn 0.0091 0.9997 0.0221
vn -0.2659 0.7192 -0.6419
vn -0.2659 -0.7192 -0.6419
vn 0.0091 -0.9997 0.0221
vn 0.2750 -0.6954 0.6640
vn 0.3993 0.6954 0.5975
vn 0.0133 0.9997 0.0199
vn -0.3860 0.7192 -0.5777
vn -0.3860 -0.7192 -0.5777
vn 0.0133 -0.9997 0.0199
vn 0.3993 -0.6954 0.5975
vn 0.5082 0.6954 0.5082
vn 0.0169 0.9997 0.0169
vn -0.4913 0.7192 -0.4913
vn -0.4913 -0.7192 -0.4913
vn 0.0169 -0.9997 0.0169
vn 0.5082 -0.6954 0.5082
vn 0.5975 0.6954 0.3993
vn 0.0199 0.9997 0.0133
vn -0.5777 0.7192 -0.3860
vn -0.5777 -0.7192 -0.3860
vn 0.0199 -0.9997 0.0133
vn 0.5975 -0.6954 0.3993
vn 0.6640 0.6954 0.2750
vn 0.0221 0.9997 0.0091
vn -0.6419 0.7192 -0.2659
vn -0.6419 -0.7192 -0.2659
vn 0.0221 -0.9997 0.0091
vn 0.6640 -0.6954 0.2750
vn 0.7049 0.6954 0.1402
vn 0.0234 0.9997 0.0047
vn -0.6814 0.7192 -0.1355
vn -0.6814 -0.7192 -0.1355
vn 0.0234 -0.9997 0.0047
vn 0.7049 -0.6954 0.1402
vt 0.500000 0.500000
vt 0.531250 0.500000
vt 0.531250 0.625000
vt 0.500000 0.625000
vt 0.531250 0.750000
vt 0.500000 0.750000
vt 0.531250 0.875000
vt 0.500000 0.875000
vt 0.531250 1.000000
vt 0.500000 1.000000
vt 0.500000 0.000000
vt 0.531250 0.000000
vt 0.531250 0.125000
vt 0.500000 0.125000
vt 0.531250 0.250000
vt 0.500000 0.250000
vt 0.531250 0.375000
vt 0.500000 0.375000
vt 0.562500 0.500000
vt 0.562500 0.625000
vt 0.562500 0.750000
vt 0.562500 0.875000
vt 0.562500 1.000000
vt 0.562500 0.000000
vt 0.562500 0.125000
vt 0.562500 0.250000
vt 0.562500 0.375000
vt 0.593750 0.500000
vt 0.593750 0.625000
vt 0.593750 0.750000
vt 0.593750 0.875000
vt 0.593750 1.000000
vt 0.593750 0.000000
vt 0.593750 0.125000
vt 0.593750 0.250000
vt 0.593750 0.375000
vt 0.625000 0.500000
vt 0.625000 0.625000
vt 0.625000 0.750000
vt 0.625000 0.875000
vt 0.625000 1.000000
vt 0.625000 0.000000
vt 0.625000 0.125000
vt 0.625000 0.250000
vt 0.625000 0.375000
vt 0.656250 0.500000
vt 0.656250 0.625000
vt 0.656250 0.750000
vt 0.656250 0.875000
vt 0.656250 1.000000
vt 0.656250 0.000000
vt 0.656250 0.125000
vt 0.656250 0.250000
vt 0.656250 0.375000
vt 0.687500 0.500000
vt 0.687500 0.625000
vt 0.687500 0.750000
vt 0.687500 0.875000
vt 0.687500 1.000000
vt 0.687500 0.000000
vt 0.687500 0.125000
vt 0.687500 0.250000
vt 0.687500 0.375000
vt 0.718750 0.500000
vt 0.718750 0.625000
vt 0.718750 0.750000
vt 0.718750 0.875000
vt 0.718750 1.000000
vt 0.718750 0.000000
vt 0.718750 0.125000
vt 0.718750 0.250000
vt 0.718750 0.375000
vt 0.750000 0.500000
vt 0.750000 0.625000
vt 0.750000 0.750000
vt 0.750000 0.875000
vt 0.750000 1.000000
vt 0.750000 0.000000
vt 0.750000 0.125000
vt 0.750000 0.250000
vt 0.750000 0.375000
vt 0.781250 0.500000
vt 0.781250 0.625000
vt 0.781250 0.750000
vt 0.781250 0.875000
vt 0.781250 1.000000
vt 0.781250 0.000000
vt 0.781250 0.125000
vt 0.781250 0.250000
vt 0.781250 0.375000
vt 0.812500 0.500000
vt 0.812500 0.625000
vt 0.812500 0.750000
vt 0.812500 0.875000
vt 0.812500 1.000000
vt 0.812500 0.000000
vt 0.812500 0.125000
vt 0.812500 0.250000
vt 0.812500 0.375000
vt 0.843750 0.500000
vt 0.843750 0.625000
vt 0.843750 0.750000
vt 0.843750 0.875000
vt 0.843750 1.000000
vt 0.843750 0.000000
vt 0.843750 0.125000
vt 0.843750 0.250000
vt 0.843750 0.375000
vt 0.875000 0.500000
vt 0.875000 0.625000
vt 0.875000 0.750000
vt 0.875000 0.875000
vt 0.875000 1.000000
vt 0.875000 0.000000
vt 0.875000 0.125000
vt 0.875000 0.250000
vt 0.875000 0.375000
vt 0.906250 0.500000
vt 0.906250 0.625000
vt 0.906250 0.750000
vt 0.906250 0.875000
vt 0.906250 1.000000
vt 0.906250 0.000000
vt 0.906250 0.125000
vt 0.906250 0.250000
vt 0.906250 0.375000
vt 0.937500 0.500000
vt 0.937500 0.625000
vt 0.937500 0.750000
vt 0.937500 0.875000
vt 0.937500 1.000000
vt 0.937500 0.000000
vt 0.937500 0.125000
vt 0.937500 0.250000
vt 0.937500 0.375000
vt 0.968750 0.500000
vt 0.968750 0.625000
vt 0.968750 0.750000
vt 0.968750 0.875000
vt 0.968750 1.000000
vt 0.968750 0.000000
vt 0.968750 0.125000
vt 0.968750 0.250000
vt 0.968750 0.375000
vt 1.000000 0.500000
vt 1.000000 0.625000
vt 1.000000 0.750000
vt 1.000000 0.875000
vt 1.000000 1.000000
vt 1.000000 0.000000
vt 1.000000 0.125000
vt 1.000000 0.250000
vt 1.000000 0.375000
vt 0.000000 0.500000
vt 0.031250 0.500000
vt 0.031250 0.625000
vt 0.000000 0.625000
vt 0.031250 0.750000
vt 0.000000 0.750000
vt 0.031250 0.875000
vt 0.000000 0.875000
vt 0.031250 1.000000
vt 0.000000 1.000000
vt 0.000000 0.000000
vt 0.031250 0.000000
vt 0.031250 0.125000
vt 0.000000 0.125000
vt 0.031250 0.250000
vt 0.000000 0.250000
vt 0.031250 0.375000
vt 0.000000 0.375000
vt 0.062500 0.500000
vt 0.062500 0.625000
vt 0.062500 0.750000
vt 0.062500 0.875000
vt 0.062500 1.000000
vt 0.062500 0.000000
vt 0.062500 0.125000
vt 0.062500 0.250000
vt 0.062500 0.375000
vt 0.093750 0.500000
vt 0.093750 0.625000
vt 0.093750 0.750000
vt 0.093750 0.875000
vt 0.093750 1.000000
vt 0.093750 0.000000
vt 0.093750 0.125000
vt 0.093750 0.250000
vt 0.093750 0.375000
vt 0.125000 0.500000
vt 0.125000 0.625000
vt 0.125000 0.750000
vt 0.125000 0.875000
vt 0.125000 1.000000
vt 0.125000 0.000000
vt 0.125000 0.125000
vt 0.125000 0.250000
vt 0.125000 0.375000
vt 0.156250 0.500000
vt 0.156250 0.625000
vt 0.156250 0.750000
vt 0.156250 0.875000
vt 0.156250 1.000000
vt 0.156250 0.000000
vt 0.156250 0.125000
vt 0.156250 0.250000
vt 0.156250 0.375000
vt 0.187500 0.500000
vt 0.187500 0.625000
vt 0.187500 0.750000
vt 0.187500 0.875000
vt 0.187500 1.000000
vt 0.187500 0.000000
vt 0.187500 0.125000
vt 0.187500 0.250000
vt 0.187500 0.375000
vt 0.218750 0.500000
vt 0.218750 0.625000
vt 0.218750 0.750000
vt 0.218750 0.875000
vt 0.218750 1.000000
vt 0.218750 0.000000
vt 0.218750 0.125000
vt 0.218750 0.250000
vt 0.218750 0.375000
vt 0.250000 0.500000
vt 0.250000 0.625000
vt 0.250000 0.750000
vt 0.250000 0.875000
vt 0.250000 1.000000
vt 0.250000 0.000000
vt 0.250000 0.125000
vt 0.250000 0.250000
vt 0.250000 0.375000
vt 0.281250 0.500000
vt 0.281250 0.625000
vt 0.281250 0.750000
vt 0.281250 0.875000
vt 0.281250 1.000000
vt 0.281250 0.000000
vt 0.281250 0.125000
vt 0.281250 0.250000
vt 0.281250 0.375000
vt 0.312500 0.500000
vt 0.312500 0.625000
vt 0.312500 0.750000
vt 0.312500 0.875000
vt 0.312500 1.000000
vt 0.312500 0.000000
vt 0.312500 0.125000
vt 0.312500 0.250000
vt 0.312500 0.375000
vt 0.343750 0.500000
vt 0.343750 0.625000
vt 0.343750 0.750000
vt 0.343750 0.875000
vt 0.343750 1.000000
vt 0.343750 0.000000
vt 0.343750 0.125000
vt 0.343750 0.250000
vt 0.343750 0.375000
vt 0.375000 0.500000
vt 0.375000 0.625000
vt 0.375000 0.750000
vt 0.375000 0.875000
vt 0.375000 1.000000
vt 0.375000 0.000000
vt 0.375000 0.125000
vt 0.375000 0.250000
vt 0.375000 0.375000
vt 0.406250 0.500000
vt 0.406250 0.625000
vt 0.406250 0.750000
vt 0.406250 0.875000
vt 0.406250 1.000000
vt 0.406250 0.000000
vt 0.406250 0.125000
vt 0.406250 0.250000
vt 0.406250 0.375000
vt 0.437500 0.500000
vt 0.437500 0.625000
vt 0.437500 0.750000
vt 0.437500 0.875000
vt 0.437500 1.000000
vt 0.437500 0.000000
vt 0.437500 0.125000
vt 0.437500 0.250000
vt 0.437500 0.375000
vt 0.468750 0.500000
vt 0.468750 0.625000
vt 0.468750 0.750000
vt 0.468750 0.875000
vt 0.468750 1.000000
vt 0.468750 0.000000
vt 0.468750 0.125000
vt 0.468750 0.250000
vt 0.468750 0.375000
s 1
usemtl M_Brushed_Metal
f 57/73/55 65/74/63 66/75/64 58/76/56
f 58/76/56 66/75/64 67/77/65 59/78/57
f 59/78/57 67/77/65 68/79/66 60/80/58
f 60/80/58 68/79/66 69/81/67 61/82/59
f 61/83/59 69/84/67 70/85/68 62/86/60
f 62/86/60 70/85/68 71/87/69 63/88/61
f 63/88/61 71/87/69 72/89/70 64/90/62
f 64/90/62 72/89/70 65/74/63 57/73/55
f 65/74/63 73/91/71 74/92/72 66/75/64
f 66/75/64 74/92/72 75/93/73 67/77/65
f 67/77/65 75/93/73 76/94/74 68/79/66
f 68/79/66 76/94/74 77/95/75 69/81/67
f 69/84/67 77/96/75 78/97/76 70/85/68
f 70/85/68 78/97/76 79/98/77 71/87/69
f 71/87/69 79/98/77 80/99/78 72/89/70
f 72/89/70 80/99/78 73/91/71 65/74/63
f 73/91/71 81/100/79 82/101/80 74/92/72
f 74/92/72 82/101/80 83/102/81 75/93/73
f 75/93/73 83/102/81 84/103/82 76/94/74
f 76/94/74 84/103/82 85/104/83 77/95/75
f 77/96/75 85/105/83 86/106/84 78/97/76
f 78/97/76 86/106/84 87/107/85 79/98/77
f 79/98/77 87/107/85 88/108/86 80/99/78
f 80/99/78 88/108/86 81/100/79 73/91/71
f 81/100/79 89/109/87 90/110/88 82/101/80
f 82/101/80 90/110/88 91/111/89 83/102/81
f 83/102/81 91/111/89 92/112/90 84/103/82
f 84/103/82 92/112/90 93/113/91 85/104/83
f 85/105/83 93/114/91 94/115/92 86/106/84
f 86/106/84 94/115/92 95/116/93 87/107/85
f 87/107/85 95/116/93 96/117/94 88/108/86
f 88/108/86 96/117/94 89/109/87 81/100/79
f 89/109/87 97/118/95 98/119/96 90/110/88
f 90/110/88 98/119/96 99/120/97 91/111/89
f 91/111/89 99/120/97 100/121/98 92/112/90
f 92/112/90 100/121/98 101/122/99 93/113/91
f 93/114/91 101/123/99 102/124/100 94/115/92
f 94/115/92 102/124/100 103/125/101 95/116/93
f 95/116/93 103/125/101 104/126/102 96/117/94
f 96/117/94 104/126/102 97/118/95 89/109/87
f 97/118/95 105/127/103 106/128/104 98/119/96
f 98/119/96 106/128/104 107/129/105 99/120/97
f 99/120/97 107/129/105 108/130/106 100/121/98
f 100/121/98 108/130/106 109/131/107 101/122/99
f 101/123/99 109/132/107 110/133/108 102/124/100
f 102/124/100 110/133/108 111/134/109 103/125/101
f 103/125/101 111/134/109 112/135/110 104/126/102
f 104/126/102 112/135/110 105/127/103 97/118/95
f 105/127/103 113/136/111 114/137/112 106/128/104
f 106/128/104 114/137/112 115/138/113 107/129/105
f 107/129/105 115/138/113 116/139/114 108/130/106
f 108/130/106 116/139/114 117/140/115 109/131/107
f 109/132/107 117/141/115 118/142/116 110/133/108
f 110/133/108 118/142/116 119/143/117 111/134/109
f 111/134/109 119/143/117 120/144/118 112/135/110
f 112/135/110 120/144/118 113/136/111 105/127/103
f 113/136/111 121/145/119 122/146/120 114/137/112
f 114/137/112 122/146/120 123/147/121 115/138/113
f 115/138/113 123/147/121 124/148/122 116/139/114
f 116/139/114 124/148/122 125/149/123 117/140/115
f 117/141/115 125/150/123 126/151/124 118/142/116
f 118/142/116 126/151/124 127/152/125 119/143/117
f 119/143/117 127/152/125 128/153/126 120/144/118
f 120/144/118 128/153/126 121/145/119 113/136/111
f 121/145/119 129/154/127 130/155/128 122/146/120
f 122/146/120 130/155/128 131/156/129 123/147/121
f 123/147/121 131/156/129 132/157/130 124/148/122
f 124/148/122 132/157/130 133/158/131 125/149/123
f 125/150/123 133/159/131 134/160/132 126/151/124
f 126/151/124 134/160/132 135/161/133 127/152/125
f 127/152/125 135/161/133 136/162/134 128/153/126
f 128/153/126 136/162/134 129/154/127 121/145/119
f 129/154/127 137/163/135 138/164/136 130/155/128
f 130/155/128 138/164/136 139/165/137 131/156/129
f 131/156/129 139/165/137 140/166/138 132/157/130
f 132/157/130 140/166/138 141/167/139 133/158/131
f 133/159/131 141/168/139 142/169/140 134/160/132
f 134/160/132 142/169/140 143/170/141 135/161/133
f 135/161/133 143/170/141 144/171/142 136/162/134
f 136/162/134 144/171/142 137/163/135 129/154/127
f 137/163/135 145/172/143 146/173/144 138/164/136
f 138/164/136 146/173/144 147/174/145 139/165/137
f 139/165/137 147/174/145 148/175/146 140/166/138
f 140/166/138 148/175/146 149/176/147 141/167/139
f 141/168/139 149/177/147 150/178/148 142/169/140
f 142/169/140 150/178/148 151/179/149 143/170/141
f 143/170/141 151/179/149 152/180/150 144/171/142
f 144/171/142 152/180/150 145/172/143 137/163/135
f 145/172/143 153/181/151 154/182/152 146/173/144
f 146/173/144 154/182/152 155/183/153 147/174/145
f 147/174/145 155/183/153 156/184/154 148/175/146
f 148/175/146 156/184/154 157/185/155 149/176/147
f 149/177/147 157/186/155 158/187/156 150/178/148
f 150/178/148 158/187/156 159/188/157 151/179/149
f 151/179/149 159/188/157 160/189/158 152/180/150
f 152/180/150 160/189/158 153/181/151 145/172/143
f 153/181/151 161/190/159 162/191/160 154/182/152
f 154/182/152 162/191/160 163/192/161 155/183/153
f 155/183/153 163/192/161 164/193/162 156/184/154
f 156/184/154 164/193/162 165/194/163 157/185/155
f 157/186/155 165/195/163 166/196/164 158/187/156
f 158/187/156 166/196/164 167/197/165 159/188/157
f 159/188/157 167/197/165 168/198/166 160/189/158
f 160/189/158 168/198/166 161/190/159 153/181/151
f 161/190/159 169/199/167 170/200/168 162/191/160
f 162/191/160 170/200/168 171/201/169 163/192/161
f 163/192/161 171/201/169 172/202/170 164/193/162
f 164/193/162 172/202/170 173/203/171 165/194/163
f 165/195/163 173/204/171 174/205/172 166/196/164
f 166/196/164 174/205/172 175/206/173 167/197/165
f 167/197/165 175/206/173 176/207/174 168/198/166
f 168/198/166 176/207/174 169/199/167 161/190/159
f 169/199/167 177/208/175 178/209/176 170/200/168
f 170/200/168 178/209/176 179/210/177 171/201/169
f 171/201/169 179/210/177 180/211/178 172/202/170
f 172/202/170 180/211/178 181/212/179 173/203/171
f 173/204/171 181/213/179 182/214/180 174/205/172
f 174/205/172 182/214/180 183/215/181 175/206/173
f 175/206/173 183/215/181 184/216/182 176/207/174
f 176/207/174 184/216/182 177/208/175 169/199/167
f 177/208/175 185/217/59 186/218/183 178/209/176
f 178/209/176 186/218/183 187/219/184 179/210/177
f 179/210/177 187/219/184 188/220/185 180/211/178
f 180/211/178 188/220/185 189/221/55 181/212/179
f 181/213/179 189/222/55 190/223/186 182/214/180
f 182/214/180 190/223/186 191/224/187 183/215/181
f 183/215/181 191/224/187 192/225/188 184/216/182
f 184/216/182 192/225/188 185/217/59 177/208/175
f 185/226/59 193/227/67 194/228/189 186/229/183
f 186/229/183 194/228/189 195/230/190 187/231/184
f 187/231/184 195/230/190 196/232/191 188/233/185
f 188/233/185 196/232/191 197/234/63 189/235/55
f 189/236/55 197/237/63 198/238/192 190/239/186
f 190/239/186 198/238/192 199/240/193 191/241/187
f 191/241/187 199/240/193 200/242/194 192/243/188
f 192/243/188 200/242/194 193/227/67 185/226/59
f 193/227/67 201/244/75 202/245/195 194/228/189
f 194/228/189 202/245/195 203/246/196 195/230/190
f 195/230/190 203/246/196 204/247/197 196/232/191
f 196/232/191 204/247/197 205/248/71 197/234/63
f 197/237/63 205/249/71 206/250/198 198/238/192
f 198/238/192 206/250/198 207/251/199 199/240/193
f 199/240/193 207/251/199 208/252/200 200/242/194
f 200/242/194 208/252/200 201/244/75 193/227/67
f 201/244/75 209/253/83 210/254/201 202/245/195
f 202/245/195 210/254/201 211/255/202 203/246/196
f 203/246/196 211/255/202 212/256/203 204/247/197
f 204/247/197 212/256/203 213/257/79 205/248/71
f 205/249/71 213/258/79 214/259/204 206/250/198
f 206/250/198 214/259/204 215/260/205 207/251/199
f 207/251/199 215/260/205 216/261/206 208/252/200
f 208/252/200 216/261/206 209/253/83 201/244/75
f 209/253/83 217/262/91 218/263/207 210/254/201
f 210/254/201 218/263/207 219/264/208 211/255/202
f 211/255/202 219/264/208 220/265/209 212/256/203
f 212/256/203 220/265/209 221/266/87 213/257/79
f 213/258/79 221/267/87 222/268/210 214/259/204
f 214/259/204 222/268/210 223/269/211 215/260/205
f 215/260/205 223/269/211 224/270/212 216/261/206
f 216/261/206 224/270/212 217/262/91 209/253/83
f 217/262/91 225/271/99 226/272/213 218/263/207
f 218/263/207 226/272/213 227/273/214 219/264/208
f 219/264/208 227/273/214 228/274/215 220/265/209
f 220/265/209 228/274/215 229/275/95 221/266/87
f 221/267/87 229/276/95 230/277/216 222/268/210
f 222/268/210 230/277/216 231/278/217 223/269/211
f 223/269/211 231/278/217 232/279/218 224/270/212
f 224/270/212 232/279/218 225/271/99 217/262/91
f 225/271/99 233/280/107 234/281/219 226/272/213
f 226/272/213 234/281/219 235/282/220 227/273/214
f 227/273/214 235/282/220 236/283/221 228/274/215
f 228/274/215 236/283/221 237/284/103 229/275/95
f 229/276/95 237/285/103 238/286/222 230/277/216
f 230/277/216 238/286/222 239/287/223 231/278/217
f 231/278/217 239/287/223 240/288/224 232/279/218
f 232/279/218 240/288/224 233/280/107 225/271/99
f 233/280/107 241/289/115 242/290/225 234/281/219
f 234/281/219 242/290/225 243/291/226 235/282/220
f 235/282/220 243/291/226 244/292/227 236/283/221
f 236/283/221 244/292/227 245/293/111 237/284/103
f 237/285/103 245/294/111 246/295/228 238/286/222
f 238/286/222 246/295/228 247/296/229 239/287/223
f 239/287/223 247/296/229 248/297/230 240/288/224
f 240/288/224 248/297/230 241/289/115 233/280/107
f 241/289/115 249/298/123 250/299/231 242/290/225
f 242/290/225 250/299/231 251/300/232 243/291/226
f 243/291/226 251/300/232 252/301/233 244/292/227
f 244/292/227 252/301/233 253/302/119 245/293/111
f 245/294/111 253/303/119 254/304/234 246/295/228
f 246/295/228 254/304/234 255/305/235 247/296/229
f 247/296/229 255/305/235 256/306/236 248/297/230
f 248/297/230 256/306/236 249/298/123 241/289/115
f 249/298/123 257/307/131 258/308/237 250/299/231
f 250/299/231 258/308/237 259/309/238 251/300/232
f 251/300/232 259/309/238 260/310/239 252/301/233
f 252/301/233 260/310/239 261/311/127 253/302/119
f 253/303/119 261/312/127 262/313/240 254/304/234
f 254/304/234 262/313/240 263/314/241 255/305/235
f 255/305/235 263/314/241 264/315/242 256/306/236
f 256/306/236 264/315/242 257/307/131 249/298/123
f 257/307/131 265/316/139 266/317/243 258/308/237
f 258/308/237 266/317/243 267/318/244 259/309/238
f 259/309/238 267/318/244 268/319/245 260/310/239
f 260/310/239 268/319/245 269/320/135 261/311/127
f 261/312/127 269/321/135 270/322/246 262/313/240
f 262/313/240 270/322/246 271/323/247 263/314/241
f 263/314/241 271/323/247 272/324/248 264/315/242
f 264/315/242 272/324/248 265/316/139 257/307/131
f 265/316/139 273/325/147 274/326/249 266/317/243
f 266/317/243 274/326/249 275/327/250 267/318/244
f 267/318/244 275/327/250 276/328/251 268/319/245
f 268/319/245 276/328/251 277/329/143 269/320/135
f 269/321/135 277/330/143 278/331/252 270/322/246
f 270/322/246 278/331/252 279/332/253 271/323/247
f 271/323/247 279/332/253 280/333/254 272/324/248
f 272/324/248 280/333/254 273/325/147 265/316/139
f 273/325/147 281/334/155 282/335/255 274/326/249
f 274/326/249 282/335/255 283/336/256 275/327/250
f 275/327/250 283/336/256 284/337/257 276/328/251
f 276/328/251 284/337/257 285/338/151 277/329/143
f 277/330/143 285/339/151 286/340/258 278/331/252
f 278/331/252 286/340/258 287/341/259 279/332/253
f 279/332/253 287/341/259 288/342/260 280/333/254
f 280/333/254 288/342/260 281/334/155 273/325/147
f 281/334/155 289/343/163 290/344/261 282/335/255
f 282/335/255 290/344/261 291/345/262 283/336/256
f 283/336/256 291/345/262 292/346/263 284/337/257
f 284/337/257 292/346/263 293/347/159 285/338/151
f 285/339/151 293/348/159 294/349/264 286/340/258
f 286/340/258 294/349/264 295/350/265 287/341/259
f 287/341/259 295/350/265 296/351/266 288/342/260
f 288/342/260 296/351/266 289/343/163 281/334/155
f 289/343/163 297/352/171 298/353/267 290/344/261
f 290/344/261 298/353/267 299/354/268 291/345/262
f 291/345/262 299/354/268 300/355/269 292/346/263
f 292/346/263 300/355/269 301/356/167 293/347/159
f 293/348/159 301/357/167 302/358/270 294/349/264
f 294/349/264 302/358/270 303/359/271 295/350/265
f 295/350/265 303/359/271 304/360/272 296/351/266
f 296/351/266 304/360/272 297/352/171 289/343/163
f 297/352/171 305/361/179 306/362/273 298/353/267
f 298/353/267 306/362/273 307/363/274 299/354/268
f 299/354/268 307/363/274 308/364/275 300/355/269
f 300/355/269 308/364/275 309/365/175 301/356/167
f 301/357/167 309/366/175 310/367/276 302/358/270
f 302/358/270 310/367/276 311/368/277 303/359/271
f 303/359/271 311/368/277 312/369/278 304/360/272
f 304/360/272 312/369/278 305/361/179 297/352/171
f 305/361/179 57/73/55 58/76/56 306/362/273
f 306/362/273 58/76/56 59/78/57 307/363/274
f 307/363/274 59/78/57 60/80/58 308/364/275
f 308/364/275 60/80/58 61/82/59 309/365/175
f 309/366/175 61/83/59 62/86/60 310/367/276
f 310/367/276 62/86/60 63/88/61 311/368/277
f 311/368/277 63/88/61 64/90/62 312/369/278
f 312/369/278 64/90/62 57/73/55 305/361/179
o Hook.001
v -0.091000 0.000000 0.025000
v -0.092172 0.002828 0.025000
v -0.095000 0.004000 0.025000
v -0.097828 0.002828 0.025000
v -0.099000 0.000000 0.025000
v -0.097828 -0.002828 0.025000
v -0.095000 -0.004000 0.025000
v -0.092172 -0.002828 0.025000
v -0.091557 0.000000 0.019342
v -0.092706 0.002828 0.019571
v -0.095480 0.004000 0.020123
v -0.098254 0.002828 0.020675
v -0.099404 0.000000 0.020903
v -0.098254 -0.002828 0.020675
v -0.095480 -0.004000 0.020123
v -0.092706 -0.002828 0.019571
v -0.093207 0.000000 0.013902
v -0.094290 0.002828 0.014351
v -0.096903 0.004000 0.015433
v -0.099516 0.002828 0.016515
v -0.100599 0.000000 0.016964
v -0.099516 -0.002828 0.016515
v -0.096903 -0.004000 0.015433
v -0.094290 -0.002828 0.014351
v -0.095887 0.000000 0.008888
v -0.096862 0.002828 0.009539
v -0.099213 0.004000 0.011111
v -0.101565 0.002828 0.012682
v -0.102539 0.000000 0.013333
v -0.101565 -0.002828 0.012682
v -0.099213 -0.004000 0.011111
v -0.096862 -0.002828 0.009539
v -0.099494 0.000000 0.004494
v -0.100322 0.002828 0.005322
v -0.102322 0.004000 0.007322
v -0.104322 0.002828 0.009322
v -0.105151 0.000000 0.010151
v -0.104322 -0.002828 0.009322
v -0.102322 -0.004000 0.007322
v -0.100322 -0.002828 0.005322
v -0.103888 0.000000 0.000887
v -0.104539 0.002828 0.001862
v -0.106111 0.004000 0.004213
v -0.107682 0.002828 0.006565
v -0.108333 0.000000 0.007539
v -0.107682 -0.002828 0.006565
v -0.106111 -0.004000 0.004213
v -0.104539 -0.002828 0.001862
v -0.108902 0.000000 -0.001793
v -0.109351 0.002828 -0.000710
v -0.110433 0.004000 0.001903
v -0.111515 0.002828 0.004516
v -0.111964 0.000000 0.005599
v -0.111515 -0.002828 0.004516
v -0.110433 -0.004000 0.001903
v -0.109351 -0.002828 -0.000710
v -0.114342 0.000000 -0.003443
v -0.114571 0.002828 -0.002294
v -0.115123 0.004000 0.000480
v -0.115675 0.002828 0.003254
v -0.115903 0.000000 0.004404
v -0.115675 -0.002828 0.003254
v -0.115123 -0.004000 0.000480
v -0.114571 -0.002828 -0.002294
v -0.120000 0.000000 -0.004000
v -0.120000 0.002828 -0.002828
v -0.120000 0.004000 0.000000
v -0.120000 0.002828 0.002828
v -0.120000 0.000000 0.004000
v -0.120000 -0.002828 0.002828
v -0.120000 -0.004000 0.000000
v -0.120000 -0.002828 -0.002828
v -0.125658 0.000000 -0.003443
v -0.125429 0.002828 -0.002294
v -0.124877 0.004000 0.000480
v -0.124325 0.002828 0.003254
v -0.124097 0.000000 0.004404
v -0.124325 -0.002828 0.003254
v -0.124877 -0.004000 0.000480
v -0.125429 -0.002828 -0.002294
v -0.131098 0.000000 -0.001793
v -0.130649 0.002828 -0.000710
v -0.129567 0.004000 0.001903
v -0.128485 0.002828 0.004516
v -0.128036 0.000000 0.005599
v -0.128485 -0.002828 0.004516
v -0.129567 -0.004000 0.001903
v -0.130649 -0.002828 -0.000710
v -0.136112 0.000000 0.000887
v -0.135461 0.002828 0.001862
v -0.133889 0.004000 0.004213
v -0.132318 0.002828 0.006565
v -0.131667 0.000000 0.007539
v -0.132318 -0.002828 0.006565
v -0.133889 -0.004000 0.004213
v -0.135461 -0.002828 0.001862
v -0.140506 0.000000 0.004494
v -0.139678 0.002828 0.005322
v -0.137678 0.004000 0.007322
v -0.135678 0.002828 0.009322
v -0.134849 0.000000 0.010151
v -0.135678 -0.002828 0.009322
v -0.137678 -0.004000 0.007322
v -0.139678 -0.002828 0.005322
v -0.144113 0.000000 0.008888
v -0.143138 0.002828 0.009539
v -0.140787 0.004000 0.011111
v -0.138435 0.002828 0.012682
v -0.137461 0.000000 0.013333
v -0.138435 -0.002828 0.012682
v -0.140787 -0.004000 0.011111
v -0.143138 -0.002828 0.009539
v -0.146793 0.000000 0.013902
v -0.145710 0.002828 0.014351
v -0.143097 0.004000 0.015433
v -0.140484 0.002828 0.016515
v -0.139401 0.000000 0.016964
v -0.140484 -0.002828 0.016515
v -0.143097 -0.004000 0.015433
v -0.145710 -0.002828 0.014351
v -0.148443 0.000000 0.019342
v -0.147294 0.002828 0.019571
v -0.144520 0.004000 0.020123
v -0.141746 0.002828 0.020675
v -0.140596 0.000000 0.020903
v -0.141746 -0.002828 0.020675
v -0.144520 -0.004000 0.020123
v -0.147294 -0.002828 0.019571
v -0.149000 0.000000 0.025000
v -0.147828 0.002828 0.025000
v -0.145000 0.004000 0.025000
v -0.142172 0.002828 0.025000
v -0.141000 0.000000 0.025000
v -0.142172 -0.002828 0.025000
v -0.145000 -0.004000 0.025000
v -0.147828 -0.002828 0.025000
v -0.148443 0.000000 0.030658
v -0.147294 0.002828 0.030429
v -0.144520 0.004000 0.029877
v -0.141746 0.002828 0.029325
v -0.140596 0.000000 0.029097
v -0.141746 -0.002828 0.029325
v -0.144520 -0.004000 0.029877
v -0.147294 -0.002828 0.030429
v -0.146793 0.000000 0.036098
v -0.145710 0.002828 0.035649
v -0.143097 0.004000 0.034567
v -0.140484 0.002828 0.033485
v -0.139401 0.000000 0.033036
v -0.140484 -0.002828 0.033485
v -0.143097 -0.004000 0.034567
v -0.145710 -0.002828 0.035649
v -0.144113 0.000000 0.041112
v -0.143138 0.002828 0.040461
v -0.140787 0.004000 0.038889
v -0.138435 0.002828 0.037318
v -0.137461 0.000000 0.036667
v -0.138435 -0.002828 0.037318
v -0.140787 -0.004000 0.038889
v -0.143138 -0.002828 0.040461
v -0.140506 0.000000 0.045506
v -0.139678 0.002828 0.044678
v -0.137678 0.004000 0.042678
v -0.135678 0.002828 0.040678
v -0.134849 0.000000 0.039849
v -0.135678 -0.002828 0.040678
v -0.137678 -0.004000 0.042678
v -0.139678 -0.002828 0.044678
v -0.136112 0.000000 0.049113
v -0.135461 0.002828 0.048138
v -0.133889 0.004000 0.045787
v -0.132318 0.002828 0.043435
v -0.131667 0.000000 0.042461
v -0.132318 -0.002828 0.043435
v -0.133889 -0.004000 0.045787
v -0.135461 -0.002828 0.048138
v -0.131098 0.000000 0.051793
v -0.130649 0.002828 0.050710
v -0.129567 0.004000 0.048097
v -0.128485 0.002828 0.045484
v -0.128036 0.000000 0.044401
v -0.128485 -0.002828 0.045484
v -0.129567 -0.004000 0.048097
v -0.130649 -0.002828 0.050710
v -0.125658 0.000000 0.053443
v -0.125429 0.002828 0.052294
v -0.124877 0.004000 0.049520
v -0.124325 0.002828 0.046746
v -0.124097 0.000000 0.045596
v -0.124325 -0.002828 0.046746
v -0.124877 -0.004000 0.049520
v -0.125429 -0.002828 0.052294
v -0.120000 0.000000 0.054000
v -0.120000 0.002828 0.052828
v -0.120000 0.004000 0.050000
v -0.120000 0.002828 0.047172
v -0.120000 0.000000 0.046000
v -0.120000 -0.002828 0.047172
v -0.120000 -0.004000 0.050000
v -0.120000 -0.002828 0.052828
v -0.114342 0.000000 0.053443
v -0.114571 0.002828 0.052294
v -0.115123 0.004000 0.049520
v -0.115675 0.002828 0.046746
v -0.115903 0.000000 0.045596
v -0.115675 -0.002828 0.046746
v -0.115123 -0.004000 0.049520
v -0.114571 -0.002828 0.052294
v -0.108902 0.000000 0.051793
v -0.109351 0.002828 0.050710
v -0.110433 0.004000 0.048097
v -0.111515 0.002828 0.045484
v -0.111964 0.000000 0.044401
v -0.111515 -0.002828 0.045484
v -0.110433 -0.004000 0.048097
v -0.109351 -0.002828 0.050710
v -0.103888 0.000000 0.049113
v -0.104539 0.002828 0.048138
v -0.106111 0.004000 0.045787
v -0.107682 0.002828 0.043435
v -0.108333 0.000000 0.042461
v -0.107682 -0.002828 0.043435
v -0.106111 -0.004000 0.045787
v -0.104539 -0.002828 0.048138
v -0.099494 0.000000 0.045506
v -0.100322 0.002828 0.044678
v -0.102322 0.004000 0.042678
v -0.104322 0.002828 0.040678
v -0.105151 0.000000 0.039849
v -0.104322 -0.002828 0.040678
v -0.102322 -0.004000 0.042678
v -0.100322 -0.002828 0.044678
v -0.095887 0.000000 0.041112
v -0.096862 0.002828 0.040461
v -0.099213 0.004000 0.038889
v -0.101565 0.002828 0.037318
v -0.102539 0.000000 0.036667
v -0.101565 -0.002828 0.037318
v -0.099213 -0.004000 0.038889
v -0.096862 -0.002828 0.040461
v -0.093207 0.000000 0.036098
v -0.094290 0.002828 0.035649
v -0.096903 0.004000 0.034567
v -0.099516 0.002828 0.033485
v -0.100599 0.000000 0.033036
v -0.099516 -0.002828 0.033485
v -0.096903 -0.004000 0.034567
v -0.094290 -0.002828 0.035649
v -0.091557 0.000000 0.030658
v -0.092706 0.002828 0.030429
v -0.095480 0.004000 0.029877
v -0.098254 0.002828 0.029325
v -0.099404 0.000000 0.029097
v -0.098254 -0.002828 0.029325
v -0.095480 -0.004000 0.029877
v -0.092706 -0.002828 0.030429
vn 1.0000 -0.0000 -0.0000
vn 0.7187 0.6954 -0.0000
vn 0.0239 0.9997 -0.0000
vn -0.6948 0.7192 -0.0000
vn -1.0000 -0.0000 -0.0000
vn -0.6948 -0.7192 -0.0000
vn 0.0239 -0.9997 -0.0000
vn 0.7187 -0.6954 -0.0000
vn 0.9808 -0.0000 -0.1951
vn 0.7049 0.6954 -0.1402
vn 0.0234 0.9997 -0.0047
vn -0.6814 0.7192 0.1355
vn -0.9808 -0.0000 0.1951
vn -0.6814 -0.7192 0.1355
vn 0.0234 -0.9997 -0.0047
vn 0.7049 -0.6954 -0.1402
vn 0.9239 -0.0000 -0.3827
vn 0.6640 0.6954 -0.2750
vn 0.0221 0.9997 -0.0091
vn -0.6419 0.7192 0.2659
vn -0.9239 -0.0000 0.3827
vn -0.6419 -0.7192 0.2659
vn 0.0221 -0.9997 -0.0091
vn 0.6640 -0.6954 -0.2750
vn 0.8315 -0.0000 -0.5556
vn 0.5975 0.6954 -0.3993
vn 0.0199 0.9997 -0.0133
vn -0.5777 0.7192 0.3860
vn -0.8315 -0.0000 0.5556
vn -0.5777 -0.7192 0.3860
vn 0.0199 -0.9997 -0.0133
vn 0.5975 -0.6954 -0.3993
vn 0.7071 -0.0000 -0.7071
vn 0.5082 0.6954 -0.5082
vn 0.0169 0.9997 -0.0169
vn -0.4913 0.7192 0.4913
vn -0.7071 -0.0000 0.7071
vn -0.4913 -0.7192 0.4913
vn 0.0169 -0.9997 -0.0169
vn 0.5082 -0.6954 -0.5082
vn 0.5556 -0.0000 -0.8315
vn 0.3993 0.6954 -0.5975
vn 0.0133 0.9997 -0.0199
vn -0.3860 0.7192 0.5777
vn -0.5556 -0.0000 0.8315
vn -0.3860 -0.7192 0.5777
vn 0.0133 -0.9997 -0.0199
vn 0.3993 -0.6954 -0.5975
vn 0.3827 -0.0000 -0.9239
vn 0.2750 0.6954 -0.6640
vn 0.0091 0.9997 -0.0221
vn -0.2659 0.7192 0.6419
vn -0.3827 -0.0000 0.9239
vn -0.2659 -0.7192 0.6419
vn 0.0091 -0.9997 -0.0221
vn 0.2750 -0.6954 -0.6640
vn 0.1951 -0.0000 -0.9808
vn 0.1402 0.6954 -0.7049
vn 0.0047 0.9997 -0.0234
vn -0.1355 0.7192 0.6814
vn -0.1951 -0.0000 0.9808
vn -0.1355 -0.7192 0.6814
vn 0.0047 -0.9997 -0.0234
vn 0.1402 -0.6954 -0.7049
vn -0.0000 -0.0000 -1.0000
vn -0.0000 0.6954 -0.7187
vn -0.0000 0.9997 -0.0239
vn -0.0000 0.7192 0.6948
vn -0.0000 -0.0000 1.0000
vn -0.0000 -0.7192 0.6948
vn -0.0000 -0.9997 -0.0239
vn -0.0000 -0.6954 -0.7187
vn -0.1951 -0.0000 -0.9808
vn -0.1402 0.6954 -0.7049
vn -0.0047 0.9997 -0.0234
vn 0.1355 0.7192 0.6814
vn 0.1951 -0.0000 0.9808
vn 0.1355 -0.7192 0.6814
vn -0.0047 -0.9997 -0.0234
vn -0.1402 -0.6954 -0.7049
vn -0.3827 -0.0000 -0.9239
vn -0.2750 0.6954 -0.6640
vn -0.0091 0.9997 -0.0221
vn 0.2659 0.7192 0.6419
vn 0.3827 -0.0000 0.9239
vn 0.2659 -0.7192 0.6419
vn -0.0091 -0.9997 -0.0221
vn -0.2750 -0.6954 -0.6640
vn -0.5556 -0.0000 -0.8315
vn -0.3993 0.6954 -0.5975
vn -0.0133 0.9997 -0.0199
vn 0.3860 0.7192 0.5777
vn 0.5556 -0.0000 0.8315
vn 0.3860 -0.7192 0.5777
vn -0.0133 -0.9997 -0.0199
vn -0.3993 -0.6954 -0.5975
vn -0.7071 -0.0000 -0.7071
vn -0.5082 0.6954 -0.5082
vn -0.0169 0.9997 -0.0169
vn 0.4913 0.7192 0.4913
vn 0.7071 -0.0000 0.7071
vn 0.4913 -0.7192 0.4913
vn -0.0169 -0.9997 -0.0169
vn -0.5082 -0.6954 -0.5082
vn -0.8315 -0.0000 -0.5556
vn -0.5975 0.6954 -0.3993
vn -0.0199 0.9997 -0.0133
vn 0.5777 0.7192 0.3860
vn 0.8315 -0.0000 0.5556
vn 0.5777 -0.7192 0.3860
vn -0.0199 -0.9997 -0.0133
vn -0.5975 -0.6954 -0.3993
vn -0.9239 -0.0000 -0.3827
vn -0.6640 0.6954 -0.2750
vn -0.0221 0.9997 -0.0091
vn 0.6419 0.7192 0.2659
vn 0.9239 -0.0000 0.3827
vn 0.6419 -0.7192 0.2659
vn -0.0221 -0.9997 -0.0091
vn -0.6640 -0.6954 -0.2750
vn -0.9808 -0.0000 -0.1951
vn -0.7049 0.6954 -0.1402
vn -0.0234 0.9997 -0.0047
vn 0.6814 0.7192 0.1355
vn 0.9808 -0.0000 0.1951
vn 0.6814 -0.7192 0.1355
vn -0.0234 -0.9997 -0.0047
vn -0.7049 -0.6954 -0.1402
vn -0.7187 0.6954 -0.0000
vn -0.0239 0.9997 -0.0000
vn 0.6948 0.7192 -0.0000
vn 0.6948 -0.7192 -0.0000
vn -0.0239 -0.9997 -0.0000
vn -0.7187 -0.6954 -0.0000
vn -0.7049 0.6954 0.1402
vn -0.0234 0.9997 0.0047
vn 0.6814 0.7192 -0.1355
vn 0.6814 -0.7192 -0.1355
vn -0.0234 -0.9997 0.0047
vn -0.7049 -0.6954 0.1402
vn -0.6640 0.6954 0.2750
vn -0.0221 0.9997 0.0091
vn 0.6419 0.7192 -0.2659
vn 0.6419 -0.7192 -0.2659
vn -0.0221 -0.9997 0.0091
vn -0.6640 -0.6954 0.2750
vn -0.5975 0.6954 0.3993
vn -0.0199 0.9997 0.0133
vn 0.5777 0.7192 -0.3860
vn 0.5777 -0.7192 -0.3860
vn -0.0199 -0.9997 0.0133
vn -0.5975 -0.6954 0.3993
vn -0.5082 0.6954 0.5082
vn -0.0169 0.9997 0.0169
vn 0.4913 0.7192 -0.4913
vn 0.4913 -0.7192 -0.4913
vn -0.0169 -0.9997 0.0169
vn -0.5082 -0.6954 0.5082
vn -0.3993 0.6954 0.5975
vn -0.0133 0.9997 0.0199
vn 0.3860 0.7192 -0.5777
vn 0.3860 -0.7192 -0.5777
vn -0.0133 -0.9997 0.0199
vn -0.3993 -0.6954 0.5975
vn -0.2750 0.6954 0.6640
vn -0.0091 0.9997 0.0221
vn 0.2659 0.7192 -0.6419
vn 0.2659 -0.7192 -0.6419
vn -0.0091 -0.9997 0.0221
vn -0.2750 -0.6954 0.6640
vn -0.1402 0.6954 0.7049
vn -0.0047 0.9997 0.0234
vn 0.1355 0.7192 -0.6814
vn 0.1355 -0.7192 -0.6814
vn -0.0047 -0.9997 0.0234
vn -0.1402 -0.6954 0.7049
vn -0.0000 0.6954 0.7187
vn -0.0000 0.9997 0.0239
vn -0.0000 0.7192 -0.6948
vn -0.0000 -0.7192 -0.6948
vn -0.0000 -0.9997 0.0239
vn -0.0000 -0.6954 0.7187
vn 0.1402 0.6954 0.7049
vn 0.0047 0.9997 0.0234
vn -0.1355 0.7192 -0.6814
vn -0.1355 -0.7192 -0.6814
vn 0.0047 -0.9997 0.0234
vn 0.1402 -0.6954 0.7049
vn 0.2750 0.6954 0.6640
vn 0.0091 0.9997 0.0221
vn -0.2659 0.7192 -0.6419
vn -0.2659 -0.7192 -0.6419
vn 0.0091 -0.9997 0.0221
vn 0.2750 -0.6954 0.6640
vn 0.3993 0.6954 0.5975
vn 0.0133 0.9997 0.0199
vn -0.3860 0.7192 -0.5777
vn -0.3860 -0.7192 -0.5777
vn 0.0133 -0.9997 0.0199
vn 0.3993 -0.6954 0.5975
vn 0.5082 0.6954 0.5082
vn 0.0169 0.9997 0.0169
vn -0.4913 0.7192 -0.4913
vn -0.4913 -0.7192 -0.4913
vn 0.0169 -0.9997 0.0169
vn 0.5082 -0.6954 0.5082
vn 0.5975 0.6954 0.3993
vn 0.0199 0.9997 0.0133
vn -0.5777 0.7192 -0.3860
vn -0.5777 -0.7192 -0.3860
vn 0.0199 -0.9997 0.0133
vn 0.5975 -0.6954 0.3993
vn 0.6640 0.6954 0.2750
vn 0.0221 0.9997 0.0091
vn -0.6419 0.7192 -0.2659
vn -0.6419 -0.7192 -0.2659
vn 0.0221 -0.9997 0.0091
vn 0.6640 -0.6954 0.2750
vn 0.7049 0.6954 0.1402
vn 0.0234 0.9997 0.0047
vn -0.6814 0.7192 -0.1355
vn -0.6814 -0.7192 -0.1355
vn 0.0234 -0.9997 0.0047
vn 0.7049 -0.6954 0.1402
vt 0.500000 0.500000
vt 0.531250 0.500000
vt 0.531250 0.625000
vt 0.500000 0.625000
vt 0.531250 0.750000
vt 0.500000 0.750000
vt 0.531250 0.875000
vt 0.500000 0.875000
vt 0.531250 1.000000
vt 0.500000 1.000000
vt 0.500000 0.000000
vt 0.531250 0.000000
vt 0.531250 0.125000
vt 0.500000 0.125000
vt 0.531250 0.250000
vt 0.500000 0.250000
vt 0.531250 0.375000
vt 0.500000 0.375000
vt 0.562500 0.500000
vt 0.562500 0.625000
vt 0.562500 0.750000
vt 0.562500 0.875000
vt 0.562500 1.000000
vt 0.562500 0.000000
vt 0.562500 0.125000
vt 0.562500 0.250000
vt 0.562500 0.375000
vt 0.593750 0.500000
vt 0.593750 0.625000
vt 0.593750 0.750000
vt 0.593750 0.875000
vt 0.593750 1.000000
vt 0.593750 0.000000
vt 0.593750 0.125000
vt 0.593750 0.250000
vt 0.593750 0.375000
vt 0.625000 0.500000
vt 0.625000 0.625000
vt 0.625000 0.750000
vt 0.625000 0.875000
vt 0.625000 1.000000
vt 0.625000 0.000000
vt 0.625000 0.125000
vt 0.625000 0.250000
vt 0.625000 0.375000
vt 0.656250 0.500000
vt 0.656250 0.625000
vt 0.656250 0.750000
vt 0.656250 0.875000
vt 0.656250 1.000000
vt 0.656250 0.000000
vt 0.656250 0.125000
vt 0.656250 0.250000
vt 0.656250 0.375000
vt 0.687500 0.500000
vt 0.687500 0.625000
vt 0.687500 0.750000
vt 0.687500 0.875000
vt 0.687500 1.000000
vt 0.687500 0.000000
vt 0.687500 0.125000
vt 0.687500 0.250000
vt 0.687500 0.375000
vt 0.718750 0.500000
vt 0.718750 0.625000
vt 0.718750 0.750000
vt 0.718750 0.875000
vt 0.718750 1.000000
vt 0.718750 0.000000
vt 0.718750 0.125000
vt 0.718750 0.250000
vt 0.718750 0.375000
vt 0.750000 0.500000
vt 0.750000 0.625000
vt 0.750000 0.750000
vt 0.750000 0.875000
vt 0.750000 1.000000
vt 0.750000 0.000000
vt 0.750000 0.125000
vt 0.750000 0.250000
vt 0.750000 0.375000
vt 0.781250 0.500000
vt 0.781250 0.625000
vt 0.781250 0.750000
vt 0.781250 0.875000
vt 0.781250 1.000000
vt 0.781250 0.000000
vt 0.781250 0.125000
vt 0.781250 0.250000
vt 0.781250 0.375000
vt 0.812500 0.500000
vt 0.812500 0.625000
vt 0.812500 0.750000
vt 0.812500 0.875000
vt 0.812500 1.000000
vt 0.812500 0.000000
vt 0.812500 0.125000
vt 0.812500 0.250000
vt 0.812500 0.375000
vt 0.843750 0.500000
vt 0.843750 0.625000
vt 0.843750 0.750000
vt 0.843750 0.875000
vt 0.843750 1.000000
vt 0.843750 0.000000
vt 0.843750 0.125000
vt 0.843750 0.250000
vt 0.843750 0.375000
vt 0.875000 0.500000
vt 0.875000 0.625000
vt 0.875000 0.750000
vt 0.875000 0.875000
vt 0.875000 1.000000
vt 0.875000 0.000000
vt 0.875000 0.125000
vt 0.875000 0.250000
vt 0.875000 0.375000
vt 0.906250 0.500000
vt 0.906250 0.625000
vt 0.906250 0.750000
vt 0.906250 0.875000
vt 0.906250 1.000000
vt 0.906250 0.000000
vt 0.906250 0.125000
vt 0.906250 0.250000
vt 0.906250 0.375000
vt 0.937500 0.500000
vt 0.937500 0.625000
vt 0.937500 0.750000
vt 0.937500 0.875000
vt 0.937500 1.000000
vt 0.937500 0.000000
vt 0.937500 0.125000
vt 0.937500 0.250000
vt 0.937500 0.375000
vt 0.968750 0.500000
vt 0.968750 0.625000
vt 0.968750 0.750000
vt 0.968750 0.875000
vt 0.968750 1.000000
vt 0.968750 0.000000
vt 0.968750 0.125000
vt 0.968750 0.250000
vt 0.968750 0.375000
vt 1.000000 0.500000
vt 1.000000 0.625000
vt 1.000000 0.750000
vt 1.000000 0.875000
vt 1.000000 1.000000
vt 1.000000 0.000000
vt 1.000000 0.125000
vt 1.000000 0.250000
vt 1.000000 0.375000
vt 0.000000 0.500000
vt 0.031250 0.500000
vt 0.031250 0.625000
vt 0.000000 0.625000
vt 0.031250 0.750000
vt 0.000000 0.750000
vt 0.031250 0.875000
vt 0.000000 0.875000
vt 0.031250 1.000000
vt 0.000000 1.000000
vt 0.000000 0.000000
vt 0.031250 0.000000
vt 0.031250 0.125000
vt 0.000000 0.125000
vt 0.031250 0.250000
vt 0.000000 0.250000
vt 0.031250 0.375000
vt 0.000000 0.375000
vt 0.062500 0.500000
vt 0.062500 0.625000
vt 0.062500 0.750000
vt 0.062500 0.875000
vt 0.062500 1.000000
vt 0.062500 0.000000
vt 0.062500 0.125000
vt 0.062500 0.250000
vt 0.062500 0.375000
vt 0.093750 0.500000
vt 0.093750 0.625000
vt 0.093750 0.750000
vt 0.093750 0.875000
vt 0.093750 1.000000
vt 0.093750 0.000000
vt 0.093750 0.125000
vt 0.093750 0.250000
vt 0.093750 0.375000
vt 0.125000 0.500000
vt 0.125000 0.625000
vt 0.125000 0.750000
vt 0.125000 0.875000
vt 0.125000 1.000000
vt 0.125000 0.000000
vt 0.125000 0.125000
vt 0.125000 0.250000
vt 0.125000 0.375000
vt 0.156250 0.500000
vt 0.156250 0.625000
vt 0.156250 0.750000
vt 0.156250 0.875000
vt 0.156250 1.000000
vt 0.156250 0.000000
vt 0.156250 0.125000
vt 0.156250 0.250000
vt 0.156250 0.375000
vt 0.187500 0.500000
vt 0.187500 0.625000
vt 0.187500 0.750000
vt 0.187500 0.875000
vt 0.187500 1.000000
vt 0.187500 0.000000
vt 0.187500 0.125000
vt 0.187500 0.250000
vt 0.187500 0.375000
vt 0.218750 0.500000
vt 0.218750 0.625000
vt 0.218750 0.750000
vt 0.218750 0.875000
vt 0.218750 1.000000
vt 0.218750 0.000000
vt 0.218750 0.125000
vt 0.218750 0.250000
vt 0.218750 0.375000
vt 0.250000 0.500000
vt 0.250000 0.625000
vt 0.250000 0.750000
vt 0.250000 0.875000
vt 0.250000 1.000000
vt 0.250000 0.000000
vt 0.250000 0.125000
vt 0.250000 0.250000
vt 0.250000 0.375000
vt 0.281250 0.500000
vt 0.281250 0.625000
vt 0.281250 0.750000
vt 0.281250 0.875000
vt 0.281250 1.000000
vt 0.281250 0.000000
vt 0.281250 0.125000
vt 0.281250 0.250000
vt 0.281250 0.375000
vt 0.312500 0.500000
vt 0.312500 0.625000
vt 0.312500 0.750000
vt 0.312500 0.875000
vt 0.312500 1.000000
vt 0.312500 0.000000
vt 0.312500 0.125000
vt 0.312500 0.250000
vt 0.312500 0.375000
vt 0.343750 0.500000
vt 0.343750 0.625000
vt 0.343750 0.750000
vt 0.343750 0.875000
vt 0.343750 1.000000
vt 0.343750 0.000000
vt 0.343750 0.125000
vt 0.343750 0.250000
vt 0.343750 0.375000
vt 0.375000 0.500000
vt 0.375000 0.625000
vt 0.375000 0.750000
vt 0.375000 0.875000
vt 0.375000 1.000000
vt 0.375000 0.000000
vt 0.375000 0.125000
vt 0.375000 0.250000
vt 0.375000 0.375000
vt 0.406250 0.500000
vt 0.406250 0.625000
vt 0.406250 0.750000
vt 0.406250 0.875000
vt 0.406250 1.000000
vt 0.406250 0.000000
vt 0.406250 0.125000
vt 0.406250 0.250000
vt 0.406250 0.375000
vt 0.437500 0.500000
vt 0.437500 0.625000
vt 0.437500 0.750000
vt 0.437500 0.875000
vt 0.437500 1.000000
vt 0.437500 0.000000
vt 0.437500 0.125000
vt 0.437500 0.250000
vt 0.437500 0.375000
vt 0.468750 0.500000
vt 0.468750 0.625000
vt 0.468750 0.750000
vt 0.468750 0.875000
vt 0.468750 1.000000
vt 0.468750 0.000000
vt 0.468750 0.125000
vt 0.468750 0.250000
vt 0.468750 0.375000
s 1
usemtl M_Brushed_Metal
f 313/370/279 321/371/287 322/372/288 314/373/280
f 314/373/280 322/372/288 323/374/289 315/375/281
f 315/375/281 323/374/289 324/376/290 316/377/282
f 316/377/282 324/376/290 325/378/291 317/379/283
f 317/380/283 325/381/291 326/382/292 318/383/284
f 318/383/284 326/382/292 327/384/293 319/385/285
f 319/385/285 327/384/293 328/386/294 320/387/286
f 320/387/286 328/386/294 321/371/287 313/370/279
f 321/371/287 329/388/295 330/389/296 322/372/288
f 322/372/288 330/389/296 331/390/297 323/374/289
f 323/374/289 331/390/297 332/391/298 324/376/290
f 324/376/290 332/391/298 333/392/299 325/378/291
f 325/381/291 333/393/299 334/394/300 326/382/292
f 326/382/292 334/394/300 335/395/301 327/384/293
f 327/384/293 335/395/301 336/396/302 328/386/294
f 328/386/294 336/396/302 329/388/295 321/371/287
f 329/388/295 337/397/303 338/398/304 330/389/296
f 330/389/296 338/398/304 339/399/305 331/390/297
f 331/390/297 339/399/305 340/400/306 332/391/298
f 332/391/298 340/400/306 341/401/307 333/392/299
f 333/393/299 341/402/307 342/403/308 334/394/300
f 334/394/300 342/403/308 343/404/309 335/395/301
f 335/395/301 343/404/309 344/405/310 336/396/302
f 336/396/302 344/405/310 337/397/303 329/388/295
f 337/397/303 345/406/311 346/407/312 338/398/304
f 338/398/304 346/407/312 347/408/313 339/399/305
f 339/399/305 347/408/313 348/409/314 340/400/306
f 340/400/306 348/409/314 349/410/315 341/401/307
f 341/402/307 349/411/315 350/412/316 342/403/308
f 342/403/308 350/412/316 351/413/317 343/404/309
f 343/404/309 351/413/317 352/414/318 344/405/310
f 344/405/310 352/414/318 345/406/311 337/397/303
f 345/406/311 353/415/319 354/416/320 346/407/312
f 346/407/312 354/416/320 355/417/321 347/408/313
f 347/408/313 355/417/321 356/418/322 348/409/314
f 348/409/314 356/418/322 357/419/323 349/410/315
f 349/411/315 357/420/323 358/421/324 350/412/316
f 350/412/316 358/421/324 359/422/325 351/413/317
f 351/413/317 359/422/325 360/423/326 352/414/318
f 352/414/318 360/423/326 353/415/319 345/406/311
f 353/415/319 361/424/327 362/425/328 354/416/320
f 354/416/320 362/425/328 363/426/329 355/417/321
f 355/417/321 363/426/329 364/427/330 356/418/322
f 356/418/322 364/427/330 365/428/331 357/419/323
f 357/420/323 365/429/331 366/430/332 358/421/324
f 358/421/324 366/430/332 367/431/333 359/422/325
f 359/422/325 367/431/333 368/432/334 360/423/326
f 360/423/326 368/432/334 361/424/327 353/415/319
f 361/424/327 369/433/335 370/434/336 362/425/328
f 362/425/328 370/434/336 371/435/337 363/426/329
f 363/426/329 371/435/337 372/436/338 364/427/330
f 364/427/330 372/436/338 373/437/339 365/428/331
f 365/429/331 373/438/339 374/439/340 366/430/332
f 366/430/332 374/439/340 375/440/341 367/431/333
f 367/431/333 375/440/341 376/441/342 368/432/334
f 368/432/334 376/441/342 369/433/335 361/424/327
f 369/433/335 377/442/343 378/443/344 370/434/336
f 370/434/336 378/443/344 379/444/345 371/435/337
f 371/435/337 379/444/345 380/445/346 372/436/338
f 372/436/338 380/445/346 381/446/347 373/437/339
f 373/438/339 381/447/347 382/448/348 374/439/340
f 374/439/340 382/448/348 383/449/349 375/440/341
f 375/440/341 383/449/349 384/450/350 376/441/342
f 376/441/342 384/450/350 377/442/343 369/433/335
f 377/442/343 385/451/351 386/452/352 378/443/344
f 378/443/344 386/452/352 387/453/353 379/444/345
f 379/444/345 387/453/353 388/454/354 380/445/346
f 380/445/346 388/454/354 389/455/355 381/446/347
f 381/447/347 389/456/355 390/457/356 382/448/348
f 382/448/348 390/457/356 391/458/357 383/449/349
f 383/449/349 391/458/357 392/459/358 384/450/350
f 384/450/350 392/459/358 385/451/351 377/442/343
f 385/451/351 393/460/359 394/461/360 386/452/352
f 386/452/352 394/461/360 395/462/361 387/453/353
f 387/453/353 395/462/361 396/463/362 388/454/354
f 388/454/354 396/463/362 397/464/363 389/455/355
f 389/456/355 397/465/363 398/466/364 390/457/356
f 390/457/356 398/466/364 399/467/365 391/458/357
f 391/458/357 399/467/365 400/468/366 392/459/358
f 392/459/358 400/468/366 393/460/359 385/451/351
f 393/460/359 401/469/367 402/470/368 394/461/360
f 394/461/360 402/470/368 403/471/369 395/462/361
f 395/462/361 403/471/369 404/472/370 396/463/362
f 396/463/362 404/472/370 405/473/371 397/464/363
f 397/465/363 405/474/371 406/475/372 398/466/364
f 398/466/364 406/475/372 407/476/373 399/467/365
f 399/467/365 407/476/373 408/477/374 400/468/366
f 400/468/366 408/477/374 401/469/367 393/460/359
f 401/469/367 409/478/375 410/479/376 402/470/368
f 402/470/368 410/479/376 411/480/377 403/471/369
f 403/471/369 411/480/377 412/481/378 404/472/370
f 404/472/370 412/481/378 413/482/379 405/473/371
f 405/474/371 413/483/379 414/484/380 406/475/372
f 406/475/372 414/484/380 415/485/381 407/476/373
f 407/476/373 415/485/381 416/486/382 408/477/374
f 408/477/374 416/486/382 409/478/375 401/469/367
f 409/478/375 417/487/383 418/488/384 410/479/376
f 410/479/376 418/488/384 419/489/385 411/480/377
f 411/480/377 419/489/385 420/490/386 412/481/378
f 412/481/378 420/490/386 421/491/387 413/482/379
f 413/483/379 421/492/387 422/493/388 414/484/380
f 414/484/380 422/493/388 423/494/389 415/485/381
f 415/485/381 423/494/389 424/495/390 416/486/382
f 416/486/382 424/495/390 417/487/383 409/478/375
f 417/487/383 425/496/391 426/497/392 418/488/384
f 418/488/384 426/497/392 427/498/393 419/489/385
f 419/489/385 427/498/393 428/499/394 420/490/386
f 420/490/386 428/499/394 429/500/395 421/491/387
f 421/492/387 429/501/395 430/502/396 422/493/388
f 422/493/388 430/502/396 431/503/397 423/494/389
f 423/494/389 431/503/397 432/504/398 424/495/390
f 424/495/390 432/504/398 425/496/391 417/487/383
f 425/496/391 433/505/399 434/506/400 426/497/392
f 426/497/392 434/506/400 435/507/401 427/498/393
f 427/498/393 435/507/401 436/508/402 428/499/394
f 428/499/394 436/508/402 437/509/403 429/500/395
f 429/501/395 437/510/403 438/511/404 430/502/396
f 430/502/396 438/511/404 439/512/405 431/503/397
f 431/503/397 439/512/405 440/513/406 432/504/398
f 432/504/398 440/513/406 433/505/399 425/496/391
f 433/505/399 441/514/283 442/515/407 434/506/400
f 434/506/400 442/515/407 443/516/408 435/507/401
f 435/507/401 443/516/408 444/517/409 436/508/402
f 436/508/402 444/517/409 445/518/279 437/509/403
f 437/510/403 445/519/279 446/520/410 438/511/404
f 438/511/404 446/520/410 447/521/411 439/512/405
f 439/512/405 447/521/411 448/522/412 440/513/406
f 440/513/406 448/522/412 441/514/283 433/505/399
f 441/523/283 449/524/291 450/525/413 442/526/407
f 442/526/407 450/525/413 451/527/414 443/528/408
f 443/528/408 451/527/414 452/529/415 444/530/409
f 444/530/409 452/529/415 453/531/287 445/532/279
f 445/533/279 453/534/287 454/535/416 446/536/410
f 446/536/410 454/535/416 455/537/417 447/538/411
f 447/538/411 455/537/417 456/539/418 448/540/412
f 448/540/412 456/539/418 449/524/291 441/523/283
f 449/524/291 457/541/299 458/542/419 450/525/413
f 450/525/413 458/542/419 459/543/420 451/527/414
f 451/527/414 459/543/420 460/544/421 452/529/415
f 452/529/415 460/544/421 461/545/295 453/531/287
f 453/534/287 461/546/295 462/547/422 454/535/416
f 454/535/416 462/547/422 463/548/423 455/537/417
f 455/537/417 463/548/423 464/549/424 456/539/418
f 456/539/418 464/549/424 457/541/299 449/524/291
f 457/541/299 465/550/307 466/551/425 458/542/419
f 458/542/419 466/551/425 467/552/426 459/543/420
f 459/543/420 467/552/426 468/553/427 460/544/421
f 460/544/421 468/553/427 469/554/303 461/545/295
f 461/546/295 469/555/303 470/556/428 462/547/422
f 462/547/422 470/556/428 471/557/429 463/548/423
f 463/548/423 471/557/429 472/558/430 464/549/424
f 464/549/424 472/558/430 465/550/307 457/541/299
f 465/550/307 473/559/315 474/560/431 466/551/425
f 466/551/425 474/560/431 475/561/432 467/552/426
f 467/552/426 475/561/432 476/562/433 468/553/427
f 468/553/427 476/562/433 477/563/311 469/554/303
f 469/555/303 477/564/311 478/565/434 470/556/428
f 470/556/428 478/565/434 479/566/435 471/557/429
f 471/557/429 479/566/435 480/567/436 472/558/430
f 472/558/430 480/567/436 473/559/315 465/550/307
f 473/559/315 481/568/323 482/569/437 474/560/431
f 474/560/431 482/569/437 483/570/438 475/561/432
f 475/561/432 483/570/438 484/571/439 476/562/433
f 476/562/433 484/571/439 485/572/319 477/563/311
f 477/564/311 485/573/319 486/574/440 478/565/434
f 478/565/434 486/574/440 487/575/441 479/566/435
f 479/566/435 487/575/441 488/576/442 480/567/436
f 480/567/436 488/576/442 481/568/323 473/559/315
f 481/568/323 489/577/331 490/578/443 482/569/437
f 482/569/437 490/578/443 491/579/444 483/570/438
f 483/570/438 491/579/444 492/580/445 484/571/439
f 484/571/439 492/580/445 493/581/327 485/572/319
f 485/573/319 493/582/327 494/583/446 486/574/440
f 486/574/440 494/583/446 495/584/447 487/575/441
f 487/575/441 495/584/447 496/585/448 488/576/442
f 488/576/442 496/585/448 489/577/331 481/568/323
f 489/577/331 497/586/339 498/587/449 490/578/443
f 490/578/443 498/587/449 499/588/450 491/579/444
f 491/579/444 499/588/450 500/589/451 492/580/445
f 492/580/445 500/589/451 501/590/335 493/581/327
f 493/582/327 501/591/335 502/592/452 494/583/446
f 494/583/446 502/592/452 503/593/453 495/584/447
f 495/584/447 503/593/453 504/594/454 496/585/448
f 496/585/448 504/594/454 497/586/339 489/577/331
f 497/586/339 505/595/347 506/596/455 498/587/449
f 498/587/449 506/596/455 507/597/456 499/588/450
f 499/588/450 507/597/456 508/598/457 500/589/451
f 500/589/451 508/598/457 509/599/343 501/590/335
f 501/591/335 509/600/343 510/601/458 502/592/452
f 502/592/452 510/601/458 511/602/459 503/593/453
f 503/593/453 511/602/459 512/603/460 504/594/454
f 504/594/454 512/603/460 505/595/347 497/586/339
f 505/595/347 513/604/355 514/605/461 506/596/455
f 506/596/455 514/605/461 515/606/462 507/597/456
f 507/597/456 515/606/462 516/607/463 508/598/457
f 508/598/457 516/607/463 517/608/351 509/599/343
f 509/600/343 517/609/351 518/610/464 510/601/458
f 510/601/458 518/610/464 519/611/465 511/602/459
f 511/602/459 519/611/465 520/612/466 512/603/460
f 512/603/460 520/612/466 513/604/355 505/595/347
f 513/604/355 521/613/363 522/614/467 514/605/461
f 514/605/461 522/614/467 523/615/468 515/606/462
f 515/606/462 523/615/468 524/616/469 516/607/463
f 516/607/463 524/616/469 525/617/359 517/608/351
f 517/609/351 525/618/359 526/619/470 518/610/464
f 518/610/464 526/619/470 527/620/471 519/611/465
f 519/611/465 527/620/471 528/621/472 520/612/466
f 520/612/466 528/621/472 521/613/363 513/604/355
f 521/613/363 529/622/371 530/623/473 522/614/467
f 522/614/467 530/623/473 531/624/474 523/615/468
f 523/615/468 531/624/474 532/625/475 524/616/469
f 524/616/469 532/625/475 533/626/367 525/617/359
f 525/618/359 533/627/367 534/628/476 526/619/470
f 526/619/470 534/628/476 535/629/477 527/620/471
f 527/620/471 535/629/477 536/630/478 528/621/472
f 528/621/472 536/630/478 529/622/371 521/613/363
f 529/622/371 537/631/379 538/632/479 530/623/473
f 530/623/473 538/632/479 539/633/480 531/624/474
f 531/624/474 539/633/480 540/634/481 532/625/475
f 532/625/475 540/634/481 541/635/375 533/626/367
f 533/627/367 541/636/375 542/637/482 534/628/476
f 534/628/476 542/637/482 543/638/483 535/629/477
f 535/629/477 543/638/483 544/639/484 536/630/478
f 536/630/478 544/639/484 537/631/379 529/622/371
f 537/631/379 545/640/387 546/641/485 538/632/479
f 538/632/479 546/641/485 547/642/486 539/633/480
f 539/633/480 547/642/486 548/643/487 540/634/481
f 540/634/481 548/643/487 549/644/383 541/635/375
f 541/636/375 549/645/383 550/646/488 542/637/482
f 542/637/482 550/646/488 551/647/489 543/638/483
f 543/638/483 551/647/489 552/648/490 544/639/484
f 544/639/484 552/648/490 545/640/387 537/631/379
f 545/640/387 553/649/395 554/650/491 546/641/485
f 546/641/485 554/650/491 555/651/492 547/642/486
f 547/642/486 555/651/492 556/652/493 548/643/487
f 548/643/487 556/652/493 557/653/391 549/644/383
f 549/645/383 557/654/391 558/655/494 550/646/488
f 550/646/488 558/655/494 559/656/495 551/647/489
f 551/647/489 559/656/495 560/657/496 552/648/490
f 552/648/490 560/657/496 553/649/395 545/640/387
f 553/649/395 561/658/403 562/659/497 554/650/491
f 554/650/491 562/659/497 563/660/498 555/651/492
f 555/651/492 563/660/498 564/661/499 556/652/493
f 556/652/493 564/661/499 565/662/399 557/653/391
f 557/654/391 565/663/399 566/664/500 558/655/494
f 558/655/494 566/664/500 567/665/501 559/656/495
f 559/656/495 567/665/501 568/666/502 560/657/496
f 560/657/496 568/666/502 561/658/403 553/649/395
f 561/658/403 313/370/279 314/373/280 562/659/497
f 562/659/497 314/373/280 315/375/281 563/660/498
f 563/660/498 315/375/281 316/377/282 564/661/499
f 564/661/499 316/377/282 317/379/283 565/662/399
f 565/663/399 317/380/283 318/383/284 566/664/500
f 566/664/500 318/383/284 319/385/285 567/665/501
f 567/665/501 319/385/285 320/387/286 568/666/502
f 568/666/502 320/387/286 313/370/279 561/658/403
o Hook.002
v 0.029000 0.000000 0.025000
v 0.027828 0.002828 0.025000
v 0.025000 0.004000 0.025000
v 0.022172 0.002828 0.025000
v 0.021000 0.000000 0.025000
v 0.022172 -0.002828 0.025000
v 0.025000 -0.004000 0.025000
v 0.027828 -0.002828 0.025000
v 0.028443 0.000000 0.019342
v 0.027294 0.002828 0.019571
v 0.024520 0.004000 0.020123
v 0.021746 0.002828 0.020675
v 0.020596 0.000000 0.020903
v 0.021746 -0.002828 0.020675
v 0.024520 -0.004000 0.020123
v 0.027294 -0.002828 0.019571
v 0.026793 0.000000 0.013902
v 0.025710 0.002828 0.014351
v 0.023097 0.004000 0.015433
v 0.020484 0.002828 0.016515
v 0.019401 0.000000 0.016964
v 0.020484 -0.002828 0.016515
v 0.023097 -0.004000 0.015433
v 0.025710 -0.002828 0.014351
v 0.024113 0.000000 0.008888
v 0.023138 0.002828 0.009539
v 0.020787 0.004000 0.011111
v 0.018435 0.002828 0.012682
v 0.017461 0.000000 0.013333
v 0.018435 -0.002828 0.012682
v 0.020787 -0.004000 0.011111
v 0.023138 -0.002828 0.009539
v 0.020506 0.000000 0.004494
v 0.019678 0.002828 0.005322
v 0.017678 0.004000 0.007322
v 0.015678 0.002828 0.009322
v 0.014849 0.000000 0.010151
v 0.015678 -0.002828 0.009322
v 0.017678 -0.004000 0.007322
v 0.019678 -0.002828 0.005322
v 0.016112 0.000000 0.000887
v 0.015461 0.002828 0.001862
v 0.013889 0.004000 0.004213
v 0.012318 0.002828 0.006565
v 0.011667 0.000000 0.007539
v 0.012318 -0.002828 0.006565
v 0.013889 -0.004000 0.004213
v 0.015461 -0.002828 0.001862
v 0.011098 0.000000 -0.001793
v 0.010649 0.002828 -0.000710
v 0.009567 0.004000 0.001903
v 0.008485 0.002828 0.004516
v 0.008036 0.000000 0.005599
v 0.008485 -0.002828 0.004516
v 0.009567 -0.004000 0.001903
v 0.010649 -0.002828 -0.000710
v 0.005658 0.000000 -0.003443
v 0.005429 0.002828 -0.002294
v 0.004877 0.004000 0.000480
v 0.004325 0.002828 0.003254
v 0.004097 0.000000 0.004404
v 0.004325 -0.002828 0.003254
v 0.004877 -0.004000 0.000480
v 0.005429 -0.002828 -0.002294
v 0.000000 0.000000 -0.004000
v 0.000000 0.002828 -0.002828
v 0.000000 0.004000 0.000000
v 0.000000 0.002828 0.002828
v 0.000000 0.000000 0.004000
v 0.000000 -0.002828 0.002828
v 0.000000 -0.004000 0.000000
v 0.000000 -0.002828 -0.002828
v -0.005658 0.000000 -0.003443
v -0.005429 0.002828 -0.002294
v -0.004877 0.004000 0.000480
v -0.004325 0.002828 0.003254
v -0.004097 0.000000 0.004404
v -0.004325 -0.002828 0.003254
v -0.004877 -0.004000 0.000480
v -0.005429 -0.002828 -0.002294
v -0.011098 0.000000 -0.001793
v -0.010649 0.002828 -0.000710
v -0.009567 0.004000 0.001903
v -0.008485 0.002828 0.004516
v -0.008036 0.000000 0.005599
v -0.008485 -0.002828 0.004516
v -0.009567 -0.004000 0.001903
v -0.010649 -0.002828 -0.000710
v -0.016112 0.000000 0.000887
v -0.015461 0.002828 0.001862
v -0.013889 0.004000 0.004213
v -0.012318 0.002828 0.006565
v -0.011667 0.000000 0.007539
v -0.012318 -0.002828 0.006565
v -0.013889 -0.004000 0.004213
v -0.015461 -0.002828 0.001862
v -0.020506 0.000000 0.004494
v -0.019678 0.002828 0.005322
v -0.017678 0.004000 0.007322
v -0.015678 0.002828 0.009322
v -0.014849 0.000000 0.010151
v -0.015678 -0.002828 0.009322
v -0.017678 -0.004000 0.007322
v -0.019678 -0.002828 0.005322
v -0.024113 0.000000 0.008888
v -0.023138 0.002828 0.009539
v -0.020787 0.004000 0.011111
v -0.018435 0.002828 0.012682
v -0.017461 0.000000 0.013333
v -0.018435 -0.002828 0.012682
v -0.020787 -0.004000 0.011111
v -0.023138 -0.002828 0.009539
v -0.026793 0.000000 0.013902
v -0.025710 0.002828 0.014351
v -0.023097 0.004000 0.015433
v -0.020484 0.002828 0.016515
v -0.019401 0.000000 0.016964
v -0.020484 -0.002828 0.016515
v -0.023097 -0.004000 0.015433
v -0.025710 -0.002828 0.014351
v -0.028443 0.000000 0.019342
v -0.027294 0.002828 0.019571
v -0.024520 0.004000 0.020123
v -0.021746 0.002828 0.020675
v -0.020596 0.000000 0.020903
v -0.021746 -0.002828 0.020675
v -0.024520 -0.004000 0.020123
v -0.027294 -0.002828 0.019571
v -0.029000 0.000000 0.025000
v -0.027828 0.002828 0.025000
v -0.025000 0.004000 0.025000
v -0.022172 0.002828 0.025000
v -0.021000 0.000000 0.025000
v -0.022172 -0.002828 0.025000
v -0.025000 -0.004000 0.025000
v -0.027828 -0.002828 0.025000
v -0.028443 0.000000 0.030658
v -0.027294 0.002828 0.030429
v -0.024520 0.004000 0.029877
v -0.021746 0.002828 0.029325
v -0.020596 0.000000 0.029097
v -0.021746 -0.002828 0.029325
v -0.024520 -0.004000 0.029877
v -0.027294 -0.002828 0.030429
v -0.026793 0.000000 0.036098
v -0.025710 0.002828 0.035649
v -0.023097 0.004000 0.034567
v -0.020484 0.002828 0.033485
v -0.019401 0.000000 0.033036
v -0.020484 -0.002828 0.033485
v -0.023097 -0.004000 0.034567
v -0.025710 -0.002828 0.035649
v -0.024113 0.000000 0.041112
v -0.023138 0.002828 0.040461
v -0.020787 0.004000 0.038889
v -0.018435 0.002828 0.037318
v -0.017461 0.000000 0.036667
v -0.018435 -0.002828 0.037318
v -0.020787 -0.004000 0.038889
v -0.023138 -0.002828 0.040461
v -0.020506 0.000000 0.045506
v -0.019678 0.002828 0.044678
v -0.017678 0.004000 0.042678
v -0.015678 0.002828 0.040678
v -0.014849 0.000000 0.039849
v -0.015678 -0.002828 0.040678
v -0.017678 -0.004000 0.042678
v -0.019678 -0.002828 0.044678
v -0.016112 0.000000 0.049113
v -0.015461 0.002828 0.048138
v -0.013889 0.004000 0.045787
v -0.012318 0.002828 0.043435
v -0.011667 0.000000 0.042461
v -0.012318 -0.002828 0.043435
v -0.013889 -0.004000 0.045787
v -0.015461 -0.002828 0.048138
v -0.011098 0.000000 0.051793
v -0.010649 0.002828 0.050710
v -0.009567 0.004000 0.048097
v -0.008485 0.002828 0.045484
v -0.008036 0.000000 0.044401
v -0.008485 -0.002828 0.045484
v -0.009567 -0.004000 0.048097
v -0.010649 -0.002828 0.050710
v -0.005658 0.000000 0.053443
v -0.005429 0.002828 0.052294
v -0.004877 0.004000 0.049520
v -0.004325 0.002828 0.046746
v -0.004097 0.000000 0.045596
v -0.004325 -0.002828 0.046746
v -0.004877 -0.004000 0.049520
v -0.005429 -0.002828 0.052294
v 0.000000 0.000000 0.054000
v 0.000000 0.002828 0.052828
v 0.000000 0.004000 0.050000
v 0.000000 0.002828 0.047172
v 0.000000 0.000000 0.046000
v 0.000000 -0.002828 0.047172
v 0.000000 -0.004000 0.050000
v 0.000000 -0.002828 0.052828
v 0.005658 0.000000 0.053443
v 0.005429 0.002828 0.052294
v 0.004877 0.004000 0.049520
v 0.004325 0.002828 0.046746
v 0.004097 0.000000 0.045596
v 0.004325 -0.002828 0.046746
v 0.004877 -0.004000 0.049520
v 0.005429 -0.002828 0.052294
v 0.011098 0.000000 0.051793
v 0.010649 0.002828 0.050710
v 0.009567 0.004000 0.048097
v 0.008485 0.002828 0.045484
v 0.008036 0.000000 0.044401
v 0.008485 -0.002828 0.045484
v 0.009567 -0.004000 0.048097
v 0.010649 -0.002828 0.050710
v 0.016112 0.000000 0.049113
v 0.015461 0.002828 0.048138
v 0.013889 0.004000 0.045787
v 0.012318 0.002828 0.043435
v 0.011667 0.000000 0.042461
v 0.012318 -0.002828 0.043435
v 0.013889 -0.004000 0.045787
v 0.015461 -0.002828 0.048138
v 0.020506 0.000000 0.045506
v 0.019678 0.002828 0.044678
v 0.017678 0.004000 0.042678
v 0.015678 0.002828 0.040678
v 0.014849 0.000000 0.039849
v 0.015678 -0.002828 0.040678
v 0.017678 -0.004000 0.042678
v 0.019678 -0.002828 0.044678
v 0.024113 0.000000 0.041112
v 0.023138 0.002828 0.040461
v 0.020787 0.004000 0.038889
v 0.018435 0.002828 0.037318
v 0.017461 0.000000 0.036667
v 0.018435 -0.002828 0.037318
v 0.020787 -0.004000 0.038889
v 0.023138 -0.002828 0.040461
v 0.026793 0.000000 0.036098
v 0.025710 0.002828 0.035649
v 0.023097 0.004000 0.034567
v 0.020484 0.002828 0.033485
v 0.019401 0.000000 0.033036
v 0.020484 -0.002828 0.033485
v 0.023097 -0.004000 0.034567
v 0.025710 -0.002828 0.035649
v 0.028443 0.000000 0.030658
v 0.027294 0.002828 0.030429
v 0.024520 0.004000 0.029877
v 0.021746 0.002828 0.029325
v 0.020596 0.000000 0.029097
v 0.021746 -0.002828 0.029325
v 0.024520 -0.004000 0.029877
v 0.027294 -0.002828 0.030429
vn 1.0000 -0.0000 -0.0000
vn 0.7187 0.6954 -0.0000
vn 0.0239 0.9997 -0.0000
vn -0.6948 0.7192 -0.0000
vn -1.0000 -0.0000 -0.0000
vn -0.6948 -0.7192 -0.0000
vn 0.0239 -0.9997 -0.0000
vn 0.7187 -0.6954 -0.0000
vn 0.9808 -0.0000 -0.1951
vn 0.7049 0.6954 -0.1402
vn 0.0234 0.9997 -0.0047
vn -0.6814 0.7192 0.1355
vn -0.9808 -0.0000 0.1951
vn -0.6814 -0.7192 0.1355
vn 0.0234 -0.9997 -0.0047
vn 0.7049 -0.6954 -0.1402
vn 0.9239 -0.0000 -0.3827
vn 0.6640 0.6954 -0.2750
vn 0.0221 0.9997 -0.0091
vn -0.6419 0.7192 0.2659
vn -0.9239 -0.0000 0.3827
vn -0.6419 -0.7192 0.2659
vn 0.0221 -0.9997 -0.0091
vn 0.6640 -0.6954 -0.2750
vn 0.8315 -0.0000 -0.5556
vn 0.5975 0.6954 -0.3993
vn 0.0199 0.9997 -0.0133
vn -0.5777 0.7192 0.3860
vn -0.8315 -0.0000 0.5556
vn -0.5777 -0.7192 0.3860
vn 0.0199 -0.9997 -0.0133
vn 0.5975 -0.6954 -0.3993
vn 0.7071 -0.0000 -0.7071
vn 0.5082 0.6954 -0.5082
vn 0.0169 0.9997 -0.0169
vn -0.4913 0.7192 0.4913
vn -0.7071 -0.0000 0.7071
vn -0.4913 -0.7192 0.4913
vn 0.0169 -0.9997 -0.0169
vn 0.5082 -0.6954 -0.5082
vn 0.5556 -0.0000 -0.8315
vn 0.3993 0.6954 -0.5975
vn 0.0133 0.9997 -0.0199
vn -0.3860 0.7192 0.5777
vn -0.5556 -0.0000 0.8315
vn -0.3860 -0.7192 0.5777
vn 0.0133 -0.9997 -0.0199
vn 0.3993 -0.6954 -0.5975
vn 0.3827 -0.0000 -0.9239
vn 0.2750 0.6954 -0.6640
vn 0.0091 0.9997 -0.0221
vn -0.2659 0.7192 0.6419
vn -0.3827 -0.0000 0.9239
vn -0.2659 -0.7192 0.6419
vn 0.0091 -0.9997 -0.0221
vn 0.2750 -0.6954 -0.6640
vn 0.1951 -0.0000 -0.9808
vn 0.1402 0.6954 -0.7049
vn 0.0047 0.9997 -0.0234
vn -0.1355 0.7192 0.6814
vn -0.1951 -0.0000 0.9808
vn -0.1355 -0.7192 0.6814
vn 0.0047 -0.9997 -0.0234
vn 0.1402 -0.6954 -0.7049
vn -0.0000 -0.0000 -1.0000
vn -0.0000 0.6954 -0.7187
vn -0.0000 0.9997 -0.0239
vn -0.0000 0.7192 0.6948
vn -0.0000 -0.0000 1.0000
vn -0.0000 -0.7192 0.6948
vn -0.0000 -0.9997 -0.0239
vn -0.0000 -0.6954 -0.7187
vn -0.1951 -0.0000 -0.9808
vn -0.1402 0.6954 -0.7049
vn -0.0047 0.9997 -0.0234
vn 0.1355 0.7192 0.6814
vn 0.1951 -0.0000 0.9808
vn 0.1355 -0.7192 0.6814
vn -0.0047 -0.9997 -0.0234
vn -0.1402 -0.6954 -0.7049
vn -0.3827 -0.0000 -0.9239
vn -0.2750 0.6954 -0.6640
vn -0.0091 0.9997 -0.0221
vn 0.2659 0.7192 0.6419
vn 0.3827 -0.0000 0.9239
vn 0.2659 -0.7192 0.6419
vn -0.0091 -0.9997 -0.0221
vn -0.2750 -0.6954 -0.6640
vn -0.5556 -0.0000 -0.8315
vn -0.3993 0.6954 -0.5975
vn -0.0133 0.9997 -0.0199
vn 0.3860 0.7192 0.5777
vn 0.5556 -0.0000 0.8315
vn 0.3860 -0.7192 0.5777
vn -0.0133 -0.9997 -0.0199
vn -0.3993 -0.6954 -0.5975
vn -0.7071 -0.0000 -0.7071
vn -0.5082 0.6954 -0.5082
vn -0.0169 0.9997 -0.0169
vn 0.4913 0.7192 0.4913
vn 0.7071 -0.0000 0.7071
vn 0.4913 -0.7192 0.4913
vn -0.0169 -0.9997 -0.0169
vn -0.5082 -0.6954 -0.5082
vn -0.8315 -0.0000 -0.5556
vn -0.5975 0.6954 -0.3993
vn -0.0199 0.9997 -0.0133
vn 0.5777 0.7192 0.3860
vn 0.8315 -0.0000 0.5556
vn 0.5777 -0.7192 0.3860
vn -0.0199 -0.9997 -0.0133
vn -0.5975 -0.6954 -0.3993
vn -0.9239 -0.0000 -0.3827
vn -0.6640 0.6954 -0.2750
vn -0.0221 0.9997 -0.0091
vn 0.6419 0.7192 0.2659
vn 0.9239 -0.0000 0.3827
vn 0.6419 -0.7192 0.2659
vn -0.0221 -0.9997 -0.0091
vn -0.6640 -0.6954 -0.2750
vn -0.9808 -0.0000 -0.1951
vn -0.7049 0.6954 -0.1402
vn -0.0234 0.9997 -0.0047
vn 0.6814 0.7192 0.1355
vn 0.9808 -0.0000 0.1951
vn 0.6814 -0.7192 0.1355
vn -0.0234 -0.9997 -0.0047
vn -0.7049 -0.6954 -0.1402
vn -0.7187 0.6954 -0.0000
vn -0.0239 0.9997 -0.0000
vn 0.6948 0.7192 -0.0000
vn 0.6948 -0.7192 -0.0000
vn -0.0239 -0.9997 -0.0000
vn -0.7187 -0.6954 -0.0000
vn -0.7049 0.6954 0.1402
vn -0.0234 0.9997 0.0047
vn 0.6814 0.7192 -0.1355
vn 0.6814 -0.7192 -0.1355
vn -0.0234 -0.9997 0.0047
vn -0.7049 -0.6954 0.1402
vn -0.6640 0.6954 0.2750
vn -0.0221 0.9997 0.0091
vn 0.6419 0.7192 -0.2659
vn 0.6419 -0.7192 -0.2659
vn -0.0221 -0.9997 0.0091
vn -0.6640 -0.6954 0.2750
vn -0.5975 0.6954 0.3993
vn -0.0199 0.9997 0.0133
vn 0.5777 0.7192 -0.3860
vn 0.5777 -0.7192 -0.3860
vn -0.0199 -0.9997 0.0133
vn -0.5975 -0.6954 0.3993
vn -0.5082 0.6954 0.5082
vn -0.0169 0.9997 0.0169
vn 0.4913 0.7192 -0.4913
vn 0.4913 -0.7192 -0.4913
vn -0.0169 -0.9997 0.0169
vn -0.5082 -0.6954 0.5082
vn -0.3993 0.6954 0.5975
vn -0.0133 0.9997 0.0199
vn 0.3860 0.7192 -0.5777
vn 0.3860 -0.7192 -0.5777
vn -0.0133 -0.9997 0.0199
vn -0.3993 -0.6954 0.5975
vn -0.2750 0.6954 0.6640
vn -0.0091 0.9997 0.0221
vn 0.2659 0.7192 -0.6419
vn 0.2659 -0.7192 -0.6419
vn -0.0091 -0.9997 0.0221
vn -0.2750 -0.6954 0.6640
vn -0.1402 0.6954 0.7049
vn -0.0047 0.9997 0.0234
vn 0.1355 0.7192 -0.6814
vn 0.1355 -0.7192 -0.6814
vn -0.0047 -0.9997 0.0234
vn -0.1402 -0.6954 0.7049
vn -0.0000 0.6954 0.7187
vn -0.0000 0.9997 0.0239
vn -0.0000 0.7192 -0.6948
vn -0.0000 -0.7192 -0.6948
vn -0.0000 -0.9997 0.0239
vn -0.0000 -0.6954 0.7187
vn 0.1402 0.6954 0.7049
vn 0.0047 0.9997 0.0234
vn -0.1355 0.7192 -0.6814
vn -0.1355 -0.7192 -0.6814
vn 0.0047 -0.9997 0.0234
vn 0.1402 -0.6954 0.7049
vn 0.2750 0.6954 0.6640
vn 0.0091 0.9997 0.0221
vn -0.2659 0.7192 -0.6419
vn -0.2659 -0.7192 -0.6419
vn 0.0091 -0.9997 0.0221
vn 0.2750 -0.6954 0.6640
vn 0.3993 0.6954 0.5975
vn 0.0133 0.9997 0.0199
vn -0.3860 0.7192 -0.5777
vn -0.3860 -0.7192 -0.5777
vn 0.0133 -0.9997 0.0199
vn 0.3993 -0.6954 0.5975
vn 0.5082 0.6954 0.5082
vn 0.0169 0.9997 0.0169
vn -0.4913 0.7192 -0.4913
vn -0.4913 -0.7192 -0.4913
vn 0.0169 -0.9997 0.0169
vn 0.5082 -0.6954 0.5082
vn 0.5975 0.6954 0.3993
vn 0.0199 0.9997 0.0133
vn -0.5777 0.7192 -0.3860
vn -0.5777 -0.7192 -0.3860
vn 0.0199 -0.9997 0.0133
vn 0.5975 -0.6954 0.3993
vn 0.6640 0.6954 0.2750
vn 0.0221 0.9997 0.0091
vn -0.6419 0.7192 -0.2659
vn -0.6419 -0.7192 -0.2659
vn 0.0221 -0.9997 0.0091
vn 0.6640 -0.6954 0.2750
vn 0.7049 0.6954 0.1402
vn 0.0234 0.9997 0.0047
vn -0.6814 0.7192 -0.1355
vn -0.6814 -0.7192 -0.1355
vn 0.0234 -0.9997 0.0047
vn 0.7049 -0.6954 0.1402
vt 0.500000 0.500000
vt 0.531250 0.500000
vt 0.531250 0.625000
vt 0.500000 0.625000
vt 0.531250 0.750000
vt 0.500000 0.750000
vt 0.531250 0.875000
vt 0.500000 0.875000
vt 0.531250 1.000000
vt 0.500000 1.000000
vt 0.500000 0.000000
vt 0.531250 0.000000
vt 0.531250 0.125000
vt 0.500000 0.125000
vt 0.531250 0.250000
vt 0.500000 0.250000
vt 0.531250 0.375000
vt 0.500000 0.375000
vt 0.562500 0.500000
vt 0.562500 0.625000
vt 0.562500 0.750000
vt 0.562500 0.875000
vt 0.562500 1.000000
vt 0.562500 0.000000
vt 0.562500 0.125000
vt 0.562500 0.250000
vt 0.562500 0.375000
vt 0.593750 0.500000
vt 0.593750 0.625000
vt 0.593750 0.750000
vt 0.593750 0.875000
vt 0.593750 1.000000
vt 0.593750 0.000000
vt 0.593750 0.125000
vt 0.593750 0.250000
vt 0.593750 0.375000
vt 0.625000 0.500000
vt 0.625000 0.625000
vt 0.625000 0.750000
vt 0.625000 0.875000
vt 0.625000 1.000000
vt 0.625000 0.000000
vt 0.625000 0.125000
vt 0.625000 0.250000
vt 0.625000 0.375000
vt 0.656250 0.500000
vt 0.656250 0.625000
vt 0.656250 0.750000
vt 0.656250 0.875000
vt 0.656250 1.000000
vt 0.656250 0.000000
vt 0.656250 0.125000
vt 0.656250 0.250000
vt 0.656250 0.375000
vt 0.687500 0.500000
vt 0.687500 0.625000
vt 0.687500 0.750000
vt 0.687500 0.875000
vt 0.687500 1.000000
vt 0.687500 0.000000
vt 0.687500 0.125000
vt 0.687500 0.250000
vt 0.687500 0.375000
vt 0.718750 0.500000
vt 0.718750 0.625000
vt 0.718750 0.750000
vt 0.718750 0.875000
vt 0.718750 1.000000
vt 0.718750 0.000000
vt 0.718750 0.125000
vt 0.718750 0.250000
vt 0.718750 0.375000
vt 0.750000 0.500000
vt 0.750000 0.625000
vt 0.750000 0.750000
vt 0.750000 0.875000
vt 0.750000 1.000000
vt 0.750000 0.000000
vt 0.750000 0.125000
vt 0.750000 0.250000
vt 0.750000 0.375000
vt 0.781250 0.500000
vt 0.781250 0.625000
vt 0.781250 0.750000
vt 0.781250 0.875000
vt 0.781250 1.000000
vt 0.781250 0.000000
vt 0.781250 0.125000
vt 0.781250 0.250000
vt 0.781250 0.375000
vt 0.812500 0.500000
vt 0.812500 0.625000
vt 0.812500 0.750000
vt 0.812500 0.875000
vt 0.812500 1.000000
vt 0.812500 0.000000
vt 0.812500 0.125000
vt 0.812500 0.250000
vt 0.812500 0.375000
vt 0.843750 0.500000
vt 0.843750 0.625000
vt 0.843750 0.750000
vt 0.843750 0.875000
vt 0.843750 1.000000
vt 0.843750 0.000000
vt 0.843750 0.125000
vt 0.843750 0.250000
vt 0.843750 0.375000
vt 0.875000 0.500000
vt 0.875000 0.625000
vt 0.875000 0.750000
vt 0.875000 0.875000
vt 0.875000 1.000000
vt 0.875000 0.000000
vt 0.875000 0.125000
vt 0.875000 0.250000
vt 0.875000 0.375000
vt 0.906250 0.500000
vt 0.906250 0.625000
vt 0.906250 0.750000
vt 0.906250 0.875000
vt 0.906250 1.000000
vt 0.906250 0.000000
vt 0.906250 0.125000
vt 0.906250 0.250000
vt 0.906250 0.375000
vt 0.937500 0.500000
vt 0.937500 0.625000
vt 0.937500 0.750000
vt 0.937500 0.875000
vt 0.937500 1.000000
vt 0.937500 0.000000
vt 0.937500 0.125000
vt 0.937500 0.250000
vt 0.937500 0.375000
vt 0.968750 0.500000
vt 0.968750 0.625000
vt 0.968750 0.750000
vt 0.968750 0.875000
vt 0.968750 1.000000
vt 0.968750 0.000000
vt 0.968750 0.125000
vt 0.968750 0.250000
vt 0.968750 0.375000
vt 1.000000 0.500000
vt 1.000000 0.625000
vt 1.000000 0.750000
vt 1.000000 0.875000
vt 1.000000 1.000000
vt 1.000000 0.000000
vt 1.000000 0.125000
vt 1.000000 0.250000
vt 1.000000 0.375000
vt 0.000000 0.500000
vt 0.031250 0.500000
vt 0.031250 0.625000
vt 0.000000 0.625000
vt 0.031250 0.750000
vt 0.000000 0.750000
vt 0.031250 0.875000
vt 0.000000 0.875000
vt 0.031250 1.000000
vt 0.000000 1.000000
vt 0.000000 0.000000
vt 0.031250 0.000000
vt 0.031250 0.125000
vt 0.000000 0.125000
vt 0.031250 0.250000
vt 0.000000 0.250000
vt 0.031250 0.375000
vt 0.000000 0.375000
vt 0.062500 0.500000
vt 0.062500 0.625000
vt 0.062500 0.750000
vt 0.062500 0.875000
vt 0.062500 1.000000
vt 0.062500 0.000000
vt 0.062500 0.125000
vt 0.062500 0.250000
vt 0.062500 0.375000
vt 0.093750 0.500000
vt 0.093750 0.625000
vt 0.093750 0.750000
vt 0.093750 0.875000
vt 0.093750 1.000000
vt 0.093750 0.000000
vt 0.093750 0.125000
vt 0.093750 0.250000
vt 0.093750 0.375000
vt 0.125000 0.500000
vt 0.125000 0.625000
vt 0.125000 0.750000
vt 0.125000 0.875000
vt 0.125000 1.000000
vt 0.125000 0.000000
vt 0.125000 0.125000
vt 0.125000 0.250000
vt 0.125000 0.375000
vt 0.156250 0.500000
vt 0.156250 0.625000
vt 0.156250 0.750000
vt 0.156250 0.875000
vt 0.156250 1.000000
vt 0.156250 0.000000
vt 0.156250 0.125000
vt 0.156250 0.250000
vt 0.156250 0.375000
vt 0.187500 0.500000
vt 0.187500 0.625000
vt 0.187500 0.750000
vt 0.187500 0.875000
vt 0.187500 1.000000
vt 0.187500 0.000000
vt 0.187500 0.125000
vt 0.187500 0.250000
vt 0.187500 0.375000
vt 0.218750 0.500000
vt 0.218750 0.625000
vt 0.218750 0.750000
vt 0.218750 0.875000
vt 0.218750 1.000000
vt 0.218750 0.000000
vt 0.218750 0.125000
vt 0.218750 0.250000
vt 0.218750 0.375000
vt 0.250000 0.500000
vt 0.250000 0.625000
vt 0.250000 0.750000
vt 0.250000 0.875000
vt 0.250000 1.000000
vt 0.250000 0.000000
vt 0.250000 0.125000
vt 0.250000 0.250000
vt 0.250000 0.375000
vt 0.281250 0.500000
vt 0.281250 0.625000
vt 0.281250 0.750000
vt 0.281250 0.875000
vt 0.281250 1.000000
vt 0.281250 0.000000
vt 0.281250 0.125000
vt 0.281250 0.250000
vt 0.281250 0.375000
vt 0.312500 0.500000
vt 0.312500 0.625000
vt 0.312500 0.750000
vt 0.312500 0.875000
vt 0.312500 1.000000
vt 0.312500 0.000000
vt 0.312500 0.125000
vt 0.312500 0.250000
vt 0.312500 0.375000
vt 0.343750 0.500000
vt 0.343750 0.625000
vt 0.343750 0.750000
vt 0.343750 0.875000
vt 0.343750 1.000000
vt 0.343750 0.000000
vt 0.343750 0.125000
vt 0.343750 0.250000
vt 0.343750 0.375000
vt 0.375000 0.500000
vt 0.375000 0.625000
vt 0.375000 0.750000
vt 0.375000 0.875000
vt 0.375000 1.000000
vt 0.375000 0.000000
vt 0.375000 0.125000
vt 0.375000 0.250000
vt 0.375000 0.375000
vt 0.406250 0.500000
vt 0.406250 0.625000
vt 0.406250 0.750000
vt 0.406250 0.875000
vt 0.406250 1.000000
vt 0.406250 0.000000
vt 0.406250 0.125000
vt 0.406250 0.250000
vt 0.406250 0.375000
vt 0.437500 0.500000
vt 0.437500 0.625000
vt 0.437500 0.750000
vt 0.437500 0.875000
vt 0.437500 1.000000
vt 0.437500 0.000000
vt 0.437500 0.125000
vt 0.437500 0.250000
vt 0.437500 0.375000
vt 0.468750 0.500000
vt 0.468750 0.625000
vt 0.468750 0.750000
vt 0.468750 0.875000
vt 0.468750 1.000000
vt 0.468750 0.000000
vt 0.468750 0.125000
vt 0.468750 0.250000
vt 0.468750 0.375000
s 1
usemtl M_Brushed_Metal
f 569/667/503 577/668/511 578/669/512 570/670/504
f 570/670/504 578/669/512 579/671/513 571/672/505
f 571/672/505 579/671/513 580/673/514 572/674/506
f 572/674/506 580/673/514 581/675/515 573/676/507
f 573/677/507 581/678/515 582/679/516 574/680/508
f 574/680/508 582/679/516 583/681/517 575/682/509
f 575/682/509 583/681/517 584/683/518 576/684/510
f 576/684/510 584/683/518 577/668/511 569/667/503
f 577/668/511 585/685/519 586/686/520 578/669/512
f 578/669/512 586/686/520 587/687/521 579/671/513
f 579/671/513 587/687/521 588/688/522 580/673/514
f 580/673/514 588/688/522 589/689/523 581/675/515
f 581/678/515 589/690/523 590/691/524 582/679/516
f 582/679/516 590/691/524 591/692/525 583/681/517
f 583/681/517 591/692/525 592/693/526 584/683/518
f 584/683/518 592/693/526 585/685/519 577/668/511
f 585/685/519 593/694/527 594/695/528 586/686/520
f 586/686/520 594/695/528 595/696/529 587/687/521
f 587/687/521 595/696/529 596/697/530 588/688/522
f 588/688/522 596/697/530 597/698/531 589/689/523
f 589/690/523 597/699/531 598/700/532 590/691/524
f 590/691/524 598/700/532 599/701/533 591/692/525
f 591/692/525 599/701/533 600/702/534 592/693/526
f 592/693/526 600/702/534 593/694/527 585/685/519
f 593/694/527 601/703/535 602/704/536 594/695/528
f 594/695/528 602/704/536 603/705/537 595/696/529
f 595/696/529 603/705/537 604/706/538 596/697/530
f 596/697/530 604/706/538 605/707/539 597/698/531
f 597/699/531 605/708/539 606/709/540 598/700/532
f 598/700/532 606/709/540 607/710/541 599/701/533
f 599/701/533 607/710/541 608/711/542 600/702/534
f 600/702/534 608/711/542 601/703/535 593/694/527
f 601/703/535 609/712/543 610/713/544 602/704/536
f 602/704/536 610/713/544 611/714/545 603/705/537
f 603/705/537 611/714/545 612/715/546 604/706/538
f 604/706/538 612/715/546 613/716/547 605/707/539
f 605/708/539 613/717/547 614/718/548 606/709/540
f 606/709/540 614/718/548 615/719/549 607/710/541
f 607/710/541 615/719/549 616/720/550 608/711/542
f 608/711/542 616/720/550 609/712/543 601/703/535
f 609/712/543 617/721/551 618/722/552 610/713/544
f 610/713/544 618/722/552 619/723/553 611/714/545
f 611/714/545 619/723/553 620/724/554 612/715/546
f 612/715/546 620/724/554 621/725/555 613/716/547
f 613/717/547 621/726/555 622/727/556 614/718/548
f 614/718/548 622/727/556 623/728/557 615/719/549
f 615/719/549 623/728/557 624/729/558 616/720/550
f 616/720/550 624/729/558 617/721/551 609/712/543
f 617/721/551 625/730/559 626/731/560 618/722/552
f 618/722/552 626/731/560 627/732/561 619/723/553
f 619/723/553 627/732/561 628/733/562 620/724/554
f 620/724/554 628/733/562 629/734/563 621/725/555
f 621/726/555 629/735/563 630/736/564 622/727/556
f 622/727/556 630/736/564 631/737/565 623/728/557
f 623/728/557 631/737/565 632/738/566 624/729/558
f 624/729/558 632/738/566 625/730/559 617/721/551
f 625/730/559 633/739/567 634/740/568 626/731/560
f 626/731/560 634/740/568 635/741/569 627/732/561
f 627/732/561 635/741/569 636/742/570 628/733/562
f 628/733/562 636/742/570 637/743/571 629/734/563
f 629/735/563 637/744/571 638/745/572 630/736/564
f 630/736/564 638/745/572 639/746/573 631/737/565
f 631/737/565 639/746/573 640/747/574 632/738/566
f 632/738/566 640/747/574 633/739/567 625/730/559
f 633/739/567 641/748/575 642/749/576 634/740/568
f 634/740/568 642/749/576 643/750/577 635/741/569
f 635/741/569 643/750/577 644/751/578 636/742/570
f 636/742/570 644/751/578 645/752/579 637/743/571
f 637/744/571 645/753/579 646/754/580 638/745/572
f 638/745/572 646/754/580 647/755/581 639/746/573
f 639/746/573 647/755/581 648/756/582 640/747/574
f 640/747/574 648/756/582 641/748/575 633/739/567
f 641/748/575 649/757/583 650/758/584 642/749/576
f 642/749/576 650/758/584 651/759/585 643/750/577
f 643/750/577 651/759/585 652/760/586 644/751/578
f 644/751/578 652/760/586 653/761/587 645/752/579
f 645/753/579 653/762/587 654/763/588 646/754/580
f 646/754/580 654/763/588 655/764/589 647/755/581
f 647/755/581 655/764/589 656/765/590 648/756/582
f 648/756/582 656/765/590 649/757/583 641/748/575
f 649/757/583 657/766/591 658/767/592 650/758/584
f 650/758/584 658/767/592 659/768/593 651/759/585
f 651/759/585 659/768/593 660/769/594 652/760/586
f 652/760/586 660/769/594 661/770/595 653/761/587
f 653/762/587 661/771/595 662/772/596 654/763/588
f 654/763/588 662/772/596 663/773/597 655/764/589
f 655/764/589 663/773/597 664/774/598 656/765/590
f 656/765/590 664/774/598 657/766/591 649/757/583
f 657/766/591 665/775/599 666/776/600 658/767/592
f 658/767/592 666/776/600 667/777/601 659/768/593
f 659/768/593 667/777/601 668/778/602 660/769/594
f 660/769/594 668/778/602 669/779/603 661/770/595
f 661/771/595 669/780/603 670/781/604 662/772/596
f 662/772/596 670/781/604 671/782/605 663/773/597
f 663/773/597 671/782/605 672/783/606 664/774/598
f 664/774/598 672/783/606 665/775/599 657/766/591
f 665/775/599 673/784/607 674/785/608 666/776/600
f 666/776/600 674/785/608 675/786/609 667/777/601
f 667/777/601 675/786/609 676/787/610 668/778/602
f 668/778/602 676/787/610 677/788/611 669/779/603
f 669/780/603 677/789/611 678/790/612 670/781/604
f 670/781/604 678/790/612 679/791/613 671/782/605
f 671/782/605 679/791/613 680/792/614 672/783/606
f 672/783/606 680/792/614 673/784/607 665/775/599
f 673/784/607 681/793/615 682/794/616 674/785/608
f 674/785/608 682/794/616 683/795/617 675/786/609
f 675/786/609 683/795/617 684/796/618 676/787/610
f 676/787/610 684/796/618 685/797/619 677/788/611
f 677/789/611 685/798/619 686/799/620 678/790/612
f 678/790/612 686/799/620 687/800/621 679/791/613
f 679/791/613 687/800/621 688/801/622 680/792/614
f 680/792/614 688/801/622 681/793/615 673/784/607
f 681/793/615 689/802/623 690/803/624 682/794/616
f 682/794/616 690/803/624 691/804/625 683/795/617
f 683/795/617 691/804/625 692/805/626 684/796/618
f 684/796/618 692/805/626 693/806/627 685/797/619
f 685/798/619 693/807/627 694/808/628 686/799/620
f 686/799/620 694/808/628 695/809/629 687/800/621
f 687/800/621 695/809/629 696/810/630 688/801/622
f 688/801/622 696/810/630 689/802/623 681/793/615
f 689/802/623 697/811/507 698/812/631 690/803/624
f 690/803/624 698/812/631 699/813/632 691/804/625
f 691/804/625 699/813/632 700/814/633 692/805/626
f 692/805/626 700/814/633 701/815/503 693/806/627
f 693/807/627 701/816/503 702/817/634 694/808/628
f 694/808/628 702/817/634 703/818/635 695/809/629
f 695/809/629 703/818/635 704/819/636 696/810/630
f 696/810/630 704/819/636 697/811/507 689/802/623
f 697/820/507 705/821/515 706/822/637 698/823/631
f 698/823/631 706/822/637 707/824/638 699/825/632
f 699/825/632 707/824/638 708/826/639 700/827/633
f 700/827/633 708/826/639 709/828/511 701/829/503
f 701/830/503 709/831/511 710/832/640 702/833/634
f 702/833/634 710/832/640 711/834/641 703/835/635
f 703/835/635 711/834/641 712/836/642 704/837/636
f 704/837/636 712/836/642 705/821/515 697/820/507
f 705/821/515 713/838/523 714/839/643 706/822/637
f 706/822/637 714/839/643 715/840/644 707/824/638
f 707/824/638 715/840/644 716/841/645 708/826/639
f 708/826/639 716/841/645 717/842/519 709/828/511
f 709/831/511 717/843/519 718/844/646 710/832/640
f 710/832/640 718/844/646 719/845/647 711/834/641
f 711/834/641 719/845/647 720/846/648 712/836/642
f 712/836/642 720/846/648 713/838/523 705/821/515
f 713/838/523 721/847/531 722/848/649 714/839/643
f 714/839/643 722/848/649 723/849/650 715/840/644
f 715/840/644 723/849/650 724/850/651 716/841/645
f 716/841/645 724/850/651 725/851/527 717/842/519
f 717/843/519 725/852/527 726/853/652 718/844/646
f 718/844/646 726/853/652 727/854/653 719/845/647
f 719/845/647 727/854/653 728/855/654 720/846/648
f 720/846/648 728/855/654 721/847/531 713/838/523
f 721/847/531 729/856/539 730/857/655 722/848/649
f 722/848/649 730/857/655 731/858/656 723/849/650
f 723/849/650 731/858/656 732/859/657 724/850/651
f 724/850/651 732/859/657 733/860/535 725/851/527
f 725/852/527 733/861/535 734/862/658 726/853/652
f 726/853/652 734/862/658 735/863/659 727/854/653
f 727/854/653 735/863/659 736/864/660 728/855/654
f 728/855/654 736/864/660 729/856/539 721/847/531
f 729/856/539 737/865/547 738/866/661 730/857/655
f 730/857/655 738/866/661 739/867/662 731/858/656
f 731/858/656 739/867/662 740/868/663 732/859/657
f 732/859/657 740/868/663 741/869/543 733/860/535
f 733/861/535 741/870/543 742/871/664 734/862/658
f 734/862/658 742/871/664 743/872/665 735/863/659
f 735/863/659 743/872/665 744/873/666 736/864/660
f 736/864/660 744/873/666 737/865/547 729/856/539
f 737/865/547 745/874/555 746/875/667 738/866/661
f 738/866/661 746/875/667 747/876/668 739/867/662
f 739/867/662 747/876/668 748/877/669 740/868/663
f 740/868/663 748/877/669 749/878/551 741/869/543
f 741/870/543 749/879/551 750/880/670 742/871/664
f 742/871/664 750/880/670 751/881/671 743/872/665
f 743/872/665 751/881/671 752/882/672 744/873/666
f 744/873/666 752/882/672 745/874/555 737/865/547
f 745/874/555 753/883/563 754/884/673 746/875/667
f 746/875/667 754/884/673 755/885/674 747/876/668
f 747/876/668 755/885/674 756/886/675 748/877/669
f 748/877/669 756/886/675 757/887/559 749/878/551
f 749/879/551 757/888/559 758/889/676 750/880/670
f 750/880/670 758/889/676 759/890/677 751/881/671
f 751/881/671 759/890/677 760/891/678 752/882/672
f 752/882/672 760/891/678 753/883/563 745/874/555
f 753/883/563 761/892/571 762/893/679 754/884/673
f 754/884/673 762/893/679 763/894/680 755/885/674
f 755/885/674 763/894/680 764/895/681 756/886/675
f 756/886/675 764/895/681 765/896/567 757/887/559
f 757/888/559 765/897/567 766/898/682 758/889/676
f 758/889/676 766/898/682 767/899/683 759/890/677
f 759/890/677 767/899/683 768/900/684 760/891/678
f 760/891/678 768/900/684 761/892/571 753/883/563
f 761/892/571 769/901/579 770/902/685 762/893/679
f 762/893/679 770/902/685 771/903/686 763/894/680
f 763/894/680 771/903/686 772/904/687 764/895/681
f 764/895/681 772/904/687 773/905/575 765/896/567
f 765/897/567 773/906/575 774/907/688 766/898/682
f 766/898/682 774/907/688 775/908/689 767/899/683
f 767/899/683 775/908/689 776/909/690 768/900/684
f 768/900/684 776/909/690 769/901/579 761/892/571
f 769/901/579 777/910/587 778/911/691 770/902/685
f 770/902/685 778/911/691 779/912/692 771/903/686
f 771/903/686 779/912/692 780/913/693 772/904/687
f 772/904/687 780/913/693 781/914/583 773/905/575
f 773/906/575 781/915/583 782/916/694 774/907/688
f 774/907/688 782/916/694 783/917/695 775/908/689
f 775/908/689 783/917/695 784/918/696 776/909/690
f 776/909/690 784/918/696 777/910/587 769/901/579
f 777/910/587 785/919/595 786/920/697 778/911/691
f 778/911/691 786/920/697 787/921/698 779/912/692
f 779/912/692 787/921/698 788/922/699 780/913/693
f 780/913/693 788/922/699 789/923/591 781/914/583
f 781/915/583 789/924/591 790/925/700 782/916/694
f 782/916/694 790/925/700 791/926/701 783/917/695
f 783/917/695 791/926/701 792/927/702 784/918/696
f 784/918/696 792/927/702 785/919/595 777/910/587
f 785/919/595 793/928/603 794/929/703 786/920/697
f 786/920/697 794/929/703 795/930/704 787/921/698
f 787/921/698 795/930/704 796/931/705 788/922/699
f 788/922/699 796/931/705 797/932/599 789/923/591
f 789/924/591 797/933/599 798/934/706 790/925/700
f 790/925/700 798/934/706 799/935/707 791/926/701
f 791/926/701 799/935/707 800/936/708 792/927/702
f 792/927/702 800/936/708 793/928/603 785/919/595
f 793/928/603 801/937/611 802/938/709 794/929/703
f 794/929/703 802/938/709 803/939/710 795/930/704
f 795/930/704 803/939/710 804/940/711 796/931/705
f 796/931/705 804/940/711 805/941/607 797/932/599
f 797/933/599 805/942/607 806/943/712 798/934/706
f 798/934/706 806/943/712 807/944/713 799/935/707
f 799/935/707 807/944/713 808/945/714 800/936/708
f 800/936/708 808/945/714 801/937/611 793/928/603
f 801/937/611 809/946/619 810/947/715 802/938/709
f 802/938/709 810/947/715 811/948/716 803/939/710
f 803/939/710 811/948/716 812/949/717 804/940/711
f 804/940/711 812/949/717 813/950/615 805/941/607
f 805/942/607 813/951/615 814/952/718 806/943/712
f 806/943/712 814/952/718 815/953/719 807/944/713
f 807/944/713 815/953/719 816/954/720 808/945/714
f 808/945/714 816/954/720 809/946/619 801/937/611
f 809/946/619 817/955/627 818/956/721 810/947/715
f 810/947/715 818/956/721 819/957/722 811/948/716
f 811/948/716 819/957/722 820/958/723 812/949/717
f 812/949/717 820/958/723 821/959/623 813/950/615
f 813/951/615 821/960/623 822/961/724 814/952/718
f 814/952/718 822/961/724 823/962/725 815/953/719
f 815/953/719 823/962/725 824/963/726 816/954/720
f 816/954/720 824/963/726 817/955/627 809/946/619
f 817/955/627 569/667/503 570/670/504 818/956/721
f 818/956/721 570/670/504 571/672/505 819/957/722
f 819/957/722 571/672/505 572/674/506 820/958/723
f 820/958/723 572/674/506 573/676/507 821/959/623
f 821/960/623 573/677/507 574/680/508 822/961/724
f 822/961/724 574/680/508 575/682/509 823/962/725
f 823/962/725 575/682/509 576/684/510 824/963/726
f 824/963/726 576/684/510 569/667/503 817/955/627
o Hook.003
v 0.149000 0.000000 0.025000
v 0.147828 0.002828 0.025000
v 0.145000 0.004000 0.025000
v 0.142172 0.002828 0.025000
v 0.141000 0.000000 0.025000
v 0.142172 -0.002828 0.025000
v 0.145000 -0.004000 0.025000
v 0.147828 -0.002828 0.025000
v 0.148443 0.000000 0.019342
v 0.147294 0.002828 0.019571
v 0.144520 0.004000 0.020123
v 0.141746 0.002828 0.020675
v 0.140596 0.000000 0.020903
v 0.141746 -0.002828 0.020675
v 0.144520 -0.004000 0.020123
v 0.147294 -0.002828 0.019571
v 0.146793 0.000000 0.013902
v 0.145710 0.002828 0.014351
v 0.143097 0.004000 0.015433
v 0.140484 0.002828 0.016515
v 0.139401 0.000000 0.016964
v 0.140484 -0.002828 0.016515
v 0.143097 -0.004000 0.015433
v 0.145710 -0.002828 0.014351
v 0.144113 0.000000 0.008888
v 0.143138 0.002828 0.009539
v 0.140787 0.004000 0.011111
v 0.138435 0.002828 0.012682
v 0.137461 0.000000 0.013333
v 0.138435 -0.002828 0.012682
v 0.140787 -0.004000 0.011111
v 0.143138 -0.002828 0.009539
v 0.140506 0.000000 0.004494
v 0.139678 0.002828 0.005322
v 0.137678 0.004000 0.007322
v 0.135678 0.002828 0.009322
v 0.134849 0.000000 0.010151
v 0.135678 -0.002828 0.009322
v 0.137678 -0.004000 0.007322
v 0.139678 -0.002828 0.005322
v 0.136112 0.000000 0.000887
v 0.135461 0.002828 0.001862
v 0.133889 0.004000 0.004213
v 0.132318 0.002828 0.006565
v 0.131667 0.000000 0.007539
v 0.132318 -0.002828 0.006565
v 0.133889 -0.004000 0.004213
v 0.135461 -0.002828 0.001862
v 0.131098 0.000000 -0.001793
v 0.130649 0.002828 -0.000710
v 0.129567 0.004000 0.001903
v 0.128485 0.002828 0.004516
v 0.128036 0.000000 0.005599
v 0.128485 -0.002828 0.004516
v 0.129567 -0.004000 0.001903
v 0.130649 -0.002828 -0.000710
v 0.125658 0.000000 -0.003443
v 0.125429 0.002828 -0.002294
v 0.124877 0.004000 0.000480
v 0.124325 0.002828 0.003254
v 0.124097 0.000000 0.004404
v 0.124325 -0.002828 0.003254
v 0.124877 -0.004000 0.000480
v 0.125429 -0.002828 -0.002294
v 0.120000 0.000000 -0.004000
v 0.120000 0.002828 -0.002828
v 0.120000 0.004000 0.000000
v 0.120000 0.002828 0.002828
v 0.120000 0.000000 0.004000
v 0.120000 -0.002828 0.002828
v 0.120000 -0.004000 0.000000
v 0.120000 -0.002828 -0.002828
v 0.114342 0.000000 -0.003443
v 0.114571 0.002828 -0.002294
v 0.115123 0.004000 0.000480
v 0.115675 0.002828 0.003254
v 0.115903 0.000000 0.004404
v 0.115675 -0.002828 0.003254
v 0.115123 -0.004000 0.000480
v 0.114571 -0.002828 -0.002294
v 0.108902 0.000000 -0.001793
v 0.109351 0.002828 -0.000710
v 0.110433 0.004000 0.001903
v 0.111515 0.002828 0.004516
v 0.111964 0.000000 0.005599
v 0.111515 -0.002828 0.004516
v 0.110433 -0.004000 0.001903
v 0.109351 -0.002828 -0.000710
v 0.103888 0.000000 0.000887
v 0.104539 0.002828 0.001862
v 0.106111 0.004000 0.004213
v 0.107682 0.002828 0.006565
v 0.108333 0.000000 0.007539
v 0.107682 -0.002828 0.006565
v 0.106111 -0.004000 0.004213
v 0.104539 -0.002828 0.001862
v 0.099494 0.000000 0.004494
v 0.100322 0.002828 0.005322
v 0.102322 0.004000 0.007322
v 0.104322 0.002828 0.009322
v 0.105151 0.000000 0.010151
v 0.104322 -0.002828 0.009322
v 0.102322 -0.004000 0.007322
v 0.100322 -0.002828 0.005322
v 0.095887 0.000000 0.008888
v 0.096862 0.002828 0.009539
v 0.099213 0.004000 0.011111
v 0.101565 0.002828 0.012682
v 0.102539 0.000000 0.013333
v 0.101565 -0.002828 0.012682
v 0.099213 -0.004000 0.011111
v 0.096862 -0.002828 0.009539
v 0.093207 0.000000 0.013902
v 0.094290 0.002828 0.014351
v 0.096903 0.004000 0.015433
v 0.099516 0.002828 0.016515
v 0.100599 0.000000 0.016964
v 0.099516 -0.002828 0.016515
v 0.096903 -0.004000 0.015433
v 0.094290 -0.002828 0.014351
v 0.091557 0.000000 0.019342
v 0.092706 0.002828 0.019571
v 0.095480 0.004000 0.020123
v 0.098254 0.002828 0.020675
v 0.099404 0.000000 0.020903
v 0.098254 -0.002828 0.020675
v 0.095480 -0.004000 0.020123
v 0.092706 -0.002828 0.019571
v 0.091000 0.000000 0.025000
v 0.092172 0.002828 0.025000
v 0.095000 0.004000 0.025000
v 0.097828 0.002828 0.025000
v 0.099000 0.000000 0.025000
v 0.097828 -0.002828 0.025000
v 0.095000 -0.004000 0.025000
v 0.092172 -0.002828 0.025000
v 0.091557 0.000000 0.030658
v 0.092706 0.002828 0.030429
v 0.095480 0.004000 0.029877
v 0.098254 0.002828 0.029325
v 0.099404 0.000000 0.029097
v 0.098254 -0.002828 0.029325
v 0.095480 -0.004000 0.029877
v 0.092706 -0.002828 0.030429
v 0.093207 0.000000 0.036098
v 0.094290 0.002828 0.035649
v 0.096903 0.004000 0.034567
v 0.099516 0.002828 0.033485
v 0.100599 0.000000 0.033036
v 0.099516 -0.002828 0.033485
v 0.096903 -0.004000 0.034567
v 0.094290 -0.002828 0.035649
v 0.095887 0.000000 0.041112
v 0.096862 0.002828 0.040461
v 0.099213 0.004000 0.038889
v 0.101565 0.002828 0.037318
v 0.102539 0.000000 0.036667
v 0.101565 -0.002828 0.037318
v 0.099213 -0.004000 0.038889
v 0.096862 -0.002828 0.040461
v 0.099494 0.000000 0.045506
v 0.100322 0.002828 0.044678
v 0.102322 0.004000 0.042678
v 0.104322 0.002828 0.040678
v 0.105151 0.000000 0.039849
v 0.104322 -0.002828 0.040678
v 0.102322 -0.004000 0.042678
v 0.100322 -0.002828 0.044678
v 0.103888 0.000000 0.049113
v 0.104539 0.002828 0.048138
v 0.106111 0.004000 0.045787
v 0.107682 0.002828 0.043435
v 0.108333 0.000000 0.042461
v 0.107682 -0.002828 0.043435
v 0.106111 -0.004000 0.045787
v 0.104539 -0.002828 0.048138
v 0.108902 0.000000 0.051793
v 0.109351 0.002828 0.050710
v 0.110433 0.004000 0.048097
v 0.111515 0.002828 0.045484
v 0.111964 0.000000 0.044401
v 0.111515 -0.002828 0.045484
v 0.110433 -0.004000 0.048097
v 0.109351 -0.002828 0.050710
v 0.114342 0.000000 0.053443
v 0.114571 0.002828 0.052294
v 0.115123 0.004000 0.049520
v 0.115675 0.002828 0.046746
v 0.115903 0.000000 0.045596
v 0.115675 -0.002828 0.046746
v 0.115123 -0.004000 0.049520
v 0.114571 -0.002828 0.052294
v 0.120000 0.000000 0.054000
v 0.120000 0.002828 0.052828
v 0.120000 0.004000 0.050000
v 0.120000 0.002828 0.047172
v 0.120000 0.000000 0.046000
v 0.120000 -0.002828 0.047172
v 0.120000 -0.004000 0.050000
v 0.120000 -0.002828 0.052828
v 0.125658 0.000000 0.053443
v 0.125429 0.002828 0.052294
v 0.124877 0.004000 0.049520
v 0.124325 0.002828 0.046746
v 0.124097 0.000000 0.045596
v 0.124325 -0.002828 0.046746
v 0.124877 -0.004000 0.049520
v 0.125429 -0.002828 0.052294
v 0.131098 0.000000 0.051793
v 0.130649 0.002828 0.050710
v 0.129567 0.004000 0.048097
v 0.128485 0.002828 0.045484
v 0.128036 0.000000 0.044401
v 0.128485 -0.002828 0.045484
v 0.129567 -0.004000 0.048097
v 0.130649 -0.002828 0.050710
v 0.136112 0.000000 0.049113
v 0.135461 0.002828 0.048138
v 0.133889 0.004000 0.045787
v 0.132318 0.002828 0.043435
v 0.131667 0.000000 0.042461
v 0.132318 -0.002828 0.043435
v 0.133889 -0.004000 0.045787
v 0.135461 -0.002828 0.048138
v 0.140506 0.000000 0.045506
v 0.139678 0.002828 0.044678
v 0.137678 0.004000 0.042678
v 0.135678 0.002828 0.040678
v 0.134849 0.000000 0.039849
v 0.135678 -0.002828 0.040678
v 0.137678 -0.004000 0.042678
v 0.139678 -0.002828 0.044678
v 0.144113 0.000000 0.041112
v 0.143138 0.002828 0.040461
v 0.140787 0.004000 0.038889
v 0.138435 0.002828 0.037318
v 0.137461 0.000000 0.036667
v 0.138435 -0.002828 0.037318
v 0.140787 -0.004000 0.038889
v 0.143138 -0.002828 0.040461
v 0.146793 0.000000 0.036098
v 0.145710 0.002828 0.035649
v 0.143097 0.004000 0.034567
v 0.140484 0.002828 0.033485
v 0.139401 0.000000 0.033036
v 0.140484 -0.002828 0.033485
v 0.143097 -0.004000 0.034567
v 0.145710 -0.002828 0.035649
v 0.148443 0.000000 0.030658
v 0.147294 0.002828 0.030429
v 0.144520 0.004000 0.029877
v 0.141746 0.002828 0.029325
v 0.140596 0.000000 0.029097
v 0.141746 -0.002828 0.029325
v 0.144520 -0.004000 0.029877
v 0.147294 -0.002828 0.030429
vn 1.0000 -0.0000 -0.0000
vn 0.7187 0.6954 -0.0000
vn 0.0239 0.9997 -0.0000
vn -0.6948 0.7192 -0.0000
vn -1.0000 -0.0000 -0.0000
vn -0.6948 -0.7192 -0.0000
vn 0.0239 -0.9997 -0.0000
vn 0.7187 -0.6954 -0.0000
vn 0.9808 -0.0000 -0.1951
vn 0.7049 0.6954 -0.1402
vn 0.0234 0.9997 -0.0047
vn -0.6814 0.7192 0.1355
vn -0.9808 -0.0000 0.1951
vn -0.6814 -0.7192 0.1355
vn 0.0234 -0.9997 -0.0047
vn 0.7049 -0.6954 -0.1402
vn 0.9239 -0.0000 -0.3827
vn 0.6640 0.6954 -0.2750
vn 0.0221 0.9997 -0.0091
vn -0.6419 0.7192 0.2659
vn -0.9239 -0.0000 0.3827
vn -0.6419 -0.7192 0.2659
vn 0.0221 -0.9997 -0.0091
vn 0.6640 -0.6954 -0.2750
vn 0.8315 -0.0000 -0.5556
vn 0.5975 0.6954 -0.3993
vn 0.0199 0.9997 -0.0133
vn -0.5777 0.7192 0.3860
vn -0.8315 -0.0000 0.5556
vn -0.5777 -0.7192 0.3860
vn 0.0199 -0.9997 -0.0133
vn 0.5975 -0.6954 -0.3993
vn 0.7071 -0.0000 -0.7071
vn 0.5082 0.6954 -0.5082
vn 0.0169 0.9997 -0.0169
vn -0.4913 0.7192 0.4913
vn -0.7071 -0.0000 0.7071
vn -0.4913 -0.7192 0.4913
vn 0.0169 -0.9997 -0.0169
vn 0.5082 -0.6954 -0.5082
vn 0.5556 -0.0000 -0.8315
vn 0.3993 0.6954 -0.5975
vn 0.0133 0.9997 -0.0199
vn -0.3860 0.7192 0.5777
vn -0.5556 -0.0000 0.8315
vn -0.3860 -0.7192 0.5777
vn 0.0133 -0.9997 -0.0199
vn 0.3993 -0.6954 -0.5975
vn 0.3827 -0.0000 -0.9239
vn 0.2750 0.6954 -0.6640
vn 0.0091 0.9997 -0.0221
vn -0.2659 0.7192 0.6419
vn -0.3827 -0.0000 0.9239
vn -0.2659 -0.7192 0.6419
vn 0.0091 -0.9997 -0.0221
vn 0.2750 -0.6954 -0.6640
vn 0.1951 -0.0000 -0.9808
vn 0.1402 0.6954 -0.7049
vn 0.0047 0.9997 -0.0234
vn -0.1355 0.7192 0.6814
vn -0.1951 -0.0000 0.9808
vn -0.1355 -0.7192 0.6814
vn 0.0047 -0.9997 -0.0234
vn 0.1402 -0.6954 -0.7049
vn -0.0000 -0.0000 -1.0000
vn -0.0000 0.6954 -0.7187
vn -0.0000 0.9997 -0.0239
vn -0.0000 0.7192 0.6948
vn -0.0000 -0.0000 1.0000
vn -0.0000 -0.7192 0.6948
vn -0.0000 -0.9997 -0.0239
vn -0.0000 -0.6954 -0.7187
vn -0.1951 -0.0000 -0.9808
vn -0.1402 0.6954 -0.7049
vn -0.0047 0.9997 -0.0234
vn 0.1355 0.7192 0.6814
vn 0.1951 -0.0000 0.9808
vn 0.1355 -0.7192 0.6814
vn -0.0047 -0.9997 -0.0234
vn -0.1402 -0.6954 -0.7049
vn -0.3827 -0.0000 -0.9239
vn -0.2750 0.6954 -0.6640
vn -0.0091 0.9997 -0.0221
vn 0.2659 0.7192 0.6419
vn 0.3827 -0.0000 0.9239
vn 0.2659 -0.7192 0.6419
vn -0.0091 -0.9997 -0.0221
vn -0.2750 -0.6954 -0.6640
vn -0.5556 -0.0000 -0.8315
vn -0.3993 0.6954 -0.5975
vn -0.0133 0.9997 -0.0199
vn 0.3860 0.7192 0.5777
vn 0.5556 -0.0000 0.8315
vn 0.3860 -0.7192 0.5777
vn -0.0133 -0.9997 -0.0199
vn -0.3993 -0.6954 -0.5975
vn -0.7071 -0.0000 -0.7071
vn -0.5082 0.6954 -0.5082
vn -0.0169 0.9997 -0.0169
vn 0.4913 0.7192 0.4913
vn 0.7071 -0.0000 0.7071
vn 0.4913 -0.7192 0.4913
vn -0.0169 -0.9997 -0.0169
vn -0.5082 -0.6954 -0.5082
vn -0.8315 -0.0000 -0.5556
vn -0.5975 0.6954 -0.3993
vn -0.0199 0.9997 -0.0133
vn 0.5777 0.7192 0.3860
vn 0.8315 -0.0000 0.5556
vn 0.5777 -0.7192 0.3860
vn -0.0199 -0.9997 -0.0133
vn -0.5975 -0.6954 -0.3993
vn -0.9239 -0.0000 -0.3827
vn -0.6640 0.6954 -0.2750
vn -0.0221 0.9997 -0.0091
vn 0.6419 0.7192 0.2659
vn 0.9239 -0.0000 0.3827
vn 0.6419 -0.7192 0.2659
vn -0.0221 -0.9997 -0.0091
vn -0.6640 -0.6954 -0.2750
vn -0.9808 -0.0000 -0.1951
vn -0.7049 0.6954 -0.1402
vn -0.0234 0.9997 -0.0047
vn 0.6814 0.7192 0.1355
vn 0.9808 -0.0000 0.1951
vn 0.6814 -0.7192 0.1355
vn -0.0234 -0.9997 -0.0047
vn -0.7049 -0.6954 -0.1402
vn -0.7187 0.6954 -0.0000
vn -0.0239 0.9997 -0.0000
vn 0.6948 0.7192 -0.0000
vn 0.6948 -0.7192 -0.0000
vn -0.0239 -0.9997 -0.0000
vn -0.7187 -0.6954 -0.0000
vn -0.7049 0.6954 0.1402
vn -0.0234 0.9997 0.0047
vn 0.6814 0.7192 -0.1355
vn 0.6814 -0.7192 -0.1355
vn -0.0234 -0.9997 0.0047
vn -0.7049 -0.6954 0.1402
vn -0.6640 0.6954 0.2750
vn -0.0221 0.9997 0.0091
vn 0.6419 0.7192 -0.2659
vn 0.6419 -0.7192 -0.2659
vn -0.0221 -0.9997 0.0091
vn -0.6640 -0.6954 0.2750
vn -0.5975 0.6954 0.3993
vn -0.0199 0.9997 0.0133
vn 0.5777 0.7192 -0.3860
vn 0.5777 -0.7192 -0.3860
vn -0.0199 -0.9997 0.0133
vn -0.5975 -0.6954 0.3993
vn -0.5082 0.6954 0.5082
vn -0.0169 0.9997 0.0169
vn 0.4913 0.7192 -0.4913
vn 0.4913 -0.7192 -0.4913
vn -0.0169 -0.9997 0.0169
vn -0.5082 -0.6954 0.5082
vn -0.3993 0.6954 0.5975
vn -0.0133 0.9997 0.0199
vn 0.3860 0.7192 -0.5777
vn 0.3860 -0.7192 -0.5777
vn -0.0133 -0.9997 0.0199
vn -0.3993 -0.6954 0.5975
vn -0.2750 0.6954 0.6640
vn -0.0091 0.9997 0.0221
vn 0.2659 0.7192 -0.6419
vn 0.2659 -0.7192 -0.6419
vn -0.0091 -0.9997 0.0221
vn -0.2750 -0.6954 0.6640
vn -0.1402 0.6954 0.7049
vn -0.0047 0.9997 0.0234
vn 0.1355 0.7192 -0.6814
vn 0.1355 -0.7192 -0.6814
vn -0.0047 -0.9997 0.0234
vn -0.1402 -0.6954 0.7049
vn -0.0000 0.6954 0.7187
vn -0.0000 0.9997 0.0239
vn -0.0000 0.7192 -0.6948
vn -0.0000 -0.7192 -0.6948
vn -0.0000 -0.9997 0.0239
vn -0.0000 -0.6954 0.7187
vn 0.1402 0.6954 0.7049
vn 0.0047 0.9997 0.0234
vn -0.1355 0.7192 -0.6814
vn -0.1355 -0.7192 -0.6814
vn 0.0047 -0.9997 0.0234
vn 0.1402 -0.6954 0.7049
vn 0.2750 0.6954 0.6640
vn 0.0091 0.9997 0.0221
vn -0.2659 0.7192 -0.6419
vn -0.2659 -0.7192 -0.6419
vn 0.0091 -0.9997 0.0221
vn 0.2750 -0.6954 0.6640
vn 0.3993 0.6954 0.5975
vn 0.0133 0.9997 0.0199
vn -0.3860 0.7192 -0.5777
vn -0.3860 -0.7192 -0.5777
vn 0.0133 -0.9997 0.0199
vn 0.3993 -0.6954 0.5975
vn 0.5082 0.6954 0.5082
vn 0.0169 0.9997 0.0169
vn -0.4913 0.7192 -0.4913
vn -0.4913 -0.7192 -0.4913
vn 0.0169 -0.9997 0.0169
vn 0.5082 -0.6954 0.5082
vn 0.5975 0.6954 0.3993
vn 0.0199 0.9997 0.0133
vn -0.5777 0.7192 -0.3860
vn -0.5777 -0.7192 -0.3860
vn 0.0199 -0.9997 0.0133
vn 0.5975 -0.6954 0.3993
vn 0.6640 0.6954 0.2750
vn 0.0221 0.9997 0.0091
vn -0.6419 0.7192 -0.2659
vn -0.6419 -0.7192 -0.2659
vn 0.0221 -0.9997 0.0091
vn 0.6640 -0.6954 0.2750
vn 0.7049 0.6954 0.1402
vn 0.0234 0.9997 0.0047
vn -0.6814 0.7192 -0.1355
vn -0.6814 -0.7192 -0.1355
vn 0.0234 -0.9997 0.0047
vn 0.7049 -0.6954 0.1402
vt 0.500000 0.500000
vt 0.531250 0.500000
vt 0.531250 0.625000
vt 0.500000 0.625000
vt 0.531250 0.750000
vt 0.500000 0.750000
vt 0.531250 0.875000
vt 0.500000 0.875000
vt 0.531250 1.000000
vt 0.500000 1.000000
vt 0.500000 0.000000
vt 0.531250 0.000000
vt 0.531250 0.125000
vt 0.500000 0.125000
vt 0.531250 0.250000
vt 0.500000 0.250000
vt 0.531250 0.375000
vt 0.500000 0.375000
vt 0.562500 0.500000
vt 0.562500 0.625000
vt 0.562500 0.750000
vt 0.562500 0.875000
vt 0.562500 1.000000
vt 0.562500 0.000000
vt 0.562500 0.125000
vt 0.562500 0.250000
vt 0.562500 0.375000
vt 0.593750 0.500000
vt 0.593750 0.625000
vt 0.593750 0.750000
vt 0.593750 0.875000
vt 0.593750 1.000000
vt 0.593750 0.000000
vt 0.593750 0.125000
vt 0.593750 0.250000
vt 0.593750 0.375000
vt 0.625000 0.500000
vt 0.625000 0.625000
vt 0.625000 0.750000
vt 0.625000 0.875000
vt 0.625000 1.000000
vt 0.625000 0.000000
vt 0.625000 0.125000
vt 0.625000 0.250000
vt 0.625000 0.375000
vt 0.656250 0.500000
vt 0.656250 0.625000
vt 0.656250 0.750000
vt 0.656250 0.875000
vt 0.656250 1.000000
vt 0.656250 0.000000
vt 0.656250 0.125000
vt 0.656250 0.250000
vt 0.656250 0.375000
vt 0.687500 0.500000
vt 0.687500 0.625000
vt 0.687500 0.750000
vt 0.687500 0.875000
vt 0.687500 1.000000
vt 0.687500 0.000000
vt 0.687500 0.125000
vt 0.687500 0.250000
vt 0.687500 0.375000
vt 0.718750 0.500000
vt 0.718750 0.625000
vt 0.718750 0.750000
vt 0.718750 0.875000
vt 0.718750 1.000000
vt 0.718750 0.000000
vt 0.718750 0.125000
vt 0.718750 0.250000
vt 0.718750 0.375000
vt 0.750000 0.500000
vt 0.750000 0.625000
vt 0.750000 0.750000
vt 0.750000 0.875000
vt 0.750000 1.000000
vt 0.750000 0.000000
vt 0.750000 0.125000
vt 0.750000 0.250000
vt 0.750000 0.375000
vt 0.781250 0.500000
vt 0.781250 0.625000
vt 0.781250 0.750000
vt 0.781250 0.875000
vt 0.781250 1.000000
vt 0.781250 0.000000
vt 0.781250 0.125000
vt 0.781250 0.250000
vt 0.781250 0.375000
vt 0.812500 0.500000
vt 0.812500 0.625000
vt 0.812500 0.750000
vt 0.812500 0.875000
vt 0.812500 1.000000
vt 0.812500 0.000000
vt 0.812500 0.125000
vt 0.812500 0.250000
vt 0.812500 0.375000
vt 0.843750 0.500000
vt 0.843750 0.625000
vt 0.843750 0.750000
vt 0.843750 0.875000
vt 0.843750 1.000000
vt 0.843750 0.000000
vt 0.843750 0.125000
vt 0.843750 0.250000
vt 0.843750 0.375000
vt 0.875000 0.500000
vt 0.875000 0.625000
vt 0.875000 0.750000
vt 0.875000 0.875000
vt 0.875000 1.000000
vt 0.875000 0.000000
vt 0.875000 0.125000
vt 0.875000 0.250000
vt 0.875000 0.375000
vt 0.906250 0.500000
vt 0.906250 0.625000
vt 0.906250 0.750000
vt 0.906250 0.875000
vt 0.906250 1.000000
vt 0.906250 0.000000
vt 0.906250 0.125000
vt 0.906250 0.250000
vt 0.906250 0.375000
vt 0.937500 0.500000
vt 0.937500 0.625000
vt 0.937500 0.750000
vt 0.937500 0.875000
vt 0.937500 1.000000
vt 0.937500 0.000000
vt 0.937500 0.125000
vt 0.937500 0.250000
vt 0.937500 0.375000
vt 0.968750 0.500000
vt 0.968750 0.625000
vt 0.968750 0.750000
vt 0.968750 0.875000
vt 0.968750 1.000000
vt 0.968750 0.000000
vt 0.968750 0.125000
vt 0.968750 0.250000
vt 0.968750 0.375000
vt 1.000000 0.500000
vt 1.000000 0.625000
vt 1.000000 0.750000
vt 1.000000 0.875000
vt 1.000000 1.000000
vt 1.000000 0.000000
vt 1.000000 0.125000
vt 1.000000 0.250000
vt 1.000000 0.375000
vt 0.000000 0.500000
vt 0.031250 0.500000
vt 0.031250 0.625000
vt 0.000000 0.625000
vt 0.031250 0.750000
vt 0.000000 0.750000
vt 0.031250 0.875000
vt 0.000000 0.875000
vt 0.031250 1.000000
vt 0.000000 1.000000
vt 0.000000 0.000000
vt 0.031250 0.000000
vt 0.031250 0.125000
vt 0.000000 0.125000
vt 0.031250 0.250000
vt 0.000000 0.250000
vt 0.031250 0.375000
vt 0.000000 0.375000
vt 0.062500 0.500000
vt 0.062500 0.625000
vt 0.062500 0.750000
vt 0.062500 0.875000
vt 0.062500 1.000000
vt 0.062500 0.000000
vt 0.062500 0.125000
vt 0.062500 0.250000
vt 0.062500 0.375000
vt 0.093750 0.500000
vt 0.093750 0.625000
vt 0.093750 0.750000
vt 0.093750 0.875000
vt 0.093750 1.000000
vt 0.093750 0.000000
vt 0.093750 0.125000
vt 0.093750 0.250000
vt 0.093750 0.375000
vt 0.125000 0.500000
vt 0.125000 0.625000
vt 0.125000 0.750000
vt 0.125000 0.875000
vt 0.125000 1.000000
vt 0.125000 0.000000
vt 0.125000 0.125000
vt 0.125000 0.250000
vt 0.125000 0.375000
vt 0.156250 0.500000
vt 0.156250 0.625000
vt 0.156250 0.750000
vt 0.156250 0.875000
vt 0.156250 1.000000
vt 0.156250 0.000000
vt 0.156250 0.125000
vt 0.156250 0.250000
vt 0.156250 0.375000
vt 0.187500 0.500000
vt 0.187500 0.625000
vt 0.187500 0.750000
vt 0.187500 0.875000
vt 0.187500 1.000000
vt 0.187500 0.000000
vt 0.187500 0.125000
vt 0.187500 0.250000
vt 0.187500 0.375000
vt 0.218750 0.500000
vt 0.218750 0.625000
vt 0.218750 0.750000
vt 0.218750 0.875000
vt 0.218750 1.000000
vt 0.218750 0.000000
vt 0.218750 0.125000
vt 0.218750 0.250000
vt 0.218750 0.375000
vt 0.250000 0.500000
vt 0.250000 0.625000
vt 0.250000 0.750000
vt 0.250000 0.875000
vt 0.250000 1.000000
vt 0.250000 0.000000
vt 0.250000 0.125000
vt 0.250000 0.250000
vt 0.250000 0.375000
vt 0.281250 0.500000
vt 0.281250 0.625000
vt 0.281250 0.750000
vt 0.281250 0.875000
vt 0.281250 1.000000
vt 0.281250 0.000000
vt 0.281250 0.125000
vt 0.281250 0.250000
vt 0.281250 0.375000
vt 0.312500 0.500000
vt 0.312500 0.625000
vt 0.312500 0.750000
vt 0.312500 0.875000
vt 0.312500 1.000000
vt 0.312500 0.000000
vt 0.312500 0.125000
vt 0.312500 0.250000
vt 0.312500 0.375000
vt 0.343750 0.500000
vt 0.343750 0.625000
vt 0.343750 0.750000
vt 0.343750 0.875000
vt 0.343750 1.000000
vt 0.343750 0.000000
vt 0.343750 0.125000
vt 0.343750 0.250000
vt 0.343750 0.375000
vt 0.375000 0.500000
vt 0.375000 0.625000
vt 0.375000 0.750000
vt 0.375000 0.875000
vt 0.375000 1.000000
vt 0.375000 0.000000
vt 0.375000 0.125000
vt 0.375000 0.250000
vt 0.375000 0.375000
vt 0.406250 0.500000
vt 0.406250 0.625000
vt 0.406250 0.750000
vt 0.406250 0.875000
vt 0.406250 1.000000
vt 0.406250 0.000000
vt 0.406250 0.125000
vt 0.406250 0.250000
vt 0.406250 0.375000
vt 0.437500 0.500000
vt 0.437500 0.625000
vt 0.437500 0.750000
vt 0.437500 0.875000
vt 0.437500 1.000000
vt 0.437500 0.000000
vt 0.437500 0.125000
vt 0.437500 0.250000
vt 0.437500 0.375000
vt 0.468750 0.500000
vt 0.468750 0.625000
vt 0.468750 0.750000
vt 0.468750 0.875000
vt 0.468750 1.000000
vt 0.468750 0.000000
vt 0.468750 0.125000
vt 0.468750 0.250000
vt 0.468750 0.375000
s 1
usemtl M_Brushed_Metal
f 825/964/727 833/965/735 834/966/736 826/967/728
f 826/967/728 834/966/736 835/968/737 827/969/729
f 827/969/729 835/968/737 836/970/738 828/971/730
f 828/971/730 836/970/738 837/972/739 829/973/731
f 829/974/731 837/975/739 838/976/740 830/977/732
f 830/977/732 838/976/740 839/978/741 831/979/733
f 831/979/733 839/978/741 840/980/742 832/981/734
f 832/981/734 840/980/742 833/965/735 825/964/727
f 833/965/735 841/982/743 842/983/744 834/966/736
f 834/966/736 842/983/744 843/984/745 835/968/737
f 835/968/737 843/984/745 844/985/746 836/970/738
f 836/970/738 844/985/746 845/986/747 837/972/739
f 837/975/739 845/987/747 846/988/748 838/976/740
f 838/976/740 846/988/748 847/989/749 839/978/741
f 839/978/741 847/989/749 848/990/750 840/980/742
f 840/980/742 848/990/750 841/982/743 833/965/735
f 841/982/743 849/991/751 850/992/752 842/983/744
f 842/983/744 850/992/752 851/993/753 843/984/745
f 843/984/745 851/993/753 852/994/754 844/985/746
f 844/985/746 852/994/754 853/995/755 845/986/747
f 845/987/747 853/996/755 854/997/756 846/988/748
f 846/988/748 854/997/756 855/998/757 847/989/749
f 847/989/749 855/998/757 856/999/758 848/990/750
f 848/990/750 856/999/758 849/991/751 841/982/743
f 849/991/751 857/1000/759 858/1001/760 850/992/752
f 850/992/752 858/1001/760 859/1002/761 851/993/753
f 851/993/753 859/1002/761 860/1003/762 852/994/754
f 852/994/754 860/1003/762 861/1004/763 853/995/755
f 853/996/755 861/1005/763 862/1006/764 854/997/756
f 854/997/756 862/1006/764 863/1007/765 855/998/757
f 855/998/757 863/1007/765 864/1008/766 856/999/758
f 856/999/758 864/1008/766 857/1000/759 849/991/751
f 857/1000/759 865/1009/767 866/1010/768 858/1001/760
f 858/1001/760 866/1010/768 867/1011/769 859/1002/761
f 859/1002/761 867/1011/769 868/1012/770 860/1003/762
f 860/1003/762 868/1012/770 869/1013/771 861/1004/763
f 861/1005/763 869/1014/771 870/1015/772 862/1006/764
f 862/1006/764 870/1015/772 871/1016/773 863/1007/765
f 863/1007/765 871/1016/773 872/1017/774 864/1008/766
f 864/1008/766 872/1017/774 865/1009/767 857/1000/759
f 865/1009/767 873/1018/775 874/1019/776 866/1010/768
f 866/1010/768 874/1019/776 875/1020/777 867/1011/769
f 867/1011/769 875/1020/777 876/1021/778 868/1012/770
f 868/1012/770 876/1021/778 877/1022/779 869/1013/771
f 869/1014/771 877/1023/779 878/1024/780 870/1015/772
f 870/1015/772 878/1024/780 879/1025/781 871/1016/773
f 871/1016/773 879/1025/781 880/1026/782 872/1017/774
f 872/1017/774 880/1026/782 873/1018/775 865/1009/767
f 873/1018/775 881/1027/783 882/1028/784 874/1019/776
f 874/1019/776 882/1028/784 883/1029/785 875/1020/777
f 875/1020/777 883/1029/785 884/1030/786 876/1021/778
f 876/1021/778 884/1030/786 885/1031/787 877/1022/779
f 877/1023/779 885/1032/787 886/1033/788 878/1024/780
f 878/1024/780 886/1033/788 887/1034/789 879/1025/781
f 879/1025/781 887/1034/789 888/1035/790 880/1026/782
f 880/1026/782 888/1035/790 881/1027/783 873/1018/775
f 881/1027/783 889/1036/791 890/1037/792 882/1028/784
f 882/1028/784 890/1037/792 891/1038/793 883/1029/785
f 883/1029/785 891/1038/793 892/1039/794 884/1030/786
f 884/1030/786 892/1039/794 893/1040/795 885/1031/787
f 885/1032/787 893/1041/795 894/1042/796 886/1033/788
f 886/1033/788 894/1042/796 895/1043/797 887/1034/789
f 887/1034/789 895/1043/797 896/1044/798 888/1035/790
f 888/1035/790 896/1044/798 889/1036/791 881/1027/783
f 889/1036/791 897/1045/799 898/1046/800 890/1037/792
f 890/1037/792 898/1046/800 899/1047/801 891/1038/793
f 891/1038/793 899/1047/801 900/1048/802 892/1039/794
f 892/1039/794 900/1048/802 901/1049/803 893/1040/795
f 893/1041/795 901/1050/803 902/1051/804 894/1042/796
f 894/1042/796 902/1051/804 903/1052/805 895/1043/797
f 895/1043/797 903/1052/805 904/1053/806 896/1044/798
f 896/1044/798 904/1053/806 897/1045/799 889/1036/791
f 897/1045/799 905/1054/807 906/1055/808 898/1046/800
f 898/1046/800 906/1055/808 907/1056/809 899/1047/801
f 899/1047/801 907/1056/809 908/1057/810 900/1048/802
f 900/1048/802 908/1057/810 909/1058/811 901/1049/803
f 901/1050/803 909/1059/811 910/1060/812 902/1051/804
f 902/1051/804 910/1060/812 911/1061/813 903/1052/805
f 903/1052/805 911/1061/813 912/1062/814 904/1053/806
f 904/1053/806 912/1062/814 905/1054/807 897/1045/799
f 905/1054/807 913/1063/815 914/1064/816 906/1055/808
f 906/1055/808 914/1064/816 915/1065/817 907/1056/809
f 907/1056/809 915/1065/817 916/1066/818 908/1057/810
f 908/1057/810 916/1066/818 917/1067/819 909/1058/811
f 909/1059/811 917/1068/819 918/1069/820 910/1060/812
f 910/1060/812 918/1069/820 919/1070/821 911/1061/813
f 911/1061/813 919/1070/821 920/1071/822 912/1062/814
f 912/1062/814 920/1071/822 913/1063/815 905/1054/807
f 913/1063/815 921/1072/823 922/1073/824 914/1064/816
f 914/1064/816 922/1073/824 923/1074/825 915/1065/817
f 915/1065/817 923/1074/825 924/1075/826 916/1066/818
f 916/1066/818 924/1075/826 925/1076/827 917/1067/819
f 917/1068/819 925/1077/827 926/1078/828 918/1069/820
f 918/1069/820 926/1078/828 927/1079/829 919/1070/821
f 919/1070/821 927/1079/829 928/1080/830 920/1071/822
f 920/1071/822 928/1080/830 921/1072/823 913/1063/815
f 921/1072/823 929/1081/831 930/1082/832 922/1073/824
f 922/1073/824 930/1082/832 931/1083/833 923/1074/825
f 923/1074/825 931/1083/833 932/1084/834 924/1075/826
f 924/1075/826 932/1084/834 933/1085/835 925/1076/827
f 925/1077/827 933/1086/835 934/1087/836 926/1078/828
f 926/1078/828 934/1087/836 935/1088/837 927/1079/829
f 927/1079/829 935/1088/837 936/1089/838 928/1080/830
f 928/1080/830 936/1089/838 929/1081/831 921/1072/823
f 929/1081/831 937/1090/839 938/1091/840 930/1082/832
f 930/1082/832 938/1091/840 939/1092/841 931/1083/833
f 931/1083/833 939/1092/841 940/1093/842 932/1084/834
f 932/1084/834 940/1093/842 941/1094/843 933/1085/835
f 933/1086/835 941/1095/843 942/1096/844 934/1087/836
f 934/1087/836 942/1096/844 943/1097/845 935/1088/837
f 935/1088/837 943/1097/845 944/1098/846 936/1089/838
f 936/1089/838 944/1098/846 937/1090/839 929/1081/831
f 937/1090/839 945/1099/847 946/1100/848 938/1091/840
f 938/1091/840 946/1100/848 947/1101/849 939/1092/841
f 939/1092/841 947/1101/849 948/1102/850 940/1093/842
f 940/1093/842 948/1102/850 949/1103/851 941/1094/843
f 941/1095/843 949/1104/851 950/1105/852 942/1096/844
f 942/1096/844 950/1105/852 951/1106/853 943/1097/845
f 943/1097/845 951/1106/853 952/1107/854 944/1098/846
f 944/1098/846 952/1107/854 945/1099/847 937/1090/839
f 945/1099/847 953/1108/731 954/1109/855 946/1100/848
f 946/1100/848 954/1109/855 955/1110/856 947/1101/849
f 947/1101/849 955/1110/856 956/1111/857 948/1102/850
f 948/1102/850 956/1111/857 957/1112/727 949/1103/851
f 949/1104/851 957/1113/727 958/1114/858 950/1105/852
f 950/1105/852 958/1114/858 959/1115/859 951/1106/853
f 951/1106/853 959/1115/859 960/1116/860 952/1107/854
f 952/1107/854 960/1116/860 953/1108/731 945/1099/847
f 953/1117/731 961/1118/739 962/1119/861 954/1120/855
f 954/1120/855 962/1119/861 963/1121/862 955/1122/856
f 955/1122/856 963/1121/862 964/1123/863 956/1124/857
f 956/1124/857 964/1123/863 965/1125/735 957/1126/727
f 957/1127/727 965/1128/735 966/1129/864 958/1130/858
f 958/1130/858 966/1129/864 967/1131/865 959/1132/859
f 959/1132/859 967/1131/865 968/1133/866 960/1134/860
f 960/1134/860 968/1133/866 961/1118/739 953/1117/731
f 961/1118/739 969/1135/747 970/1136/867 962/1119/861
f 962/1119/861 970/1136/867 971/1137/868 963/1121/862
f 963/1121/862 971/1137/868 972/1138/869 964/1123/863
f 964/1123/863 972/1138/869 973/1139/743 965/1125/735
f 965/1128/735 973/1140/743 974/1141/870 966/1129/864
f 966/1129/864 974/1141/870 975/1142/871 967/1131/865
f 967/1131/865 975/1142/871 976/1143/872 968/1133/866
f 968/1133/866 976/1143/872 969/1135/747 961/1118/739
f 969/1135/747 977/1144/755 978/1145/873 970/1136/867
f 970/1136/867 978/1145/873 979/1146/874 971/1137/868
f 971/1137/868 979/1146/874 980/1147/875 972/1138/869
f 972/1138/869 980/1147/875 981/1148/751 973/1139/743
f 973/1140/743 981/1149/751 982/1150/876 974/1141/870
f 974/1141/870 982/1150/876 983/1151/877 975/1142/871
f 975/1142/871 983/1151/877 984/1152/878 976/1143/872
f 976/1143/872 984/1152/878 977/1144/755 969/1135/747
f 977/1144/755 985/1153/763 986/1154/879 978/1145/873
f 978/1145/873 986/1154/879 987/1155/880 979/1146/874
f 979/1146/874 987/1155/880 988/1156/881 980/1147/875
f 980/1147/875 988/1156/881 989/1157/759 981/1148/751
f 981/1149/751 989/1158/759 990/1159/882 982/1150/876
f 982/1150/876 990/1159/882 991/1160/883 983/1151/877
f 983/1151/877 991/1160/883 992/1161/884 984/1152/878
f 984/1152/878 992/1161/884 985/1153/763 977/1144/755
f 985/1153/763 993/1162/771 994/1163/885 986/1154/879
f 986/1154/879 994/1163/885 995/1164/886 987/1155/880
f 987/1155/880 995/1164/886 996/1165/887 988/1156/881
f 988/1156/881 996/1165/887 997/1166/767 989/1157/759
f 989/1158/759 997/1167/767 998/1168/888 990/1159/882
f 990/1159/882 998/1168/888 999/1169/889 991/1160/883
f 991/1160/883 999/1169/889 1000/1170/890 992/1161/884
f 992/1161/884 1000/1170/890 993/1162/771 985/1153/763
f 993/1162/771 1001/1171/779 1002/1172/891 994/1163/885
f 994/1163/885 1002/1172/891 1003/1173/892 995/1164/886
f 995/1164/886 1003/1173/892 1004/1174/893 996/1165/887
f 996/1165/887 1004/1174/893 1005/1175/775 997/1166/767
f 997/1167/767 1005/1176/775 1006/1177/894 998/1168/888
f 998/1168/888 1006/1177/894 1007/1178/895 999/1169/889
f 999/1169/889 1007/1178/895 1008/1179/896 1000/1170/890
f 1000/1170/890 1008/1179/896 1001/1171/779 993/1162/771
f 1001/1171/779 1009/1180/787 1010/1181/897 1002/1172/891
f 1002/1172/891 1010/1181/897 1011/1182/898 1003/1173/892
f 1003/1173/892 1011/1182/898 1012/1183/899 1004/1174/893
f 1004/1174/893 1012/1183/899 1013/1184/783 1005/1175/775
f 1005/1176/775 1013/1185/783 1014/1186/900 1006/1177/894
f 1006/1177/894 1014/1186/900 1015/1187/901 1007/1178/895
f 1007/1178/895 1015/1187/901 1016/1188/902 1008/1179/896
f 1008/1179/896 1016/1188/902 1009/1180/787 1001/1171/779
f 1009/1180/787 1017/1189/795 1018/1190/903 1010/1181/897
f 1010/1181/897 1018/1190/903 1019/1191/904 1011/1182/898
f 1011/1182/898 1019/1191/904 1020/1192/905 1012/1183/899
f 1012/1183/899 1020/1192/905 1021/1193/791 1013/1184/783
f 1013/1185/783 1021/1194/791 1022/1195/906 1014/1186/900
f 1014/1186/900 1022/1195/906 1023/1196/907 1015/1187/901
f 1015/1187/901 1023/1196/907 1024/1197/908 1016/1188/902
f 1016/1188/902 1024/1197/908 1017/1189/795 1009/1180/787
f 1017/1189/795 1025/1198/803 1026/1199/909 1018/1190/903
f 1018/1190/903 1026/1199/909 1027/1200/910 1019/1191/904
f 1019/1191/904 1027/1200/910 1028/1201/911 1020/1192/905
f 1020/1192/905 1028/1201/911 1029/1202/799 1021/1193/791
f 1021/1194/791 1029/1203/799 1030/1204/912 1022/1195/906
f 1022/1195/906 1030/1204/912 1031/1205/913 1023/1196/907
f 1023/1196/907 1031/1205/913 1032/1206/914 1024/1197/908
f 1024/1197/908 1032/1206/914 1025/1198/803 1017/1189/795
f 1025/1198/803 1033/1207/811 1034/1208/915 1026/1199/909
f 1026/1199/909 1034/1208/915 1035/1209/916 1027/1200/910
f 1027/1200/910 1035/1209/916 1036/1210/917 1028/1201/911
f 1028/1201/911 1036/1210/917 1037/1211/807 1029/1202/799
f 1029/1203/799 1037/1212/807 1038/1213/918 1030/1204/912
f 1030/1204/912 1038/1213/918 1039/1214/919 1031/1205/913
f 1031/1205/913 1039/1214/919 1040/1215/920 1032/1206/914
f 1032/1206/914 1040/1215/920 1033/1207/811 1025/1198/803
f 1033/1207/811 1041/1216/819 1042/1217/921 1034/1208/915
f 1034/1208/915 1042/1217/921 1043/1218/922 1035/1209/916
f 1035/1209/916 1043/1218/922 1044/1219/923 1036/1210/917
f 1036/1210/917 1044/1219/923 1045/1220/815 1037/1211/807
f 1037/1212/807 1045/1221/815 1046/1222/924 1038/1213/918
f 1038/1213/918 1046/1222/924 1047/1223/925 1039/1214/919
f 1039/1214/919 1047/1223/925 1048/1224/926 1040/1215/920
f 1040/1215/920 1048/1224/926 1041/1216/819 1033/1207/811
f 1041/1216/819 1049/1225/827 1050/1226/927 1042/1217/921
f 1042/1217/921 1050/1226/927 1051/1227/928 1043/1218/922
f 1043/1218/922 1051/1227/928 1052/1228/929 1044/1219/923
f 1044/1219/923 1052/1228/929 1053/1229/823 1045/1220/815
f 1045/1221/815 1053/1230/823 1054/1231/930 1046/1222/924
f 1046/1222/924 1054/1231/930 1055/1232/931 1047/1223/925
f 1047/1223/925 1055/1232/931 1056/1233/932 1048/1224/926
f 1048/1224/926 1056/1233/932 1049/1225/827 1041/1216/819
f 1049/1225/827 1057/1234/835 1058/1235/933 1050/1226/927
f 1050/1226/927 1058/1235/933 1059/1236/934 1051/1227/928
f 1051/1227/928 1059/1236/934 1060/1237/935 1052/1228/929
f 1052/1228/929 1060/1237/935 1061/1238/831 1053/1229/823
f 1053/1230/823 1061/1239/831 1062/1240/936 1054/1231/930
f 1054/1231/930 1062/1240/936 1063/1241/937 1055/1232/931
f 1055/1232/931 1063/1241/937 1064/1242/938 1056/1233/932
f 1056/1233/932 1064/1242/938 1057/1234/835 1049/1225/827
f 1057/1234/835 1065/1243/843 1066/1244/939 1058/1235/933
f 1058/1235/933 1066/1244/939 1067/1245/940 1059/1236/934
f 1059/1236/934 1067/1245/940 1068/1246/941 1060/1237/935
f 1060/1237/935 1068/1246/941 1069/1247/839 1061/1238/831
f 1061/1239/831 1069/1248/839 1070/1249/942 1062/1240/936
f 1062/1240/936 1070/1249/942 1071/1250/943 1063/1241/937
f 1063/1241/937 1071/1250/943 1072/1251/944 1064/1242/938
f 1064/1242/938 1072/1251/944 1065/1243/843 1057/1234/835
f 1065/1243/843 1073/1252/851 1074/1253/945 1066/1244/939
f 1066/1244/939 1074/1253/945 1075/1254/946 1067/1245/940
f 1067/1245/940 1075/1254/946 1076/1255/947 1068/1246/941
f 1068/1246/941 1076/1255/947 1077/1256/847 1069/1247/839
f 1069/1248/839 1077/1257/847 1078/1258/948 1070/1249/942
f 1070/1249/942 1078/1258/948 1079/1259/949 1071/1250/943
f 1071/1250/943 1079/1259/949 1080/1260/950 1072/1251/944
f 1072/1251/944 1080/1260/950 1073/1252/851 1065/1243/843
f 1073/1252/851 825/964/727 826/967/728 1074/1253/945
f 1074/1253/945 826/967/728 827/969/729 1075/1254/946
f 1075/1254/946 827/969/729 828/971/730 1076/1255/947
f 1076/1255/947 828/971/730 829/973/731 1077/1256/847
f 1077/1257/847 829/974/731 830/977/732 1078/1258/948
f 1078/1258/948 830/977/732 831/979/733 1079/1259/949
f 1079/1259/949 831/979/733 832/981/734 1080/1260/950
f 1080/1260/950 832/981/734 825/964/727 1073/1252/851
o Hook.004
v 0.269000 0.000000 0.025000
v 0.267828 0.002828 0.025000
v 0.265000 0.004000 0.025000
v 0.262172 0.002828 0.025000
v 0.261000 0.000000 0.025000
v 0.262172 -0.002828 0.025000
v 0.265000 -0.004000 0.025000
v 0.267828 -0.002828 0.025000
v 0.268443 0.000000 0.019342
v 0.267294 0.002828 0.019571
v 0.264520 0.004000 0.020123
v 0.261746 0.002828 0.020675
v 0.260596 0.000000 0.020903
v 0.261746 -0.002828 0.020675
v 0.264520 -0.004000 0.020123
v 0.267294 -0.002828 0.019571
v 0.266793 0.000000 0.013902
v 0.265710 0.002828 0.014351
v 0.263097 0.004000 0.015433
v 0.260484 0.002828 0.016515
v 0.259401 0.000000 0.016964
v 0.260484 -0.002828 0.016515
v 0.263097 -0.004000 0.015433
v 0.265710 -0.002828 0.014351
v 0.264113 0.000000 0.008888
v 0.263138 0.002828 0.009539
v 0.260787 0.004000 0.011111
v 0.258435 0.002828 0.012682
v 0.257461 0.000000 0.013333
v 0.258435 -0.002828 0.012682
v 0.260787 -0.004000 0.011111
v 0.263138 -0.002828 0.009539
v 0.260506 0.000000 0.004494
v 0.259678 0.002828 0.005322
v 0.257678 0.004000 0.007322
v 0.255678 0.002828 0.009322
v 0.254849 0.000000 0.010151
v 0.255678 -0.002828 0.009322
v 0.257678 -0.004000 0.007322
v 0.259678 -0.002828 0.005322
v 0.256112 0.000000 0.000887
v 0.255461 0.002828 0.001862
v 0.253889 0.004000 0.004213
v 0.252318 0.002828 0.006565
v 0.251667 0.000000 0.007539
v 0.252318 -0.002828 0.006565
v 0.253889 -0.004000 0.004213
v 0.255461 -0.002828 0.001862
v 0.251098 0.000000 -0.001793
v 0.250649 0.002828 -0.000710
v 0.249567 0.004000 0.001903
v 0.248485 0.002828 0.004516
v 0.248036 0.000000 0.005599
v 0.248485 -0.002828 0.004516
v 0.249567 -0.004000 0.001903
v 0.250649 -0.002828 -0.000710
v 0.245658 0.000000 -0.003443
v 0.245429 0.002828 -0.002294
v 0.244877 0.004000 0.000480
v 0.244325 0.002828 0.003254
v 0.244097 0.000000 0.004404
v 0.244325 -0.002828 0.003254
v 0.244877 -0.004000 0.000480
v 0.245429 -0.002828 -0.002294
v 0.240000 0.000000 -0.004000
v 0.240000 0.002828 -0.002828
v 0.240000 0.004000 0.000000
v 0.240000 0.002828 0.002828
v 0.240000 0.000000 0.004000
v 0.240000 -0.002828 0.002828
v 0.240000 -0.004000 0.000000
v 0.240000 -0.002828 -0.002828
v 0.234342 0.000000 -0.003443
v 0.234571 0.002828 -0.002294
v 0.235123 0.004000 0.000480
v 0.235675 0.002828 0.003254
v 0.235903 0.000000 0.004404
v 0.235675 -0.002828 0.003254
v 0.235123 -0.004000 0.000480
v 0.234571 -0.002828 -0.002294
v 0.228902 0.000000 -0.001793
v 0.229351 0.002828 -0.000710
v 0.230433 0.004000 0.001903
v 0.231515 0.002828 0.004516
v 0.231964 0.000000 0.005599
v 0.231515 -0.002828 0.004516
v 0.230433 -0.004000 0.001903
v 0.229351 -0.002828 -0.000710
v 0.223888 0.000000 0.000887
v 0.224539 0.002828 0.001862
v 0.226111 0.004000 0.004213
v 0.227682 0.002828 0.006565
v 0.228333 0.000000 0.007539
v 0.227682 -0.002828 0.006565
v 0.226111 -0.004000 0.004213
v 0.224539 -0.002828 0.001862
v 0.219494 0.000000 0.004494
v 0.220322 0.002828 0.005322
v 0.222322 0.004000 0.007322
v 0.224322 0.002828 0.009322
v 0.225151 0.000000 0.010151
v 0.224322 -0.002828 0.009322
v 0.222322 -0.004000 0.007322
v 0.220322 -0.002828 0.005322
v 0.215887 0.000000 0.008888
v 0.216862 0.002828 0.009539
v 0.219213 0.004000 0.011111
v 0.221565 0.002828 0.012682
v 0.222539 0.000000 0.013333
v 0.221565 -0.002828 0.012682
v 0.219213 -0.004000 0.011111
v 0.216862 -0.002828 0.009539
v 0.213207 0.000000 0.013902
v 0.214290 0.002828 0.014351
v 0.216903 0.004000 0.015433
v 0.219516 0.002828 0.016515
v 0.220599 0.000000 0.016964
v 0.219516 -0.002828 0.016515
v 0.216903 -0.004000 0.015433
v 0.214290 -0.002828 0.014351
v 0.211557 0.000000 0.019342
v 0.212706 0.002828 0.019571
v 0.215480 0.004000 0.020123
v 0.218254 0.002828 0.020675
v 0.219404 0.000000 0.020903
v 0.218254 -0.002828 0.020675
v 0.215480 -0.004000 0.020123
v 0.212706 -0.002828 0.019571
v 0.211000 0.000000 0.025000
v 0.212172 0.002828 0.025000
v 0.215000 0.004000 0.025000
v 0.217828 0.002828 0.025000
v 0.219000 0.000000 0.025000
v 0.217828 -0.002828 0.025000
v 0.215000 -0.004000 0.025000
v 0.212172 -0.002828 0.025000
v 0.211557 0.000000 0.030658
v 0.212706 0.002828 0.030429
v 0.215480 0.004000 0.029877
v 0.218254 0.002828 0.029325
v 0.219404 0.000000 0.029097
v 0.218254 -0.002828 0.029325
v 0.215480 -0.004000 0.029877
v 0.212706 -0.002828 0.030429
v 0.213207 0.000000 0.036098
v 0.214290 0.002828 0.035649
v 0.216903 0.004000 0.034567
v 0.219516 0.002828 0.033485
v 0.220599 0.000000 0.033036
v 0.219516 -0.002828 0.033485
v 0.216903 -0.004000 0.034567
v 0.214290 -0.002828 0.035649
v 0.215887 0.000000 0.041112
v 0.216862 0.002828 0.040461
v 0.219213 0.004000 0.038889
v 0.221565 0.002828 0.037318
v 0.222539 0.000000 0.036667
v 0.221565 -0.002828 0.037318
v 0.219213 -0.004000 0.038889
v 0.216862 -0.002828 0.040461
v 0.219494 0.000000 0.045506
v 0.220322 0.002828 0.044678
v 0.222322 0.004000 0.042678
v 0.224322 0.002828 0.040678
v 0.225151 0.000000 0.039849
v 0.224322 -0.002828 0.040678
v 0.222322 -0.004000 0.042678
v 0.220322 -0.002828 0.044678
v 0.223888 0.000000 0.049113
v 0.224539 0.002828 0.048138
v 0.226111 0.004000 0.045787
v 0.227682 0.002828 0.043435
v 0.228333 0.000000 0.042461
v 0.227682 -0.002828 0.043435
v 0.226111 -0.004000 0.045787
v 0.224539 -0.002828 0.048138
v 0.228902 0.000000 0.051793
v 0.229351 0.002828 0.050710
v 0.230433 0.004000 0.048097
v 0.231515 0.002828 0.045484
v 0.231964 0.000000 0.044401
v 0.231515 -0.002828 0.045484
v 0.230433 -0.004000 0.048097
v 0.229351 -0.002828 0.050710
v 0.234342 0.000000 0.053443
v 0.234571 0.002828 0.052294
v 0.235123 0.004000 0.049520
v 0.235675 0.002828 0.046746
v 0.235903 0.000000 0.045596
v 0.235675 -0.002828 0.046746
v 0.235123 -0.004000 0.049520
v 0.234571 -0.002828 0.052294
v 0.240000 0.000000 0.054000
v 0.240000 0.002828 0.052828
v 0.240000 0.004000 0.050000
v 0.240000 0.002828 0.047172
v 0.240000 0.000000 0.046000
v 0.240000 -0.002828 0.047172
v 0.240000 -0.004000 0.050000
v 0.240000 -0.002828 0.052828
v 0.245658 0.000000 0.053443
v 0.245429 0.002828 0.052294
v 0.244877 0.004000 0.049520
v 0.244325 0.002828 0.046746
v 0.244097 0.000000 0.045596
v 0.244325 -0.002828 0.046746
v 0.244877 -0.004000 0.049520
v 0.245429 -0.002828 0.052294
v 0.251098 0.000000 0.051793
v 0.250649 0.002828 0.050710
v 0.249567 0.004000 0.048097
v 0.248485 0.002828 0.045484
v 0.248036 0.000000 0.044401
v 0.248485 -0.002828 0.045484
v 0.249567 -0.004000 0.048097
v 0.250649 -0.002828 0.050710
v 0.256112 0.000000 0.049113
v 0.255461 0.002828 0.048138
v 0.253889 0.004000 0.045787
v 0.252318 0.002828 0.043435
v 0.251667 0.000000 0.042461
v 0.252318 -0.002828 0.043435
v 0.253889 -0.004000 0.045787
v 0.255461 -0.002828 0.048138
v 0.260506 0.000000 0.045506
v 0.259678 0.002828 0.044678
v 0.257678 0.004000 0.042678
v 0.255678 0.002828 0.040678
v 0.254849 0.000000 0.039849
v 0.255678 -0.002828 0.040678
v 0.257678 -0.004000 0.042678
v 0.259678 -0.002828 0.044678
v 0.264113 0.000000 0.041112
v 0.263138 0.002828 0.040461
v 0.260787 0.004000 0.038889
v 0.258435 0.002828 0.037318
v 0.257461 0.000000 0.036667
v 0.258435 -0.002828 0.037318
v 0.260787 -0.004000 0.038889
v 0.263138 -0.002828 0.040461
v 0.266793 0.000000 0.036098
v 0.265710 0.002828 0.035649
v 0.263097 0.004000 0.034567
v 0.260484 0.002828 0.033485
v 0.259401 0.000000 0.033036
v 0.260484 -0.002828 0.033485
v 0.263097 -0.004000 0.034567
v 0.265710 -0.002828 0.035649
v 0.268443 0.000000 0.030658
v 0.267294 0.002828 0.030429
v 0.264520 0.004000 0.029877
v 0.261746 0.002828 0.029325
v 0.260596 0.000000 0.029097
v 0.261746 -0.002828 0.029325
v 0.264520 -0.004000 0.029877
v 0.267294 -0.002828 0.030429
vn 1.0000 -0.0000 -0.0000
vn 0.7187 0.6954 -0.0000
vn 0.0239 0.9997 -0.0000
vn -0.6948 0.7192 -0.0000
vn -1.0000 -0.0000 -0.0000
vn -0.6948 -0.7192 -0.0000
vn 0.0239 -0.9997 -0.0000
vn 0.7187 -0.6954 -0.0000
vn 0.9808 -0.0000 -0.1951
vn 0.7049 0.6954 -0.1402
vn 0.0234 0.9997 -0.0047
vn -0.6814 0.7192 0.1355
vn -0.9808 -0.0000 0.1951
vn -0.6814 -0.7192 0.1355
vn 0.0234 -0.9997 -0.0047
vn 0.7049 -0.6954 -0.1402
vn 0.9239 -0.0000 -0.3827
vn 0.6640 0.6954 -0.2750
vn 0.0221 0.9997 -0.0091
vn -0.6419 0.7192 0.2659
vn -0.9239 -0.0000 0.3827
vn -0.6419 -0.7192 0.2659
vn 0.0221 -0.9997 -0.0091
vn 0.6640 -0.6954 -0.2750
vn 0.8315 -0.0000 -0.5556
vn 0.5975 0.6954 -0.3993
vn 0.0199 0.9997 -0.0133
vn -0.5777 0.7192 0.3860
vn -0.8315 -0.0000 0.5556
vn -0.5777 -0.7192 0.3860
vn 0.0199 -0.9997 -0.0133
vn 0.5975 -0.6954 -0.3993
vn 0.7071 -0.0000 -0.7071
vn 0.5082 0.6954 -0.5082
vn 0.0169 0.9997 -0.0169
vn -0.4913 0.7192 0.4913
vn -0.7071 -0.0000 0.7071
vn -0.4913 -0.7192 0.4913
vn 0.0169 -0.9997 -0.0169
vn 0.5082 -0.6954 -0.5082
vn 0.5556 -0.0000 -0.8315
vn 0.3993 0.6954 -0.5975
vn 0.0133 0.9997 -0.0199
vn -0.3860 0.7192 0.5777
vn -0.5556 -0.0000 0.8315
vn -0.3860 -0.7192 0.5777
vn 0.0133 -0.9997 -0.0199
vn 0.3993 -0.6954 -0.5975
vn 0.3827 -0.0000 -0.9239
vn 0.2750 0.6954 -0.6640
vn 0.0091 0.9997 -0.0221
vn -0.2659 0.7192 0.6419
vn -0.3827 -0.0000 0.9239
vn -0.2659 -0.7192 0.6419
vn 0.0091 -0.9997 -0.0221
vn 0.2750 -0.6954 -0.6640
vn 0.1951 -0.0000 -0.9808
vn 0.1402 0.6954 -0.7049
vn 0.0047 0.9997 -0.0234
vn -0.1355 0.7192 0.6814
vn -0.1951 -0.0000 0.9808
vn -0.1355 -0.7192 0.6814
vn 0.0047 -0.9997 -0.0234
vn 0.1402 -0.6954 -0.7049
vn -0.0000 -0.0000 -1.0000
vn -0.0000 0.6954 -0.7187
vn -0.0000 0.9997 -0.0239
vn -0.0000 0.7192 0.6948
vn -0.0000 -0.0000 1.0000
vn -0.0000 -0.7192 0.6948
vn -0.0000 -0.9997 -0.0239
vn -0.0000 -0.6954 -0.7187
vn -0.1951 -0.0000 -0.9808
vn -0.1402 0.6954 -0.7049
vn -0.0047 0.9997 -0.0234
vn 0.1355 0.7192 0.6814
vn 0.1951 -0.0000 0.9808
vn 0.1355 -0.7192 0.6814
vn -0.0047 -0.9997 -0.0234
vn -0.1402 -0.6954 -0.7049
vn -0.3827 -0.0000 -0.9239
vn -0.2750 0.6954 -0.6640
vn -0.0091 0.9997 -0.0221
vn 0.2659 0.7192 0.6419
vn 0.3827 -0.0000 0.9239
vn 0.2659 -0.7192 0.6419
vn -0.0091 -0.9997 -0.0221
vn -0.2750 -0.6954 -0.6640
vn -0.5556 -0.0000 -0.8315
vn -0.3993 0.6954 -0.5975
vn -0.0133 0.9997 -0.0199
vn 0.3860 0.7192 0.5777
vn 0.5556 -0.0000 0.8315
vn 0.3860 -0.7192 0.5777
vn -0.0133 -0.9997 -0.0199
vn -0.3993 -0.6954 -0.5975
vn -0.7071 -0.0000 -0.7071
vn -0.5082 0.6954 -0.5082
vn -0.0169 0.9997 -0.0169
vn 0.4913 0.7192 0.4913
vn 0.7071 -0.0000 0.7071
vn 0.4913 -0.7192 0.4913
vn -0.0169 -0.9997 -0.0169
vn -0.5082 -0.6954 -0.5082
vn -0.8315 -0.0000 -0.5556
vn -0.5975 0.6954 -0.3993
vn -0.0199 0.9997 -0.0133
vn 0.5777 0.7192 0.3860
vn 0.8315 -0.0000 0.5556
vn 0.5777 -0.7192 0.3860
vn -0.0199 -0.9997 -0.0133
vn -0.5975 -0.6954 -0.3993
vn -0.9239 -0.0000 -0.3827
vn -0.6640 0.6954 -0.2750
vn -0.0221 0.9997 -0.0091
vn 0.6419 0.7192 0.2659
vn 0.9239 -0.0000 0.3827
vn 0.6419 -0.7192 0.2659
vn -0.0221 -0.9997 -0.0091
vn -0.6640 -0.6954 -0.2750
vn -0.9808 -0.0000 -0.1951
vn -0.7049 0.6954 -0.1402
vn -0.0234 0.9997 -0.0047
vn 0.6814 0.7192 0.1355
vn 0.9808 -0.0000 0.1951
vn 0.6814 -0.7192 0.1355
vn -0.0234 -0.9997 -0.0047
vn -0.7049 -0.6954 -0.1402
vn -0.7187 0.6954 -0.0000
vn -0.0239 0.9997 -0.0000
vn 0.6948 0.7192 -0.0000
vn 0.6948 -0.7192 -0.0000
vn -0.0239 -0.9997 -0.0000
vn -0.7187 -0.6954 -0.0000
vn -0.7049 0.6954 0.1402
vn -0.0234 0.9997 0.0047
vn 0.6814 0.7192 -0.1355
vn 0.6814 -0.7192 -0.1355
vn -0.0234 -0.9997 0.0047
vn -0.7049 -0.6954 0.1402
vn -0.6640 0.6954 0.2750
vn -0.0221 0.9997 0.0091
vn 0.6419 0.7192 -0.2659
vn 0.6419 -0.7192 -0.2659
vn -0.0221 -0.9997 0.0091
vn -0.6640 -0.6954 0.2750
vn -0.5975 0.6954 0.3993
vn -0.0199 0.9997 0.0133
vn 0.5777 0.7192 -0.3860
vn 0.5777 -0.7192 -0.3860
vn -0.0199 -0.9997 0.0133
vn -0.5975 -0.6954 0.3993
vn -0.5082 0.6954 0.5082
vn -0.0169 0.9997 0.0169
vn 0.4913 0.7192 -0.4913
vn 0.4913 -0.7192 -0.4913
vn -0.0169 -0.9997 0.0169
vn -0.5082 -0.6954 0.5082
vn -0.3993 0.6954 0.5975
vn -0.0133 0.9997 0.0199
vn 0.3860 0.7192 -0.5777
vn 0.3860 -0.7192 -0.5777
vn -0.0133 -0.9997 0.0199
vn -0.3993 -0.6954 0.5975
vn -0.2750 0.6954 0.6640
vn -0.0091 0.9997 0.0221
vn 0.2659 0.7192 -0.6419
vn 0.2659 -0.7192 -0.6419
vn -0.0091 -0.9997 0.0221
vn -0.2750 -0.6954 0.6640
vn -0.1402 0.6954 0.7049
vn -0.0047 0.9997 0.0234
vn 0.1355 0.7192 -0.6814
vn 0.1355 -0.7192 -0.6814
vn -0.0047 -0.9997 0.0234
vn -0.1402 -0.6954 0.7049
vn -0.0000 0.6954 0.7187
vn -0.0000 0.9997 0.0239
vn -0.0000 0.7192 -0.6948
vn -0.0000 -0.7192 -0.6948
vn -0.0000 -0.9997 0.0239
vn -0.0000 -0.6954 0.7187
vn 0.1402 0.6954 0.7049
vn 0.0047 0.9997 0.0234
vn -0.1355 0.7192 -0.6814
vn -0.1355 -0.7192 -0.6814
vn 0.0047 -0.9997 0.0234
vn 0.1402 -0.6954 0.7049
vn 0.2750 0.6954 0.6640
vn 0.0091 0.9997 0.0221
vn -0.2659 0.7192 -0.6419
vn -0.2659 -0.7192 -0.6419
vn 0.0091 -0.9997 0.0221
vn 0.2750 -0.6954 0.6640
vn 0.3993 0.6954 0.5975
vn 0.0133 0.9997 0.0199
vn -0.3860 0.7192 -0.5777
vn -0.3860 -0.7192 -0.5777
vn 0.0133 -0.9997 0.0199
vn 0.3993 -0.6954 0.5975
vn 0.5082 0.6954 0.5082
vn 0.0169 0.9997 0.0169
vn -0.4913 0.7192 -0.4913
vn -0.4913 -0.7192 -0.4913
vn 0.0169 -0.9997 0.0169
vn 0.5082 -0.6954 0.5082
vn 0.5975 0.6954 0.3993
vn 0.0199 0.9997 0.0133
vn -0.5777 0.7192 -0.3860
vn -0.5777 -0.7192 -0.3860
vn 0.0199 -0.9997 0.0133
vn 0.5975 -0.6954 0.3993
vn 0.6640 0.6954 0.2750
vn 0.0221 0.9997 0.0091
vn -0.6419 0.7192 -0.2659
vn -0.6419 -0.7192 -0.2659
vn 0.0221 -0.9997 0.0091
vn 0.6640 -0.6954 0.2750
vn 0.7049 0.6954 0.1402
vn 0.0234 0.9997 0.0047
vn -0.6814 0.7192 -0.1355
vn -0.6814 -0.7192 -0.1355
vn 0.0234 -0.9997 0.0047
vn 0.7049 -0.6954 0.1402
vt 0.500000 0.500000
vt 0.531250 0.500000
vt 0.531250 0.625000
vt 0.500000 0.625000
vt 0.531250 0.750000
vt 0.500000 0.750000
vt 0.531250 0.875000
vt 0.500000 0.875000
vt 0.531250 1.000000
vt 0.500000 1.000000
vt 0.500000 0.000000
vt 0.531250 0.000000
vt 0.531250 0.125000
vt 0.500000 0.125000
vt 0.531250 0.250000
vt 0.500000 0.250000
vt 0.531250 0.375000
vt 0.500000 0.375000
vt 0.562500 0.500000
vt 0.562500 0.625000
vt 0.562500 0.750000
vt 0.562500 0.875000
vt 0.562500 1.000000
vt 0.562500 0.000000
vt 0.562500 0.125000
vt 0.562500 0.250000
vt 0.562500 0.375000
vt 0.593750 0.500000
vt 0.593750 0.625000
vt 0.593750 0.750000
vt 0.593750 0.875000
vt 0.593750 1.000000
vt 0.593750 0.000000
vt 0.593750 0.125000
vt 0.593750 0.250000
vt 0.593750 0.375000
vt 0.625000 0.500000
vt 0.625000 0.625000
vt 0.625000 0.750000
vt 0.625000 0.875000
vt 0.625000 1.000000
vt 0.625000 0.000000
vt 0.625000 0.125000
vt 0.625000 0.250000
vt 0.625000 0.375000
vt 0.656250 0.500000
vt 0.656250 0.625000
vt 0.656250 0.750000
vt 0.656250 0.875000
vt 0.656250 1.000000
vt 0.656250 0.000000
vt 0.656250 0.125000
vt 0.656250 0.250000
vt 0.656250 0.375000
vt 0.687500 0.500000
vt 0.687500 0.625000
vt 0.687500 0.750000
vt 0.687500 0.875000
vt 0.687500 1.000000
vt 0.687500 0.000000
vt 0.687500 0.125000
vt 0.687500 0.250000
vt 0.687500 0.375000
vt 0.718750 0.500000
vt 0.718750 0.625000
vt 0.718750 0.750000
vt 0.718750 0.875000
vt 0.718750 1.000000
vt 0.718750 0.000000
vt 0.718750 0.125000
vt 0.718750 0.250000
vt 0.718750 0.375000
vt 0.750000 0.500000
vt 0.750000 0.625000
vt 0.750000 0.750000
vt 0.750000 0.875000
vt 0.750000 1.000000
vt 0.750000 0.000000
vt 0.750000 0.125000
vt 0.750000 0.250000
vt 0.750000 0.375000
vt 0.781250 0.500000
vt 0.781250 0.625000
vt 0.781250 0.750000
vt 0.781250 0.875000
vt 0.781250 1.000000
vt 0.781250 0.000000
vt 0.781250 0.125000
vt 0.781250 0.250000
vt 0.781250 0.375000
vt 0.812500 0.500000
vt 0.812500 0.625000
vt 0.812500 0.750000
vt 0.812500 0.875000
vt 0.812500 1.000000
vt 0.812500 0.000000
vt 0.812500 0.125000
vt 0.812500 0.250000
vt 0.812500 0.375000
vt 0.843750 0.500000
vt 0.843750 0.625000
vt 0.843750 0.750000
vt 0.843750 0.875000
vt 0.843750 1.000000
vt 0.843750 0.000000
vt 0.843750 0.125000
vt 0.843750 0.250000
vt 0.843750 0.375000
vt 0.875000 0.500000
vt 0.875000 0.625000
vt 0.875000 0.750000
vt 0.875000 0.875000
vt 0.875000 1.000000
vt 0.875000 0.000000
vt 0.875000 0.125000
vt 0.875000 0.250000
vt 0.875000 0.375000
vt 0.906250 0.500000
vt 0.906250 0.625000
vt 0.906250 0.750000
vt 0.906250 0.875000
vt 0.906250 1.000000
vt 0.906250 0.000000
vt 0.906250 0.125000
vt 0.906250 0.250000
vt 0.906250 0.375000
vt 0.937500 0.500000
vt 0.937500 0.625000
vt 0.937500 0.750000
vt 0.937500 0.875000
vt 0.937500 1.000000
vt 0.937500 0.000000
vt 0.937500 0.125000
vt 0.937500 0.250000
vt 0.937500 0.375000
vt 0.968750 0.500000
vt 0.968750 0.625000
vt 0.968750 0.750000
vt 0.968750 0.875000
vt 0.968750 1.000000
vt 0.968750 0.000000
vt 0.968750 0.125000
vt 0.968750 0.250000
vt 0.968750 0.375000
vt 1.000000 0.500000
vt 1.000000 0.625000
vt 1.000000 0.750000
vt 1.000000 0.875000
vt 1.000000 1.000000
vt 1.000000 0.000000
vt 1.000000 0.125000
vt 1.000000 0.250000
vt 1.000000 0.375000
vt 0.000000 0.500000
vt 0.031250 0.500000
vt 0.031250 0.625000
vt 0.000000 0.625000
vt 0.031250 0.750000
vt 0.000000 0.750000
vt 0.031250 0.875000
vt 0.000000 0.875000
vt 0.031250 1.000000
vt 0.000000 1.000000
vt 0.000000 0.000000
vt 0.031250 0.000000
vt 0.031250 0.125000
vt 0.000000 0.125000
vt 0.031250 0.250000
vt 0.000000 0.250000
vt 0.031250 0.375000
vt 0.000000 0.375000
vt 0.062500 0.500000
vt 0.062500 0.625000
vt 0.062500 0.750000
vt 0.062500 0.875000
vt 0.062500 1.000000
vt 0.062500 0.000000
vt 0.062500 0.125000
vt 0.062500 0.250000
vt 0.062500 0.375000
vt 0.093750 0.500000
vt 0.093750 0.625000
vt 0.093750 0.750000
vt 0.093750 0.875000
vt 0.093750 1.000000
vt 0.093750 0.000000
vt 0.093750 0.125000
vt 0.093750 0.250000
vt 0.093750 0.375000
vt 0.125000 0.500000
vt 0.125000 0.625000
vt 0.125000 0.750000
vt 0.125000 0.875000
vt 0.125000 1.000000
vt 0.125000 0.000000
vt 0.125000 0.125000
vt 0.125000 0.250000
vt 0.125000 0.375000
vt 0.156250 0.500000
vt 0.156250 0.625000
vt 0.156250 0.750000
vt 0.156250 0.875000
vt 0.156250 1.000000
vt 0.156250 0.000000
vt 0.156250 0.125000
vt 0.156250 0.250000
vt 0.156250 0.375000
vt 0.187500 0.500000
vt 0.187500 0.625000
vt 0.187500 0.750000
vt 0.187500 0.875000
vt 0.187500 1.000000
vt 0.187500 0.000000
vt 0.187500 0.125000
vt 0.187500 0.250000
vt 0.187500 0.375000
vt 0.218750 0.500000
vt 0.218750 0.625000
vt 0.218750 0.750000
vt 0.218750 0.875000
vt 0.218750 1.000000
vt 0.218750 0.000000
vt 0.218750 0.125000
vt 0.218750 0.250000
vt 0.218750 0.375000
vt 0.250000 0.500000
vt 0.250000 0.625000
vt 0.250000 0.750000
vt 0.250000 0.875000
vt 0.250000 1.000000
vt 0.250000 0.000000
vt 0.250000 0.125000
vt 0.250000 0.250000
vt 0.250000 0.375000
vt 0.281250 0.500000
vt 0.281250 0.625000
vt 0.281250 0.750000
vt 0.281250 0.875000
vt 0.281250 1.000000
vt 0.281250 0.000000
vt 0.281250 0.125000
vt 0.281250 0.250000
vt 0.281250 0.375000
vt 0.312500 0.500000
vt 0.312500 0.625000
vt 0.312500 0.750000
vt 0.312500 0.875000
vt 0.312500 1.000000
vt 0.312500 0.000000
vt 0.312500 0.125000
vt 0.312500 0.250000
vt 0.312500 0.375000
vt 0.343750 0.500000
vt 0.343750 0.625000
vt 0.343750 0.750000
vt 0.343750 0.875000
vt 0.343750 1.000000
vt 0.343750 0.000000
vt 0.343750 0.125000
vt 0.343750 0.250000
vt 0.343750 0.375000
vt 0.375000 0.500000
vt 0.375000 0.625000
vt 0.375000 0.750000
vt 0.375000 0.875000
vt 0.375000 1.000000
vt 0.375000 0.000000
vt 0.375000 0.125000
vt 0.375000 0.250000
vt 0.375000 0.375000
vt 0.406250 0.500000
vt 0.406250 0.625000
vt 0.406250 0.750000
vt 0.406250 0.875000
vt 0.406250 1.000000
vt 0.406250 0.000000
vt 0.406250 0.125000
vt 0.406250 0.250000
vt 0.406250 0.375000
vt 0.437500 0.500000
vt 0.437500 0.625000
vt 0.437500 0.750000
vt 0.437500 0.875000
vt 0.437500 1.000000
vt 0.437500 0.000000
vt 0.437500 0.125000
vt 0.437500 0.250000
vt 0.437500 0.375000
vt 0.468750 0.500000
vt 0.468750 0.625000
vt 0.468750 0.750000
vt 0.468750 0.875000
vt 0.468750 1.000000
vt 0.468750 0.000000
vt 0.468750 0.125000
vt 0.468750 0.250000
vt 0.468750 0.375000
s 1
usemtl M_Brushed_Metal
f 1081/1261/951 1089/1262/959 1090/1263/960 1082/1264/952
f 1082/1264/952 1090/1263/960 1091/1265/961 1083/1266/953
f 1083/1266/953 1091/1265/961 1092/1267/962 1084/1268/954
f 1084/1268/954 1092/1267/962 1093/1269/963 1085/1270/955
f 1085/1271/955 1093/1272/963 1094/1273/964 1086/1274/956
f 1086/1274/956 1094/1273/964 1095/1275/965 1087/1276/957
f 1087/1276/957 1095/1275/965 1096/1277/966 1088/1278/958
f 1088/1278/958 1096/1277/966 1089/1262/959 1081/1261/951
f 1089/1262/959 1097/1279/967 1098/1280/968 1090/1263/960
f 1090/1263/960 1098/1280/968 1099/1281/969 1091/1265/961
f 1091/1265/961 1099/1281/969 1100/1282/970 1092/1267/962
f 1092/1267/962 1100/1282/970 1101/1283/971 1093/1269/963
f 1093/1272/963 1101/1284/971 1102/1285/972 1094/1273/964
f 1094/1273/964 1102/1285/972 1103/1286/973 1095/1275/965
f 1095/1275/965 1103/1286/973 1104/1287/974 1096/1277/966
f 1096/1277/966 1104/1287/974 1097/1279/967 1089/1262/959
f 1097/1279/967 1105/1288/975 1106/1289/976 1098/1280/968
f 1098/1280/968 1106/1289/976 1107/1290/977 1099/1281/969
f 1099/1281/969 1107/1290/977 1108/1291/978 1100/1282/970
f 1100/1282/970 1108/1291/978 1109/1292/979 1101/1283/971
f 1101/1284/971 1109/1293/979 1110/1294/980 1102/1285/972
f 1102/1285/972 1110/1294/980 1111/1295/981 1103/1286/973
f 1103/1286/973 1111/1295/981 1112/1296/982 1104/1287/974
f 1104/1287/974 1112/1296/982 1105/1288/975 1097/1279/967
f 1105/1288/975 1113/1297/983 1114/1298/984 1106/1289/976
f 1106/1289/976 1114/1298/984 1115/1299/985 1107/1290/977
f 1107/1290/977 1115/1299/985 1116/1300/986 1108/1291/978
f 1108/1291/978 1116/1300/986 1117/1301/987 1109/1292/979
f 1109/1293/979 1117/1302/987 1118/1303/988 1110/1294/980
f 1110/1294/980 1118/1303/988 1119/1304/989 1111/1295/981
f 1111/1295/981 1119/1304/989 1120/1305/990 1112/1296/982
f 1112/1296/982 1120/1305/990 1113/1297/983 1105/1288/975
f 1113/1297/983 1121/1306/991 1122/1307/992 1114/1298/984
f 1114/1298/984 1122/1307/992 1123/1308/993 1115/1299/985
f 1115/1299/985 1123/1308/993 1124/1309/994 1116/1300/986
f 1116/1300/986 1124/1309/994 1125/1310/995 1117/1301/987
f 1117/1302/987 1125/1311/995 1126/1312/996 1118/1303/988
f 1118/1303/988 1126/1312/996 1127/1313/997 1119/1304/989
f 1119/1304/989 1127/1313/997 1128/1314/998 1120/1305/990
f 1120/1305/990 1128/1314/998 1121/1306/991 1113/1297/983
f 1121/1306/991 1129/1315/999 1130/1316/1000 1122/1307/992
f 1122/1307/992 1130/1316/1000 1131/1317/1001 1123/1308/993
f 1123/1308/993 1131/1317/1001 1132/1318/1002 1124/1309/994
f 1124/1309/994 1132/1318/1002 1133/1319/1003 1125/1310/995
f 1125/1311/995 1133/1320/1003 1134/1321/1004 1126/1312/996
f 1126/1312/996 1134/1321/1004 1135/1322/1005 1127/1313/997
f 1127/1313/997 1135/1322/1005 1136/1323/1006 1128/1314/998
f 1128/1314/998 1136/1323/1006 1129/1315/999 1121/1306/991
f 1129/1315/999 1137/1324/1007 1138/1325/1008 1130/1316/1000
f 1130/1316/1000 1138/1325/1008 1139/1326/1009 1131/1317/1001
f 1131/1317/1001 1139/1326/1009 1140/1327/1010 1132/1318/1002
f 1132/1318/1002 1140/1327/1010 1141/1328/1011 1133/1319/1003
f 1133/1320/1003 1141/1329/1011 1142/1330/1012 1134/1321/1004
f 1134/1321/1004 1142/1330/1012 1143/1331/1013 1135/1322/1005
f 1135/1322/1005 1143/1331/1013 1144/1332/1014 1136/1323/1006
f 1136/1323/1006 1144/1332/1014 1137/1324/1007 1129/1315/999
f 1137/1324/1007 1145/1333/1015 1146/1334/1016 1138/1325/1008
f 1138/1325/1008 1146/1334/1016 1147/1335/1017 1139/1326/1009
f 1139/1326/1009 1147/1335/1017 1148/1336/1018 1140/1327/1010
f 1140/1327/1010 1148/1336/1018 1149/1337/1019 1141/1328/1011
f 1141/1329/1011 1149/1338/1019 1150/1339/1020 1142/1330/1012
f 1142/1330/1012 1150/1339/1020 1151/1340/1021 1143/1331/1013
f 1143/1331/1013 1151/1340/1021 1152/1341/1022 1144/1332/1014
f 1144/1332/1014 1152/1341/1022 1145/1333/1015 1137/1324/1007
f 1145/1333/1015 1153/1342/1023 1154/1343/1024 1146/1334/1016
f 1146/1334/1016 1154/1343/1024 1155/1344/1025 1147/1335/1017
f 1147/1335/1017 1155/1344/1025 1156/1345/1026 1148/1336/1018
f 1148/1336/1018 1156/1345/1026 1157/1346/1027 1149/1337/1019
f 1149/1338/1019 1157/1347/1027 1158/1348/1028 1150/1339/1020
f 1150/1339/1020 1158/1348/1028 1159/1349/1029 1151/1340/1021
f 1151/1340/1021 1159/1349/1029 1160/1350/1030 1152/1341/1022
f 1152/1341/1022 1160/1350/1030 1153/1342/1023 1145/1333/1015
f 1153/1342/1023 1161/1351/1031 1162/1352/1032 1154/1343/1024
f 1154/1343/1024 1162/1352/1032 1163/1353/1033 1155/1344/1025
f 1155/1344/1025 1163/1353/1033 1164/1354/1034 1156/1345/1026
f 1156/1345/1026 1164/1354/1034 1165/1355/1035 1157/1346/1027
f 1157/1347/1027 1165/1356/1035 1166/1357/1036 1158/1348/1028
f 1158/1348/1028 1166/1357/1036 1167/1358/1037 1159/1349/1029
f 1159/1349/1029 1167/1358/1037 1168/1359/1038 1160/1350/1030
f 1160/1350/1030 1168/1359/1038 1161/1351/1031 1153/1342/1023
f 1161/1351/1031 1169/1360/1039 1170/1361/1040 1162/1352/1032
f 1162/1352/1032 1170/1361/1040 1171/1362/1041 1163/1353/1033
f 1163/1353/1033 1171/1362/1041 1172/1363/1042 1164/1354/1034
f 1164/1354/1034 1172/1363/1042 1173/1364/1043 1165/1355/1035
f 1165/1356/1035 1173/1365/1043 1174/1366/1044 1166/1357/1036
f 1166/1357/1036 1174/1366/1044 1175/1367/1045 1167/1358/1037
f 1167/1358/1037 1175/1367/1045 1176/1368/1046 1168/1359/1038
f 1168/1359/1038 1176/1368/1046 1169/1360/1039 1161/1351/1031
f 1169/1360/1039 1177/1369/1047 1178/1370/1048 1170/1361/1040
f 1170/1361/1040 1178/1370/1048 1179/1371/1049 1171/1362/1041
f 1171/1362/1041 1179/1371/1049 1180/1372/1050 1172/1363/1042
f 1172/1363/1042 1180/1372/1050 1181/1373/1051 1173/1364/1043
f 1173/1365/1043 1181/1374/1051 1182/1375/1052 1174/1366/1044
f 1174/1366/1044 1182/1375/1052 1183/1376/1053 1175/1367/1045
f 1175/1367/1045 1183/1376/1053 1184/1377/1054 1176/1368/1046
f 1176/1368/1046 1184/1377/1054 1177/1369/1047 1169/1360/1039
f 1177/1369/1047 1185/1378/1055 1186/1379/1056 1178/1370/1048
f 1178/1370/1048 1186/1379/1056 1187/1380/1057 1179/1371/1049
f 1179/1371/1049 1187/1380/1057 1188/1381/1058 1180/1372/1050
f 1180/1372/1050 1188/1381/1058 1189/1382/1059 1181/1373/1051
f 1181/1374/1051 1189/1383/1059 1190/1384/1060 1182/1375/1052
f 1182/1375/1052 1190/1384/1060 1191/1385/1061 1183/1376/1053
f 1183/1376/1053 1191/1385/1061 1192/1386/1062 1184/1377/1054
f 1184/1377/1054 1192/1386/1062 1185/1378/1055 1177/1369/1047
f 1185/1378/1055 1193/1387/1063 1194/1388/1064 1186/1379/1056
f 1186/1379/1056 1194/1388/1064 1195/1389/1065 1187/1380/1057
f 1187/1380/1057 1195/1389/1065 1196/1390/1066 1188/1381/1058
f 1188/1381/1058 1196/1390/1066 1197/1391/1067 1189/1382/1059
f 1189/1383/1059 1197/1392/1067 1198/1393/1068 1190/1384/1060
f 1190/1384/1060 1198/1393/1068 1199/1394/1069 1191/1385/1061
f 1191/1385/1061 1199/1394/1069 1200/1395/1070 1192/1386/1062
f 1192/1386/1062 1200/1395/1070 1193/1387/1063 1185/1378/1055
f 1193/1387/1063 1201/1396/1071 1202/1397/1072 1194/1388/1064
f 1194/1388/1064 1202/1397/1072 1203/1398/1073 1195/1389/1065
f 1195/1389/1065 1203/1398/1073 1204/1399/1074 1196/1390/1066
f 1196/1390/1066 1204/1399/1074 1205/1400/1075 1197/1391/1067
f 1197/1392/1067 1205/1401/1075 1206/1402/1076 1198/1393/1068
f 1198/1393/1068 1206/1402/1076 1207/1403/1077 1199/1394/1069
f 1199/1394/1069 1207/1403/1077 1208/1404/1078 1200/1395/1070
f 1200/1395/1070 1208/1404/1078 1201/1396/1071 1193/1387/1063
f 1201/1396/1071 1209/1405/955 1210/1406/1079 1202/1397/1072
f 1202/1397/1072 1210/1406/1079 1211/1407/1080 1203/1398/1073
f 1203/1398/1073 1211/1407/1080 1212/1408/1081 1204/1399/1074
f 1204/1399/1074 1212/1408/1081 1213/1409/951 1205/1400/1075
f 1205/1401/1075 1213/1410/951 1214/1411/1082 1206/1402/1076
f 1206/1402/1076 1214/1411/1082 1215/1412/1083 1207/1403/1077
f 1207/1403/1077 1215/1412/1083 1216/1413/1084 1208/1404/1078
f 1208/1404/1078 1216/1413/1084 1209/1405/955 1201/1396/1071
f 1209/1414/955 1217/1415/963 1218/1416/1085 1210/1417/1079
f 1210/1417/1079 1218/1416/1085 1219/1418/1086 1211/1419/1080
f 1211/1419/1080 1219/1418/1086 1220/1420/1087 1212/1421/1081
f 1212/1421/1081 1220/1420/1087 1221/1422/959 1213/1423/951
f 1213/1424/951 1221/1425/959 1222/1426/1088 1214/1427/1082
f 1214/1427/1082 1222/1426/1088 1223/1428/1089 1215/1429/1083
f 1215/1429/1083 1223/1428/1089 1224/1430/1090 1216/1431/1084
f 1216/1431/1084 1224/1430/1090 1217/1415/963 1209/1414/955
f 1217/1415/963 1225/1432/971 1226/1433/1091 1218/1416/1085
f 1218/1416/1085 1226/1433/1091 1227/1434/1092 1219/1418/1086
f 1219/1418/1086 1227/1434/1092 1228/1435/1093 1220/1420/1087
f 1220/1420/1087 1228/1435/1093 1229/1436/967 1221/1422/959
f 1221/1425/959 1229/1437/967 1230/1438/1094 1222/1426/1088
f 1222/1426/1088 1230/1438/1094 1231/1439/1095 1223/1428/1089
f 1223/1428/1089 1231/1439/1095 1232/1440/1096 1224/1430/1090
f 1224/1430/1090 1232/1440/1096 1225/1432/971 1217/1415/963
f 1225/1432/971 1233/1441/979 1234/1442/1097 1226/1433/1091
f 1226/1433/1091 1234/1442/1097 1235/1443/1098 1227/1434/1092
f 1227/1434/1092 1235/1443/1098 1236/1444/1099 1228/1435/1093
f 1228/1435/1093 1236/1444/1099 1237/1445/975 1229/1436/967
f 1229/1437/967 1237/1446/975 1238/1447/1100 1230/1438/1094
f 1230/1438/1094 1238/1447/1100 1239/1448/1101 1231/1439/1095
f 1231/1439/1095 1239/1448/1101 1240/1449/1102 1232/1440/1096
f 1232/1440/1096 1240/1449/1102 1233/1441/979 1225/1432/971
f 1233/1441/979 1241/1450/987 1242/1451/1103 1234/1442/1097
f 1234/1442/1097 1242/1451/1103 1243/1452/1104 1235/1443/1098
f 1235/1443/1098 1243/1452/1104 1244/1453/1105 1236/1444/1099
f 1236/1444/1099 1244/1453/1105 1245/1454/983 1237/1445/975
f 1237/1446/975 1245/1455/983 1246/1456/1106 1238/1447/1100
f 1238/1447/1100 1246/1456/1106 1247/1457/1107 1239/1448/1101
f 1239/1448/1101 1247/1457/1107 1248/1458/1108 1240/1449/1102
f 1240/1449/1102 1248/1458/1108 1241/1450/987 1233/1441/979
f 1241/1450/987 1249/1459/995 1250/1460/1109 1242/1451/1103
f 1242/1451/1103 1250/1460/1109 1251/1461/1110 1243/1452/1104
f 1243/1452/1104 1251/1461/1110 1252/1462/1111 1244/1453/1105
f 1244/1453/1105 1252/1462/1111 1253/1463/991 1245/1454/983
f 1245/1455/983 1253/1464/991 1254/1465/1112 1246/1456/1106
f 1246/1456/1106 1254/1465/1112 1255/1466/1113 1247/1457/1107
f 1247/1457/1107 1255/1466/1113 1256/1467/1114 1248/1458/1108
f 1248/1458/1108 1256/1467/1114 1249/1459/995 1241/1450/987
f 1249/1459/995 1257/1468/1003 1258/1469/1115 1250/1460/1109
f 1250/1460/1109 1258/1469/1115 1259/1470/1116 1251/1461/1110
f 1251/1461/1110 1259/1470/1116 1260/1471/1117 1252/1462/1111
f 1252/1462/1111 1260/1471/1117 1261/1472/999 1253/1463/991
f 1253/1464/991 1261/1473/999 1262/1474/1118 1254/1465/1112
f 1254/1465/1112 1262/1474/1118 1263/1475/1119 1255/1466/1113
f 1255/1466/1113 1263/1475/1119 1264/1476/1120 1256/1467/1114
f 1256/1467/1114 1264/1476/1120 1257/1468/1003 1249/1459/995
f 1257/1468/1003 1265/1477/1011 1266/1478/1121 1258/1469/1115
f 1258/1469/1115 1266/1478/1121 1267/1479/1122 1259/1470/1116
f 1259/1470/1116 1267/1479/1122 1268/1480/1123 1260/1471/1117
f 1260/1471/1117 1268/1480/1123 1269/1481/1007 1261/1472/999
f 1261/1473/999 1269/1482/1007 1270/1483/1124 1262/1474/1118
f 1262/1474/1118 1270/1483/1124 1271/1484/1125 1263/1475/1119
f 1263/1475/1119 1271/1484/1125 1272/1485/1126 1264/1476/1120
f 1264/1476/1120 1272/1485/1126 1265/1477/1011 1257/1468/1003
f 1265/1477/1011 1273/1486/1019 1274/1487/1127 1266/1478/1121
f 1266/1478/1121 1274/1487/1127 1275/1488/1128 1267/1479/1122
f 1267/1479/1122 1275/1488/1128 1276/1489/1129 1268/1480/1123
f 1268/1480/1123 1276/1489/1129 1277/1490/1015 1269/1481/1007
f 1269/1482/1007 1277/1491/1015 1278/1492/1130 1270/1483/1124
f 1270/1483/1124 1278/1492/1130 1279/1493/1131 1271/1484/1125
f 1271/1484/1125 1279/1493/1131 1280/1494/1132 1272/1485/1126
f 1272/1485/1126 1280/1494/1132 1273/1486/1019 1265/1477/1011
f 1273/1486/1019 1281/1495/1027 1282/1496/1133 1274/1487/1127
f 1274/1487/1127 1282/1496/1133 1283/1497/1134 1275/1488/1128
f 1275/1488/1128 1283/1497/1134 1284/1498/1135 1276/1489/1129
f 1276/1489/1129 1284/1498/1135 1285/1499/1023 1277/1490/1015
f 1277/1491/1015 1285/1500/1023 1286/1501/1136 1278/1492/1130
f 1278/1492/1130 1286/1501/1136 1287/1502/1137 1279/1493/1131
f 1279/1493/1131 1287/1502/1137 1288/1503/1138 1280/1494/1132
f 1280/1494/1132 1288/1503/1138 1281/1495/1027 1273/1486/1019
f 1281/1495/1027 1289/1504/1035 1290/1505/1139 1282/1496/1133
f 1282/1496/1133 1290/1505/1139 1291/1506/1140 1283/1497/1134
f 1283/1497/1134 1291/1506/1140 1292/1507/1141 1284/1498/1135
f 1284/1498/1135 1292/1507/1141 1293/1508/1031 1285/1499/1023
f 1285/1500/1023 1293/1509/1031 1294/1510/1142 1286/1501/1136
f 1286/1501/1136 1294/1510/1142 1295/1511/1143 1287/1502/1137
f 1287/1502/1137 1295/1511/1143 1296/1512/1144 1288/1503/1138
f 1288/1503/1138 1296/1512/1144 1289/1504/1035 1281/1495/1027
f 1289/1504/1035 1297/1513/1043 1298/1514/1145 1290/1505/1139
f 1290/1505/1139 1298/1514/1145 1299/1515/1146 1291/1506/1140
f 1291/1506/1140 1299/1515/1146 1300/1516/1147 1292/1507/1141
f 1292/1507/1141 1300/1516/1147 1301/1517/1039 1293/1508/1031
f 1293/1509/1031 1301/1518/1039 1302/1519/1148 1294/1510/1142
f 1294/1510/1142 1302/1519/1148 1303/1520/1149 1295/1511/1143
f 1295/1511/1143 1303/1520/1149 1304/1521/1150 1296/1512/1144
f 1296/1512/1144 1304/1521/1150 1297/1513/1043 1289/1504/1035
f 1297/1513/1043 1305/1522/1051 1306/1523/1151 1298/1514/1145
f 1298/1514/1145 1306/1523/1151 1307/1524/1152 1299/1515/1146
f 1299/1515/1146 1307/1524/1152 1308/1525/1153 1300/1516/1147
f 1300/1516/1147 1308/1525/1153 1309/1526/1047 1301/1517/1039
f 1301/1518/1039 1309/1527/1047 1310/1528/1154 1302/1519/1148
f 1302/1519/1148 1310/1528/1154 1311/1529/1155 1303/1520/1149
f 1303/1520/1149 1311/1529/1155 1312/1530/1156 1304/1521/1150
f 1304/1521/1150 1312/1530/1156 1305/1522/1051 1297/1513/1043
f 1305/1522/1051 1313/1531/1059 1314/1532/1157 1306/1523/1151
f 1306/1523/1151 1314/1532/1157 1315/1533/1158 1307/1524/1152
f 1307/1524/1152 1315/1533/1158 1316/1534/1159 1308/1525/1153
f 1308/1525/1153 1316/1534/1159 1317/1535/1055 1309/1526/1047
f 1309/1527/1047 1317/1536/1055 1318/1537/1160 1310/1528/1154
f 1310/1528/1154 1318/1537/1160 1319/1538/1161 1311/1529/1155
f 1311/1529/1155 1319/1538/1161 1320/1539/1162 1312/1530/1156
f 1312/1530/1156 1320/1539/1162 1313/1531/1059 1305/1522/1051
f 1313/1531/1059 1321/1540/1067 1322/1541/1163 1314/1532/1157
f 1314/1532/1157 1322/1541/1163 1323/1542/1164 1315/1533/1158
f 1315/1533/1158 1323/1542/1164 1324/1543/1165 1316/1534/1159
f 1316/1534/1159 1324/1543/1165 1325/1544/1063 1317/1535/1055
f 1317/1536/1055 1325/1545/1063 1326/1546/1166 1318/1537/1160
f 1318/1537/1160 1326/1546/1166 1327/1547/1167 1319/1538/1161
f 1319/1538/1161 1327/1547/1167 1328/1548/1168 1320/1539/1162
f 1320/1539/1162 1328/1548/1168 1321/1540/1067 1313/1531/1059
f 1321/1540/1067 1329/1549/1075 1330/1550/1169 1322/1541/1163
f 1322/1541/1163 1330/1550/1169 1331/1551/1170 1323/1542/1164
f 1323/1542/1164 1331/1551/1170 1332/1552/1171 1324/1543/1165
f 1324/1543/1165 1332/1552/1171 1333/1553/1071 1325/1544/1063
f 1325/1545/1063 1333/1554/1071 1334/1555/1172 1326/1546/1166
f 1326/1546/1166 1334/1555/1172 1335/1556/1173 1327/1547/1167
f 1327/1547/1167 1335/1556/1173 1336/1557/1174 1328/1548/1168
f 1328/1548/1168 1336/1557/1174 1329/1549/1075 1321/1540/1067
f 1329/1549/1075 1081/1261/951 1082/1264/952 1330/1550/1169
f 1330/1550/1169 1082/1264/952 1083/1266/953 1331/1551/1170
f 1331/1551/1170 1083/1266/953 1084/1268/954 1332/1552/1171
f 1332/1552/1171 1084/1268/954 1085/1270/955 1333/1553/1071
f 1333/1554/1071 1085/1271/955 1086/1274/956 1334/1555/1172
f 1334/1555/1172 1086/1274/956 1087/1276/957 1335/1556/1173
f 1335/1556/1173 1087/1276/957 1088/1278/958 1336/1557/1174
f 1336/1557/1174 1088/1278/958 1081/1261/951 1329/1549/1075
