# Blender 4.5.11 LTS
# www.blender.org
mtllib SideCart.mtl
o Tray
v -0.292000 0.080000 0.192000
v -0.292000 0.088000 0.200000
v -0.300000 0.088000 0.192000
v -0.292000 0.082343 0.197657
v -0.296619 0.083381 0.196619
v -0.297657 0.088000 0.197657
v -0.297657 0.082343 0.192000
v -0.292000 0.112000 0.200000
v -0.292000 0.120000 0.192000
v -0.300000 0.112000 0.192000
v -0.292000 0.117657 0.197657
v -0.296619 0.116619 0.196619
v -0.297657 0.117657 0.192000
v -0.297657 0.112000 0.197657
v -0.292000 0.080000 -0.192000
v -0.300000 0.088000 -0.192000
v -0.292000 0.088000 -0.200000
v -0.297657 0.082343 -0.192000
v -0.296619 0.083381 -0.196619
v -0.297657 0.088000 -0.197657
v -0.292000 0.082343 -0.197657
v -0.292000 0.120000 -0.192000
v -0.292000 0.112000 -0.200000
v -0.300000 0.112000 -0.192000
v -0.292000 0.117657 -0.197657
v -0.296619 0.116619 -0.196619
v -0.297657 0.112000 -0.197657
v -0.297657 0.117657 -0.192000
v 0.292000 0.080000 0.192000
v 0.300000 0.088000 0.192000
v 0.292000 0.088000 0.200000
v 0.297657 0.082343 0.192000
v 0.296619 0.083381 0.196619
v 0.297657 0.088000 0.197657
v 0.292000 0.082343 0.197657
v 0.292000 0.120000 0.192000
v 0.292000 0.112000 0.200000
v 0.300000 0.112000 0.192000
v 0.292000 0.117657 0.197657
v 0.296619 0.116619 0.196619
v 0.297657 0.112000 0.197657
v 0.297657 0.117657 0.192000
v 0.292000 0.080000 -0.192000
v 0.292000 0.088000 -0.200000
v 0.300000 0.088000 -0.192000
v 0.292000 0.082343 -0.197657
v 0.296619 0.083381 -0.196619
v 0.297657 0.088000 -0.197657
v 0.297657 0.082343 -0.192000
v 0.292000 0.120000 -0.192000
v 0.300000 0.112000 -0.192000
v 0.292000 0.112000 -0.200000
v 0.297657 0.117657 -0.192000
v 0.296619 0.116619 -0.196619
v 0.297657 0.112000 -0.197657
v 0.292000 0.117657 -0.197657
vn -0.3251 -0.8881 0.3251
vn -0.3251 -0.3251 0.8881
vn -0.8881 -0.3251 0.3251
vn -0.3251 0.3251 0.8881
vn -0.3251 0.8881 0.3251
vn -0.8881 0.3251 0.3250
vn -0.3251 -0.8881 -0.3251
vn -0.8881 -0.3251 -0.3250
vn -0.3251 -0.3251 -0.8881
vn -0.3251 0.8881 -0.3251
vn -0.3251 0.3251 -0.8881
vn -0.8881 0.3251 -0.3251
vn 0.3251 -0.8881 0.3251
vn 0.8881 -0.3251 0.3250
vn 0.3251 -0.3251 0.8881
vn 0.3251 0.8881 0.3251
vn 0.3251 0.3251 0.8881
vn 0.8881 0.3251 0.3251
vn 0.3251 -0.8881 -0.3251
vn 0.3251 -0.3251 -0.8881
vn 0.8881 -0.3251 -0.3251
vn 0.3251 0.8881 -0.3251
vn 0.8881 0.3251 -0.3250
vn 0.3251 0.3251 -0.8881
vn -0.3827 -0.9239 -0.0000
vn -0.9239 -0.3827 -0.0000
vn -0.3827 -0.0000 0.9239
vn -0.9239 -0.0000 0.3827
vn -0.3827 0.9239 -0.0000
vn -0.9239 0.3827 -0.0000
vn -0.3827 -0.0000 -0.9239
vn -0.9239 -0.0000 -0.3827
vn -0.0000 -0.9239 -0.3827
vn -0.0000 -0.3827 -0.9239
vn -0.0000 0.9239 -0.3827
vn -0.0000 0.3827 -0.9239
vn 0.9239 -0.0000 -0.3827
vn 0.3827 -0.0000 -0.9239
vn 0.3827 -0.9239 -0.0000
vn 0.9239 -0.3827 -0.0000
vn 0.3827 0.9239 -0.0000
vn 0.9239 0.3827 -0.0000
vn 0.3827 -0.0000 0.9239
vn 0.9239 -0.0000 0.3827
vn -0.0000 -0.9239 0.3827
vn -0.0000 -0.3827 0.9239
vn -0.0000 0.9239 0.3827
vn -0.0000 0.3827 0.9239
vn -0.0000 -1.0000 -0.0000
vn -1.0000 -0.0000 -0.0000
vn -0.0000 -0.0000 1.0000
vn -0.0000 1.0000 -0.0000
vn -0.0000 -0.0000 -1.0000
vn 1.0000 -0.0000 -0.0000
vt 0.128333 0.745000
vt 0.128333 0.750000
vt 0.126409 0.750000
vt 0.125000 0.745000
vt 0.425000 0.996667
vt 0.425000 1.000000
vt 0.396132 1.000000
vt 0.375000 0.996667
vt 0.425000 0.005000
vt 0.375000 0.005000
vt 0.375000 0.002113
vt 0.425000 0.000000
vt 0.575000 0.996667
vt 0.625000 0.996667
vt 0.625000 0.998591
vt 0.575000 1.000000
vt 0.871667 0.745000
vt 0.875000 0.745000
vt 0.875000 0.747887
vt 0.871667 0.750000
vt 0.575000 0.005000
vt 0.575000 0.000000
vt 0.603868 0.000000
vt 0.625000 0.005000
vt 0.128333 0.505000
vt 0.125000 0.505000
vt 0.125000 0.502113
vt 0.128333 0.500000
vt 0.425000 0.245000
vt 0.425000 0.250000
vt 0.385566 0.250704
vt 0.375000 0.245000
vt 0.425000 0.253333
vt 0.375000 0.253333
vt 0.871667 0.505000
vt 0.871667 0.500000
vt 0.873591 0.500000
vt 0.875000 0.505000
vt 0.575000 0.253333
vt 0.575000 0.250000
vt 0.614434 0.248943
vt 0.625000 0.253333
vt 0.575000 0.245000
vt 0.625000 0.245000
vt 0.371667 0.745000
vt 0.375000 0.745000
vt 0.382044 0.749765
vt 0.373333 0.751667
vt 0.425000 0.745000
vt 0.425000 0.750000
vt 0.425000 0.753333
vt 0.628333 0.745000
vt 0.626667 0.751667
vt 0.618425 0.749296
vt 0.625000 0.745000
vt 0.575000 0.753333
vt 0.575000 0.750000
vt 0.575000 0.745000
vt 0.371667 0.505000
vt 0.373333 0.498333
vt 0.381575 0.500704
vt 0.375000 0.505000
vt 0.425000 0.496667
vt 0.425000 0.500000
vt 0.425000 0.505000
vt 0.628333 0.505000
vt 0.625000 0.505000
vt 0.617956 0.500235
vt 0.626667 0.498333
vt 0.575000 0.505000
vt 0.575000 0.500000
vt 0.575000 0.496667
s 0
usemtl M_Graphite
f 1/1/1 4/2/1 5/3/1 7/4/1
f 2/5/2 6/6/2 5/7/2 4/8/2
f 3/9/3 7/10/3 5/11/3 6/12/3
f 8/13/4 11/14/4 12/15/4 14/16/4
f 9/17/5 13/18/5 12/19/5 11/20/5
f 10/21/6 14/22/6 12/23/6 13/24/6
f 15/25/7 18/26/7 19/27/7 21/28/7
f 16/29/8 20/30/8 19/31/8 18/32/8
f 17/33/9 21/34/9 19/31/9 20/30/9
f 22/35/10 25/36/10 26/37/10 28/38/10
f 23/39/11 27/40/11 26/41/11 25/42/11
f 24/43/12 28/44/12 26/41/12 27/40/12
f 29/45/13 32/46/13 33/47/13 35/48/13
f 30/49/14 34/50/14 33/47/14 32/46/14
f 31/51/15 35/48/15 33/47/15 34/50/15
f 36/52/16 39/53/16 40/54/16 42/55/16
f 37/56/17 41/57/17 40/54/17 39/53/17
f 38/58/18 42/55/18 40/54/18 41/57/18
f 43/59/19 46/60/19 47/61/19 49/62/19
f 44/63/20 48/64/20 47/61/20 46/60/20
f 45/65/21 49/62/21 47/61/21 48/64/21
f 50/66/22 53/67/22 54/68/22 56/69/22
f 51/70/23 55/71/23 54/68/23 53/67/23
f 52/72/24 56/69/24 54/68/24 55/71/24
f 15/25/25 1/1/25 7/4/25 18/26/25
f 18/32/26 7/10/26 3/9/26 16/29/26
f 2/5/27 8/13/27 14/16/27 6/6/27
f 6/12/28 14/22/28 10/21/28 3/9/28
f 9/17/29 22/35/29 28/38/29 13/18/29
f 13/24/30 28/44/30 24/43/30 10/21/30
f 23/39/31 17/33/31 20/30/31 27/40/31
f 27/40/32 20/30/32 16/29/32 24/43/32
f 43/59/33 15/25/33 21/28/33 46/60/33
f 46/60/34 21/34/34 17/33/34 44/63/34
f 22/35/35 50/66/35 56/69/35 25/36/35
f 25/42/36 56/69/36 52/72/36 23/39/36
f 51/70/37 45/65/37 48/64/37 55/71/37
f 55/71/38 48/64/38 44/63/38 52/72/38
f 29/45/39 43/59/39 49/62/39 32/46/39
f 32/46/40 49/62/40 45/65/40 30/49/40
f 50/66/41 36/52/41 42/55/41 53/67/41
f 53/67/42 42/55/42 38/58/42 51/70/42
f 37/56/43 31/51/43 34/50/43 41/57/43
f 41/57/44 34/50/44 30/49/44 38/58/44
f 1/1/45 29/45/45 35/48/45 4/2/45
f 4/8/46 35/48/46 31/51/46 2/5/46
f 36/52/47 9/17/47 11/20/47 39/53/47
f 39/53/48 11/14/48 8/13/48 37/56/48
f 15/25/49 43/59/49 29/45/49 1/1/49
f 3/9/50 10/21/50 24/43/50 16/29/50
f 31/51/51 37/56/51 8/13/51 2/5/51
f 50/66/52 22/35/52 9/17/52 36/52/52
f 17/33/53 23/39/53 52/72/53 44/63/53
f 45/65/54 51/70/54 38/58/54 30/49/54
o Tray.001
v -0.292000 0.410000 0.192000
v -0.292000 0.418000 0.200000
v -0.300000 0.418000 0.192000
v -0.292000 0.412343 0.197657
v -0.296619 0.413381 0.196619
v -0.297657 0.418000 0.197657
v -0.297657 0.412343 0.192000
v -0.292000 0.442000 0.200000
v -0.292000 0.450000 0.192000
v -0.300000 0.442000 0.192000
v -0.292000 0.447657 0.197657
v -0.296619 0.446619 0.196619
v -0.297657 0.447657 0.192000
v -0.297657 0.442000 0.197657
v -0.292000 0.410000 -0.192000
v -0.300000 0.418000 -0.192000
v -0.292000 0.418000 -0.200000
v -0.297657 0.412343 -0.192000
v -0.296619 0.413381 -0.196619
v -0.297657 0.418000 -0.197657
v -0.292000 0.412343 -0.197657
v -0.292000 0.450000 -0.192000
v -0.292000 0.442000 -0.200000
v -0.300000 0.442000 -0.192000
v -0.292000 0.447657 -0.197657
v -0.296619 0.446619 -0.196619
v -0.297657 0.442000 -0.197657
v -0.297657 0.447657 -0.192000
v 0.292000 0.410000 0.192000
v 0.300000 0.418000 0.192000
v 0.292000 0.418000 0.200000
v 0.297657 0.412343 0.192000
v 0.296619 0.413381 0.196619
v 0.297657 0.418000 0.197657
v 0.292000 0.412343 0.197657
v 0.292000 0.450000 0.192000
v 0.292000 0.442000 0.200000
v 0.300000 0.442000 0.192000
v 0.292000 0.447657 0.197657
v 0.296619 0.446619 0.196619
v 0.297657 0.442000 0.197657
v 0.297657 0.447657 0.192000
v 0.292000 0.410000 -0.192000
v 0.292000 0.418000 -0.200000
v 0.300000 0.418000 -0.192000
v 0.292000 0.412343 -0.197657
v 0.296619 0.413381 -0.196619
v 0.297657 0.418000 -0.197657
v 0.297657 0.412343 -0.192000
v 0.292000 0.450000 -0.192000
v 0.300000 0.442000 -0.192000
v 0.292000 0.442000 -0.200000
v 0.297657 0.447657 -0.192000
v 0.296619 0.446619 -0.196619
v 0.297657 0.442000 -0.197657
v 0.292000 0.447657 -0.197657
vn -0.3251 -0.8881 0.3251
vn -0.3251 -0.3251 0.8881
vn -0.8881 -0.3251 0.3251
vn -0.3251 0.3251 0.8881
vn -0.3251 0.8881 0.3251
vn -0.8881 0.3251 0.3250
vn -0.3251 -0.8881 -0.3251
vn -0.8881 -0.3251 -0.3250
vn -0.3251 -0.3251 -0.8881
vn -0.3251 0.8881 -0.3251
vn -0.3251 0.3251 -0.8881
vn -0.8881 0.3251 -0.3251
vn 0.3251 -0.8881 0.3251
vn 0.8881 -0.3251 0.3250
vn 0.3251 -0.3251 0.8881
vn 0.3251 0.8881 0.3251
vn 0.3251 0.3251 0.8881
vn 0.8881 0.3251 0.3251
vn 0.3251 -0.8881 -0.3251
vn 0.3251 -0.3251 -0.8881
vn 0.8881 -0.3251 -0.3251
vn 0.3251 0.8881 -0.3251
vn 0.8881 0.3251 -0.3250
vn 0.3251 0.3251 -0.8881
vn -0.3827 -0.9239 -0.0000
vn -0.9239 -0.3827 -0.0000
vn -0.3827 -0.0000 0.9239
vn -0.9239 -0.0000 0.3827
vn -0.3827 0.9239 -0.0000
vn -0.9239 0.3827 -0.0000
vn -0.3827 -0.0000 -0.9239
vn -0.9239 -0.0000 -0.3827
vn -0.0000 -0.9239 -0.3827
vn -0.0000 -0.3827 -0.9239
vn -0.0000 0.9239 -0.3827
vn -0.0000 0.3827 -0.9239
vn 0.9239 -0.0000 -0.3827
vn 0.3827 -0.0000 -0.9239
vn 0.3827 -0.9239 -0.0000
vn 0.9239 -0.3827 -0.0000
vn 0.3827 0.9239 -0.0000
vn 0.9239 0.3827 -0.0000
vn 0.3827 -0.0000 0.9239
vn 0.9239 -0.0000 0.3827
vn -0.0000 -0.9239 0.3827
vn -0.0000 -0.3827 0.9239
vn -0.0000 0.9239 0.3827
vn -0.0000 0.3827 0.9239
vn -0.0000 -1.0000 -0.0000
vn -1.0000 -0.0000 -0.0000
vn -0.0000 -0.0000 1.0000
vn -0.0000 1.0000 -0.0000
vn -0.0000 -0.0000 -1.0000
vn 1.0000 -0.0000 -0.0000
vt 0.128333 0.745000
vt 0.128333 0.750000
vt 0.126409 0.750000
vt 0.125000 0.745000
vt 0.425000 0.996667
vt 0.425000 1.000000
vt 0.396132 1.000000
vt 0.375000 0.996667
vt 0.425000 0.005000
vt 0.375000 0.005000
vt 0.375000 0.002113
vt 0.425000 0.000000
vt 0.575000 0.996667
vt 0.625000 0.996667
vt 0.625000 0.998591
vt 0.575000 1.000000
vt 0.871667 0.745000
vt 0.875000 0.745000
vt 0.875000 0.747887
vt 0.871667 0.750000
vt 0.575000 0.005000
vt 0.575000 0.000000
vt 0.603868 0.000000
vt 0.625000 0.005000
vt 0.128333 0.505000
vt 0.125000 0.505000
vt 0.125000 0.502113
vt 0.128333 0.500000
vt 0.425000 0.245000
vt 0.425000 0.250000
vt 0.385566 0.250704
vt 0.375000 0.245000
vt 0.425000 0.253333
vt 0.375000 0.253333
vt 0.871667 0.505000
vt 0.871667 0.500000
vt 0.873591 0.500000
vt 0.875000 0.505000
vt 0.575000 0.253333
vt 0.575000 0.250000
vt 0.614434 0.248943
vt 0.625000 0.253333
vt 0.575000 0.245000
vt 0.625000 0.245000
vt 0.371667 0.745000
vt 0.375000 0.745000
vt 0.382044 0.749765
vt 0.373333 0.751667
vt 0.425000 0.745000
vt 0.425000 0.750000
vt 0.425000 0.753333
vt 0.628333 0.745000
vt 0.626667 0.751667
vt 0.618425 0.749296
vt 0.625000 0.745000
vt 0.575000 0.753333
vt 0.575000 0.750000
vt 0.575000 0.745000
vt 0.371667 0.505000
vt 0.373333 0.498333
vt 0.381575 0.500704
vt 0.375000 0.505000
vt 0.425000 0.496667
vt 0.425000 0.500000
vt 0.425000 0.505000
vt 0.628333 0.505000
vt 0.625000 0.505000
vt 0.617956 0.500235
vt 0.626667 0.498333
vt 0.575000 0.505000
vt 0.575000 0.500000
vt 0.575000 0.496667
s 0
usemtl M_Graphite
f 57/73/55 60/74/55 61/75/55 63/76/55
f 58/77/56 62/78/56 61/79/56 60/80/56
f 59/81/57 63/82/57 61/83/57 62/84/57
f 64/85/58 67/86/58 68/87/58 70/88/58
f 65/89/59 69/90/59 68/91/59 67/92/59
f 66/93/60 70/94/60 68/95/60 69/96/60
f 71/97/61 74/98/61 75/99/61 77/100/61
f 72/101/62 76/102/62 75/103/62 74/104/62
f 73/105/63 77/106/63 75/103/63 76/102/63
f 78/107/64 81/108/64 82/109/64 84/110/64
f 79/111/65 83/112/65 82/113/65 81/114/65
f 80/115/66 84/116/66 82/113/66 83/112/66
f 85/117/67 88/118/67 89/119/67 91/120/67
f 86/121/68 90/122/68 89/119/68 88/118/68
f 87/123/69 91/120/69 89/119/69 90/122/69
f 92/124/70 95/125/70 96/126/70 98/127/70
f 93/128/71 97/129/71 96/126/71 95/125/71
f 94/130/72 98/127/72 96/126/72 97/129/72
f 99/131/73 102/132/73 103/133/73 105/134/73
f 100/135/74 104/136/74 103/133/74 102/132/74
f 101/137/75 105/134/75 103/133/75 104/136/75
f 106/138/76 109/139/76 110/140/76 112/141/76
f 107/142/77 111/143/77 110/140/77 109/139/77
f 108/144/78 112/141/78 110/140/78 111/143/78
f 71/97/79 57/73/79 63/76/79 74/98/79
f 74/104/80 63/82/80 59/81/80 72/101/80
f 58/77/81 64/85/81 70/88/81 62/78/81
f 62/84/82 70/94/82 66/93/82 59/81/82
f 65/89/83 78/107/83 84/110/83 69/90/83
f 69/96/84 84/116/84 80/115/84 66/93/84
f 79/111/85 73/105/85 76/102/85 83/112/85
f 83/112/86 76/102/86 72/101/86 80/115/86
f 99/131/87 71/97/87 77/100/87 102/132/87
f 102/132/88 77/106/88 73/105/88 100/135/88
f 78/107/89 106/138/89 112/141/89 81/108/89
f 81/114/90 112/141/90 108/144/90 79/111/90
f 107/142/91 101/137/91 104/136/91 111/143/91
f 111/143/92 104/136/92 100/135/92 108/144/92
f 85/117/93 99/131/93 105/134/93 88/118/93
f 88/118/94 105/134/94 101/137/94 86/121/94
f 106/138/95 92/124/95 98/127/95 109/139/95
f 109/139/96 98/127/96 94/130/96 107/142/96
f 93/128/97 87/123/97 90/122/97 97/129/97
f 97/129/98 90/122/98 86/121/98 94/130/98
f 57/73/99 85/117/99 91/120/99 60/74/99
f 60/80/100 91/120/100 87/123/100 58/77/100
f 92/124/101 65/89/101 67/92/101 95/125/101
f 95/125/102 67/86/102 64/85/102 93/128/102
f 71/97/103 99/131/103 85/117/103 57/73/103
f 59/81/104 66/93/104 80/115/104 72/101/104
f 87/123/105 93/128/105 64/85/105 58/77/105
f 106/138/106 78/107/106 65/89/106 92/124/106
f 73/105/107 79/111/107 108/144/107 100/135/107
f 101/137/108 107/142/108 94/130/108 86/121/108
o Tray.002
v -0.292000 0.800000 0.192000
v -0.292000 0.808000 0.200000
v -0.300000 0.808000 0.192000
v -0.292000 0.802343 0.197657
v -0.296619 0.803381 0.196619
v -0.297657 0.808000 0.197657
v -0.297657 0.802343 0.192000
v -0.292000 0.832000 0.200000
v -0.292000 0.840000 0.192000
v -0.300000 0.832000 0.192000
v -0.292000 0.837657 0.197657
v -0.296619 0.836619 0.196619
v -0.297657 0.837657 0.192000
v -0.297657 0.832000 0.197657
v -0.292000 0.800000 -0.192000
v -0.300000 0.808000 -0.192000
v -0.292000 0.808000 -0.200000
v -0.297657 0.802343 -0.192000
v -0.296619 0.803381 -0.196619
v -0.297657 0.808000 -0.197657
v -0.292000 0.802343 -0.197657
v -0.292000 0.840000 -0.192000
v -0.292000 0.832000 -0.200000
v -0.300000 0.832000 -0.192000
v -0.292000 0.837657 -0.197657
v -0.296619 0.836619 -0.196619
v -0.297657 0.832000 -0.197657
v -0.297657 0.837657 -0.192000
v 0.292000 0.800000 0.192000
v 0.300000 0.808000 0.192000
v 0.292000 0.808000 0.200000
v 0.297657 0.802343 0.192000
v 0.296619 0.803381 0.196619
v 0.297657 0.808000 0.197657
v 0.292000 0.802343 0.197657
v 0.292000 0.840000 0.192000
v 0.292000 0.832000 0.200000
v 0.300000 0.832000 0.192000
v 0.292000 0.837657 0.197657
v 0.296619 0.836619 0.196619
v 0.297657 0.832000 0.197657
v 0.297657 0.837657 0.192000
v 0.292000 0.800000 -0.192000
v 0.292000 0.808000 -0.200000
v 0.300000 0.808000 -0.192000
v 0.292000 0.802343 -0.197657
v 0.296619 0.803381 -0.196619
v 0.297657 0.808000 -0.197657
v 0.297657 0.802343 -0.192000
v 0.292000 0.840000 -0.192000
v 0.300000 0.832000 -0.192000
v 0.292000 0.832000 -0.200000
v 0.297657 0.837657 -0.192000
v 0.296619 0.836619 -0.196619
v 0.297657 0.832000 -0.197657
v 0.292000 0.837657 -0.197657
vn -0.3251 -0.8881 0.3251
vn -0.3251 -0.3251 0.8881
vn -0.8881 -0.3251 0.3251
vn -0.3251 0.3251 0.8881
vn -0.3251 0.8881 0.3251
vn -0.8881 0.3251 0.3250
vn -0.3251 -0.8881 -0.3251
vn -0.8881 -0.3251 -0.3250
vn -0.3251 -0.3251 -0.8881
vn -0.3251 0.8881 -0.3251
vn -0.3251 0.3251 -0.8881
vn -0.8881 0.3251 -0.3251
vn 0.3251 -0.8881 0.3251
vn 0.8881 -0.3251 0.3250
vn 0.3251 -0.3251 0.8881
vn 0.3251 0.8881 0.3251
vn 0.3251 0.3251 0.8881
vn 0.8881 0.3251 0.3251
vn 0.3251 -0.8881 -0.3251
vn 0.3251 -0.3251 -0.8881
vn 0.8881 -0.3251 -0.3251
vn 0.3251 0.8881 -0.3251
vn 0.8881 0.3251 -0.3250
vn 0.3251 0.3251 -0.8881
vn -0.3827 -0.9239 -0.0000
vn -0.9239 -0.3827 -0.0000
vn -0.3827 -0.0000 0.9239
vn -0.9239 -0.0000 0.3827
vn -0.3827 0.9239 -0.0000
vn -0.9239 0.3827 -0.0000
vn -0.3827 -0.0000 -0.9239
vn -0.9239 -0.0000 -0.3827
vn -0.0000 -0.9239 -0.3827
vn -0.0000 -0.3827 -0.9239
vn -0.0000 0.9239 -0.3827
vn -0.0000 0.3827 -0.9239
vn 0.9239 -0.0000 -0.3827
vn 0.3827 -0.0000 -0.9239
vn 0.3827 -0.9239 -0.0000
vn 0.9239 -0.3827 -0.0000
vn 0.3827 0.9239 -0.0000
vn 0.9239 0.3827 -0.0000
vn 0.3827 -0.0000 0.9239
vn 0.9239 -0.0000 0.3827
vn -0.0000 -0.9239 0.3827
vn -0.0000 -0.3827 0.9239
vn -0.0000 0.9239 0.3827
vn -0.0000 0.3827 0.9239
vn -0.0000 -1.0000 -0.0000
vn -1.0000 -0.0000 -0.0000
vn -0.0000 -0.0000 1.0000
vn -0.0000 1.0000 -0.0000
vn -0.0000 -0.0000 -1.0000
vn 1.0000 -0.0000 -0.0000
vt 0.128333 0.745000
vt 0.128333 0.750000
vt 0.126409 0.750000
vt 0.125000 0.745000
vt 0.425000 0.996667
vt 0.425000 1.000000
vt 0.396132 1.000000
vt 0.375000 0.996667
vt 0.425000 0.005000
vt 0.375000 0.005000
vt 0.375000 0.002113
vt 0.425000 0.000000
vt 0.575000 0.996667
vt 0.625000 0.996667
vt 0.625000 0.998591
vt 0.575000 1.000000
vt 0.871667 0.745000
vt 0.875000 0.745000
vt 0.875000 0.747887
vt 0.871667 0.750000
vt 0.575000 0.005000
vt 0.575000 0.000000
vt 0.603868 0.000000
vt 0.625000 0.005000
vt 0.128333 0.505000
vt 0.125000 0.505000
vt 0.125000 0.502113
vt 0.128333 0.500000
vt 0.425000 0.245000
vt 0.425000 0.250000
vt 0.385566 0.250704
vt 0.375000 0.245000
vt 0.425000 0.253333
vt 0.375000 0.253333
vt 0.871667 0.505000
vt 0.871667 0.500000
vt 0.873591 0.500000
vt 0.875000 0.505000
vt 0.575000 0.253333
vt 0.575000 0.250000
vt 0.614434 0.248943
vt 0.625000 0.253333
vt 0.575000 0.245000
vt 0.625000 0.245000
vt 0.371667 0.745000
vt 0.375000 0.745000
vt 0.382044 0.749765
vt 0.373333 0.751667
vt 0.425000 0.745000
vt 0.425000 0.750000
vt 0.425000 0.753333
vt 0.628333 0.745000
vt 0.626667 0.751667
vt 0.618425 0.749296
vt 0.625000 0.745000
vt 0.575000 0.753333
vt 0.575000 0.750000
vt 0.575000 0.745000
vt 0.371667 0.505000
vt 0.373333 0.498333
vt 0.381575 0.500704
vt 0.375000 0.505000
vt 0.425000 0.496667
vt 0.425000 0.500000
vt 0.425000 0.505000
vt 0.628333 0.505000
vt 0.625000 0.505000
vt 0.617956 0.500235
vt 0.626667 0.498333
vt 0.575000 0.505000
vt 0.575000 0.500000
vt 0.575000 0.496667
s 0
usemtl M_Graphite
f 113/145/109 116/146/109 117/147/109 119/148/109
f 114/149/110 118/150/110 117/151/110 116/152/110
f 115/153/111 119/154/111 117/155/111 118/156/111
f 120/157/112 123/158/112 124/159/112 126/160/112
f 121/161/113 125/162/113 124/163/113 123/164/113
f 122/165/114 126/166/114 124/167/114 125/168/114
f 127/169/115 130/170/115 131/171/115 133/172/115
f 128/173/116 132/174/116 131/175/116 130/176/116
f 129/177/117 133/178/117 131/175/117 132/174/117
f 134/179/118 137/180/118 138/181/118 140/182/118
f 135/183/119 139/184/119 138/185/119 137/186/119
f 136/187/120 140/188/120 138/185/120 139/184/120
f 141/189/121 144/190/121 145/191/121 147/192/121
f 142/193/122 146/194/122 145/191/122 144/190/122
f 143/195/123 147/192/123 145/191/123 146/194/123
f 148/196/124 151/197/124 152/198/124 154/199/124
f 149/200/125 153/201/125 152/198/125 151/197/125
f 150/202/126 154/199/126 152/198/126 153/201/126
f 155/203/127 158/204/127 159/205/127 161/206/127
f 156/207/128 160/208/128 159/205/128 158/204/128
f 157/209/129 161/206/129 159/205/129 160/208/129
f 162/210/130 165/211/130 166/212/130 168/213/130
f 163/214/131 167/215/131 166/212/131 165/211/131
f 164/216/132 168/213/132 166/212/132 167/215/132
f 127/169/133 113/145/133 119/148/133 130/170/133
f 130/176/134 119/154/134 115/153/134 128/173/134
f 114/149/135 120/157/135 126/160/135 118/150/135
f 118/156/136 126/166/136 122/165/136 115/153/136
f 121/161/137 134/179/137 140/182/137 125/162/137
f 125/168/138 140/188/138 136/187/138 122/165/138
f 135/183/139 129/177/139 132/174/139 139/184/139
f 139/184/140 132/174/140 128/173/140 136/187/140
f 155/203/141 127/169/141 133/172/141 158/204/141
f 158/204/142 133/178/142 129/177/142 156/207/142
f 134/179/143 162/210/143 168/213/143 137/180/143
f 137/186/144 168/213/144 164/216/144 135/183/144
f 163/214/145 157/209/145 160/208/145 167/215/145
f 167/215/146 160/208/146 156/207/146 164/216/146
f 141/189/147 155/203/147 161/206/147 144/190/147
f 144/190/148 161/206/148 157/209/148 142/193/148
f 162/210/149 148/196/149 154/199/149 165/211/149
f 165/211/150 154/199/150 150/202/150 163/214/150
f 149/200/151 143/195/151 146/194/151 153/201/151
f 153/201/152 146/194/152 142/193/152 150/202/152
f 113/145/153 141/189/153 147/192/153 116/146/153
f 116/152/154 147/192/154 143/195/154 114/149/154
f 148/196/155 121/161/155 123/164/155 151/197/155
f 151/197/156 123/158/156 120/157/156 149/200/156
f 127/169/157 155/203/157 141/189/157 113/145/157
f 115/153/158 122/165/158 136/187/158 128/173/158
f 143/195/159 149/200/159 120/157/159 114/149/159
f 162/210/160 134/179/160 121/161/160 148/196/160
f 129/177/161 135/183/161 164/216/161 156/207/161
f 157/209/162 163/214/162 150/202/162 142/193/162
o Post.005
v -0.278500 0.075000 0.178500
v -0.278500 0.079000 0.182500
v -0.282500 0.079000 0.178500
v -0.278500 0.076172 0.181328
v -0.280809 0.076691 0.180809
v -0.281328 0.079000 0.181328
v -0.281328 0.076172 0.178500
v -0.278500 0.821000 0.182500
v -0.278500 0.825000 0.178500
v -0.282500 0.821000 0.178500
v -0.278500 0.823828 0.181328
v -0.280809 0.823309 0.180809
v -0.281328 0.823828 0.178500
v -0.281328 0.821000 0.181328
v -0.278500 0.075000 0.161500
v -0.282500 0.079000 0.161500
v -0.278500 0.079000 0.157500
v -0.281328 0.076172 0.161500
v -0.280809 0.076691 0.159191
v -0.281328 0.079000 0.158672
v -0.278500 0.076172 0.158672
v -0.278500 0.825000 0.161500
v -0.278500 0.821000 0.157500
v -0.282500 0.821000 0.161500
v -0.278500 0.823828 0.158672
v -0.280809 0.823309 0.159191
v -0.281328 0.821000 0.158672
v -0.281328 0.823828 0.161500
v -0.261500 0.075000 0.178500
v -0.257500 0.079000 0.178500
v -0.261500 0.079000 0.182500
v -0.258672 0.076172 0.178500
v -0.259191 0.076691 0.180809
v -0.258672 0.079000 0.181328
v -0.261500 0.076172 0.181328
v -0.261500 0.825000 0.178500
v -0.261500 0.821000 0.182500
v -0.257500 0.821000 0.178500
v -0.261500 0.823828 0.181328
v -0.259191 0.823309 0.180809
v -0.258672 0.821000 0.181328
v -0.258672 0.823828 0.178500
v -0.261500 0.075000 0.161500
v -0.261500 0.079000 0.157500
v -0.257500 0.079000 0.161500
v -0.261500 0.076172 0.158672
v -0.259191 0.076691 0.159191
v -0.258672 0.079000 0.158672
v -0.258672 0.076172 0.161500
v -0.261500 0.825000 0.161500
v -0.257500 0.821000 0.161500
v -0.261500 0.821000 0.157500
v -0.258672 0.823828 0.161500
v -0.259191 0.823309 0.159191
v -0.258672 0.821000 0.158672
v -0.261500 0.823828 0.158672
vn -0.3251 -0.8881 0.3251
vn -0.3251 -0.3251 0.8881
vn -0.8881 -0.3251 0.3251
vn -0.3251 0.3251 0.8881
vn -0.3251 0.8881 0.3251
vn -0.8881 0.3251 0.3251
vn -0.3251 -0.8881 -0.3251
vn -0.8881 -0.3251 -0.3251
vn -0.3251 -0.3251 -0.8881
vn -0.3251 0.8881 -0.3251
vn -0.3251 0.3251 -0.8881
vn -0.8881 0.3251 -0.3251
vn 0.3251 -0.8881 0.3251
vn 0.8881 -0.3251 0.3251
vn 0.3251 -0.3251 0.8881
vn 0.3251 0.8881 0.3251
vn 0.3251 0.3251 0.8881
vn 0.8881 0.3251 0.3251
vn 0.3251 -0.8881 -0.3251
vn 0.3251 -0.3251 -0.8881
vn 0.8881 -0.3251 -0.3251
vn 0.3251 0.8881 -0.3251
vn 0.8881 0.3251 -0.3251
vn 0.3251 0.3251 -0.8881
vn -0.3827 -0.9239 -0.0000
vn -0.9239 -0.3827 -0.0000
vn -0.3827 -0.0000 0.9239
vn -0.9239 -0.0000 0.3827
vn -0.3827 0.9239 -0.0000
vn -0.9239 0.3827 -0.0000
vn -0.3827 -0.0000 -0.9239
vn -0.9239 -0.0000 -0.3827
vn -0.0000 -0.9239 -0.3827
vn -0.0000 -0.3827 -0.9239
vn -0.0000 0.9239 -0.3827
vn -0.0000 0.3827 -0.9239
vn 0.9239 -0.0000 -0.3827
vn 0.3827 -0.0000 -0.9239
vn 0.3827 -0.9239 -0.0000
vn 0.9239 -0.3827 -0.0000
vn 0.3827 0.9239 -0.0000
vn 0.9239 0.3827 -0.0000
vn 0.3827 -0.0000 0.9239
vn 0.9239 -0.0000 0.3827
vn -0.0000 -0.9239 0.3827
vn -0.0000 -0.3827 0.9239
vn -0.0000 0.9239 0.3827
vn -0.0000 0.3827 0.9239
vn -0.0000 -1.0000 -0.0000
vn -1.0000 -0.0000 -0.0000
vn -0.0000 -0.0000 1.0000
vn -0.0000 1.0000 -0.0000
vn -0.0000 -0.0000 -1.0000
vn 1.0000 -0.0000 -0.0000
vt 0.165000 0.710000
vt 0.165000 0.750000
vt 0.141906 0.750000
vt 0.125000 0.710000
vt 0.376333 0.960000
vt 0.376333 1.000000
vt 0.375564 1.000000
vt 0.375000 0.960000
vt 0.376333 0.040000
vt 0.375000 0.040000
vt 0.375000 0.016906
vt 0.376333 0.000000
vt 0.623667 0.960000
vt 0.625000 0.960000
vt 0.625000 0.983094
vt 0.623667 1.000000
vt 0.835000 0.710000
vt 0.875000 0.710000
vt 0.875000 0.733094
vt 0.835000 0.750000
vt 0.623667 0.040000
vt 0.623667 0.000000
vt 0.624436 0.000000
vt 0.625000 0.040000
vt 0.165000 0.540000
vt 0.125000 0.540000
vt 0.125000 0.516906
vt 0.165000 0.500000
vt 0.376333 0.210000
vt 0.376333 0.250000
vt 0.375282 0.258453
vt 0.375000 0.210000
vt 0.376333 0.290000
vt 0.375000 0.290000
vt 0.835000 0.540000
vt 0.835000 0.500000
vt 0.858094 0.500000
vt 0.875000 0.540000
vt 0.623667 0.290000
vt 0.623667 0.250000
vt 0.624718 0.241547
vt 0.625000 0.290000
vt 0.623667 0.210000
vt 0.625000 0.210000
vt 0.335000 0.710000
vt 0.375000 0.710000
vt 0.375188 0.750000
vt 0.355000 0.770000
vt 0.376333 0.710000
vt 0.376333 0.750000
vt 0.376333 0.790000
vt 0.665000 0.710000
vt 0.645000 0.770000
vt 0.630448 0.744365
vt 0.625000 0.710000
vt 0.623667 0.790000
vt 0.623667 0.750000
vt 0.623667 0.710000
vt 0.335000 0.540000
vt 0.355000 0.480000
vt 0.369553 0.505635
vt 0.375000 0.540000
vt 0.376333 0.460000
vt 0.376333 0.500000
vt 0.376333 0.540000
vt 0.665000 0.540000
vt 0.625000 0.540000
vt 0.624812 0.500000
vt 0.645000 0.480000
vt 0.623667 0.540000
vt 0.623667 0.500000
vt 0.623667 0.460000
s 0
usemtl M_Brushed_Metal
f 169/217/163 172/218/163 173/219/163 175/220/163
f 170/221/164 174/222/164 173/223/164 172/224/164
f 171/225/165 175/226/165 173/227/165 174/228/165
f 176/229/166 179/230/166 180/231/166 182/232/166
f 177/233/167 181/234/167 180/235/167 179/236/167
f 178/237/168 182/238/168 180/239/168 181/240/168
f 183/241/169 186/242/169 187/243/169 189/244/169
f 184/245/170 188/246/170 187/247/170 186/248/170
f 185/249/171 189/250/171 187/247/171 188/246/171
f 190/251/172 193/252/172 194/253/172 196/254/172
f 191/255/173 195/256/173 194/257/173 193/258/173
f 192/259/174 196/260/174 194/257/174 195/256/174
f 197/261/175 200/262/175 201/263/175 203/264/175
f 198/265/176 202/266/176 201/263/176 200/262/176
f 199/267/177 203/264/177 201/263/177 202/266/177
f 204/268/178 207/269/178 208/270/178 210/271/178
f 205/272/179 209/273/179 208/270/179 207/269/179
f 206/274/180 210/271/180 208/270/180 209/273/180
f 211/275/181 214/276/181 215/277/181 217/278/181
f 212/279/182 216/280/182 215/277/182 214/276/182
f 213/281/183 217/278/183 215/277/183 216/280/183
f 218/282/184 221/283/184 222/284/184 224/285/184
f 219/286/185 223/287/185 222/284/185 221/283/185
f 220/288/186 224/285/186 222/284/186 223/287/186
f 183/241/187 169/217/187 175/220/187 186/242/187
f 186/248/188 175/226/188 171/225/188 184/245/188
f 170/221/189 176/229/189 182/232/189 174/222/189
f 174/228/190 182/238/190 178/237/190 171/225/190
f 177/233/191 190/251/191 196/254/191 181/234/191
f 181/240/192 196/260/192 192/259/192 178/237/192
f 191/255/193 185/249/193 188/246/193 195/256/193
f 195/256/194 188/246/194 184/245/194 192/259/194
f 211/275/195 183/241/195 189/244/195 214/276/195
f 214/276/196 189/250/196 185/249/196 212/279/196
f 190/251/197 218/282/197 224/285/197 193/252/197
f 193/258/198 224/285/198 220/288/198 191/255/198
f 219/286/199 213/281/199 216/280/199 223/287/199
f 223/287/200 216/280/200 212/279/200 220/288/200
f 197/261/201 211/275/201 217/278/201 200/262/201
f 200/262/202 217/278/202 213/281/202 198/265/202
f 218/282/203 204/268/203 210/271/203 221/283/203
f 221/283/204 210/271/204 206/274/204 219/286/204
f 205/272/205 199/267/205 202/266/205 209/273/205
f 209/273/206 202/266/206 198/265/206 206/274/206
f 169/217/207 197/261/207 203/264/207 172/218/207
f 172/224/208 203/264/208 199/267/208 170/221/208
f 204/268/209 177/233/209 179/236/209 207/269/209
f 207/269/210 179/230/210 176/229/210 205/272/210
f 183/241/211 211/275/211 197/261/211 169/217/211
f 171/225/212 178/237/212 192/259/212 184/245/212
f 199/267/213 205/272/213 176/229/213 170/221/213
f 218/282/214 190/251/214 177/233/214 204/268/214
f 185/249/215 191/255/215 220/288/215 212/279/215
f 213/281/216 219/286/216 206/274/216 198/265/216
o Caster.005
v -0.270000 0.056651 0.157500
v -0.270000 0.052678 0.152322
v -0.270000 0.041470 0.145852
v -0.270000 0.035000 0.145000
v -0.270000 0.028530 0.145852
v -0.270000 0.017322 0.152322
v -0.270000 0.013349 0.157500
v -0.268001 0.059148 0.163846
v -0.266137 0.056651 0.158112
v -0.264537 0.052678 0.153188
v -0.263310 0.047500 0.149409
v -0.262538 0.041470 0.147034
v -0.262275 0.035000 0.146224
v -0.262538 0.028530 0.147034
v -0.263310 0.022500 0.149409
v -0.264537 0.017322 0.153188
v -0.266137 0.013349 0.158112
v -0.268001 0.010852 0.163846
v -0.266197 0.059148 0.164765
v -0.262653 0.056651 0.159887
v -0.259609 0.052678 0.155698
v -0.257274 0.047500 0.152484
v -0.255806 0.041470 0.150464
v -0.255305 0.035000 0.149775
v -0.255806 0.028530 0.150464
v -0.257274 0.022500 0.152484
v -0.259609 0.017322 0.155698
v -0.262653 0.013349 0.159887
v -0.266197 0.010852 0.164765
v -0.264765 0.059148 0.166197
v -0.259887 0.056651 0.162653
v -0.255698 0.052678 0.159609
v -0.252484 0.047500 0.157274
v -0.250464 0.041470 0.155806
v -0.249775 0.035000 0.155305
v -0.250464 0.028530 0.155806
v -0.252484 0.022500 0.157274
v -0.255698 0.017322 0.159609
v -0.259887 0.013349 0.162653
v -0.264765 0.010852 0.166197
v -0.270000 0.010000 0.170000
v -0.263846 0.059148 0.168001
v -0.258112 0.056651 0.166137
v -0.253188 0.052678 0.164537
v -0.249409 0.047500 0.163310
v -0.247034 0.041470 0.162538
v -0.246224 0.035000 0.162275
v -0.247034 0.028530 0.162538
v -0.249409 0.022500 0.163310
v -0.253188 0.017322 0.164537
v -0.258112 0.013349 0.166137
v -0.263846 0.010852 0.168001
v -0.263530 0.059148 0.170000
v -0.257500 0.056651 0.170000
v -0.252322 0.052678 0.170000
v -0.248349 0.047500 0.170000
v -0.245852 0.041470 0.170000
v -0.245000 0.035000 0.170000
v -0.245852 0.028530 0.170000
v -0.248349 0.022500 0.170000
v -0.252322 0.017322 0.170000
v -0.257500 0.013349 0.170000
v -0.263530 0.010852 0.170000
v -0.263846 0.059148 0.171999
v -0.258112 0.056651 0.173863
v -0.253188 0.052678 0.175463
v -0.249409 0.047500 0.176690
v -0.247034 0.041470 0.177462
v -0.246224 0.035000 0.177725
v -0.247034 0.028530 0.177462
v -0.249409 0.022500 0.176690
v -0.253188 0.017322 0.175463
v -0.258112 0.013349 0.173863
v -0.263846 0.010852 0.171999
v -0.264765 0.059148 0.173803
v -0.259887 0.056651 0.177347
v -0.255698 0.052678 0.180391
v -0.252484 0.047500 0.182726
v -0.250464 0.041470 0.184194
v -0.249775 0.035000 0.184695
v -0.250464 0.028530 0.184194
v -0.252484 0.022500 0.182726
v -0.255698 0.017322 0.180391
v -0.259887 0.013349 0.177347
v -0.264765 0.010852 0.173803
v -0.266197 0.059148 0.175235
v -0.262653 0.056651 0.180113
v -0.259609 0.052678 0.184302
v -0.257274 0.047500 0.187516
v -0.255806 0.041470 0.189536
v -0.255305 0.035000 0.190225
v -0.255806 0.028530 0.189536
v -0.257274 0.022500 0.187516
v -0.259609 0.017322 0.184302
v -0.262653 0.013349 0.180113
v -0.266197 0.010852 0.175235
v -0.268001 0.059148 0.176154
v -0.266137 0.056651 0.181888
v -0.264537 0.052678 0.186812
v -0.263310 0.047500 0.190591
v -0.262538 0.041470 0.192966
v -0.262275 0.035000 0.193776
v -0.262538 0.028530 0.192966
v -0.263310 0.022500 0.190591
v -0.264537 0.017322 0.186812
v -0.266137 0.013349 0.181888
v -0.268001 0.010852 0.176154
v -0.270000 0.059148 0.176470
v -0.270000 0.056651 0.182500
v -0.270000 0.052678 0.187678
v -0.270000 0.047500 0.191651
v -0.270000 0.041470 0.194148
v -0.270000 0.035000 0.195000
v -0.270000 0.028530 0.194148
v -0.270000 0.022500 0.191651
v -0.270000 0.017322 0.187678
v -0.270000 0.013349 0.182500
v -0.270000 0.010852 0.176470
v -0.270000 0.060000 0.170000
v -0.272000 0.059148 0.176154
v -0.273863 0.056651 0.181888
v -0.275463 0.052678 0.186812
v -0.276690 0.047500 0.190591
v -0.277462 0.041470 0.192966
v -0.277725 0.035000 0.193776
v -0.277462 0.028530 0.192966
v -0.276690 0.022500 0.190591
v -0.275463 0.017322 0.186812
v -0.273863 0.013349 0.181888
v -0.272000 0.010852 0.176154
v -0.273803 0.059148 0.175235
v -0.277347 0.056651 0.180113
v -0.280391 0.052678 0.184302
v -0.282726 0.047500 0.187516
v -0.284194 0.041470 0.189536
v -0.284695 0.035000 0.190225
v -0.284194 0.028530 0.189536
v -0.282726 0.022500 0.187516
v -0.280391 0.017322 0.184302
v -0.277347 0.013349 0.180113
v -0.273803 0.010852 0.175235
v -0.275235 0.059148 0.173803
v -0.280113 0.056651 0.177347
v -0.284302 0.052678 0.180391
v -0.287516 0.047500 0.182726
v -0.289536 0.041470 0.184194
v -0.290225 0.035000 0.184695
v -0.289536 0.028530 0.184194
v -0.287516 0.022500 0.182726
v -0.284302 0.017322 0.180391
v -0.280113 0.013349 0.177347
v -0.275235 0.010852 0.173803
v -0.276154 0.059148 0.171999
v -0.281888 0.056651 0.173863
v -0.286812 0.052678 0.175463
v -0.290591 0.047500 0.176690
v -0.292966 0.041470 0.177462
v -0.293776 0.035000 0.177725
v -0.292966 0.028530 0.177462
v -0.290591 0.022500 0.176690
v -0.286812 0.017322 0.175463
v -0.281888 0.013349 0.173863
v -0.276154 0.010852 0.171999
v -0.276470 0.059148 0.170000
v -0.282500 0.056651 0.170000
v -0.287678 0.052678 0.170000
v -0.291651 0.047500 0.170000
v -0.294148 0.041470 0.170000
v -0.295000 0.035000 0.170000
v -0.294148 0.028530 0.170000
v -0.291651 0.022500 0.170000
v -0.287678 0.017322 0.170000
v -0.282500 0.013349 0.170000
v -0.276470 0.010852 0.170000
v -0.276154 0.059148 0.168001
v -0.281888 0.056651 0.166137
v -0.286812 0.052678 0.164537
v -0.290591 0.047500 0.163310
v -0.292966 0.041470 0.162538
v -0.293776 0.035000 0.162275
v -0.292966 0.028530 0.162538
v -0.290591 0.022500 0.163310
v -0.286812 0.017322 0.164537
v -0.281888 0.013349 0.166137
v -0.276154 0.010852 0.168001
v -0.275235 0.059148 0.166197
v -0.280113 0.056651 0.162653
v -0.284302 0.052678 0.159609
v -0.287516 0.047500 0.157274
v -0.289536 0.041470 0.155806
v -0.290225 0.035000 0.155305
v -0.289536 0.028530 0.155806
v -0.287516 0.022500 0.157274
v -0.284302 0.017322 0.159609
v -0.280113 0.013349 0.162653
v -0.275235 0.010852 0.166197
v -0.273803 0.059148 0.164765
v -0.277347 0.056651 0.159887
v -0.280391 0.052678 0.155698
v -0.282726 0.047500 0.152484
v -0.284194 0.041470 0.150464
v -0.284695 0.035000 0.149775
v -0.284194 0.028530 0.150464
v -0.282726 0.022500 0.152484
v -0.280391 0.017322 0.155698
v -0.277347 0.013349 0.159887
v -0.273803 0.010852 0.164765
v -0.272000 0.059148 0.163846
v -0.273863 0.056651 0.158112
v -0.275463 0.052678 0.153188
v -0.276690 0.047500 0.149409
v -0.277462 0.041470 0.147034
v -0.277725 0.035000 0.146224
v -0.277462 0.028530 0.147034
v -0.276690 0.022500 0.149409
v -0.275463 0.017322 0.153188
v -0.273863 0.013349 0.158112
v -0.272000 0.010852 0.163846
v -0.270000 0.059148 0.163530
v -0.270000 0.047500 0.148349
v -0.270000 0.022500 0.148349
v -0.270000 0.010852 0.163530
vn -0.0000 0.8604 -0.5097
vn -0.0000 0.7007 -0.7135
vn -0.0000 0.2556 -0.9668
vn -0.0000 -0.0000 -1.0000
vn -0.0000 -0.2556 -0.9668
vn -0.0000 -0.7007 -0.7135
vn -0.0000 -0.8604 -0.5097
vn 0.0837 0.9626 -0.2577
vn 0.1575 0.8604 -0.4847
vn 0.2205 0.7007 -0.6786
vn 0.2686 0.4945 -0.8267
vn 0.2988 0.2556 -0.9195
vn 0.3090 -0.0000 -0.9511
vn 0.2988 -0.2556 -0.9195
vn 0.2686 -0.4945 -0.8267
vn 0.2205 -0.7007 -0.6786
vn 0.1575 -0.8604 -0.4847
vn 0.0837 -0.9626 -0.2577
vn 0.1592 0.9626 -0.2192
vn 0.2996 0.8604 -0.4123
vn 0.4194 0.7007 -0.5772
vn 0.5109 0.4945 -0.7032
vn 0.5683 0.2556 -0.7821
vn 0.5878 -0.0000 -0.8090
vn 0.5683 -0.2556 -0.7821
vn 0.5109 -0.4945 -0.7032
vn 0.4194 -0.7007 -0.5772
vn 0.2996 -0.8604 -0.4123
vn 0.1592 -0.9626 -0.2192
vn 0.2192 0.9626 -0.1592
vn 0.4123 0.8604 -0.2996
vn 0.5772 0.7007 -0.4194
vn 0.7032 0.4945 -0.5109
vn 0.7821 0.2556 -0.5683
vn 0.8090 -0.0000 -0.5878
vn 0.7821 -0.2556 -0.5683
vn 0.7032 -0.4945 -0.5109
vn 0.5772 -0.7007 -0.4194
vn 0.4123 -0.8604 -0.2996
vn 0.2192 -0.9626 -0.1592
vn -0.0000 -1.0000 -0.0000
vn 0.2577 0.9626 -0.0837
vn 0.4847 0.8604 -0.1575
vn 0.6786 0.7007 -0.2205
vn 0.8267 0.4945 -0.2686
vn 0.9195 0.2556 -0.2987
vn 0.9511 -0.0000 -0.3090
vn 0.9195 -0.2556 -0.2987
vn 0.8267 -0.4945 -0.2686
vn 0.6786 -0.7007 -0.2205
vn 0.4847 -0.8604 -0.1575
vn 0.2577 -0.9626 -0.0837
vn 0.2709 0.9626 -0.0000
vn 0.5097 0.8604 -0.0000
vn 0.7135 0.7007 -0.0000
vn 0.8692 0.4945 -0.0000
vn 0.9668 0.2556 -0.0000
vn 1.0000 -0.0000 -0.0000
vn 0.9668 -0.2556 -0.0000
vn 0.8692 -0.4945 -0.0000
vn 0.7135 -0.7007 -0.0000
vn 0.5097 -0.8604 -0.0000
vn 0.2709 -0.9626 -0.0000
vn 0.2577 0.9626 0.0837
vn 0.4847 0.8604 0.1575
vn 0.6786 0.7007 0.2205
vn 0.8267 0.4945 0.2686
vn 0.9195 0.2556 0.2987
vn 0.9511 -0.0000 0.3090
vn 0.9195 -0.2556 0.2987
vn 0.8267 -0.4945 0.2686
vn 0.6786 -0.7007 0.2205
vn 0.4847 -0.8604 0.1575
vn 0.2577 -0.9626 0.0837
vn 0.2192 0.9626 0.1592
vn 0.4123 0.8604 0.2996
vn 0.5772 0.7007 0.4194
vn 0.7032 0.4945 0.5109
vn 0.7821 0.2556 0.5683
vn 0.8090 -0.0000 0.5878
vn 0.7821 -0.2556 0.5683
vn 0.7032 -0.4945 0.5109
vn 0.5772 -0.7007 0.4194
vn 0.4123 -0.8604 0.2996
vn 0.2192 -0.9626 0.1592
vn 0.1592 0.9626 0.2192
vn 0.2996 0.8604 0.4123
vn 0.4194 0.7007 0.5772
vn 0.5109 0.4945 0.7032
vn 0.5683 0.2556 0.7821
vn 0.5878 -0.0000 0.8090
vn 0.5683 -0.2556 0.7821
vn 0.5109 -0.4945 0.7032
vn 0.4194 -0.7007 0.5772
vn 0.2996 -0.8604 0.4123
vn 0.1592 -0.9626 0.2192
vn 0.0837 0.9626 0.2577
vn 0.1575 0.8604 0.4847
vn 0.2205 0.7007 0.6786
vn 0.2686 0.4945 0.8267
vn 0.2988 0.2556 0.9195
vn 0.3090 -0.0000 0.9511
vn 0.2988 -0.2556 0.9195
vn 0.2686 -0.4945 0.8267
vn 0.2205 -0.7007 0.6786
vn 0.1575 -0.8604 0.4847
vn 0.0837 -0.9626 0.2577
vn -0.0000 0.9626 0.2709
vn -0.0000 0.8604 0.5097
vn -0.0000 0.7007 0.7135
vn -0.0000 0.4945 0.8692
vn -0.0000 0.2556 0.9668
vn -0.0000 -0.0000 1.0000
vn -0.0000 -0.2556 0.9668
vn -0.0000 -0.4945 0.8692
vn -0.0000 -0.7007 0.7135
vn -0.0000 -0.8604 0.5097
vn -0.0000 -0.9626 0.2709
vn -0.0000 1.0000 -0.0000
vn -0.0837 0.9626 0.2577
vn -0.1575 0.8604 0.4847
vn -0.2205 0.7007 0.6786
vn -0.2686 0.4945 0.8267
vn -0.2987 0.2556 0.9195
vn -0.3090 -0.0000 0.9511
vn -0.2987 -0.2556 0.9195
vn -0.2686 -0.4945 0.8267
vn -0.2205 -0.7007 0.6786
vn -0.1575 -0.8604 0.4847
vn -0.0837 -0.9626 0.2577
vn -0.1592 0.9626 0.2192
vn -0.2996 0.8604 0.4123
vn -0.4194 0.7007 0.5772
vn -0.5109 0.4945 0.7032
vn -0.5683 0.2556 0.7821
vn -0.5878 -0.0000 0.8090
vn -0.5683 -0.2556 0.7821
vn -0.5109 -0.4945 0.7032
vn -0.4194 -0.7007 0.5772
vn -0.2996 -0.8604 0.4123
vn -0.1592 -0.9626 0.2192
vn -0.2192 0.9626 0.1592
vn -0.4123 0.8604 0.2996
vn -0.5772 0.7007 0.4194
vn -0.7032 0.4945 0.5109
vn -0.7821 0.2556 0.5683
vn -0.8090 -0.0000 0.5878
vn -0.7821 -0.2556 0.5683
vn -0.7032 -0.4945 0.5109
vn -0.5772 -0.7007 0.4194
vn -0.4123 -0.8604 0.2996
vn -0.2192 -0.9626 0.1592
vn -0.2576 0.9626 0.0837
vn -0.4847 0.8604 0.1575
vn -0.6786 0.7007 0.2205
vn -0.8267 0.4945 0.2686
vn -0.9195 0.2556 0.2988
vn -0.9511 -0.0000 0.3090
vn -0.9195 -0.2556 0.2988
vn -0.8267 -0.4945 0.2686
vn -0.6786 -0.7007 0.2205
vn -0.4847 -0.8604 0.1575
vn -0.2576 -0.9626 0.0837
vn -0.2709 0.9626 -0.0000
vn -0.5097 0.8604 -0.0000
vn -0.7135 0.7007 -0.0000
vn -0.8692 0.4945 -0.0000
vn -0.9668 0.2556 -0.0000
vn -1.0000 -0.0000 -0.0000
vn -0.9668 -0.2556 -0.0000
vn -0.8692 -0.4945 -0.0000
vn -0.7135 -0.7007 -0.0000
vn -0.5097 -0.8604 -0.0000
vn -0.2709 -0.9626 -0.0000
vn -0.2577 0.9626 -0.0837
vn -0.4847 0.8604 -0.1575
vn -0.6786 0.7007 -0.2205
vn -0.8267 0.4945 -0.2686
vn -0.9195 0.2556 -0.2987
vn -0.9511 -0.0000 -0.3090
vn -0.9195 -0.2556 -0.2987
vn -0.8267 -0.4945 -0.2686
vn -0.6786 -0.7007 -0.2205
vn -0.4847 -0.8604 -0.1575
vn -0.2577 -0.9626 -0.0837
vn -0.2192 0.9626 -0.1592
vn -0.4123 0.8604 -0.2996
vn -0.5772 0.7007 -0.4194
vn -0.7032 0.4945 -0.5109
vn -0.7821 0.2556 -0.5683
vn -0.8090 -0.0000 -0.5878
vn -0.7821 -0.2556 -0.5683
vn -0.7032 -0.4945 -0.5109
vn -0.5772 -0.7007 -0.4194
vn -0.4123 -0.8604 -0.2996
vn -0.2192 -0.9626 -0.1592
vn -0.1592 0.9626 -0.2192
vn -0.2996 0.8604 -0.4123
vn -0.4194 0.7007 -0.5772
vn -0.5109 0.4945 -0.7032
vn -0.5683 0.2556 -0.7821
vn -0.5878 -0.0000 -0.8090
vn -0.5683 -0.2556 -0.7821
vn -0.5109 -0.4945 -0.7032
vn -0.4194 -0.7007 -0.5772
vn -0.2996 -0.8604 -0.4123
vn -0.1592 -0.9626 -0.2192
vn -0.0837 0.9626 -0.2577
vn -0.1575 0.8604 -0.4847
vn -0.2205 0.7007 -0.6786
vn -0.2686 0.4945 -0.8267
vn -0.2987 0.2556 -0.9195
vn -0.3090 -0.0000 -0.9511
vn -0.2987 -0.2556 -0.9195
vn -0.2686 -0.4945 -0.8267
vn -0.2205 -0.7007 -0.6786
vn -0.1575 -0.8604 -0.4847
vn -0.0837 -0.9626 -0.2577
vn -0.0000 0.9626 -0.2709
vn -0.0000 0.4945 -0.8692
vn -0.0000 -0.4945 -0.8692
vn -0.0000 -0.9626 -0.2709
vt 0.750000 0.333333
vt 0.750000 0.416667
vt 0.700000 0.416667
vt 0.700000 0.333333
vt 0.750000 0.583333
vt 0.750000 0.666667
vt 0.700000 0.666667
vt 0.700000 0.583333
vt 0.725000 0.000000
vt 0.750000 0.083333
vt 0.700000 0.083333
vt 0.750000 0.833333
vt 0.750000 0.916667
vt 0.700000 0.916667
vt 0.700000 0.833333
vt 0.750000 0.250000
vt 0.700000 0.250000
vt 0.750000 0.500000
vt 0.700000 0.500000
vt 0.750000 0.750000
vt 0.700000 0.750000
vt 0.750000 0.166667
vt 0.700000 0.166667
vt 0.725000 1.000000
vt 0.650000 0.833333
vt 0.650000 0.750000
vt 0.650000 0.250000
vt 0.650000 0.166667
vt 0.650000 0.500000
vt 0.650000 0.416667
vt 0.650000 0.666667
vt 0.650000 0.083333
vt 0.675000 1.000000
vt 0.650000 0.916667
vt 0.650000 0.333333
vt 0.650000 0.583333
vt 0.675000 0.000000
vt 0.600000 0.666667
vt 0.600000 0.583333
vt 0.625000 0.000000
vt 0.600000 0.083333
vt 0.600000 0.916667
vt 0.600000 0.833333
vt 0.600000 0.333333
vt 0.600000 0.250000
vt 0.600000 0.500000
vt 0.600000 0.750000
vt 0.600000 0.166667
vt 0.600000 0.416667
vt 0.625000 1.000000
vt 0.550000 0.750000
vt 0.550000 0.666667
vt 0.550000 0.166667
vt 0.550000 0.083333
vt 0.575000 1.000000
vt 0.550000 0.916667
vt 0.550000 0.416667
vt 0.550000 0.333333
vt 0.550000 0.583333
vt 0.575000 0.000000
vt 0.550000 0.833333
vt 0.550000 0.250000
vt 0.550000 0.500000
vt 0.500000 0.583333
vt 0.500000 0.500000
vt 0.500000 0.833333
vt 0.500000 0.750000
vt 0.500000 0.250000
vt 0.500000 0.166667
vt 0.500000 0.416667
vt 0.500000 0.666667
vt 0.500000 0.083333
vt 0.525000 1.000000
vt 0.500000 0.916667
vt 0.500000 0.333333
vt 0.525000 0.000000
vt 0.450000 0.666667
vt 0.450000 0.583333
vt 0.475000 0.000000
vt 0.450000 0.083333
vt 0.450000 0.916667
vt 0.450000 0.833333
vt 0.450000 0.333333
vt 0.450000 0.250000
vt 0.450000 0.500000
vt 0.450000 0.750000
vt 0.450000 0.166667
vt 0.450000 0.416667
vt 0.475000 1.000000
vt 0.400000 0.500000
vt 0.400000 0.416667
vt 0.400000 0.750000
vt 0.400000 0.666667
vt 0.400000 0.166667
vt 0.400000 0.083333
vt 0.425000 1.000000
vt 0.400000 0.916667
vt 0.400000 0.333333
vt 0.400000 0.583333
vt 0.425000 0.000000
vt 0.400000 0.833333
vt 0.400000 0.250000
vt 0.350000 0.583333
vt 0.350000 0.500000
vt 0.350000 0.833333
vt 0.350000 0.750000
vt 0.350000 0.250000
vt 0.350000 0.166667
vt 0.350000 0.416667
vt 0.350000 0.666667
vt 0.350000 0.083333
vt 0.375000 1.000000
vt 0.350000 0.916667
vt 0.350000 0.333333
vt 0.375000 0.000000
vt 0.300000 0.416667
vt 0.300000 0.333333
vt 0.300000 0.666667
vt 0.300000 0.583333
vt 0.325000 0.000000
vt 0.300000 0.083333
vt 0.300000 0.916667
vt 0.300000 0.833333
vt 0.300000 0.250000
vt 0.300000 0.500000
vt 0.300000 0.750000
vt 0.300000 0.166667
vt 0.325000 1.000000
vt 0.250000 0.500000
vt 0.250000 0.416667
vt 0.250000 0.750000
vt 0.250000 0.666667
vt 0.250000 0.166667
vt 0.250000 0.083333
vt 0.275000 1.000000
vt 0.250000 0.916667
vt 0.250000 0.333333
vt 0.250000 0.583333
vt 0.275000 0.000000
vt 0.250000 0.833333
vt 0.250000 0.250000
vt 0.200000 0.333333
vt 0.200000 0.250000
vt 0.200000 0.583333
vt 0.200000 0.500000
vt 0.200000 0.833333
vt 0.200000 0.750000
vt 0.200000 0.166667
vt 0.200000 0.416667
vt 0.200000 0.666667
vt 0.200000 0.083333
vt 0.225000 1.000000
vt 0.200000 0.916667
vt 0.225000 0.000000
vt 0.175000 1.000000
vt 0.150000 0.916667
vt 0.150000 0.416667
vt 0.150000 0.333333
vt 0.150000 0.666667
vt 0.150000 0.583333
vt 0.175000 0.000000
vt 0.150000 0.083333
vt 0.150000 0.833333
vt 0.150000 0.250000
vt 0.150000 0.500000
vt 0.150000 0.750000
vt 0.150000 0.166667
vt 0.100000 0.250000
vt 0.100000 0.166667
vt 0.100000 0.500000
vt 0.100000 0.416667
vt 0.100000 0.750000
vt 0.100000 0.666667
vt 0.100000 0.083333
vt 0.125000 1.000000
vt 0.100000 0.916667
vt 0.100000 0.333333
vt 0.100000 0.583333
vt 0.125000 0.000000
vt 0.100000 0.833333
vt 0.050000 0.916667
vt 0.050000 0.833333
vt 0.050000 0.333333
vt 0.050000 0.250000
vt 0.050000 0.583333
vt 0.050000 0.500000
vt 0.050000 0.750000
vt 0.050000 0.166667
vt 0.050000 0.416667
vt 0.050000 0.666667
vt 0.050000 0.083333
vt 0.075000 1.000000
vt 0.075000 0.000000
vt 0.000000 0.166667
vt 0.000000 0.083333
vt 0.025000 1.000000
vt 0.000000 0.916667
vt 0.000000 0.416667
vt 0.000000 0.333333
vt 0.000000 0.666667
vt 0.000000 0.583333
vt 0.025000 0.000000
vt 0.000000 0.833333
vt 0.000000 0.250000
vt 0.000000 0.500000
vt 0.000000 0.750000
vt 1.000000 0.750000
vt 1.000000 0.833333
vt 0.950000 0.833333
vt 0.950000 0.750000
vt 1.000000 0.166667
vt 1.000000 0.250000
vt 0.950000 0.250000
vt 0.950000 0.166667
vt 1.000000 0.416667
vt 1.000000 0.500000
vt 0.950000 0.500000
vt 0.950000 0.416667
vt 1.000000 0.666667
vt 0.950000 0.666667
vt 1.000000 0.083333
vt 0.950000 0.083333
vt 1.000000 0.916667
vt 0.975000 1.000000
vt 0.950000 0.916667
vt 1.000000 0.333333
vt 0.950000 0.333333
vt 1.000000 0.583333
vt 0.950000 0.583333
vt 0.975000 0.000000
vt 0.925000 0.000000
vt 0.900000 0.083333
vt 0.900000 0.916667
vt 0.900000 0.833333
vt 0.900000 0.333333
vt 0.900000 0.250000
vt 0.900000 0.583333
vt 0.900000 0.500000
vt 0.900000 0.750000
vt 0.900000 0.166667
vt 0.900000 0.416667
vt 0.900000 0.666667
vt 0.925000 1.000000
vt 0.850000 0.750000
vt 0.850000 0.666667
vt 0.850000 0.166667
vt 0.850000 0.083333
vt 0.875000 1.000000
vt 0.850000 0.916667
vt 0.850000 0.416667
vt 0.850000 0.333333
vt 0.850000 0.583333
vt 0.875000 0.000000
vt 0.850000 0.833333
vt 0.850000 0.250000
vt 0.850000 0.500000
vt 0.800000 0.833333
vt 0.800000 0.750000
vt 0.800000 0.250000
vt 0.800000 0.166667
vt 0.800000 0.500000
vt 0.800000 0.416667
vt 0.800000 0.666667
vt 0.800000 0.083333
vt 0.825000 1.000000
vt 0.800000 0.916667
vt 0.800000 0.333333
vt 0.800000 0.583333
vt 0.825000 0.000000
vt 0.775000 0.000000
vt 0.775000 1.000000
s 1
usemtl M_Black_Rubber
f 445/289/437 229/290/221 238/291/230 239/292/231
f 227/293/219 444/294/436 235/295/227 236/296/228
f 265/297/257 446/298/438 242/299/234
f 225/300/217 443/301/435 232/302/224 233/303/225
f 230/304/222 445/289/437 239/292/231 240/305/232
f 228/306/220 227/293/219 236/296/228 237/307/229
f 226/308/218 225/300/217 233/303/225 234/309/226
f 231/310/223 230/304/222 240/305/232 241/311/233
f 229/290/221 228/306/220 237/307/229 238/291/230
f 444/294/436 226/308/218 234/309/226 235/295/227
f 446/298/438 231/310/223 241/311/233 242/299/234
f 443/301/435 343/312/335 232/302/224
f 234/309/226 233/303/225 244/313/236 245/314/237
f 241/311/233 240/305/232 251/315/243 252/316/244
f 238/291/230 237/307/229 248/317/240 249/318/241
f 235/295/227 234/309/226 245/314/237 246/319/238
f 242/299/234 241/311/233 252/316/244 253/320/245
f 232/302/224 343/321/335 243/322/235
f 239/292/231 238/291/230 249/318/241 250/323/242
f 236/296/228 235/295/227 246/319/238 247/324/239
f 265/325/257 242/299/234 253/320/245
f 233/303/225 232/302/224 243/322/235 244/313/236
f 240/305/232 239/292/231 250/323/242 251/315/243
f 237/307/229 236/296/228 247/324/239 248/317/240
f 247/324/239 246/319/238 257/326/249 258/327/250
f 265/328/257 253/320/245 264/329/256
f 244/313/236 243/322/235 254/330/246 255/331/247
f 251/315/243 250/323/242 261/332/253 262/333/254
f 248/317/240 247/324/239 258/327/250 259/334/251
f 245/314/237 244/313/236 255/331/247 256/335/248
f 252/316/244 251/315/243 262/333/254 263/336/255
f 249/318/241 248/317/240 259/334/251 260/337/252
f 246/319/238 245/314/237 256/335/248 257/326/249
f 253/320/245 252/316/244 263/336/255 264/329/256
f 243/322/235 343/338/335 254/330/246
f 250/323/242 249/318/241 260/337/252 261/332/253
f 257/326/249 256/335/248 268/339/260 269/340/261
f 264/329/256 263/336/255 275/341/267 276/342/268
f 254/330/246 343/343/335 266/344/258
f 261/332/253 260/337/252 272/345/264 273/346/265
f 258/327/250 257/326/249 269/340/261 270/347/262
f 265/348/257 264/329/256 276/342/268
f 255/331/247 254/330/246 266/344/258 267/349/259
f 262/333/254 261/332/253 273/346/265 274/350/266
f 259/334/251 258/327/250 270/347/262 271/351/263
f 256/335/248 255/331/247 267/349/259 268/339/260
f 263/336/255 262/333/254 274/350/266 275/341/267
f 260/337/252 259/334/251 271/351/263 272/345/264
f 271/351/263 270/347/262 281/352/273 282/353/274
f 268/339/260 267/349/259 278/354/270 279/355/271
f 275/341/267 274/350/266 285/356/277 286/357/278
f 272/345/264 271/351/263 282/353/274 283/358/275
f 269/340/261 268/339/260 279/355/271 280/359/272
f 276/342/268 275/341/267 286/357/278 287/360/279
f 266/344/258 343/361/335 277/362/269
f 273/346/265 272/345/264 283/358/275 284/363/276
f 270/347/262 269/340/261 280/359/272 281/352/273
f 265/364/257 276/342/268 287/360/279
f 267/349/259 266/344/258 277/362/269 278/354/270
f 274/350/266 273/346/265 284/363/276 285/356/277
f 281/352/273 280/359/272 291/365/283 292/366/284
f 265/367/257 287/360/279 298/368/290
f 278/354/270 277/362/269 288/369/280 289/370/281
f 285/356/277 284/363/276 295/371/287 296/372/288
f 282/353/274 281/352/273 292/366/284 293/373/285
f 279/355/271 278/354/270 289/370/281 290/374/282
f 286/357/278 285/356/277 296/372/288 297/375/289
f 283/358/275 282/353/274 293/373/285 294/376/286
f 280/359/272 279/355/271 290/374/282 291/365/283
f 287/360/279 286/357/278 297/375/289 298/368/290
f 277/362/269 343/377/335 288/369/280
f 284/363/276 283/358/275 294/376/286 295/371/287
f 294/376/286 293/373/285 304/378/296 305/379/297
f 291/365/283 290/374/282 301/380/293 302/381/294
f 298/368/290 297/375/289 308/382/300 309/383/301
f 288/369/280 343/384/335 299/385/291
f 295/371/287 294/376/286 305/379/297 306/386/298
f 292/366/284 291/365/283 302/381/294 303/387/295
f 265/388/257 298/368/290 309/383/301
f 289/370/281 288/369/280 299/385/291 300/389/292
f 296/372/288 295/371/287 306/386/298 307/390/299
f 293/373/285 292/366/284 303/387/295 304/378/296
f 290/374/282 289/370/281 300/389/292 301/380/293
f 297/375/289 296/372/288 307/390/299 308/382/300
f 304/378/296 303/387/295 314/391/306 315/392/307
f 301/380/293 300/389/292 311/393/303 312/394/304
f 308/382/300 307/390/299 318/395/310 319/396/311
f 305/379/297 304/378/296 315/392/307 316/397/308
f 302/381/294 301/380/293 312/394/304 313/398/305
f 309/383/301 308/382/300 319/396/311 320/399/312
f 299/385/291 343/400/335 310/401/302
f 306/386/298 305/379/297 316/397/308 317/402/309
f 303/387/295 302/381/294 313/398/305 314/391/306
f 265/403/257 309/383/301 320/399/312
f 300/389/292 299/385/291 310/401/302 311/393/303
f 307/390/299 306/386/298 317/402/309 318/395/310
f 317/402/309 316/397/308 327/404/319 328/405/320
f 314/391/306 313/398/305 324/406/316 325/407/317
f 265/408/257 320/399/312 331/409/323
f 311/393/303 310/401/302 321/410/313 322/411/314
f 318/395/310 317/402/309 328/405/320 329/412/321
f 315/392/307 314/391/306 325/407/317 326/413/318
f 312/394/304 311/393/303 322/411/314 323/414/315
f 319/396/311 318/395/310 329/412/321 330/415/322
f 316/397/308 315/392/307 326/413/318 327/404/319
f 313/398/305 312/394/304 323/414/315 324/406/316
f 320/399/312 319/396/311 330/415/322 331/409/323
f 310/401/302 343/416/335 321/410/313
f 327/404/319 326/413/318 337/417/329 338/418/330
f 324/406/316 323/414/315 334/419/326 335/420/327
f 331/409/323 330/415/322 341/421/333 342/422/334
f 321/410/313 343/423/335 332/424/324
f 328/405/320 327/404/319 338/418/330 339/425/331
f 325/407/317 324/406/316 335/420/327 336/426/328
f 265/427/257 331/409/323 342/422/334
f 322/411/314 321/410/313 332/424/324 333/428/325
f 329/412/321 328/405/320 339/425/331 340/429/332
f 326/413/318 325/407/317 336/426/328 337/417/329
f 323/414/315 322/411/314 333/428/325 334/419/326
f 330/415/322 329/412/321 340/429/332 341/421/333
f 340/429/332 339/425/331 351/430/343 352/431/344
f 337/417/329 336/426/328 348/432/340 349/433/341
f 334/419/326 333/428/325 345/434/337 346/435/338
f 341/421/333 340/429/332 352/431/344 353/436/345
f 338/418/330 337/417/329 349/433/341 350/437/342
f 335/420/327 334/419/326 346/435/338 347/438/339
f 342/422/334 341/421/333 353/436/345 354/439/346
f 332/424/324 343/440/335 344/441/336
f 339/425/331 338/418/330 350/437/342 351/430/343
f 336/426/328 335/420/327 347/438/339 348/432/340
f 265/442/257 342/422/334 354/439/346
f 333/428/325 332/424/324 344/441/336 345/434/337
f 344/441/336 343/443/335 355/444/347
f 351/430/343 350/437/342 361/445/353 362/446/354
f 348/432/340 347/438/339 358/447/350 359/448/351
f 265/449/257 354/439/346 365/450/357
f 345/434/337 344/441/336 355/444/347 356/451/348
f 352/431/344 351/430/343 362/446/354 363/452/355
f 349/433/341 348/432/340 359/448/351 360/453/352
f 346/435/338 345/434/337 356/451/348 357/454/349
f 353/436/345 352/431/344 363/452/355 364/455/356
f 350/437/342 349/433/341 360/453/352 361/445/353
f 347/438/339 346/435/338 357/454/349 358/447/350
f 354/439/346 353/436/345 364/455/356 365/450/357
f 364/455/356 363/452/355 374/456/366 375/457/367
f 361/445/353 360/453/352 371/458/363 372/459/364
f 358/447/350 357/454/349 368/460/360 369/461/361
f 365/450/357 364/455/356 375/457/367 376/462/368
f 355/444/347 343/463/335 366/464/358
f 362/446/354 361/445/353 372/459/364 373/465/365
f 359/448/351 358/447/350 369/461/361 370/466/362
f 265/467/257 365/450/357 376/462/368
f 356/451/348 355/444/347 366/464/358 367/468/359
f 363/452/355 362/446/354 373/465/365 374/456/366
f 360/453/352 359/448/351 370/466/362 371/458/363
f 357/454/349 356/451/348 367/468/359 368/460/360
f 367/468/359 366/464/358 377/469/369 378/470/370
f 374/456/366 373/465/365 384/471/376 385/472/377
f 371/458/363 370/466/362 381/473/373 382/474/374
f 368/460/360 367/468/359 378/470/370 379/475/371
f 375/457/367 374/456/366 385/472/377 386/476/378
f 372/459/364 371/458/363 382/474/374 383/477/375
f 369/461/361 368/460/360 379/475/371 380/478/372
f 376/462/368 375/457/367 386/476/378 387/479/379
f 366/464/358 343/480/335 377/469/369
f 373/465/365 372/459/364 383/477/375 384/471/376
f 370/466/362 369/461/361 380/478/372 381/473/373
f 265/481/257 376/462/368 387/479/379
f 387/479/379 386/476/378 397/482/389 398/483/390
f 377/469/369 343/484/335 388/485/380
f 384/471/376 383/477/375 394/486/386 395/487/387
f 381/473/373 380/478/372 391/488/383 392/489/384
f 265/490/257 387/479/379 398/483/390
f 378/470/370 377/469/369 388/485/380 389/491/381
f 385/472/377 384/471/376 395/487/387 396/492/388
f 382/474/374 381/473/373 392/489/384 393/493/385
f 379/475/371 378/470/370 389/491/381 390/494/382
f 386/476/378 385/472/377 396/492/388 397/482/389
f 383/477/375 382/474/374 393/493/385 394/486/386
f 380/478/372 379/475/371 390/494/382 391/488/383
f 390/495/382 389/496/381 400/497/392 401/498/393
f 397/499/389 396/500/388 407/501/399 408/502/400
f 394/503/386 393/504/385 404/505/396 405/506/397
f 391/507/383 390/495/382 401/498/393 402/508/394
f 398/509/390 397/499/389 408/502/400 409/510/401
f 388/511/380 343/512/335 399/513/391
f 395/514/387 394/503/386 405/506/397 406/515/398
f 392/516/384 391/507/383 402/508/394 403/517/395
f 265/518/257 398/509/390 409/510/401
f 389/496/381 388/511/380 399/513/391 400/497/392
f 396/500/388 395/514/387 406/515/398 407/501/399
f 393/504/385 392/516/384 403/517/395 404/505/396
f 265/519/257 409/510/401 420/520/412
f 400/497/392 399/513/391 410/521/402 411/522/403
f 407/501/399 406/515/398 417/523/409 418/524/410
f 404/505/396 403/517/395 414/525/406 415/526/407
f 401/498/393 400/497/392 411/522/403 412/527/404
f 408/502/400 407/501/399 418/524/410 419/528/411
f 405/506/397 404/505/396 415/526/407 416/529/408
f 402/508/394 401/498/393 412/527/404 413/530/405
f 409/510/401 408/502/400 419/528/411 420/520/412
f 399/513/391 343/531/335 410/521/402
f 406/515/398 405/506/397 416/529/408 417/523/409
f 403/517/395 402/508/394 413/530/405 414/525/406
f 413/530/405 412/527/404 423/532/415 424/533/416
f 420/520/412 419/528/411 430/534/422 431/535/423
f 410/521/402 343/536/335 421/537/413
f 417/523/409 416/529/408 427/538/419 428/539/420
f 414/525/406 413/530/405 424/533/416 425/540/417
f 265/541/257 420/520/412 431/535/423
f 411/522/403 410/521/402 421/537/413 422/542/414
f 418/524/410 417/523/409 428/539/420 429/543/421
f 415/526/407 414/525/406 425/540/417 426/544/418
f 412/527/404 411/522/403 422/542/414 423/532/415
f 419/528/411 418/524/410 429/543/421 430/534/422
f 416/529/408 415/526/407 426/544/418 427/538/419
f 423/532/415 422/542/414 433/545/425 434/546/426
f 430/534/422 429/543/421 440/547/432 441/548/433
f 427/538/419 426/544/418 437/549/429 438/550/430
f 424/533/416 423/532/415 434/546/426 435/551/427
f 431/535/423 430/534/422 441/548/433 442/552/434
f 421/537/413 343/553/335 432/554/424
f 428/539/420 427/538/419 438/550/430 439/555/431
f 425/540/417 424/533/416 435/551/427 436/556/428
f 265/557/257 431/535/423 442/552/434
f 422/542/414 421/537/413 432/554/424 433/545/425
f 429/543/421 428/539/420 439/555/431 440/547/432
f 426/544/418 425/540/417 436/556/428 437/549/429
f 436/556/428 435/551/427 444/294/436 227/293/219
f 265/558/257 442/552/434 446/298/438
f 433/545/425 432/554/424 443/301/435 225/300/217
f 440/547/432 439/555/431 445/289/437 230/304/222
f 437/549/429 436/556/428 227/293/219 228/306/220
f 434/546/426 433/545/425 225/300/217 226/308/218
f 441/548/433 440/547/432 230/304/222 231/310/223
f 438/550/430 437/549/429 228/306/220 229/290/221
f 435/551/427 434/546/426 226/308/218 444/294/436
f 442/552/434 441/548/433 231/310/223 446/298/438
f 432/554/424 343/559/335 443/301/435
f 439/555/431 438/550/430 229/290/221 445/289/437
o Post.006
v -0.278500 0.075000 -0.161500
v -0.278500 0.079000 -0.157500
v -0.282500 0.079000 -0.161500
v -0.278500 0.076172 -0.158672
v -0.280809 0.076691 -0.159191
v -0.281328 0.079000 -0.158672
v -0.281328 0.076172 -0.161500
v -0.278500 0.821000 -0.157500
v -0.278500 0.825000 -0.161500
v -0.282500 0.821000 -0.161500
v -0.278500 0.823828 -0.158672
v -0.280809 0.823309 -0.159191
v -0.281328 0.823828 -0.161500
v -0.281328 0.821000 -0.158672
v -0.278500 0.075000 -0.178500
v -0.282500 0.079000 -0.178500
v -0.278500 0.079000 -0.182500
v -0.281328 0.076172 -0.178500
v -0.280809 0.076691 -0.180809
v -0.281328 0.079000 -0.181328
v -0.278500 0.076172 -0.181328
v -0.278500 0.825000 -0.178500
v -0.278500 0.821000 -0.182500
v -0.282500 0.821000 -0.178500
v -0.278500 0.823828 -0.181328
v -0.280809 0.823309 -0.180809
v -0.281328 0.821000 -0.181328
v -0.281328 0.823828 -0.178500
v -0.261500 0.075000 -0.161500
v -0.257500 0.079000 -0.161500
v -0.261500 0.079000 -0.157500
v -0.258672 0.076172 -0.161500
v -0.259191 0.076691 -0.159191
v -0.258672 0.079000 -0.158672
v -0.261500 0.076172 -0.158672
v -0.261500 0.825000 -0.161500
v -0.261500 0.821000 -0.157500
v -0.257500 0.821000 -0.161500
v -0.261500 0.823828 -0.158672
v -0.259191 0.823309 -0.159191
v -0.258672 0.821000 -0.158672
v -0.258672 0.823828 -0.161500
v -0.261500 0.075000 -0.178500
v -0.261500 0.079000 -0.182500
v -0.257500 0.079000 -0.178500
v -0.261500 0.076172 -0.181328
v -0.259191 0.076691 -0.180809
v -0.258672 0.079000 -0.181328
v -0.258672 0.076172 -0.178500
v -0.261500 0.825000 -0.178500
v -0.257500 0.821000 -0.178500
v -0.261500 0.821000 -0.182500
v -0.258672 0.823828 -0.178500
v -0.259191 0.823309 -0.180809
v -0.258672 0.821000 -0.181328
v -0.261500 0.823828 -0.181328
vn -0.3251 -0.8881 0.3251
vn -0.3251 -0.3251 0.8881
vn -0.8881 -0.3251 0.3251
vn -0.3251 0.3251 0.8881
vn -0.3251 0.8881 0.3251
vn -0.8881 0.3251 0.3251
vn -0.3251 -0.8881 -0.3251
vn -0.8881 -0.3251 -0.3251
vn -0.3251 -0.3251 -0.8881
vn -0.3251 0.8881 -0.3251
vn -0.3251 0.3251 -0.8881
vn -0.8881 0.3251 -0.3251
vn 0.3251 -0.8881 0.3251
vn 0.8881 -0.3251 0.3251
vn 0.3251 -0.3251 0.8881
vn 0.3251 0.8881 0.3251
vn 0.3251 0.3251 0.8881
vn 0.8881 0.3251 0.3251
vn 0.3251 -0.8881 -0.3251
vn 0.3251 -0.3251 -0.8881
vn 0.8881 -0.3251 -0.3251
vn 0.3251 0.8881 -0.3251
vn 0.8881 0.3251 -0.3251
vn 0.3251 0.3251 -0.8881
vn -0.3827 -0.9239 -0.0000
vn -0.9239 -0.3827 -0.0000
vn -0.3827 -0.0000 0.9239
vn -0.9239 -0.0000 0.3827
vn -0.3827 0.9239 -0.0000
vn -0.9239 0.3827 -0.0000
vn -0.3827 -0.0000 -0.9239
vn -0.9239 -0.0000 -0.3827
vn -0.0000 -0.9239 -0.3827
vn -0.0000 -0.3827 -0.9239
vn -0.0000 0.9239 -0.3827
vn -0.0000 0.3827 -0.9239
vn 0.9239 -0.0000 -0.3827
vn 0.3827 -0.0000 -0.9239
vn 0.3827 -0.9239 -0.0000
vn 0.9239 -0.3827 -0.0000
vn 0.3827 0.9239 -0.0000
vn 0.9239 0.3827 -0.0000
vn 0.3827 -0.0000 0.9239
vn 0.9239 -0.0000 0.3827
vn -0.0000 -0.9239 0.3827
vn -0.0000 -0.3827 0.9239
vn -0.0000 0.9239 0.3827
vn -0.0000 0.3827 0.9239
vn -0.0000 -1.0000 -0.0000
vn -1.0000 -0.0000 -0.0000
vn -0.0000 -0.0000 1.0000
vn -0.0000 1.0000 -0.0000
vn -0.0000 -0.0000 -1.0000
vn 1.0000 -0.0000 -0.0000
vt 0.165000 0.710000
vt 0.165000 0.750000
vt 0.141906 0.750000
vt 0.125000 0.710000
vt 0.376333 0.960000
vt 0.376333 1.000000
vt 0.375564 1.000000
vt 0.375000 0.960000
vt 0.376333 0.040000
vt 0.375000 0.040000
vt 0.375000 0.016906
vt 0.376333 0.000000
vt 0.623667 0.960000
vt 0.625000 0.960000
vt 0.625000 0.983094
vt 0.623667 1.000000
vt 0.835000 0.710000
vt 0.875000 0.710000
vt 0.875000 0.733094
vt 0.835000 0.750000
vt 0.623667 0.040000
vt 0.623667 0.000000
vt 0.624436 0.000000
vt 0.625000 0.040000
vt 0.165000 0.540000
vt 0.125000 0.540000
vt 0.125000 0.516906
vt 0.165000 0.500000
vt 0.376333 0.210000
vt 0.376333 0.250000
vt 0.375282 0.258453
vt 0.375000 0.210000
vt 0.376333 0.290000
vt 0.375000 0.290000
vt 0.835000 0.540000
vt 0.835000 0.500000
vt 0.858094 0.500000
vt 0.875000 0.540000
vt 0.623667 0.290000
vt 0.623667 0.250000
vt 0.624718 0.241547
vt 0.625000 0.290000
vt 0.623667 0.210000
vt 0.625000 0.210000
vt 0.335000 0.710000
vt 0.375000 0.710000
vt 0.375188 0.750000
vt 0.355000 0.770000
vt 0.376333 0.710000
vt 0.376333 0.750000
vt 0.376333 0.790000
vt 0.665000 0.710000
vt 0.645000 0.770000
vt 0.630448 0.744365
vt 0.625000 0.710000
vt 0.623667 0.790000
vt 0.623667 0.750000
vt 0.623667 0.710000
vt 0.335000 0.540000
vt 0.355000 0.480000
vt 0.369553 0.505635
vt 0.375000 0.540000
vt 0.376333 0.460000
vt 0.376333 0.500000
vt 0.376333 0.540000
vt 0.665000 0.540000
vt 0.625000 0.540000
vt 0.624812 0.500000
vt 0.645000 0.480000
vt 0.623667 0.540000
vt 0.623667 0.500000
vt 0.623667 0.460000
s 0
usemtl M_Brushed_Metal
f 447/560/439 450/561/439 451/562/439 453/563/439
f 448/564/440 452/565/440 451/566/440 450/567/440
f 449/568/441 453/569/441 451/570/441 452/571/441
f 454/572/442 457/573/442 458/574/442 460/575/442
f 455/576/443 459/577/443 458/578/443 457/579/443
f 456/580/444 460/581/444 458/582/444 459/583/444
f 461/584/445 464/585/445 465/586/445 467/587/445
f 462/588/446 466/589/446 465/590/446 464/591/446
f 463/592/447 467/593/447 465/590/447 466/589/447
f 468/594/448 471/595/448 472/596/448 474/597/448
f 469/598/449 473/599/449 472/600/449 471/601/449
f 470/602/450 474/603/450 472/600/450 473/599/450
f 475/604/451 478/605/451 479/606/451 481/607/451
f 476/608/452 480/609/452 479/606/452 478/605/452
f 477/610/453 481/607/453 479/606/453 480/609/453
f 482/611/454 485/612/454 486/613/454 488/614/454
f 483/615/455 487/616/455 486/613/455 485/612/455
f 484/617/456 488/614/456 486/613/456 487/616/456
f 489/618/457 492/619/457 493/620/457 495/621/457
f 490/622/458 494/623/458 493/620/458 492/619/458
f 491/624/459 495/621/459 493/620/459 494/623/459
f 496/625/460 499/626/460 500/627/460 502/628/460
f 497/629/461 501/630/461 500/627/461 499/626/461
f 498/631/462 502/628/462 500/627/462 501/630/462
f 461/584/463 447/560/463 453/563/463 464/585/463
f 464/591/464 453/569/464 449/568/464 462/588/464
f 448/564/465 454/572/465 460/575/465 452/565/465
f 452/571/466 460/581/466 456/580/466 449/568/466
f 455/576/467 468/594/467 474/597/467 459/577/467
f 459/583/468 474/603/468 470/602/468 456/580/468
f 469/598/469 463/592/469 466/589/469 473/599/469
f 473/599/470 466/589/470 462/588/470 470/602/470
f 489/618/471 461/584/471 467/587/471 492/619/471
f 492/619/472 467/593/472 463/592/472 490/622/472
f 468/594/473 496/625/473 502/628/473 471/595/473
f 471/601/474 502/628/474 498/631/474 469/598/474
f 497/629/475 491/624/475 494/623/475 501/630/475
f 501/630/476 494/623/476 490/622/476 498/631/476
f 475/604/477 489/618/477 495/621/477 478/605/477
f 478/605/478 495/621/478 491/624/478 476/608/478
f 496/625/479 482/611/479 488/614/479 499/626/479
f 499/626/480 488/614/480 484/617/480 497/629/480
f 483/615/481 477/610/481 480/609/481 487/616/481
f 487/616/482 480/609/482 476/608/482 484/617/482
f 447/560/483 475/604/483 481/607/483 450/561/483
f 450/567/484 481/607/484 477/610/484 448/564/484
f 482/611/485 455/576/485 457/579/485 485/612/485
f 485/612/486 457/573/486 454/572/486 483/615/486
f 461/584/487 489/618/487 475/604/487 447/560/487
f 449/568/488 456/580/488 470/602/488 462/588/488
f 477/610/489 483/615/489 454/572/489 448/564/489
f 496/625/490 468/594/490 455/576/490 482/611/490
f 463/592/491 469/598/491 498/631/491 490/622/491
f 491/624/492 497/629/492 484/617/492 476/608/492
o Caster.006
v -0.270000 0.056651 -0.182500
v -0.270000 0.052678 -0.187678
v -0.270000 0.041470 -0.194148
v -0.270000 0.035000 -0.195000
v -0.270000 0.028530 -0.194148
v -0.270000 0.017322 -0.187678
v -0.270000 0.013349 -0.182500
v -0.268001 0.059148 -0.176154
v -0.266137 0.056651 -0.181888
v -0.264537 0.052678 -0.186812
v -0.263310 0.047500 -0.190591
v -0.262538 0.041470 -0.192966
v -0.262275 0.035000 -0.193776
v -0.262538 0.028530 -0.192966
v -0.263310 0.022500 -0.190591
v -0.264537 0.017322 -0.186812
v -0.266137 0.013349 -0.181888
v -0.268001 0.010852 -0.176154
v -0.266197 0.059148 -0.175235
v -0.262653 0.056651 -0.180113
v -0.259609 0.052678 -0.184302
v -0.257274 0.047500 -0.187516
v -0.255806 0.041470 -0.189536
v -0.255305 0.035000 -0.190225
v -0.255806 0.028530 -0.189536
v -0.257274 0.022500 -0.187516
v -0.259609 0.017322 -0.184302
v -0.262653 0.013349 -0.180113
v -0.266197 0.010852 -0.175235
v -0.264765 0.059148 -0.173803
v -0.259887 0.056651 -0.177347
v -0.255698 0.052678 -0.180391
v -0.252484 0.047500 -0.182726
v -0.250464 0.041470 -0.184194
v -0.249775 0.035000 -0.184695
v -0.250464 0.028530 -0.184194
v -0.252484 0.022500 -0.182726
v -0.255698 0.017322 -0.180391
v -0.259887 0.013349 -0.177347
v -0.264765 0.010852 -0.173803
v -0.270000 0.010000 -0.170000
v -0.263846 0.059148 -0.171999
v -0.258112 0.056651 -0.173863
v -0.253188 0.052678 -0.175463
v -0.249409 0.047500 -0.176690
v -0.247034 0.041470 -0.177462
v -0.246224 0.035000 -0.177725
v -0.247034 0.028530 -0.177462
v -0.249409 0.022500 -0.176690
v -0.253188 0.017322 -0.175463
v -0.258112 0.013349 -0.173863
v -0.263846 0.010852 -0.171999
v -0.263530 0.059148 -0.170000
v -0.257500 0.056651 -0.170000
v -0.252322 0.052678 -0.170000
v -0.248349 0.047500 -0.170000
v -0.245852 0.041470 -0.170000
v -0.245000 0.035000 -0.170000
v -0.245852 0.028530 -0.170000
v -0.248349 0.022500 -0.170000
v -0.252322 0.017322 -0.170000
v -0.257500 0.013349 -0.170000
v -0.263530 0.010852 -0.170000
v -0.263846 0.059148 -0.168001
v -0.258112 0.056651 -0.166137
v -0.253188 0.052678 -0.164537
v -0.249409 0.047500 -0.163310
v -0.247034 0.041470 -0.162538
v -0.246224 0.035000 -0.162275
v -0.247034 0.028530 -0.162538
v -0.249409 0.022500 -0.163310
v -0.253188 0.017322 -0.164537
v -0.258112 0.013349 -0.166137
v -0.263846 0.010852 -0.168001
v -0.264765 0.059148 -0.166197
v -0.259887 0.056651 -0.162653
v -0.255698 0.052678 -0.159609
v -0.252484 0.047500 -0.157274
v -0.250464 0.041470 -0.155806
v -0.249775 0.035000 -0.155305
v -0.250464 0.028530 -0.155806
v -0.252484 0.022500 -0.157274
v -0.255698 0.017322 -0.159609
v -0.259887 0.013349 -0.162653
v -0.264765 0.010852 -0.166197
v -0.266197 0.059148 -0.164765
v -0.262653 0.056651 -0.159887
v -0.259609 0.052678 -0.155698
v -0.257274 0.047500 -0.152484
v -0.255806 0.041470 -0.150464
v -0.255305 0.035000 -0.149775
v -0.255806 0.028530 -0.150464
v -0.257274 0.022500 -0.152484
v -0.259609 0.017322 -0.155698
v -0.262653 0.013349 -0.159887
v -0.266197 0.010852 -0.164765
v -0.268001 0.059148 -0.163846
v -0.266137 0.056651 -0.158112
v -0.264537 0.052678 -0.153188
v -0.263310 0.047500 -0.149409
v -0.262538 0.041470 -0.147034
v -0.262275 0.035000 -0.146224
v -0.262538 0.028530 -0.147034
v -0.263310 0.022500 -0.149409
v -0.264537 0.017322 -0.153188
v -0.266137 0.013349 -0.158112
v -0.268001 0.010852 -0.163846
v -0.270000 0.059148 -0.163530
v -0.270000 0.056651 -0.157500
v -0.270000 0.052678 -0.152322
v -0.270000 0.047500 -0.148349
v -0.270000 0.041470 -0.145852
v -0.270000 0.035000 -0.145000
v -0.270000 0.028530 -0.145852
v -0.270000 0.022500 -0.148349
v -0.270000 0.017322 -0.152322
v -0.270000 0.013349 -0.157500
v -0.270000 0.010852 -0.163530
v -0.270000 0.060000 -0.170000
v -0.272000 0.059148 -0.163846
v -0.273863 0.056651 -0.158112
v -0.275463 0.052678 -0.153188
v -0.276690 0.047500 -0.149409
v -0.277462 0.041470 -0.147034
v -0.277725 0.035000 -0.146224
v -0.277462 0.028530 -0.147034
v -0.276690 0.022500 -0.149409
v -0.275463 0.017322 -0.153188
v -0.273863 0.013349 -0.158112
v -0.272000 0.010852 -0.163846
v -0.273803 0.059148 -0.164765
v -0.277347 0.056651 -0.159887
v -0.280391 0.052678 -0.155698
v -0.282726 0.047500 -0.152484
v -0.284194 0.041470 -0.150464
v -0.284695 0.035000 -0.149775
v -0.284194 0.028530 -0.150464
v -0.282726 0.022500 -0.152484
v -0.280391 0.017322 -0.155698
v -0.277347 0.013349 -0.159887
v -0.273803 0.010852 -0.164765
v -0.275235 0.059148 -0.166197
v -0.280113 0.056651 -0.162653
v -0.284302 0.052678 -0.159609
v -0.287516 0.047500 -0.157274
v -0.289536 0.041470 -0.155806
v -0.290225 0.035000 -0.155305
v -0.289536 0.028530 -0.155806
v -0.287516 0.022500 -0.157274
v -0.284302 0.017322 -0.159609
v -0.280113 0.013349 -0.162653
v -0.275235 0.010852 -0.166197
v -0.276154 0.059148 -0.168001
v -0.281888 0.056651 -0.166137
v -0.286812 0.052678 -0.164537
v -0.290591 0.047500 -0.163310
v -0.292966 0.041470 -0.162538
v -0.293776 0.035000 -0.162275
v -0.292966 0.028530 -0.162538
v -0.290591 0.022500 -0.163310
v -0.286812 0.017322 -0.164537
v -0.281888 0.013349 -0.166137
v -0.276154 0.010852 -0.168001
v -0.276470 0.059148 -0.170000
v -0.282500 0.056651 -0.170000
v -0.287678 0.052678 -0.170000
v -0.291651 0.047500 -0.170000
v -0.294148 0.041470 -0.170000
v -0.295000 0.035000 -0.170000
v -0.294148 0.028530 -0.170000
v -0.291651 0.022500 -0.170000
v -0.287678 0.017322 -0.170000
v -0.282500 0.013349 -0.170000
v -0.276470 0.010852 -0.170000
v -0.276154 0.059148 -0.171999
v -0.281888 0.056651 -0.173863
v -0.286812 0.052678 -0.175463
v -0.290591 0.047500 -0.176690
v -0.292966 0.041470 -0.177462
v -0.293776 0.035000 -0.177725
v -0.292966 0.028530 -0.177462
v -0.290591 0.022500 -0.176690
v -0.286812 0.017322 -0.175463
v -0.281888 0.013349 -0.173863
v -0.276154 0.010852 -0.171999
v -0.275235 0.059148 -0.173803
v -0.280113 0.056651 -0.177347
v -0.284302 0.052678 -0.180391
v -0.287516 0.047500 -0.182726
v -0.289536 0.041470 -0.184194
v -0.290225 0.035000 -0.184695
v -0.289536 0.028530 -0.184194
v -0.287516 0.022500 -0.182726
v -0.284302 0.017322 -0.180391
v -0.280113 0.013349 -0.177347
v -0.275235 0.010852 -0.173803
v -0.273803 0.059148 -0.175235
v -0.277347 0.056651 -0.180113
v -0.280391 0.052678 -0.184302
v -0.282726 0.047500 -0.187516
v -0.284194 0.041470 -0.189536
v -0.284695 0.035000 -0.190225
v -0.284194 0.028530 -0.189536
v -0.282726 0.022500 -0.187516
v -0.280391 0.017322 -0.184302
v -0.277347 0.013349 -0.180113
v -0.273803 0.010852 -0.175235
v -0.272000 0.059148 -0.176154
v -0.273863 0.056651 -0.181888
v -0.275463 0.052678 -0.186812
v -0.276690 0.047500 -0.190591
v -0.277462 0.041470 -0.192966
v -0.277725 0.035000 -0.193776
v -0.277462 0.028530 -0.192966
v -0.276690 0.022500 -0.190591
v -0.275463 0.017322 -0.186812
v -0.273863 0.013349 -0.181888
v -0.272000 0.010852 -0.176154
v -0.270000 0.059148 -0.176470
v -0.270000 0.047500 -0.191651
v -0.270000 0.022500 -0.191651
v -0.270000 0.010852 -0.176470
vn -0.0000 0.8604 -0.5097
vn -0.0000 0.7007 -0.7135
vn -0.0000 0.2556 -0.9668
vn -0.0000 -0.0000 -1.0000
vn -0.0000 -0.2556 -0.9668
vn -0.0000 -0.7007 -0.7135
vn -0.0000 -0.8604 -0.5097
vn 0.0837 0.9626 -0.2577
vn 0.1575 0.8604 -0.4847
vn 0.2205 0.7007 -0.6786
vn 0.2686 0.4945 -0.8267
vn 0.2988 0.2556 -0.9195
vn 0.3090 -0.0000 -0.9511
vn 0.2988 -0.2556 -0.9195
vn 0.2686 -0.4945 -0.8267
vn 0.2205 -0.7007 -0.6786
vn 0.1575 -0.8604 -0.4847
vn 0.0837 -0.9626 -0.2577
vn 0.1592 0.9626 -0.2192
vn 0.2996 0.8604 -0.4123
vn 0.4194 0.7007 -0.5772
vn 0.5109 0.4945 -0.7032
vn 0.5683 0.2556 -0.7821
vn 0.5878 -0.0000 -0.8090
vn 0.5683 -0.2556 -0.7821
vn 0.5109 -0.4945 -0.7032
vn 0.4194 -0.7007 -0.5772
vn 0.2996 -0.8604 -0.4123
vn 0.1592 -0.9626 -0.2192
vn 0.2192 0.9626 -0.1592
vn 0.4123 0.8604 -0.2996
vn 0.5772 0.7007 -0.4194
vn 0.7032 0.4945 -0.5109
vn 0.7821 0.2556 -0.5683
vn 0.8090 -0.0000 -0.5878
vn 0.7821 -0.2556 -0.5683
vn 0.7032 -0.4945 -0.5109
vn 0.5772 -0.7007 -0.4194
vn 0.4123 -0.8604 -0.2996
vn 0.2192 -0.9626 -0.1592
vn -0.0000 -1.0000 -0.0000
vn 0.2577 0.9626 -0.0837
vn 0.4847 0.8604 -0.1575
vn 0.6786 0.7007 -0.2205
vn 0.8267 0.4945 -0.2686
vn 0.9195 0.2556 -0.2987
vn 0.9511 -0.0000 -0.3090
vn 0.9195 -0.2556 -0.2987
vn 0.8267 -0.4945 -0.2686
vn 0.6786 -0.7007 -0.2205
vn 0.4847 -0.8604 -0.1575
vn 0.2577 -0.9626 -0.0837
vn 0.2709 0.9626 -0.0000
vn 0.5097 0.8604 -0.0000
vn 0.7135 0.7007 -0.0000
vn 0.8692 0.4945 -0.0000
vn 0.9668 0.2556 -0.0000
vn 1.0000 -0.0000 -0.0000
vn 0.9668 -0.2556 -0.0000
vn 0.8692 -0.4945 -0.0000
vn 0.7135 -0.7007 -0.0000
vn 0.5097 -0.8604 -0.0000
vn 0.2709 -0.9626 -0.0000
vn 0.2577 0.9626 0.0837
vn 0.4847 0.8604 0.1575
vn 0.6786 0.7007 0.2205
vn 0.8267 0.4945 0.2686
vn 0.9195 0.2556 0.2987
vn 0.9511 -0.0000 0.3090
vn 0.9195 -0.2556 0.2987
vn 0.8267 -0.4945 0.2686
vn 0.6786 -0.7007 0.2205
vn 0.4847 -0.8604 0.1575
vn 0.2577 -0.9626 0.0837
vn 0.2192 0.9626 0.1592
vn 0.4123 0.8604 0.2996
vn 0.5772 0.7007 0.4194
vn 0.7032 0.4945 0.5109
vn 0.7821 0.2556 0.5683
vn 0.8090 -0.0000 0.5878
vn 0.7821 -0.2556 0.5683
vn 0.7032 -0.4945 0.5109
vn 0.5772 -0.7007 0.4194
vn 0.4123 -0.8604 0.2996
vn 0.2192 -0.9626 0.1592
vn 0.1592 0.9626 0.2192
vn 0.2996 0.8604 0.4123
vn 0.4194 0.7007 0.5772
vn 0.5109 0.4945 0.7032
vn 0.5683 0.2556 0.7821
vn 0.5878 -0.0000 0.8090
vn 0.5683 -0.2556 0.7821
vn 0.5109 -0.4945 0.7032
vn 0.4194 -0.7007 0.5772
vn 0.2996 -0.8604 0.4123
vn 0.1592 -0.9626 0.2192
vn 0.0837 0.9626 0.2577
vn 0.1575 0.8604 0.4847
vn 0.2205 0.7007 0.6786
vn 0.2686 0.4945 0.8267
vn 0.2988 0.2556 0.9195
vn 0.3090 -0.0000 0.9511
vn 0.2988 -0.2556 0.9195
vn 0.2686 -0.4945 0.8267
vn 0.2205 -0.7007 0.6786
vn 0.1575 -0.8604 0.4847
vn 0.0837 -0.9626 0.2577
vn -0.0000 0.9626 0.2709
vn -0.0000 0.8604 0.5097
vn -0.0000 0.7007 0.7135
vn -0.0000 0.4945 0.8692
vn -0.0000 0.2556 0.9668
vn -0.0000 -0.0000 1.0000
vn -0.0000 -0.2556 0.9668
vn -0.0000 -0.4945 0.8692
vn -0.0000 -0.7007 0.7135
vn -0.0000 -0.8604 0.5097
vn -0.0000 -0.9626 0.2709
vn -0.0000 1.0000 -0.0000
vn -0.0837 0.9626 0.2577
vn -0.1575 0.8604 0.4847
vn -0.2205 0.7007 0.6786
vn -0.2686 0.4945 0.8267
vn -0.2987 0.2556 0.9195
vn -0.3090 -0.0000 0.9511
vn -0.2987 -0.2556 0.9195
vn -0.2686 -0.4945 0.8267
vn -0.2205 -0.7007 0.6786
vn -0.1575 -0.8604 0.4847
vn -0.0837 -0.9626 0.2577
vn -0.1592 0.9626 0.2192
vn -0.2996 0.8604 0.4123
vn -0.4194 0.7007 0.5772
vn -0.5109 0.4945 0.7032
vn -0.5683 0.2556 0.7821
vn -0.5878 -0.0000 0.8090
vn -0.5683 -0.2556 0.7821
vn -0.5109 -0.4945 0.7032
vn -0.4194 -0.7007 0.5772
vn -0.2996 -0.8604 0.4123
vn -0.1592 -0.9626 0.2192
vn -0.2192 0.9626 0.1592
vn -0.4123 0.8604 0.2996
vn -0.5772 0.7007 0.4194
vn -0.7032 0.4945 0.5109
vn -0.7821 0.2556 0.5683
vn -0.8090 -0.0000 0.5878
vn -0.7821 -0.2556 0.5683
vn -0.7032 -0.4945 0.5109
vn -0.5772 -0.7007 0.4194
vn -0.4123 -0.8604 0.2996
vn -0.2192 -0.9626 0.1592
vn -0.2576 0.9626 0.0837
vn -0.4847 0.8604 0.1575
vn -0.6786 0.7007 0.2205
vn -0.8267 0.4945 0.2686
vn -0.9195 0.2556 0.2988
vn -0.9511 -0.0000 0.3090
vn -0.9195 -0.2556 0.2988
vn -0.8267 -0.4945 0.2686
vn -0.6786 -0.7007 0.2205
vn -0.4847 -0.8604 0.1575
vn -0.2576 -0.9626 0.0837
vn -0.2709 0.9626 -0.0000
vn -0.5097 0.8604 -0.0000
vn -0.7135 0.7007 -0.0000
vn -0.8692 0.4945 -0.0000
vn -0.9668 0.2556 -0.0000
vn -1.0000 -0.0000 -0.0000
vn -0.9668 -0.2556 -0.0000
vn -0.8692 -0.4945 -0.0000
vn -0.7135 -0.7007 -0.0000
vn -0.5097 -0.8604 -0.0000
vn -0.2709 -0.9626 -0.0000
vn -0.2577 0.9626 -0.0837
vn -0.4847 0.8604 -0.1575
vn -0.6786 0.7007 -0.2205
vn -0.8267 0.4945 -0.2686
vn -0.9195 0.2556 -0.2987
vn -0.9511 -0.0000 -0.3090
vn -0.9195 -0.2556 -0.2987
vn -0.8267 -0.4945 -0.2686
vn -0.6786 -0.7007 -0.2205
vn -0.4847 -0.8604 -0.1575
vn -0.2577 -0.9626 -0.0837
vn -0.2192 0.9626 -0.1592
vn -0.4123 0.8604 -0.2996
vn -0.5772 0.7007 -0.4194
vn -0.7032 0.4945 -0.5109
vn -0.7821 0.2556 -0.5683
vn -0.8090 -0.0000 -0.5878
vn -0.7821 -0.2556 -0.5683
vn -0.7032 -0.4945 -0.5109
vn -0.5772 -0.7007 -0.4194
vn -0.4123 -0.8604 -0.2996
vn -0.2192 -0.9626 -0.1592
vn -0.1592 0.9626 -0.2192
vn -0.2996 0.8604 -0.4123
vn -0.4194 0.7007 -0.5772
vn -0.5109 0.4945 -0.7032
vn -0.5683 0.2556 -0.7821
vn -0.5878 -0.0000 -0.8090
vn -0.5683 -0.2556 -0.7821
vn -0.5109 -0.4945 -0.7032
vn -0.4194 -0.7007 -0.5772
vn -0.2996 -0.8604 -0.4123
vn -0.1592 -0.9626 -0.2192
vn -0.0837 0.9626 -0.2577
vn -0.1575 0.8604 -0.4847
vn -0.2205 0.7007 -0.6786
vn -0.2686 0.4945 -0.8267
vn -0.2987 0.2556 -0.9195
vn -0.3090 -0.0000 -0.9511
vn -0.2987 -0.2556 -0.9195
vn -0.2686 -0.4945 -0.8267
vn -0.2205 -0.7007 -0.6786
vn -0.1575 -0.8604 -0.4847
vn -0.0837 -0.9626 -0.2577
vn -0.0000 0.9626 -0.2709
vn -0.0000 0.4945 -0.8692
vn -0.0000 -0.4945 -0.8692
vn -0.0000 -0.9626 -0.2709
vt 0.750000 0.416667
vt 0.750000 0.500000
vt 0.700000 0.500000
vt 0.700000 0.416667
vt 0.750000 0.666667
vt 0.750000 0.750000
vt 0.700000 0.750000
vt 0.700000 0.666667
vt 0.750000 0.083333
vt 0.750000 0.166667
vt 0.700000 0.166667
vt 0.700000 0.083333
vt 0.750000 0.916667
vt 0.725000 1.000000
vt 0.700000 0.916667
vt 0.750000 0.333333
vt 0.700000 0.333333
vt 0.750000 0.583333
vt 0.700000 0.583333
vt 0.725000 0.000000
vt 0.750000 0.833333
vt 0.700000 0.833333
vt 0.750000 0.250000
vt 0.700000 0.250000
vt 0.675000 0.000000
vt 0.650000 0.083333
vt 0.650000 0.916667
vt 0.650000 0.833333
vt 0.650000 0.333333
vt 0.650000 0.250000
vt 0.650000 0.583333
vt 0.650000 0.500000
vt 0.650000 0.750000
vt 0.650000 0.166667
vt 0.650000 0.416667
vt 0.650000 0.666667
vt 0.675000 1.000000
vt 0.600000 0.750000
vt 0.600000 0.666667
vt 0.600000 0.166667
vt 0.600000 0.083333
vt 0.625000 1.000000
vt 0.600000 0.916667
vt 0.600000 0.416667
vt 0.600000 0.333333
vt 0.600000 0.583333
vt 0.625000 0.000000
vt 0.600000 0.833333
vt 0.600000 0.250000
vt 0.600000 0.500000
vt 0.550000 0.833333
vt 0.550000 0.750000
vt 0.550000 0.250000
vt 0.550000 0.166667
vt 0.550000 0.500000
vt 0.550000 0.416667
vt 0.550000 0.666667
vt 0.550000 0.083333
vt 0.575000 1.000000
vt 0.550000 0.916667
vt 0.550000 0.333333
vt 0.550000 0.583333
vt 0.575000 0.000000
vt 0.500000 0.666667
vt 0.500000 0.583333
vt 0.525000 0.000000
vt 0.500000 0.083333
vt 0.500000 0.916667
vt 0.500000 0.833333
vt 0.500000 0.333333
vt 0.500000 0.250000
vt 0.500000 0.500000
vt 0.500000 0.750000
vt 0.500000 0.166667
vt 0.500000 0.416667
vt 0.525000 1.000000
vt 0.450000 0.750000
vt 0.450000 0.666667
vt 0.450000 0.166667
vt 0.450000 0.083333
vt 0.475000 1.000000
vt 0.450000 0.916667
vt 0.450000 0.416667
vt 0.450000 0.333333
vt 0.450000 0.583333
vt 0.475000 0.000000
vt 0.450000 0.833333
vt 0.450000 0.250000
vt 0.450000 0.500000
vt 0.400000 0.583333
vt 0.400000 0.500000
vt 0.400000 0.833333
vt 0.400000 0.750000
vt 0.400000 0.250000
vt 0.400000 0.166667
vt 0.400000 0.416667
vt 0.400000 0.666667
vt 0.400000 0.083333
vt 0.425000 1.000000
vt 0.400000 0.916667
vt 0.400000 0.333333
vt 0.425000 0.000000
vt 0.350000 0.666667
vt 0.350000 0.583333
vt 0.375000 0.000000
vt 0.350000 0.083333
vt 0.350000 0.916667
vt 0.350000 0.833333
vt 0.350000 0.333333
vt 0.350000 0.250000
vt 0.350000 0.500000
vt 0.350000 0.750000
vt 0.350000 0.166667
vt 0.350000 0.416667
vt 0.375000 1.000000
vt 0.300000 0.500000
vt 0.300000 0.416667
vt 0.300000 0.750000
vt 0.300000 0.666667
vt 0.300000 0.166667
vt 0.300000 0.083333
vt 0.325000 1.000000
vt 0.300000 0.916667
vt 0.300000 0.333333
vt 0.300000 0.583333
vt 0.325000 0.000000
vt 0.300000 0.833333
vt 0.300000 0.250000
vt 0.250000 0.583333
vt 0.250000 0.500000
vt 0.250000 0.833333
vt 0.250000 0.750000
vt 0.250000 0.250000
vt 0.250000 0.166667
vt 0.250000 0.416667
vt 0.250000 0.666667
vt 0.250000 0.083333
vt 0.275000 1.000000
vt 0.250000 0.916667
vt 0.250000 0.333333
vt 0.275000 0.000000
vt 0.200000 0.416667
vt 0.200000 0.333333
vt 0.200000 0.666667
vt 0.200000 0.583333
vt 0.225000 0.000000
vt 0.200000 0.083333
vt 0.200000 0.916667
vt 0.200000 0.833333
vt 0.200000 0.250000
vt 0.200000 0.500000
vt 0.200000 0.750000
vt 0.200000 0.166667
vt 0.225000 1.000000
vt 0.150000 0.500000
vt 0.150000 0.416667
vt 0.150000 0.750000
vt 0.150000 0.666667
vt 0.150000 0.166667
vt 0.150000 0.083333
vt 0.175000 1.000000
vt 0.150000 0.916667
vt 0.150000 0.333333
vt 0.150000 0.583333
vt 0.175000 0.000000
vt 0.150000 0.833333
vt 0.150000 0.250000
vt 0.100000 0.333333
vt 0.100000 0.250000
vt 0.100000 0.583333
vt 0.100000 0.500000
vt 0.100000 0.833333
vt 0.100000 0.750000
vt 0.100000 0.166667
vt 0.100000 0.416667
vt 0.100000 0.666667
vt 0.100000 0.083333
vt 0.125000 1.000000
vt 0.100000 0.916667
vt 0.125000 0.000000
vt 0.075000 1.000000
vt 0.050000 0.916667
vt 0.050000 0.416667
vt 0.050000 0.333333
vt 0.050000 0.666667
vt 0.050000 0.583333
vt 0.075000 0.000000
vt 0.050000 0.083333
vt 0.050000 0.833333
vt 0.050000 0.250000
vt 0.050000 0.500000
vt 0.050000 0.750000
vt 0.050000 0.166667
vt 0.000000 0.250000
vt 0.000000 0.166667
vt 0.000000 0.500000
vt 0.000000 0.416667
vt 0.000000 0.750000
vt 0.000000 0.666667
vt 0.000000 0.083333
vt 0.025000 1.000000
vt 0.000000 0.916667
vt 0.000000 0.333333
vt 0.000000 0.583333
vt 0.025000 0.000000
vt 0.000000 0.833333
vt 1.000000 0.833333
vt 1.000000 0.916667
vt 0.950000 0.916667
vt 0.950000 0.833333
vt 1.000000 0.250000
vt 1.000000 0.333333
vt 0.950000 0.333333
vt 0.950000 0.250000
vt 1.000000 0.500000
vt 1.000000 0.583333
vt 0.950000 0.583333
vt 0.950000 0.500000
vt 1.000000 0.750000
vt 0.950000 0.750000
vt 1.000000 0.166667
vt 0.950000 0.166667
vt 1.000000 0.416667
vt 0.950000 0.416667
vt 1.000000 0.666667
vt 0.950000 0.666667
vt 1.000000 0.083333
vt 0.950000 0.083333
vt 0.975000 1.000000
vt 0.975000 0.000000
vt 0.900000 0.166667
vt 0.900000 0.083333
vt 0.925000 1.000000
vt 0.900000 0.916667
vt 0.900000 0.416667
vt 0.900000 0.333333
vt 0.900000 0.666667
vt 0.900000 0.583333
vt 0.925000 0.000000
vt 0.900000 0.833333
vt 0.900000 0.250000
vt 0.900000 0.500000
vt 0.900000 0.750000
vt 0.850000 0.833333
vt 0.850000 0.750000
vt 0.850000 0.250000
vt 0.850000 0.166667
vt 0.850000 0.500000
vt 0.850000 0.416667
vt 0.850000 0.666667
vt 0.850000 0.083333
vt 0.875000 1.000000
vt 0.850000 0.916667
vt 0.850000 0.333333
vt 0.850000 0.583333
vt 0.875000 0.000000
vt 0.825000 0.000000
vt 0.800000 0.083333
vt 0.800000 0.916667
vt 0.800000 0.833333
vt 0.800000 0.333333
vt 0.800000 0.250000
vt 0.800000 0.583333
vt 0.800000 0.500000
vt 0.800000 0.750000
vt 0.800000 0.166667
vt 0.800000 0.416667
vt 0.800000 0.666667
vt 0.825000 1.000000
vt 0.775000 1.000000
vt 0.775000 0.000000
s 1
usemtl M_Black_Rubber
f 507/632/497 506/633/496 515/634/505 516/635/506
f 722/636/712 504/637/494 512/638/502 513/639/503
f 724/640/714 509/641/499 519/642/509 520/643/510
f 721/644/711 621/645/611 510/646/500
f 723/647/713 507/632/497 516/635/506 517/648/507
f 505/649/495 722/636/712 513/639/503 514/650/504
f 543/651/533 724/640/714 520/643/510
f 503/652/493 721/644/711 510/646/500 511/653/501
f 508/654/498 723/647/713 517/648/507 518/655/508
f 506/633/496 505/649/495 514/650/504 515/634/505
f 504/637/494 503/652/493 511/653/501 512/638/502
f 509/641/499 508/654/498 518/655/508 519/642/509
f 543/656/533 520/643/510 531/657/521
f 511/653/501 510/646/500 521/658/511 522/659/512
f 518/655/508 517/648/507 528/660/518 529/661/519
f 515/634/505 514/650/504 525/662/515 526/663/516
f 512/638/502 511/653/501 522/659/512 523/664/513
f 519/642/509 518/655/508 529/661/519 530/665/520
f 516/635/506 515/634/505 526/663/516 527/666/517
f 513/639/503 512/638/502 523/664/513 524/667/514
f 520/643/510 519/642/509 530/665/520 531/657/521
f 510/646/500 621/668/611 521/658/511
f 517/648/507 516/635/506 527/666/517 528/660/518
f 514/650/504 513/639/503 524/667/514 525/662/515
f 524/667/514 523/664/513 534/669/524 535/670/525
f 531/657/521 530/665/520 541/671/531 542/672/532
f 521/658/511 621/673/611 532/674/522
f 528/660/518 527/666/517 538/675/528 539/676/529
f 525/662/515 524/667/514 535/670/525 536/677/526
f 543/678/533 531/657/521 542/672/532
f 522/659/512 521/658/511 532/674/522 533/679/523
f 529/661/519 528/660/518 539/676/529 540/680/530
f 526/663/516 525/662/515 536/677/526 537/681/527
f 523/664/513 522/659/512 533/679/523 534/669/524
f 530/665/520 529/661/519 540/680/530 541/671/531
f 527/666/517 526/663/516 537/681/527 538/675/528
f 534/669/524 533/679/523 545/682/535 546/683/536
f 541/671/531 540/680/530 552/684/542 553/685/543
f 538/675/528 537/681/527 549/686/539 550/687/540
f 535/670/525 534/669/524 546/683/536 547/688/537
f 542/672/532 541/671/531 553/685/543 554/689/544
f 532/674/522 621/690/611 544/691/534
f 539/676/529 538/675/528 550/687/540 551/692/541
f 536/677/526 535/670/525 547/688/537 548/693/538
f 543/694/533 542/672/532 554/689/544
f 533/679/523 532/674/522 544/691/534 545/682/535
f 540/680/530 539/676/529 551/692/541 552/684/542
f 537/681/527 536/677/526 548/693/538 549/686/539
f 548/693/538 547/688/537 558/695/548 559/696/549
f 543/697/533 554/689/544 565/698/555
f 545/682/535 544/691/534 555/699/545 556/700/546
f 552/684/542 551/692/541 562/701/552 563/702/553
f 549/686/539 548/693/538 559/696/549 560/703/550
f 546/683/536 545/682/535 556/700/546 557/704/547
f 553/685/543 552/684/542 563/702/553 564/705/554
f 550/687/540 549/686/539 560/703/550 561/706/551
f 547/688/537 546/683/536 557/704/547 558/695/548
f 554/689/544 553/685/543 564/705/554 565/698/555
f 544/691/534 621/707/611 555/699/545
f 551/692/541 550/687/540 561/706/551 562/701/552
f 558/695/548 557/704/547 568/708/558 569/709/559
f 565/698/555 564/705/554 575/710/565 576/711/566
f 555/699/545 621/712/611 566/713/556
f 562/701/552 561/706/551 572/714/562 573/715/563
f 559/696/549 558/695/548 569/709/559 570/716/560
f 543/717/533 565/698/555 576/711/566
f 556/700/546 555/699/545 566/713/556 567/718/557
f 563/702/553 562/701/552 573/715/563 574/719/564
f 560/703/550 559/696/549 570/716/560 571/720/561
f 557/704/547 556/700/546 567/718/557 568/708/558
f 564/705/554 563/702/553 574/719/564 575/710/565
f 561/706/551 560/703/550 571/720/561 572/714/562
f 571/720/561 570/716/560 581/721/571 582/722/572
f 568/708/558 567/718/557 578/723/568 579/724/569
f 575/710/565 574/719/564 585/725/575 586/726/576
f 572/714/562 571/720/561 582/722/572 583/727/573
f 569/709/559 568/708/558 579/724/569 580/728/570
f 576/711/566 575/710/565 586/726/576 587/729/577
f 566/713/556 621/730/611 577/731/567
f 573/715/563 572/714/562 583/727/573 584/732/574
f 570/716/560 569/709/559 580/728/570 581/721/571
f 543/733/533 576/711/566 587/729/577
f 567/718/557 566/713/556 577/731/567 578/723/568
f 574/719/564 573/715/563 584/732/574 585/725/575
f 581/721/571 580/728/570 591/734/581 592/735/582
f 543/736/533 587/729/577 598/737/588
f 578/723/568 577/731/567 588/738/578 589/739/579
f 585/725/575 584/732/574 595/740/585 596/741/586
f 582/722/572 581/721/571 592/735/582 593/742/583
f 579/724/569 578/723/568 589/739/579 590/743/580
f 586/726/576 585/725/575 596/741/586 597/744/587
f 583/727/573 582/722/572 593/742/583 594/745/584
f 580/728/570 579/724/569 590/743/580 591/734/581
f 587/729/577 586/726/576 597/744/587 598/737/588
f 577/731/567 621/746/611 588/738/578
f 584/732/574 583/727/573 594/745/584 595/740/585
f 594/745/584 593/742/583 604/747/594 605/748/595
f 591/734/581 590/743/580 601/749/591 602/750/592
f 598/737/588 597/744/587 608/751/598 609/752/599
f 588/738/578 621/753/611 599/754/589
f 595/740/585 594/745/584 605/748/595 606/755/596
f 592/735/582 591/734/581 602/750/592 603/756/593
f 543/757/533 598/737/588 609/752/599
f 589/739/579 588/738/578 599/754/589 600/758/590
f 596/741/586 595/740/585 606/755/596 607/759/597
f 593/742/583 592/735/582 603/756/593 604/747/594
f 590/743/580 589/739/579 600/758/590 601/749/591
f 597/744/587 596/741/586 607/759/597 608/751/598
f 604/747/594 603/756/593 614/760/604 615/761/605
f 601/749/591 600/758/590 611/762/601 612/763/602
f 608/751/598 607/759/597 618/764/608 619/765/609
f 605/748/595 604/747/594 615/761/605 616/766/606
f 602/750/592 601/749/591 612/763/602 613/767/603
f 609/752/599 608/751/598 619/765/609 620/768/610
f 599/754/589 621/769/611 610/770/600
f 606/755/596 605/748/595 616/766/606 617/771/607
f 603/756/593 602/750/592 613/767/603 614/760/604
f 543/772/533 609/752/599 620/768/610
f 600/758/590 599/754/589 610/770/600 611/762/601
f 607/759/597 606/755/596 617/771/607 618/764/608
f 617/771/607 616/766/606 628/773/618 629/774/619
f 614/760/604 613/767/603 625/775/615 626/776/616
f 543/777/533 620/768/610 632/778/622
f 611/762/601 610/770/600 622/779/612 623/780/613
f 618/764/608 617/771/607 629/774/619 630/781/620
f 615/761/605 614/760/604 626/776/616 627/782/617
f 612/763/602 611/762/601 623/780/613 624/783/614
f 619/765/609 618/764/608 630/781/620 631/784/621
f 616/766/606 615/761/605 627/782/617 628/773/618
f 613/767/603 612/763/602 624/783/614 625/775/615
f 620/768/610 619/765/609 631/784/621 632/778/622
f 610/770/600 621/785/611 622/779/612
f 628/773/618 627/782/617 638/786/628 639/787/629
f 625/775/615 624/783/614 635/788/625 636/789/626
f 632/778/622 631/784/621 642/790/632 643/791/633
f 622/779/612 621/792/611 633/793/623
f 629/774/619 628/773/618 639/787/629 640/794/630
f 626/776/616 625/775/615 636/789/626 637/795/627
f 543/796/533 632/778/622 643/791/633
f 623/780/613 622/779/612 633/793/623 634/797/624
f 630/781/620 629/774/619 640/794/630 641/798/631
f 627/782/617 626/776/616 637/795/627 638/786/628
f 624/783/614 623/780/613 634/797/624 635/788/625
f 631/784/621 630/781/620 641/798/631 642/790/632
f 641/798/631 640/794/630 651/799/641 652/800/642
f 638/786/628 637/795/627 648/801/638 649/802/639
f 635/788/625 634/797/624 645/803/635 646/804/636
f 642/790/632 641/798/631 652/800/642 653/805/643
f 639/787/629 638/786/628 649/802/639 650/806/640
f 636/789/626 635/788/625 646/804/636 647/807/637
f 643/791/633 642/790/632 653/805/643 654/808/644
f 633/793/623 621/809/611 644/810/634
f 640/794/630 639/787/629 650/806/640 651/799/641
f 637/795/627 636/789/626 647/807/637 648/801/638
f 543/811/533 643/791/633 654/808/644
f 634/797/624 633/793/623 644/810/634 645/803/635
f 644/810/634 621/812/611 655/813/645
f 651/799/641 650/806/640 661/814/651 662/815/652
f 648/801/638 647/807/637 658/816/648 659/817/649
f 543/818/533 654/808/644 665/819/655
f 645/803/635 644/810/634 655/813/645 656/820/646
f 652/800/642 651/799/641 662/815/652 663/821/653
f 649/802/639 648/801/638 659/817/649 660/822/650
f 646/804/636 645/803/635 656/820/646 657/823/647
f 653/805/643 652/800/642 663/821/653 664/824/654
f 650/806/640 649/802/639 660/822/650 661/814/651
f 647/807/637 646/804/636 657/823/647 658/816/648
f 654/808/644 653/805/643 664/824/654 665/819/655
f 664/824/654 663/821/653 674/825/664 675/826/665
f 661/814/651 660/822/650 671/827/661 672/828/662
f 658/816/648 657/823/647 668/829/658 669/830/659
f 665/819/655 664/824/654 675/826/665 676/831/666
f 655/813/645 621/832/611 666/833/656
f 662/815/652 661/814/651 672/828/662 673/834/663
f 659/817/649 658/816/648 669/830/659 670/835/660
f 543/836/533 665/819/655 676/831/666
f 656/820/646 655/813/645 666/833/656 667/837/657
f 663/821/653 662/815/652 673/834/663 674/825/664
f 660/822/650 659/817/649 670/835/660 671/827/661
f 657/823/647 656/820/646 667/837/657 668/829/658
f 667/838/657 666/839/656 677/840/667 678/841/668
f 674/842/664 673/843/663 684/844/674 685/845/675
f 671/846/661 670/847/660 681/848/671 682/849/672
f 668/850/658 667/838/657 678/841/668 679/851/669
f 675/852/665 674/842/664 685/845/675 686/853/676
f 672/854/662 671/846/661 682/849/672 683/855/673
f 669/856/659 668/850/658 679/851/669 680/857/670
f 676/858/666 675/852/665 686/853/676 687/859/677
f 666/839/656 621/860/611 677/840/667
f 673/843/663 672/854/662 683/855/673 684/844/674
f 670/847/660 669/856/659 680/857/670 681/848/671
f 543/861/533 676/858/666 687/859/677
f 687/859/677 686/853/676 697/862/687 698/863/688
f 677/840/667 621/864/611 688/865/678
f 684/844/674 683/855/673 694/866/684 695/867/685
f 681/848/671 680/857/670 691/868/681 692/869/682
f 543/870/533 687/859/677 698/863/688
f 678/841/668 677/840/667 688/865/678 689/871/679
f 685/845/675 684/844/674 695/867/685 696/872/686
f 682/849/672 681/848/671 692/869/682 693/873/683
f 679/851/669 678/841/668 689/871/679 690/874/680
f 686/853/676 685/845/675 696/872/686 697/862/687
f 683/855/673 682/849/672 693/873/683 694/866/684
f 680/857/670 679/851/669 690/874/680 691/868/681
f 690/874/680 689/871/679 700/875/690 701/876/691
f 697/862/687 696/872/686 707/877/697 708/878/698
f 694/866/684 693/873/683 704/879/694 705/880/695
f 691/868/681 690/874/680 701/876/691 702/881/692
f 698/863/688 697/862/687 708/878/698 709/882/699
f 688/865/678 621/883/611 699/884/689
f 695/867/685 694/866/684 705/880/695 706/885/696
f 692/869/682 691/868/681 702/881/692 703/886/693
f 543/887/533 698/863/688 709/882/699
f 689/871/679 688/865/678 699/884/689 700/875/690
f 696/872/686 695/867/685 706/885/696 707/877/697
f 693/873/683 692/869/682 703/886/693 704/879/694
f 543/888/533 709/882/699 720/889/710
f 700/875/690 699/884/689 710/890/700 711/891/701
f 707/877/697 706/885/696 717/892/707 718/893/708
f 704/879/694 703/886/693 714/894/704 715/895/705
f 701/876/691 700/875/690 711/891/701 712/896/702
f 708/878/698 707/877/697 718/893/708 719/897/709
f 705/880/695 704/879/694 715/895/705 716/898/706
f 702/881/692 701/876/691 712/896/702 713/899/703
f 709/882/699 708/878/698 719/897/709 720/889/710
f 699/884/689 621/900/611 710/890/700
f 706/885/696 705/880/695 716/898/706 717/892/707
f 703/886/693 702/881/692 713/899/703 714/894/704
f 713/899/703 712/896/702 504/637/494 722/636/712
f 720/889/710 719/897/709 509/641/499 724/640/714
f 710/890/700 621/901/611 721/644/711
f 717/892/707 716/898/706 507/632/497 723/647/713
f 714/894/704 713/899/703 722/636/712 505/649/495
f 543/902/533 720/889/710 724/640/714
f 711/891/701 710/890/700 721/644/711 503/652/493
f 718/893/708 717/892/707 723/647/713 508/654/498
f 715/895/705 714/894/704 505/649/495 506/633/496
f 712/896/702 711/891/701 503/652/493 504/637/494
f 719/897/709 718/893/708 508/654/498 509/641/499
f 716/898/706 715/895/705 506/633/496 507/632/497
o Post.007
v 0.261500 0.075000 0.178500
v 0.261500 0.079000 0.182500
v 0.257500 0.079000 0.178500
v 0.261500 0.076172 0.181328
v 0.259191 0.076691 0.180809
v 0.258672 0.079000 0.181328
v 0.258672 0.076172 0.178500
v 0.261500 0.821000 0.182500
v 0.261500 0.825000 0.178500
v 0.257500 0.821000 0.178500
v 0.261500 0.823828 0.181328
v 0.259191 0.823309 0.180809
v 0.258672 0.823828 0.178500
v 0.258672 0.821000 0.181328
v 0.261500 0.075000 0.161500
v 0.257500 0.079000 0.161500
v 0.261500 0.079000 0.157500
v 0.258672 0.076172 0.161500
v 0.259191 0.076691 0.159191
v 0.258672 0.079000 0.158672
v 0.261500 0.076172 0.158672
v 0.261500 0.825000 0.161500
v 0.261500 0.821000 0.157500
v 0.257500 0.821000 0.161500
v 0.261500 0.823828 0.158672
v 0.259191 0.823309 0.159191
v 0.258672 0.821000 0.158672
v 0.258672 0.823828 0.161500
v 0.278500 0.075000 0.178500
v 0.282500 0.079000 0.178500
v 0.278500 0.079000 0.182500
v 0.281328 0.076172 0.178500
v 0.280809 0.076691 0.180809
v 0.281328 0.079000 0.181328
v 0.278500 0.076172 0.181328
v 0.278500 0.825000 0.178500
v 0.278500 0.821000 0.182500
v 0.282500 0.821000 0.178500
v 0.278500 0.823828 0.181328
v 0.280809 0.823309 0.180809
v 0.281328 0.821000 0.181328
v 0.281328 0.823828 0.178500
v 0.278500 0.075000 0.161500
v 0.278500 0.079000 0.157500
v 0.282500 0.079000 0.161500
v 0.278500 0.076172 0.158672
v 0.280809 0.076691 0.159191
v 0.281328 0.079000 0.158672
v 0.281328 0.076172 0.161500
v 0.278500 0.825000 0.161500
v 0.282500 0.821000 0.161500
v 0.278500 0.821000 0.157500
v 0.281328 0.823828 0.161500
v 0.280809 0.823309 0.159191
v 0.281328 0.821000 0.158672
v 0.278500 0.823828 0.158672
vn -0.3251 -0.8881 0.3251
vn -0.3251 -0.3251 0.8881
vn -0.8881 -0.3251 0.3251
vn -0.3251 0.3251 0.8881
vn -0.3251 0.8881 0.3251
vn -0.8881 0.3251 0.3251
vn -0.3251 -0.8881 -0.3251
vn -0.8881 -0.3251 -0.3251
vn -0.3251 -0.3251 -0.8881
vn -0.3251 0.8881 -0.3251
vn -0.3251 0.3251 -0.8881
vn -0.8881 0.3251 -0.3251
vn 0.3251 -0.8881 0.3251
vn 0.8881 -0.3251 0.3251
vn 0.3251 -0.3251 0.8881
vn 0.3251 0.8881 0.3251
vn 0.3251 0.3251 0.8881
vn 0.8881 0.3251 0.3251
vn 0.3251 -0.8881 -0.3251
vn 0.3251 -0.3251 -0.8881
vn 0.8881 -0.3251 -0.3251
vn 0.3251 0.8881 -0.3251
vn 0.8881 0.3251 -0.3251
vn 0.3251 0.3251 -0.8881
vn -0.3827 -0.9239 -0.0000
vn -0.9239 -0.3827 -0.0000
vn -0.3827 -0.0000 0.9239
vn -0.9239 -0.0000 0.3827
vn -0.3827 0.9239 -0.0000
vn -0.9239 0.3827 -0.0000
vn -0.3827 -0.0000 -0.9239
vn -0.9239 -0.0000 -0.3827
vn -0.0000 -0.9239 -0.3827
vn -0.0000 -0.3827 -0.9239
vn -0.0000 0.9239 -0.3827
vn -0.0000 0.3827 -0.9239
vn 0.9239 -0.0000 -0.3827
vn 0.3827 -0.0000 -0.9239
vn 0.3827 -0.9239 -0.0000
vn 0.9239 -0.3827 -0.0000
vn 0.3827 0.9239 -0.0000
vn 0.9239 0.3827 -0.0000
vn 0.3827 -0.0000 0.9239
vn 0.9239 -0.0000 0.3827
vn -0.0000 -0.9239 0.3827
vn -0.0000 -0.3827 0.9239
vn -0.0000 0.9239 0.3827
vn -0.0000 0.3827 0.9239
vn -0.0000 -1.0000 -0.0000
vn -1.0000 -0.0000 -0.0000
vn -0.0000 -0.0000 1.0000
vn -0.0000 1.0000 -0.0000
vn -0.0000 -0.0000 -1.0000
vn 1.0000 -0.0000 -0.0000
vt 0.165000 0.710000
vt 0.165000 0.750000
vt 0.141906 0.750000
vt 0.125000 0.710000
vt 0.376333 0.960000
vt 0.376333 1.000000
vt 0.375564 1.000000
vt 0.375000 0.960000
vt 0.376333 0.040000
vt 0.375000 0.040000
vt 0.375000 0.016906
vt 0.376333 0.000000
vt 0.623667 0.960000
vt 0.625000 0.960000
vt 0.625000 0.983094
vt 0.623667 1.000000
vt 0.835000 0.710000
vt 0.875000 0.710000
vt 0.875000 0.733094
vt 0.835000 0.750000
vt 0.623667 0.040000
vt 0.623667 0.000000
vt 0.624436 0.000000
vt 0.625000 0.040000
vt 0.165000 0.540000
vt 0.125000 0.540000
vt 0.125000 0.516906
vt 0.165000 0.500000
vt 0.376333 0.210000
vt 0.376333 0.250000
vt 0.375282 0.258453
vt 0.375000 0.210000
vt 0.376333 0.290000
vt 0.375000 0.290000
vt 0.835000 0.540000
vt 0.835000 0.500000
vt 0.858094 0.500000
vt 0.875000 0.540000
vt 0.623667 0.290000
vt 0.623667 0.250000
vt 0.624718 0.241547
vt 0.625000 0.290000
vt 0.623667 0.210000
vt 0.625000 0.210000
vt 0.335000 0.710000
vt 0.375000 0.710000
vt 0.375188 0.750000
vt 0.355000 0.770000
vt 0.376333 0.710000
vt 0.376333 0.750000
vt 0.376333 0.790000
vt 0.665000 0.710000
vt 0.645000 0.770000
vt 0.630448 0.744365
vt 0.625000 0.710000
vt 0.623667 0.790000
vt 0.623667 0.750000
vt 0.623667 0.710000
vt 0.335000 0.540000
vt 0.355000 0.480000
vt 0.369553 0.505635
vt 0.375000 0.540000
vt 0.376333 0.460000
vt 0.376333 0.500000
vt 0.376333 0.540000
vt 0.665000 0.540000
vt 0.625000 0.540000
vt 0.624812 0.500000
vt 0.645000 0.480000
vt 0.623667 0.540000
vt 0.623667 0.500000
vt 0.623667 0.460000
s 0
usemtl M_Brushed_Metal
f 725/903/715 728/904/715 729/905/715 731/906/715
f 726/907/716 730/908/716 729/909/716 728/910/716
f 727/911/717 731/912/717 729/913/717 730/914/717
f 732/915/718 735/916/718 736/917/718 738/918/718
f 733/919/719 737/920/719 736/921/719 735/922/719
f 734/923/720 738/924/720 736/925/720 737/926/720
f 739/927/721 742/928/721 743/929/721 745/930/721
f 740/931/722 744/932/722 743/933/722 742/934/722
f 741/935/723 745/936/723 743/933/723 744/932/723
f 746/937/724 749/938/724 750/939/724 752/940/724
f 747/941/725 751/942/725 750/943/725 749/944/725
f 748/945/726 752/946/726 750/943/726 751/942/726
f 753/947/727 756/948/727 757/949/727 759/950/727
f 754/951/728 758/952/728 757/949/728 756/948/728
f 755/953/729 759/950/729 757/949/729 758/952/729
f 760/954/730 763/955/730 764/956/730 766/957/730
f 761/958/731 765/959/731 764/956/731 763/955/731
f 762/960/732 766/957/732 764/956/732 765/959/732
f 767/961/733 770/962/733 771/963/733 773/964/733
f 768/965/734 772/966/734 771/963/734 770/962/734
f 769/967/735 773/964/735 771/963/735 772/966/735
f 774/968/736 777/969/736 778/970/736 780/971/736
f 775/972/737 779/973/737 778/970/737 777/969/737
f 776/974/738 780/971/738 778/970/738 779/973/738
f 739/927/739 725/903/739 731/906/739 742/928/739
f 742/934/740 731/912/740 727/911/740 740/931/740
f 726/907/741 732/915/741 738/918/741 730/908/741
f 730/914/742 738/924/742 734/923/742 727/911/742
f 733/919/743 746/937/743 752/940/743 737/920/743
f 737/926/744 752/946/744 748/945/744 734/923/744
f 747/941/745 741/935/745 744/932/745 751/942/745
f 751/942/746 744/932/746 740/931/746 748/945/746
f 767/961/747 739/927/747 745/930/747 770/962/747
f 770/962/748 745/936/748 741/935/748 768/965/748
f 746/937/749 774/968/749 780/971/749 749/938/749
f 749/944/750 780/971/750 776/974/750 747/941/750
f 775/972/751 769/967/751 772/966/751 779/973/751
f 779/973/752 772/966/752 768/965/752 776/974/752
f 753/947/753 767/961/753 773/964/753 756/948/753
f 756/948/754 773/964/754 769/967/754 754/951/754
f 774/968/755 760/954/755 766/957/755 777/969/755
f 777/969/756 766/957/756 762/960/756 775/972/756
f 761/958/757 755/953/757 758/952/757 765/959/757
f 765/959/758 758/952/758 754/951/758 762/960/758
f 725/903/759 753/947/759 759/950/759 728/904/759
f 728/910/760 759/950/760 755/953/760 726/907/760
f 760/954/761 733/919/761 735/922/761 763/955/761
f 763/955/762 735/916/762 732/915/762 761/958/762
f 739/927/763 767/961/763 753/947/763 725/903/763
f 727/911/764 734/923/764 748/945/764 740/931/764
f 755/953/765 761/958/765 732/915/765 726/907/765
f 774/968/766 746/937/766 733/919/766 760/954/766
f 741/935/767 747/941/767 776/974/767 768/965/767
f 769/967/768 775/972/768 762/960/768 754/951/768
o Caster.007
v 0.270000 0.056651 0.157500
v 0.270000 0.052678 0.152322
v 0.270000 0.041470 0.145852
v 0.270000 0.035000 0.145000
v 0.270000 0.028530 0.145852
v 0.270000 0.017322 0.152322
v 0.270000 0.013349 0.157500
v 0.272000 0.059148 0.163846
v 0.273863 0.056651 0.158112
v 0.275463 0.052678 0.153188
v 0.276690 0.047500 0.149409
v 0.277462 0.041470 0.147034
v 0.277725 0.035000 0.146224
v 0.277462 0.028530 0.147034
v 0.276690 0.022500 0.149409
v 0.275463 0.017322 0.153188
v 0.273863 0.013349 0.158112
v 0.272000 0.010852 0.163846
v 0.273803 0.059148 0.164765
v 0.277347 0.056651 0.159887
v 0.280391 0.052678 0.155698
v 0.282726 0.047500 0.152484
v 0.284194 0.041470 0.150464
v 0.284695 0.035000 0.149775
v 0.284194 0.028530 0.150464
v 0.282726 0.022500 0.152484
v 0.280391 0.017322 0.155698
v 0.277347 0.013349 0.159887
v 0.273803 0.010852 0.164765
v 0.275235 0.059148 0.166197
v 0.280113 0.056651 0.162653
v 0.284302 0.052678 0.159609
v 0.287516 0.047500 0.157274
v 0.289536 0.041470 0.155806
v 0.290225 0.035000 0.155305
v 0.289536 0.028530 0.155806
v 0.287516 0.022500 0.157274
v 0.284302 0.017322 0.159609
v 0.280113 0.013349 0.162653
v 0.275235 0.010852 0.166197
v 0.270000 0.010000 0.170000
v 0.276154 0.059148 0.168001
v 0.281888 0.056651 0.166137
v 0.286812 0.052678 0.164537
v 0.290591 0.047500 0.163310
v 0.292966 0.041470 0.162538
v 0.293776 0.035000 0.162275
v 0.292966 0.028530 0.162538
v 0.290591 0.022500 0.163310
v 0.286812 0.017322 0.164537
v 0.281888 0.013349 0.166137
v 0.276154 0.010852 0.168001
v 0.276470 0.059148 0.170000
v 0.282500 0.056651 0.170000
v 0.287678 0.052678 0.170000
v 0.291651 0.047500 0.170000
v 0.294148 0.041470 0.170000
v 0.295000 0.035000 0.170000
v 0.294148 0.028530 0.170000
v 0.291651 0.022500 0.170000
v 0.287678 0.017322 0.170000
v 0.282500 0.013349 0.170000
v 0.276470 0.010852 0.170000
v 0.276154 0.059148 0.171999
v 0.281888 0.056651 0.173863
v 0.286812 0.052678 0.175463
v 0.290591 0.047500 0.176690
v 0.292966 0.041470 0.177462
v 0.293776 0.035000 0.177725
v 0.292966 0.028530 0.177462
v 0.290591 0.022500 0.176690
v 0.286812 0.017322 0.175463
v 0.281888 0.013349 0.173863
v 0.276154 0.010852 0.171999
v 0.275235 0.059148 0.173803
v 0.280113 0.056651 0.177347
v 0.284302 0.052678 0.180391
v 0.287516 0.047500 0.182726
v 0.289536 0.041470 0.184194
v 0.290225 0.035000 0.184695
v 0.289536 0.028530 0.184194
v 0.287516 0.022500 0.182726
v 0.284302 0.017322 0.180391
v 0.280113 0.013349 0.177347
v 0.275235 0.010852 0.173803
v 0.273803 0.059148 0.175235
v 0.277347 0.056651 0.180113
v 0.280391 0.052678 0.184302
v 0.282726 0.047500 0.187516
v 0.284194 0.041470 0.189536
v 0.284695 0.035000 0.190225
v 0.284194 0.028530 0.189536
v 0.282726 0.022500 0.187516
v 0.280391 0.017322 0.184302
v 0.277347 0.013349 0.180113
v 0.273803 0.010852 0.175235
v 0.272000 0.059148 0.176154
v 0.273863 0.056651 0.181888
v 0.275463 0.052678 0.186812
v 0.276690 0.047500 0.190591
v 0.277462 0.041470 0.192966
v 0.277725 0.035000 0.193776
v 0.277462 0.028530 0.192966
v 0.276690 0.022500 0.190591
v 0.275463 0.017322 0.186812
v 0.273863 0.013349 0.181888
v 0.272000 0.010852 0.176154
v 0.270000 0.059148 0.176470
v 0.270000 0.056651 0.182500
v 0.270000 0.052678 0.187678
v 0.270000 0.047500 0.191651
v 0.270000 0.041470 0.194148
v 0.270000 0.035000 0.195000
v 0.270000 0.028530 0.194148
v 0.270000 0.022500 0.191651
v 0.270000 0.017322 0.187678
v 0.270000 0.013349 0.182500
v 0.270000 0.010852 0.176470
v 0.270000 0.060000 0.170000
v 0.268001 0.059148 0.176154
v 0.266137 0.056651 0.181888
v 0.264537 0.052678 0.186812
v 0.263310 0.047500 0.190591
v 0.262538 0.041470 0.192966
v 0.262275 0.035000 0.193776
v 0.262538 0.028530 0.192966
v 0.263310 0.022500 0.190591
v 0.264537 0.017322 0.186812
v 0.266137 0.013349 0.181888
v 0.268001 0.010852 0.176154
v 0.266197 0.059148 0.175235
v 0.262653 0.056651 0.180113
v 0.259609 0.052678 0.184302
v 0.257274 0.047500 0.187516
v 0.255806 0.041470 0.189536
v 0.255305 0.035000 0.190225
v 0.255806 0.028530 0.189536
v 0.257274 0.022500 0.187516
v 0.259609 0.017322 0.184302
v 0.262653 0.013349 0.180113
v 0.266197 0.010852 0.175235
v 0.264765 0.059148 0.173803
v 0.259887 0.056651 0.177347
v 0.255698 0.052678 0.180391
v 0.252484 0.047500 0.182726
v 0.250464 0.041470 0.184194
v 0.249775 0.035000 0.184695
v 0.250464 0.028530 0.184194
v 0.252484 0.022500 0.182726
v 0.255698 0.017322 0.180391
v 0.259887 0.013349 0.177347
v 0.264765 0.010852 0.173803
v 0.263846 0.059148 0.171999
v 0.258112 0.056651 0.173863
v 0.253188 0.052678 0.175463
v 0.249409 0.047500 0.176690
v 0.247034 0.041470 0.177462
v 0.246224 0.035000 0.177725
v 0.247034 0.028530 0.177462
v 0.249409 0.022500 0.176690
v 0.253188 0.017322 0.175463
v 0.258112 0.013349 0.173863
v 0.263846 0.010852 0.171999
v 0.263530 0.059148 0.170000
v 0.257500 0.056651 0.170000
v 0.252322 0.052678 0.170000
v 0.248349 0.047500 0.170000
v 0.245852 0.041470 0.170000
v 0.245000 0.035000 0.170000
v 0.245852 0.028530 0.170000
v 0.248349 0.022500 0.170000
v 0.252322 0.017322 0.170000
v 0.257500 0.013349 0.170000
v 0.263530 0.010852 0.170000
v 0.263846 0.059148 0.168001
v 0.258112 0.056651 0.166137
v 0.253188 0.052678 0.164537
v 0.249409 0.047500 0.163310
v 0.247034 0.041470 0.162538
v 0.246224 0.035000 0.162275
v 0.247034 0.028530 0.162538
v 0.249409 0.022500 0.163310
v 0.253188 0.017322 0.164537
v 0.258112 0.013349 0.166137
v 0.263846 0.010852 0.168001
v 0.264765 0.059148 0.166197
v 0.259887 0.056651 0.162653
v 0.255698 0.052678 0.159609
v 0.252484 0.047500 0.157274
v 0.250464 0.041470 0.155806
v 0.249775 0.035000 0.155305
v 0.250464 0.028530 0.155806
v 0.252484 0.022500 0.157274
v 0.255698 0.017322 0.159609
v 0.259887 0.013349 0.162653
v 0.264765 0.010852 0.166197
v 0.266197 0.059148 0.164765
v 0.262653 0.056651 0.159887
v 0.259609 0.052678 0.155698
v 0.257274 0.047500 0.152484
v 0.255806 0.041470 0.150464
v 0.255305 0.035000 0.149775
v 0.255806 0.028530 0.150464
v 0.257274 0.022500 0.152484
v 0.259609 0.017322 0.155698
v 0.262653 0.013349 0.159887
v 0.266197 0.010852 0.164765
v 0.268001 0.059148 0.163846
v 0.266137 0.056651 0.158112
v 0.264537 0.052678 0.153188
v 0.263310 0.047500 0.149409
v 0.262538 0.041470 0.147034
v 0.262275 0.035000 0.146224
v 0.262538 0.028530 0.147034
v 0.263310 0.022500 0.149409
v 0.264537 0.017322 0.153188
v 0.266137 0.013349 0.158112
v 0.268001 0.010852 0.163846
v 0.270000 0.059148 0.163530
v 0.270000 0.047500 0.148349
v 0.270000 0.022500 0.148349
v 0.270000 0.010852 0.163530
vn -0.0000 0.8604 -0.5097
vn -0.0000 0.7007 -0.7135
vn -0.0000 0.2556 -0.9668
vn -0.0000 -0.0000 -1.0000
vn -0.0000 -0.2556 -0.9668
vn -0.0000 -0.7007 -0.7135
vn -0.0000 -0.8604 -0.5097
vn 0.0837 0.9626 -0.2577
vn 0.1575 0.8604 -0.4847
vn 0.2205 0.7007 -0.6786
vn 0.2686 0.4945 -0.8267
vn 0.2988 0.2556 -0.9195
vn 0.3090 -0.0000 -0.9511
vn 0.2988 -0.2556 -0.9195
vn 0.2686 -0.4945 -0.8267
vn 0.2205 -0.7007 -0.6786
vn 0.1575 -0.8604 -0.4847
vn 0.0837 -0.9626 -0.2577
vn 0.1592 0.9626 -0.2192
vn 0.2996 0.8604 -0.4123
vn 0.4194 0.7007 -0.5772
vn 0.5109 0.4945 -0.7032
vn 0.5683 0.2556 -0.7821
vn 0.5878 -0.0000 -0.8090
vn 0.5683 -0.2556 -0.7821
vn 0.5109 -0.4945 -0.7032
vn 0.4194 -0.7007 -0.5772
vn 0.2996 -0.8604 -0.4123
vn 0.1592 -0.9626 -0.2192
vn 0.2192 0.9626 -0.1592
vn 0.4123 0.8604 -0.2996
vn 0.5772 0.7007 -0.4194
vn 0.7032 0.4945 -0.5109
vn 0.7821 0.2556 -0.5683
vn 0.8090 -0.0000 -0.5878
vn 0.7821 -0.2556 -0.5683
vn 0.7032 -0.4945 -0.5109
vn 0.5772 -0.7007 -0.4194
vn 0.4123 -0.8604 -0.2996
vn 0.2192 -0.9626 -0.1592
vn -0.0000 -1.0000 -0.0000
vn 0.2577 0.9626 -0.0837
vn 0.4847 0.8604 -0.1575
vn 0.6786 0.7007 -0.2205
vn 0.8267 0.4945 -0.2686
vn 0.9195 0.2556 -0.2987
vn 0.9511 -0.0000 -0.3090
vn 0.9195 -0.2556 -0.2987
vn 0.8267 -0.4945 -0.2686
vn 0.6786 -0.7007 -0.2205
vn 0.4847 -0.8604 -0.1575
vn 0.2577 -0.9626 -0.0837
vn 0.2709 0.9626 -0.0000
vn 0.5097 0.8604 -0.0000
vn 0.7135 0.7007 -0.0000
vn 0.8692 0.4945 -0.0000
vn 0.9668 0.2556 -0.0000
vn 1.0000 -0.0000 -0.0000
vn 0.9668 -0.2556 -0.0000
vn 0.8692 -0.4945 -0.0000
vn 0.7135 -0.7007 -0.0000
vn 0.5097 -0.8604 -0.0000
vn 0.2709 -0.9626 -0.0000
vn 0.2577 0.9626 0.0837
vn 0.4847 0.8604 0.1575
vn 0.6786 0.7007 0.2205
vn 0.8267 0.4945 0.2686
vn 0.9195 0.2556 0.2987
vn 0.9511 -0.0000 0.3090
vn 0.9195 -0.2556 0.2987
vn 0.8267 -0.4945 0.2686
vn 0.6786 -0.7007 0.2205
vn 0.4847 -0.8604 0.1575
vn 0.2577 -0.9626 0.0837
vn 0.2192 0.9626 0.1592
vn 0.4123 0.8604 0.2996
vn 0.5772 0.7007 0.4194
vn 0.7032 0.4945 0.5109
vn 0.7821 0.2556 0.5683
vn 0.8090 -0.0000 0.5878
vn 0.7821 -0.2556 0.5683
vn 0.7032 -0.4945 0.5109
vn 0.5772 -0.7007 0.4194
vn 0.4123 -0.8604 0.2996
vn 0.2192 -0.9626 0.1592
vn 0.1592 0.9626 0.2192
vn 0.2996 0.8604 0.4123
vn 0.4194 0.7007 0.5772
vn 0.5109 0.4945 0.7032
vn 0.5683 0.2556 0.7821
vn 0.5878 -0.0000 0.8090
vn 0.5683 -0.2556 0.7821
vn 0.5109 -0.4945 0.7032
vn 0.4194 -0.7007 0.5772
vn 0.2996 -0.8604 0.4123
vn 0.1592 -0.9626 0.2192
vn 0.0837 0.9626 0.2577
vn 0.1575 0.8604 0.4847
vn 0.2205 0.7007 0.6786
vn 0.2686 0.4945 0.8267
vn 0.2988 0.2556 0.9195
vn 0.3090 -0.0000 0.9511
vn 0.2988 -0.2556 0.9195
vn 0.2686 -0.4945 0.8267
vn 0.2205 -0.7007 0.6786
vn 0.1575 -0.8604 0.4847
vn 0.0837 -0.9626 0.2577
vn -0.0000 0.9626 0.2709
vn -0.0000 0.8604 0.5097
vn -0.0000 0.7007 0.7135
vn -0.0000 0.4945 0.8692
vn -0.0000 0.2556 0.9668
vn -0.0000 -0.0000 1.0000
vn -0.0000 -0.2556 0.9668
vn -0.0000 -0.4945 0.8692
vn -0.0000 -0.7007 0.7135
vn -0.0000 -0.8604 0.5097
vn -0.0000 -0.9626 0.2709
vn -0.0000 1.0000 -0.0000
vn -0.0837 0.9626 0.2577
vn -0.1575 0.8604 0.4847
vn -0.2205 0.7007 0.6786
vn -0.2686 0.4945 0.8267
vn -0.2987 0.2556 0.9195
vn -0.3090 -0.0000 0.9511
vn -0.2987 -0.2556 0.9195
vn -0.2686 -0.4945 0.8267
vn -0.2205 -0.7007 0.6786
vn -0.1575 -0.8604 0.4847
vn -0.0837 -0.9626 0.2577
vn -0.1592 0.9626 0.2192
vn -0.2996 0.8604 0.4123
vn -0.4194 0.7007 0.5772
vn -0.5109 0.4945 0.7032
vn -0.5683 0.2556 0.7821
vn -0.5878 -0.0000 0.8090
vn -0.5683 -0.2556 0.7821
vn -0.5109 -0.4945 0.7032
vn -0.4194 -0.7007 0.5772
vn -0.2996 -0.8604 0.4123
vn -0.1592 -0.9626 0.2192
vn -0.2192 0.9626 0.1592
vn -0.4123 0.8604 0.2996
vn -0.5772 0.7007 0.4194
vn -0.7032 0.4945 0.5109
vn -0.7821 0.2556 0.5683
vn -0.8090 -0.0000 0.5878
vn -0.7821 -0.2556 0.5683
vn -0.7032 -0.4945 0.5109
vn -0.5772 -0.7007 0.4194
vn -0.4123 -0.8604 0.2996
vn -0.2192 -0.9626 0.1592
vn -0.2576 0.9626 0.0837
vn -0.4847 0.8604 0.1575
vn -0.6786 0.7007 0.2205
vn -0.8267 0.4945 0.2686
vn -0.9195 0.2556 0.2988
vn -0.9511 -0.0000 0.3090
vn -0.9195 -0.2556 0.2988
vn -0.8267 -0.4945 0.2686
vn -0.6786 -0.7007 0.2205
vn -0.4847 -0.8604 0.1575
vn -0.2576 -0.9626 0.0837
vn -0.2709 0.9626 -0.0000
vn -0.5097 0.8604 -0.0000
vn -0.7135 0.7007 -0.0000
vn -0.8692 0.4945 -0.0000
vn -0.9668 0.2556 -0.0000
vn -1.0000 -0.0000 -0.0000
vn -0.9668 -0.2556 -0.0000
vn -0.8692 -0.4945 -0.0000
vn -0.7135 -0.7007 -0.0000
vn -0.5097 -0.8604 -0.0000
vn -0.2709 -0.9626 -0.0000
vn -0.2577 0.9626 -0.0837
vn -0.4847 0.8604 -0.1575
vn -0.6786 0.7007 -0.2205
vn -0.8267 0.4945 -0.2686
vn -0.9195 0.2556 -0.2987
vn -0.9511 -0.0000 -0.3090
vn -0.9195 -0.2556 -0.2987
vn -0.8267 -0.4945 -0.2686
vn -0.6786 -0.7007 -0.2205
vn -0.4847 -0.8604 -0.1575
vn -0.2577 -0.9626 -0.0837
vn -0.2192 0.9626 -0.1592
vn -0.4123 0.8604 -0.2996
vn -0.5772 0.7007 -0.4194
vn -0.7032 0.4945 -0.5109
vn -0.7821 0.2556 -0.5683
vn -0.8090 -0.0000 -0.5878
vn -0.7821 -0.2556 -0.5683
vn -0.7032 -0.4945 -0.5109
vn -0.5772 -0.7007 -0.4194
vn -0.4123 -0.8604 -0.2996
vn -0.2192 -0.9626 -0.1592
vn -0.1592 0.9626 -0.2192
vn -0.2996 0.8604 -0.4123
vn -0.4194 0.7007 -0.5772
vn -0.5109 0.4945 -0.7032
vn -0.5683 0.2556 -0.7821
vn -0.5878 -0.0000 -0.8090
vn -0.5683 -0.2556 -0.7821
vn -0.5109 -0.4945 -0.7032
vn -0.4194 -0.7007 -0.5772
vn -0.2996 -0.8604 -0.4123
vn -0.1592 -0.9626 -0.2192
vn -0.0837 0.9626 -0.2577
vn -0.1575 0.8604 -0.4847
vn -0.2205 0.7007 -0.6786
vn -0.2686 0.4945 -0.8267
vn -0.2987 0.2556 -0.9195
vn -0.3090 -0.0000 -0.9511
vn -0.2987 -0.2556 -0.9195
vn -0.2686 -0.4945 -0.8267
vn -0.2205 -0.7007 -0.6786
vn -0.1575 -0.8604 -0.4847
vn -0.0837 -0.9626 -0.2577
vn -0.0000 0.9626 -0.2709
vn -0.0000 0.4945 -0.8692
vn -0.0000 -0.4945 -0.8692
vn -0.0000 -0.9626 -0.2709
vt 0.750000 0.666667
vt 0.750000 0.750000
vt 0.700000 0.750000
vt 0.700000 0.666667
vt 0.750000 0.083333
vt 0.750000 0.166667
vt 0.700000 0.166667
vt 0.700000 0.083333
vt 0.750000 0.916667
vt 0.725000 1.000000
vt 0.700000 0.916667
vt 0.750000 0.333333
vt 0.750000 0.416667
vt 0.700000 0.416667
vt 0.700000 0.333333
vt 0.750000 0.583333
vt 0.700000 0.583333
vt 0.725000 0.000000
vt 0.750000 0.833333
vt 0.700000 0.833333
vt 0.750000 0.250000
vt 0.700000 0.250000
vt 0.750000 0.500000
vt 0.700000 0.500000
vt 0.650000 0.333333
vt 0.650000 0.250000
vt 0.650000 0.583333
vt 0.650000 0.500000
vt 0.650000 0.833333
vt 0.650000 0.750000
vt 0.650000 0.166667
vt 0.650000 0.416667
vt 0.650000 0.666667
vt 0.650000 0.083333
vt 0.675000 1.000000
vt 0.650000 0.916667
vt 0.675000 0.000000
vt 0.625000 1.000000
vt 0.600000 0.916667
vt 0.600000 0.416667
vt 0.600000 0.333333
vt 0.600000 0.666667
vt 0.600000 0.583333
vt 0.625000 0.000000
vt 0.600000 0.083333
vt 0.600000 0.833333
vt 0.600000 0.250000
vt 0.600000 0.500000
vt 0.600000 0.750000
vt 0.600000 0.166667
vt 0.550000 0.250000
vt 0.550000 0.166667
vt 0.550000 0.500000
vt 0.550000 0.416667
vt 0.550000 0.750000
vt 0.550000 0.666667
vt 0.550000 0.083333
vt 0.575000 1.000000
vt 0.550000 0.916667
vt 0.550000 0.333333
vt 0.550000 0.583333
vt 0.575000 0.000000
vt 0.550000 0.833333
vt 0.500000 0.916667
vt 0.500000 0.833333
vt 0.500000 0.333333
vt 0.500000 0.250000
vt 0.500000 0.583333
vt 0.500000 0.500000
vt 0.500000 0.750000
vt 0.500000 0.166667
vt 0.500000 0.416667
vt 0.500000 0.666667
vt 0.500000 0.083333
vt 0.525000 1.000000
vt 0.525000 0.000000
vt 0.450000 0.166667
vt 0.450000 0.083333
vt 0.475000 1.000000
vt 0.450000 0.916667
vt 0.450000 0.416667
vt 0.450000 0.333333
vt 0.450000 0.666667
vt 0.450000 0.583333
vt 0.475000 0.000000
vt 0.450000 0.833333
vt 0.450000 0.250000
vt 0.450000 0.500000
vt 0.450000 0.750000
vt 0.400000 0.833333
vt 0.400000 0.750000
vt 0.400000 0.250000
vt 0.400000 0.166667
vt 0.400000 0.500000
vt 0.400000 0.416667
vt 0.400000 0.666667
vt 0.400000 0.083333
vt 0.425000 1.000000
vt 0.400000 0.916667
vt 0.400000 0.333333
vt 0.400000 0.583333
vt 0.425000 0.000000
vt 0.375000 0.000000
vt 0.350000 0.083333
vt 0.350000 0.916667
vt 0.350000 0.833333
vt 0.350000 0.333333
vt 0.350000 0.250000
vt 0.350000 0.583333
vt 0.350000 0.500000
vt 0.350000 0.750000
vt 0.350000 0.166667
vt 0.350000 0.416667
vt 0.350000 0.666667
vt 0.375000 1.000000
vt 0.300000 0.750000
vt 0.300000 0.666667
vt 0.300000 0.166667
vt 0.300000 0.083333
vt 0.325000 1.000000
vt 0.300000 0.916667
vt 0.300000 0.416667
vt 0.300000 0.333333
vt 0.300000 0.583333
vt 0.325000 0.000000
vt 0.300000 0.833333
vt 0.300000 0.250000
vt 0.300000 0.500000
vt 0.250000 0.833333
vt 0.250000 0.750000
vt 0.250000 0.250000
vt 0.250000 0.166667
vt 0.250000 0.500000
vt 0.250000 0.416667
vt 0.250000 0.666667
vt 0.250000 0.083333
vt 0.275000 1.000000
vt 0.250000 0.916667
vt 0.250000 0.333333
vt 0.250000 0.583333
vt 0.275000 0.000000
vt 0.200000 0.666667
vt 0.200000 0.583333
vt 0.225000 0.000000
vt 0.200000 0.083333
vt 0.200000 0.916667
vt 0.200000 0.833333
vt 0.200000 0.333333
vt 0.200000 0.250000
vt 0.200000 0.500000
vt 0.200000 0.750000
vt 0.200000 0.166667
vt 0.200000 0.416667
vt 0.225000 1.000000
vt 0.150000 0.750000
vt 0.150000 0.666667
vt 0.150000 0.166667
vt 0.150000 0.083333
vt 0.175000 1.000000
vt 0.150000 0.916667
vt 0.150000 0.416667
vt 0.150000 0.333333
vt 0.150000 0.583333
vt 0.175000 0.000000
vt 0.150000 0.833333
vt 0.150000 0.250000
vt 0.150000 0.500000
vt 0.100000 0.583333
vt 0.100000 0.500000
vt 0.100000 0.833333
vt 0.100000 0.750000
vt 0.100000 0.250000
vt 0.100000 0.166667
vt 0.100000 0.416667
vt 0.100000 0.666667
vt 0.100000 0.083333
vt 0.125000 1.000000
vt 0.100000 0.916667
vt 0.100000 0.333333
vt 0.125000 0.000000
vt 0.050000 0.666667
vt 0.050000 0.583333
vt 0.075000 0.000000
vt 0.050000 0.083333
vt 0.050000 0.916667
vt 0.050000 0.833333
vt 0.050000 0.333333
vt 0.050000 0.250000
vt 0.050000 0.500000
vt 0.050000 0.750000
vt 0.050000 0.166667
vt 0.050000 0.416667
vt 0.075000 1.000000
vt 0.000000 0.500000
vt 0.000000 0.416667
vt 0.000000 0.750000
vt 0.000000 0.666667
vt 0.000000 0.166667
vt 0.000000 0.083333
vt 0.025000 1.000000
vt 0.000000 0.916667
vt 0.000000 0.333333
vt 0.000000 0.583333
vt 0.025000 0.000000
vt 0.000000 0.833333
vt 0.000000 0.250000
vt 1.000000 0.500000
vt 1.000000 0.583333
vt 0.950000 0.583333
vt 0.950000 0.500000
vt 1.000000 0.750000
vt 1.000000 0.833333
vt 0.950000 0.833333
vt 0.950000 0.750000
vt 1.000000 0.166667
vt 1.000000 0.250000
vt 0.950000 0.250000
vt 0.950000 0.166667
vt 1.000000 0.416667
vt 0.950000 0.416667
vt 1.000000 0.666667
vt 0.950000 0.666667
vt 1.000000 0.083333
vt 0.950000 0.083333
vt 1.000000 0.916667
vt 0.975000 1.000000
vt 0.950000 0.916667
vt 1.000000 0.333333
vt 0.950000 0.333333
vt 0.975000 0.000000
vt 0.900000 0.416667
vt 0.900000 0.333333
vt 0.900000 0.666667
vt 0.900000 0.583333
vt 0.925000 0.000000
vt 0.900000 0.083333
vt 0.900000 0.916667
vt 0.900000 0.833333
vt 0.900000 0.250000
vt 0.900000 0.500000
vt 0.900000 0.750000
vt 0.900000 0.166667
vt 0.925000 1.000000
vt 0.850000 0.500000
vt 0.850000 0.416667
vt 0.850000 0.750000
vt 0.850000 0.666667
vt 0.850000 0.166667
vt 0.850000 0.083333
vt 0.875000 1.000000
vt 0.850000 0.916667
vt 0.850000 0.333333
vt 0.850000 0.583333
vt 0.875000 0.000000
vt 0.850000 0.833333
vt 0.850000 0.250000
vt 0.800000 0.333333
vt 0.800000 0.250000
vt 0.800000 0.583333
vt 0.800000 0.500000
vt 0.800000 0.833333
vt 0.800000 0.750000
vt 0.800000 0.166667
vt 0.800000 0.416667
vt 0.800000 0.666667
vt 0.800000 0.083333
vt 0.825000 1.000000
vt 0.800000 0.916667
vt 0.825000 0.000000
vt 0.775000 1.000000
vt 0.775000 0.000000
s 1
usemtl M_Black_Rubber
f 1000/975/988 782/976/770 790/977/778 791/978/779
f 1002/979/990 787/980/775 797/981/785 798/982/786
f 999/983/987 899/984/887 788/985/776
f 1001/986/989 785/987/773 794/988/782 795/989/783
f 783/990/771 1000/975/988 791/978/779 792/991/780
f 821/992/809 1002/979/990 798/982/786
f 781/993/769 999/983/987 788/985/776 789/994/777
f 786/995/774 1001/986/989 795/989/783 796/996/784
f 784/997/772 783/990/771 792/991/780 793/998/781
f 782/976/770 781/993/769 789/994/777 790/977/778
f 787/980/775 786/995/774 796/996/784 797/981/785
f 785/987/773 784/997/772 793/998/781 794/988/782
f 796/996/784 795/989/783 806/999/794 807/1000/795
f 793/998/781 792/991/780 803/1001/791 804/1002/792
f 790/977/778 789/994/777 800/1003/788 801/1004/789
f 797/981/785 796/996/784 807/1000/795 808/1005/796
f 794/988/782 793/998/781 804/1002/792 805/1006/793
f 791/978/779 790/977/778 801/1004/789 802/1007/790
f 798/982/786 797/981/785 808/1005/796 809/1008/797
f 788/985/776 899/1009/887 799/1010/787
f 795/989/783 794/988/782 805/1006/793 806/999/794
f 792/991/780 791/978/779 802/1007/790 803/1001/791
f 821/1011/809 798/982/786 809/1008/797
f 789/994/777 788/985/776 799/1010/787 800/1003/788
f 799/1010/787 899/1012/887 810/1013/798
f 806/999/794 805/1006/793 816/1014/804 817/1015/805
f 803/1001/791 802/1007/790 813/1016/801 814/1017/802
f 821/1018/809 809/1008/797 820/1019/808
f 800/1003/788 799/1010/787 810/1013/798 811/1020/799
f 807/1000/795 806/999/794 817/1015/805 818/1021/806
f 804/1002/792 803/1001/791 814/1017/802 815/1022/803
f 801/1004/789 800/1003/788 811/1020/799 812/1023/800
f 808/1005/796 807/1000/795 818/1021/806 819/1024/807
f 805/1006/793 804/1002/792 815/1022/803 816/1014/804
f 802/1007/790 801/1004/789 812/1023/800 813/1016/801
f 809/1008/797 808/1005/796 819/1024/807 820/1019/808
f 819/1024/807 818/1021/806 830/1025/818 831/1026/819
f 816/1014/804 815/1022/803 827/1027/815 828/1028/816
f 813/1016/801 812/1023/800 824/1029/812 825/1030/813
f 820/1019/808 819/1024/807 831/1026/819 832/1031/820
f 810/1013/798 899/1032/887 822/1033/810
f 817/1015/805 816/1014/804 828/1028/816 829/1034/817
f 814/1017/802 813/1016/801 825/1030/813 826/1035/814
f 821/1036/809 820/1019/808 832/1031/820
f 811/1020/799 810/1013/798 822/1033/810 823/1037/811
f 818/1021/806 817/1015/805 829/1034/817 830/1025/818
f 815/1022/803 814/1017/802 826/1035/814 827/1027/815
f 812/1023/800 811/1020/799 823/1037/811 824/1029/812
f 823/1037/811 822/1033/810 833/1038/821 834/1039/822
f 830/1025/818 829/1034/817 840/1040/828 841/1041/829
f 827/1027/815 826/1035/814 837/1042/825 838/1043/826
f 824/1029/812 823/1037/811 834/1039/822 835/1044/823
f 831/1026/819 830/1025/818 841/1041/829 842/1045/830
f 828/1028/816 827/1027/815 838/1043/826 839/1046/827
f 825/1030/813 824/1029/812 835/1044/823 836/1047/824
f 832/1031/820 831/1026/819 842/1045/830 843/1048/831
f 822/1033/810 899/1049/887 833/1038/821
f 829/1034/817 828/1028/816 839/1046/827 840/1040/828
f 826/1035/814 825/1030/813 836/1047/824 837/1042/825
f 821/1050/809 832/1031/820 843/1048/831
f 843/1048/831 842/1045/830 853/1051/841 854/1052/842
f 833/1038/821 899/1053/887 844/1054/832
f 840/1040/828 839/1046/827 850/1055/838 851/1056/839
f 837/1042/825 836/1047/824 847/1057/835 848/1058/836
f 821/1059/809 843/1048/831 854/1052/842
f 834/1039/822 833/1038/821 844/1054/832 845/1060/833
f 841/1041/829 840/1040/828 851/1056/839 852/1061/840
f 838/1043/826 837/1042/825 848/1058/836 849/1062/837
f 835/1044/823 834/1039/822 845/1060/833 846/1063/834
f 842/1045/830 841/1041/829 852/1061/840 853/1051/841
f 839/1046/827 838/1043/826 849/1062/837 850/1055/838
f 836/1047/824 835/1044/823 846/1063/834 847/1057/835
f 846/1063/834 845/1060/833 856/1064/844 857/1065/845
f 853/1051/841 852/1061/840 863/1066/851 864/1067/852
f 850/1055/838 849/1062/837 860/1068/848 861/1069/849
f 847/1057/835 846/1063/834 857/1065/845 858/1070/846
f 854/1052/842 853/1051/841 864/1067/852 865/1071/853
f 844/1054/832 899/1072/887 855/1073/843
f 851/1056/839 850/1055/838 861/1069/849 862/1074/850
f 848/1058/836 847/1057/835 858/1070/846 859/1075/847
f 821/1076/809 854/1052/842 865/1071/853
f 845/1060/833 844/1054/832 855/1073/843 856/1064/844
f 852/1061/840 851/1056/839 862/1074/850 863/1066/851
f 849/1062/837 848/1058/836 859/1075/847 860/1068/848
f 821/1077/809 865/1071/853 876/1078/864
f 856/1064/844 855/1073/843 866/1079/854 867/1080/855
f 863/1066/851 862/1074/850 873/1081/861 874/1082/862
f 860/1068/848 859/1075/847 870/1083/858 871/1084/859
f 857/1065/845 856/1064/844 867/1080/855 868/1085/856
f 864/1067/852 863/1066/851 874/1082/862 875/1086/863
f 861/1069/849 860/1068/848 871/1084/859 872/1087/860
f 858/1070/846 857/1065/845 868/1085/856 869/1088/857
f 865/1071/853 864/1067/852 875/1086/863 876/1078/864
f 855/1073/843 899/1089/887 866/1079/854
f 862/1074/850 861/1069/849 872/1087/860 873/1081/861
f 859/1075/847 858/1070/846 869/1088/857 870/1083/858
f 869/1088/857 868/1085/856 879/1090/867 880/1091/868
f 876/1078/864 875/1086/863 886/1092/874 887/1093/875
f 866/1079/854 899/1094/887 877/1095/865
f 873/1081/861 872/1087/860 883/1096/871 884/1097/872
f 870/1083/858 869/1088/857 880/1091/868 881/1098/869
f 821/1099/809 876/1078/864 887/1093/875
f 867/1080/855 866/1079/854 877/1095/865 878/1100/866
f 874/1082/862 873/1081/861 884/1097/872 885/1101/873
f 871/1084/859 870/1083/858 881/1098/869 882/1102/870
f 868/1085/856 867/1080/855 878/1100/866 879/1090/867
f 875/1086/863 874/1082/862 885/1101/873 886/1092/874
f 872/1087/860 871/1084/859 882/1102/870 883/1096/871
f 879/1090/867 878/1100/866 889/1103/877 890/1104/878
f 886/1092/874 885/1101/873 896/1105/884 897/1106/885
f 883/1096/871 882/1102/870 893/1107/881 894/1108/882
f 880/1091/868 879/1090/867 890/1104/878 891/1109/879
f 887/1093/875 886/1092/874 897/1106/885 898/1110/886
f 877/1095/865 899/1111/887 888/1112/876
f 884/1097/872 883/1096/871 894/1108/882 895/1113/883
f 881/1098/869 880/1091/868 891/1109/879 892/1114/880
f 821/1115/809 887/1093/875 898/1110/886
f 878/1100/866 877/1095/865 888/1112/876 889/1103/877
f 885/1101/873 884/1097/872 895/1113/883 896/1105/884
f 882/1102/870 881/1098/869 892/1114/880 893/1107/881
f 892/1114/880 891/1109/879 903/1116/891 904/1117/892
f 821/1118/809 898/1110/886 910/1119/898
f 889/1103/877 888/1112/876 900/1120/888 901/1121/889
f 896/1105/884 895/1113/883 907/1122/895 908/1123/896
f 893/1107/881 892/1114/880 904/1117/892 905/1124/893
f 890/1104/878 889/1103/877 901/1121/889 902/1125/890
f 897/1106/885 896/1105/884 908/1123/896 909/1126/897
f 894/1108/882 893/1107/881 905/1124/893 906/1127/894
f 891/1109/879 890/1104/878 902/1125/890 903/1116/891
f 898/1110/886 897/1106/885 909/1126/897 910/1119/898
f 888/1112/876 899/1128/887 900/1120/888
f 895/1113/883 894/1108/882 906/1127/894 907/1122/895
f 903/1116/891 902/1125/890 913/1129/901 914/1130/902
f 910/1119/898 909/1126/897 920/1131/908 921/1132/909
f 900/1120/888 899/1133/887 911/1134/899
f 907/1122/895 906/1127/894 917/1135/905 918/1136/906
f 904/1117/892 903/1116/891 914/1130/902 915/1137/903
f 821/1138/809 910/1119/898 921/1132/909
f 901/1121/889 900/1120/888 911/1134/899 912/1139/900
f 908/1123/896 907/1122/895 918/1136/906 919/1140/907
f 905/1124/893 904/1117/892 915/1137/903 916/1141/904
f 902/1125/890 901/1121/889 912/1139/900 913/1129/901
f 909/1126/897 908/1123/896 919/1140/907 920/1131/908
f 906/1127/894 905/1124/893 916/1141/904 917/1135/905
f 916/1141/904 915/1137/903 926/1142/914 927/1143/915
f 913/1129/901 912/1139/900 923/1144/911 924/1145/912
f 920/1131/908 919/1140/907 930/1146/918 931/1147/919
f 917/1135/905 916/1141/904 927/1143/915 928/1148/916
f 914/1130/902 913/1129/901 924/1145/912 925/1149/913
f 921/1132/909 920/1131/908 931/1147/919 932/1150/920
f 911/1134/899 899/1151/887 922/1152/910
f 918/1136/906 917/1135/905 928/1148/916 929/1153/917
f 915/1137/903 914/1130/902 925/1149/913 926/1142/914
f 821/1154/809 921/1132/909 932/1150/920
f 912/1139/900 911/1134/899 922/1152/910 923/1144/911
f 919/1140/907 918/1136/906 929/1153/917 930/1146/918
f 926/1142/914 925/1149/913 936/1155/924 937/1156/925
f 821/1157/809 932/1150/920 943/1158/931
f 923/1144/911 922/1152/910 933/1159/921 934/1160/922
f 930/1146/918 929/1153/917 940/1161/928 941/1162/929
f 927/1143/915 926/1142/914 937/1156/925 938/1163/926
f 924/1145/912 923/1144/911 934/1160/922 935/1164/923
f 931/1147/919 930/1146/918 941/1162/929 942/1165/930
f 928/1148/916 927/1143/915 938/1163/926 939/1166/927
f 925/1149/913 924/1145/912 935/1164/923 936/1155/924
f 932/1150/920 931/1147/919 942/1165/930 943/1158/931
f 922/1152/910 899/1167/887 933/1159/921
f 929/1153/917 928/1148/916 939/1166/927 940/1161/928
f 939/1166/927 938/1163/926 949/1168/937 950/1169/938
f 936/1155/924 935/1164/923 946/1170/934 947/1171/935
f 943/1158/931 942/1165/930 953/1172/941 954/1173/942
f 933/1159/921 899/1174/887 944/1175/932
f 940/1161/928 939/1166/927 950/1169/938 951/1176/939
f 937/1156/925 936/1155/924 947/1171/935 948/1177/936
f 821/1178/809 943/1158/931 954/1173/942
f 934/1160/922 933/1159/921 944/1175/932 945/1179/933
f 941/1162/929 940/1161/928 951/1176/939 952/1180/940
f 938/1163/926 937/1156/925 948/1177/936 949/1168/937
f 935/1164/923 934/1160/922 945/1179/933 946/1170/934
f 942/1165/930 941/1162/929 952/1180/940 953/1172/941
f 949/1181/937 948/1182/936 959/1183/947 960/1184/948
f 946/1185/934 945/1186/933 956/1187/944 957/1188/945
f 953/1189/941 952/1190/940 963/1191/951 964/1192/952
f 950/1193/938 949/1181/937 960/1184/948 961/1194/949
f 947/1195/935 946/1185/934 957/1188/945 958/1196/946
f 954/1197/942 953/1189/941 964/1192/952 965/1198/953
f 944/1199/932 899/1200/887 955/1201/943
f 951/1202/939 950/1193/938 961/1194/949 962/1203/950
f 948/1182/936 947/1195/935 958/1196/946 959/1183/947
f 821/1204/809 954/1197/942 965/1198/953
f 945/1186/933 944/1199/932 955/1201/943 956/1187/944
f 952/1190/940 951/1202/939 962/1203/950 963/1191/951
f 962/1203/950 961/1194/949 972/1205/960 973/1206/961
f 959/1183/947 958/1196/946 969/1207/957 970/1208/958
f 821/1209/809 965/1198/953 976/1210/964
f 956/1187/944 955/1201/943 966/1211/954 967/1212/955
f 963/1191/951 962/1203/950 973/1206/961 974/1213/962
f 960/1184/948 959/1183/947 970/1208/958 971/1214/959
f 957/1188/945 956/1187/944 967/1212/955 968/1215/956
f 964/1192/952 963/1191/951 974/1213/962 975/1216/963
f 961/1194/949 960/1184/948 971/1214/959 972/1205/960
f 958/1196/946 957/1188/945 968/1215/956 969/1207/957
f 965/1198/953 964/1192/952 975/1216/963 976/1210/964
f 955/1201/943 899/1217/887 966/1211/954
f 972/1205/960 971/1214/959 982/1218/970 983/1219/971
f 969/1207/957 968/1215/956 979/1220/967 980/1221/968
f 976/1210/964 975/1216/963 986/1222/974 987/1223/975
f 966/1211/954 899/1224/887 977/1225/965
f 973/1206/961 972/1205/960 983/1219/971 984/1226/972
f 970/1208/958 969/1207/957 980/1221/968 981/1227/969
f 821/1228/809 976/1210/964 987/1223/975
f 967/1212/955 966/1211/954 977/1225/965 978/1229/966
f 974/1213/962 973/1206/961 984/1226/972 985/1230/973
f 971/1214/959 970/1208/958 981/1227/969 982/1218/970
f 968/1215/956 967/1212/955 978/1229/966 979/1220/967
f 975/1216/963 974/1213/962 985/1230/973 986/1222/974
f 985/1230/973 984/1226/972 995/1231/983 996/1232/984
f 982/1218/970 981/1227/969 992/1233/980 993/1234/981
f 979/1220/967 978/1229/966 989/1235/977 990/1236/978
f 986/1222/974 985/1230/973 996/1232/984 997/1237/985
f 983/1219/971 982/1218/970 993/1234/981 994/1238/982
f 980/1221/968 979/1220/967 990/1236/978 991/1239/979
f 987/1223/975 986/1222/974 997/1237/985 998/1240/986
f 977/1225/965 899/1241/887 988/1242/976
f 984/1226/972 983/1219/971 994/1238/982 995/1231/983
f 981/1227/969 980/1221/968 991/1239/979 992/1233/980
f 821/1243/809 987/1223/975 998/1240/986
f 978/1229/966 977/1225/965 988/1242/976 989/1235/977
f 988/1242/976 899/1244/887 999/983/987
f 995/1231/983 994/1238/982 785/987/773 1001/986/989
f 992/1233/980 991/1239/979 1000/975/988 783/990/771
f 821/1245/809 998/1240/986 1002/979/990
f 989/1235/977 988/1242/976 999/983/987 781/993/769
f 996/1232/984 995/1231/983 1001/986/989 786/995/774
f 993/1234/981 992/1233/980 783/990/771 784/997/772
f 990/1236/978 989/1235/977 781/993/769 782/976/770
f 997/1237/985 996/1232/984 786/995/774 787/980/775
f 994/1238/982 993/1234/981 784/997/772 785/987/773
f 991/1239/979 990/1236/978 782/976/770 1000/975/988
f 998/1240/986 997/1237/985 787/980/775 1002/979/990
o Post.008
v 0.261500 0.075000 -0.161500
v 0.261500 0.079000 -0.157500
v 0.257500 0.079000 -0.161500
v 0.261500 0.076172 -0.158672
v 0.259191 0.076691 -0.159191
v 0.258672 0.079000 -0.158672
v 0.258672 0.076172 -0.161500
v 0.261500 0.821000 -0.157500
v 0.261500 0.825000 -0.161500
v 0.257500 0.821000 -0.161500
v 0.261500 0.823828 -0.158672
v 0.259191 0.823309 -0.159191
v 0.258672 0.823828 -0.161500
v 0.258672 0.821000 -0.158672
v 0.261500 0.075000 -0.178500
v 0.257500 0.079000 -0.178500
v 0.261500 0.079000 -0.182500
v 0.258672 0.076172 -0.178500
v 0.259191 0.076691 -0.180809
v 0.258672 0.079000 -0.181328
v 0.261500 0.076172 -0.181328
v 0.261500 0.825000 -0.178500
v 0.261500 0.821000 -0.182500
v 0.257500 0.821000 -0.178500
v 0.261500 0.823828 -0.181328
v 0.259191 0.823309 -0.180809
v 0.258672 0.821000 -0.181328
v 0.258672 0.823828 -0.178500
v 0.278500 0.075000 -0.161500
v 0.282500 0.079000 -0.161500
v 0.278500 0.079000 -0.157500
v 0.281328 0.076172 -0.161500
v 0.280809 0.076691 -0.159191
v 0.281328 0.079000 -0.158672
v 0.278500 0.076172 -0.158672
v 0.278500 0.825000 -0.161500
v 0.278500 0.821000 -0.157500
v 0.282500 0.821000 -0.161500
v 0.278500 0.823828 -0.158672
v 0.280809 0.823309 -0.159191
v 0.281328 0.821000 -0.158672
v 0.281328 0.823828 -0.161500
v 0.278500 0.075000 -0.178500
v 0.278500 0.079000 -0.182500
v 0.282500 0.079000 -0.178500
v 0.278500 0.076172 -0.181328
v 0.280809 0.076691 -0.180809
v 0.281328 0.079000 -0.181328
v 0.281328 0.076172 -0.178500
v 0.278500 0.825000 -0.178500
v 0.282500 0.821000 -0.178500
v 0.278500 0.821000 -0.182500
v 0.281328 0.823828 -0.178500
v 0.280809 0.823309 -0.180809
v 0.281328 0.821000 -0.181328
v 0.278500 0.823828 -0.181328
vn -0.3251 -0.8881 0.3251
vn -0.3251 -0.3251 0.8881
vn -0.8881 -0.3251 0.3251
vn -0.3251 0.3251 0.8881
vn -0.3251 0.8881 0.3251
vn -0.8881 0.3251 0.3251
vn -0.3251 -0.8881 -0.3251
vn -0.8881 -0.3251 -0.3251
vn -0.3251 -0.3251 -0.8881
vn -0.3251 0.8881 -0.3251
vn -0.3251 0.3251 -0.8881
vn -0.8881 0.3251 -0.3251
vn 0.3251 -0.8881 0.3251
vn 0.8881 -0.3251 0.3251
vn 0.3251 -0.3251 0.8881
vn 0.3251 0.8881 0.3251
vn 0.3251 0.3251 0.8881
vn 0.8881 0.3251 0.3251
vn 0.3251 -0.8881 -0.3251
vn 0.3251 -0.3251 -0.8881
vn 0.8881 -0.3251 -0.3251
vn 0.3251 0.8881 -0.3251
vn 0.8881 0.3251 -0.3251
vn 0.3251 0.3251 -0.8881
vn -0.3827 -0.9239 -0.0000
vn -0.9239 -0.3827 -0.0000
vn -0.3827 -0.0000 0.9239
vn -0.9239 -0.0000 0.3827
vn -0.3827 0.9239 -0.0000
vn -0.9239 0.3827 -0.0000
vn -0.3827 -0.0000 -0.9239
vn -0.9239 -0.0000 -0.3827
vn -0.0000 -0.9239 -0.3827
vn -0.0000 -0.3827 -0.9239
vn -0.0000 0.9239 -0.3827
vn -0.0000 0.3827 -0.9239
vn 0.9239 -0.0000 -0.3827
vn 0.3827 -0.0000 -0.9239
vn 0.3827 -0.9239 -0.0000
vn 0.9239 -0.3827 -0.0000
vn 0.3827 0.9239 -0.0000
vn 0.9239 0.3827 -0.0000
vn 0.3827 -0.0000 0.9239
vn 0.9239 -0.0000 0.3827
vn -0.0000 -0.9239 0.3827
vn -0.0000 -0.3827 0.9239
vn -0.0000 0.9239 0.3827
vn -0.0000 0.3827 0.9239
vn -0.0000 -1.0000 -0.0000
vn -1.0000 -0.0000 -0.0000
vn -0.0000 -0.0000 1.0000
vn -0.0000 1.0000 -0.0000
vn -0.0000 -0.0000 -1.0000
vn 1.0000 -0.0000 -0.0000
vt 0.165000 0.710000
vt 0.165000 0.750000
vt 0.141906 0.750000
vt 0.125000 0.710000
vt 0.376333 0.960000
vt 0.376333 1.000000
vt 0.375564 1.000000
vt 0.375000 0.960000
vt 0.376333 0.040000
vt 0.375000 0.040000
vt 0.375000 0.016906
vt 0.376333 0.000000
vt 0.623667 0.960000
vt 0.625000 0.960000
vt 0.625000 0.983094
vt 0.623667 1.000000
vt 0.835000 0.710000
vt 0.875000 0.710000
vt 0.875000 0.733094
vt 0.835000 0.750000
vt 0.623667 0.040000
vt 0.623667 0.000000
vt 0.624436 0.000000
vt 0.625000 0.040000
vt 0.165000 0.540000
vt 0.125000 0.540000
vt 0.125000 0.516906
vt 0.165000 0.500000
vt 0.376333 0.210000
vt 0.376333 0.250000
vt 0.375282 0.258453
vt 0.375000 0.210000
vt 0.376333 0.290000
vt 0.375000 0.290000
vt 0.835000 0.540000
vt 0.835000 0.500000
vt 0.858094 0.500000
vt 0.875000 0.540000
vt 0.623667 0.290000
vt 0.623667 0.250000
vt 0.624718 0.241547
vt 0.625000 0.290000
vt 0.623667 0.210000
vt 0.625000 0.210000
vt 0.335000 0.710000
vt 0.375000 0.710000
vt 0.375188 0.750000
vt 0.355000 0.770000
vt 0.376333 0.710000
vt 0.376333 0.750000
vt 0.376333 0.790000
vt 0.665000 0.710000
vt 0.645000 0.770000
vt 0.630448 0.744365
vt 0.625000 0.710000
vt 0.623667 0.790000
vt 0.623667 0.750000
vt 0.623667 0.710000
vt 0.335000 0.540000
vt 0.355000 0.480000
vt 0.369553 0.505635
vt 0.375000 0.540000
vt 0.376333 0.460000
vt 0.376333 0.500000
vt 0.376333 0.540000
vt 0.665000 0.540000
vt 0.625000 0.540000
vt 0.624812 0.500000
vt 0.645000 0.480000
vt 0.623667 0.540000
vt 0.623667 0.500000
vt 0.623667 0.460000
s 0
usemtl M_Brushed_Metal
f 1003/1246/991 1006/1247/991 1007/1248/991 1009/1249/991
f 1004/1250/992 1008/1251/992 1007/1252/992 1006/1253/992
f 1005/1254/993 1009/1255/993 1007/1256/993 1008/1257/993
f 1010/1258/994 1013/1259/994 1014/1260/994 1016/1261/994
f 1011/1262/995 1015/1263/995 1014/1264/995 1013/1265/995
f 1012/1266/996 1016/1267/996 1014/1268/996 1015/1269/996
f 1017/1270/997 1020/1271/997 1021/1272/997 1023/1273/997
f 1018/1274/998 1022/1275/998 1021/1276/998 1020/1277/998
f 1019/1278/999 1023/1279/999 1021/1276/999 1022/1275/999
f 1024/1280/1000 1027/1281/1000 1028/1282/1000 1030/1283/1000
f 1025/1284/1001 1029/1285/1001 1028/1286/1001 1027/1287/1001
f 1026/1288/1002 1030/1289/1002 1028/1286/1002 1029/1285/1002
f 1031/1290/1003 1034/1291/1003 1035/1292/1003 1037/1293/1003
f 1032/1294/1004 1036/1295/1004 1035/1292/1004 1034/1291/1004
f 1033/1296/1005 1037/1293/1005 1035/1292/1005 1036/1295/1005
f 1038/1297/1006 1041/1298/1006 1042/1299/1006 1044/1300/1006
f 1039/1301/1007 1043/1302/1007 1042/1299/1007 1041/1298/1007
f 1040/1303/1008 1044/1300/1008 1042/1299/1008 1043/1302/1008
f 1045/1304/1009 1048/1305/1009 1049/1306/1009 1051/1307/1009
f 1046/1308/1010 1050/1309/1010 1049/1306/1010 1048/1305/1010
f 1047/1310/1011 1051/1307/1011 1049/1306/1011 1050/1309/1011
f 1052/1311/1012 1055/1312/1012 1056/1313/1012 1058/1314/1012
f 1053/1315/1013 1057/1316/1013 1056/1313/1013 1055/1312/1013
f 1054/1317/1014 1058/1314/1014 1056/1313/1014 1057/1316/1014
f 1017/1270/1015 1003/1246/1015 1009/1249/1015 1020/1271/1015
f 1020/1277/1016 1009/1255/1016 1005/1254/1016 1018/1274/1016
f 1004/1250/1017 1010/1258/1017 1016/1261/1017 1008/1251/1017
f 1008/1257/1018 1016/1267/1018 1012/1266/1018 1005/1254/1018
f 1011/1262/1019 1024/1280/1019 1030/1283/1019 1015/1263/1019
f 1015/1269/1020 1030/1289/1020 1026/1288/1020 1012/1266/1020
f 1025/1284/1021 1019/1278/1021 1022/1275/1021 1029/1285/1021
f 1029/1285/1022 1022/1275/1022 1018/1274/1022 1026/1288/1022
f 1045/1304/1023 1017/1270/1023 1023/1273/1023 1048/1305/1023
f 1048/1305/1024 1023/1279/1024 1019/1278/1024 1046/1308/1024
f 1024/1280/1025 1052/1311/1025 1058/1314/1025 1027/1281/1025
f 1027/1287/1026 1058/1314/1026 1054/1317/1026 1025/1284/1026
f 1053/1315/1027 1047/1310/1027 1050/1309/1027 1057/1316/1027
f 1057/1316/1028 1050/1309/1028 1046/1308/1028 1054/1317/1028
f 1031/1290/1029 1045/1304/1029 1051/1307/1029 1034/1291/1029
f 1034/1291/1030 1051/1307/1030 1047/1310/1030 1032/1294/1030
f 1052/1311/1031 1038/1297/1031 1044/1300/1031 1055/1312/1031
f 1055/1312/1032 1044/1300/1032 1040/1303/1032 1053/1315/1032
f 1039/1301/1033 1033/1296/1033 1036/1295/1033 1043/1302/1033
f 1043/1302/1034 1036/1295/1034 1032/1294/1034 1040/1303/1034
f 1003/1246/1035 1031/1290/1035 1037/1293/1035 1006/1247/1035
f 1006/1253/1036 1037/1293/1036 1033/1296/1036 1004/1250/1036
f 1038/1297/1037 1011/1262/1037 1013/1265/1037 1041/1298/1037
f 1041/1298/1038 1013/1259/1038 1010/1258/1038 1039/1301/1038
f 1017/1270/1039 1045/1304/1039 1031/1290/1039 1003/1246/1039
f 1005/1254/1040 1012/1266/1040 1026/1288/1040 1018/1274/1040
f 1033/1296/1041 1039/1301/1041 1010/1258/1041 1004/1250/1041
f 1052/1311/1042 1024/1280/1042 1011/1262/1042 1038/1297/1042
f 1019/1278/1043 1025/1284/1043 1054/1317/1043 1046/1308/1043
f 1047/1310/1044 1053/1315/1044 1040/1303/1044 1032/1294/1044
o Caster.008
v 0.270000 0.056651 -0.182500
v 0.270000 0.052678 -0.187678
v 0.270000 0.041470 -0.194148
v 0.270000 0.035000 -0.195000
v 0.270000 0.028530 -0.194148
v 0.270000 0.017322 -0.187678
v 0.270000 0.013349 -0.182500
v 0.272000 0.059148 -0.176154
v 0.273863 0.056651 -0.181888
v 0.275463 0.052678 -0.186812
v 0.276690 0.047500 -0.190591
v 0.277462 0.041470 -0.192966
v 0.277725 0.035000 -0.193776
v 0.277462 0.028530 -0.192966
v 0.276690 0.022500 -0.190591
v 0.275463 0.017322 -0.186812
v 0.273863 0.013349 -0.181888
v 0.272000 0.010852 -0.176154
v 0.273803 0.059148 -0.175235
v 0.277347 0.056651 -0.180113
v 0.280391 0.052678 -0.184302
v 0.282726 0.047500 -0.187516
v 0.284194 0.041470 -0.189536
v 0.284695 0.035000 -0.190225
v 0.284194 0.028530 -0.189536
v 0.282726 0.022500 -0.187516
v 0.280391 0.017322 -0.184302
v 0.277347 0.013349 -0.180113
v 0.273803 0.010852 -0.175235
v 0.275235 0.059148 -0.173803
v 0.280113 0.056651 -0.177347
v 0.284302 0.052678 -0.180391
v 0.287516 0.047500 -0.182726
v 0.289536 0.041470 -0.184194
v 0.290225 0.035000 -0.184695
v 0.289536 0.028530 -0.184194
v 0.287516 0.022500 -0.182726
v 0.284302 0.017322 -0.180391
v 0.280113 0.013349 -0.177347
v 0.275235 0.010852 -0.173803
v 0.270000 0.010000 -0.170000
v 0.276154 0.059148 -0.171999
v 0.281888 0.056651 -0.173863
v 0.286812 0.052678 -0.175463
v 0.290591 0.047500 -0.176690
v 0.292966 0.041470 -0.177462
v 0.293776 0.035000 -0.177725
v 0.292966 0.028530 -0.177462
v 0.290591 0.022500 -0.176690
v 0.286812 0.017322 -0.175463
v 0.281888 0.013349 -0.173863
v 0.276154 0.010852 -0.171999
v 0.276470 0.059148 -0.170000
v 0.282500 0.056651 -0.170000
v 0.287678 0.052678 -0.170000
v 0.291651 0.047500 -0.170000
v 0.294148 0.041470 -0.170000
v 0.295000 0.035000 -0.170000
v 0.294148 0.028530 -0.170000
v 0.291651 0.022500 -0.170000
v 0.287678 0.017322 -0.170000
v 0.282500 0.013349 -0.170000
v 0.276470 0.010852 -0.170000
v 0.276154 0.059148 -0.168001
v 0.281888 0.056651 -0.166137
v 0.286812 0.052678 -0.164537
v 0.290591 0.047500 -0.163310
v 0.292966 0.041470 -0.162538
v 0.293776 0.035000 -0.162275
v 0.292966 0.028530 -0.162538
v 0.290591 0.022500 -0.163310
v 0.286812 0.017322 -0.164537
v 0.281888 0.013349 -0.166137
v 0.276154 0.010852 -0.168001
v 0.275235 0.059148 -0.166197
v 0.280113 0.056651 -0.162653
v 0.284302 0.052678 -0.159609
v 0.287516 0.047500 -0.157274
v 0.289536 0.041470 -0.155806
v 0.290225 0.035000 -0.155305
v 0.289536 0.028530 -0.155806
v 0.287516 0.022500 -0.157274
v 0.284302 0.017322 -0.159609
v 0.280113 0.013349 -0.162653
v 0.275235 0.010852 -0.166197
v 0.273803 0.059148 -0.164765
v 0.277347 0.056651 -0.159887
v 0.280391 0.052678 -0.155698
v 0.282726 0.047500 -0.152484
v 0.284194 0.041470 -0.150464
v 0.284695 0.035000 -0.149775
v 0.284194 0.028530 -0.150464
v 0.282726 0.022500 -0.152484
v 0.280391 0.017322 -0.155698
v 0.277347 0.013349 -0.159887
v 0.273803 0.010852 -0.164765
v 0.272000 0.059148 -0.163846
v 0.273863 0.056651 -0.158112
v 0.275463 0.052678 -0.153188
v 0.276690 0.047500 -0.149409
v 0.277462 0.041470 -0.147034
v 0.277725 0.035000 -0.146224
v 0.277462 0.028530 -0.147034
v 0.276690 0.022500 -0.149409
v 0.275463 0.017322 -0.153188
v 0.273863 0.013349 -0.158112
v 0.272000 0.010852 -0.163846
v 0.270000 0.059148 -0.163530
v 0.270000 0.056651 -0.157500
v 0.270000 0.052678 -0.152322
v 0.270000 0.047500 -0.148349
v 0.270000 0.041470 -0.145852
v 0.270000 0.035000 -0.145000
v 0.270000 0.028530 -0.145852
v 0.270000 0.022500 -0.148349
v 0.270000 0.017322 -0.152322
v 0.270000 0.013349 -0.157500
v 0.270000 0.010852 -0.163530
v 0.270000 0.060000 -0.170000
v 0.268001 0.059148 -0.163846
v 0.266137 0.056651 -0.158112
v 0.264537 0.052678 -0.153188
v 0.263310 0.047500 -0.149409
v 0.262538 0.041470 -0.147034
v 0.262275 0.035000 -0.146224
v 0.262538 0.028530 -0.147034
v 0.263310 0.022500 -0.149409
v 0.264537 0.017322 -0.153188
v 0.266137 0.013349 -0.158112
v 0.268001 0.010852 -0.163846
v 0.266197 0.059148 -0.164765
v 0.262653 0.056651 -0.159887
v 0.259609 0.052678 -0.155698
v 0.257274 0.047500 -0.152484
v 0.255806 0.041470 -0.150464
v 0.255305 0.035000 -0.149775
v 0.255806 0.028530 -0.150464
v 0.257274 0.022500 -0.152484
v 0.259609 0.017322 -0.155698
v 0.262653 0.013349 -0.159887
v 0.266197 0.010852 -0.164765
v 0.264765 0.059148 -0.166197
v 0.259887 0.056651 -0.162653
v 0.255698 0.052678 -0.159609
v 0.252484 0.047500 -0.157274
v 0.250464 0.041470 -0.155806
v 0.249775 0.035000 -0.155305
v 0.250464 0.028530 -0.155806
v 0.252484 0.022500 -0.157274
v 0.255698 0.017322 -0.159609
v 0.259887 0.013349 -0.162653
v 0.264765 0.010852 -0.166197
v 0.263846 0.059148 -0.168001
v 0.258112 0.056651 -0.166137
v 0.253188 0.052678 -0.164537
v 0.249409 0.047500 -0.163310
v 0.247034 0.041470 -0.162538
v 0.246224 0.035000 -0.162275
v 0.247034 0.028530 -0.162538
v 0.249409 0.022500 -0.163310
v 0.253188 0.017322 -0.164537
v 0.258112 0.013349 -0.166137
v 0.263846 0.010852 -0.168001
v 0.263530 0.059148 -0.170000
v 0.257500 0.056651 -0.170000
v 0.252322 0.052678 -0.170000
v 0.248349 0.047500 -0.170000
v 0.245852 0.041470 -0.170000
v 0.245000 0.035000 -0.170000
v 0.245852 0.028530 -0.170000
v 0.248349 0.022500 -0.170000
v 0.252322 0.017322 -0.170000
v 0.257500 0.013349 -0.170000
v 0.263530 0.010852 -0.170000
v 0.263846 0.059148 -0.171999
v 0.258112 0.056651 -0.173863
v 0.253188 0.052678 -0.175463
v 0.249409 0.047500 -0.176690
v 0.247034 0.041470 -0.177462
v 0.246224 0.035000 -0.177725
v 0.247034 0.028530 -0.177462
v 0.249409 0.022500 -0.176690
v 0.253188 0.017322 -0.175463
v 0.258112 0.013349 -0.173863
v 0.263846 0.010852 -0.171999
v 0.264765 0.059148 -0.173803
v 0.259887 0.056651 -0.177347
v 0.255698 0.052678 -0.180391
v 0.252484 0.047500 -0.182726
v 0.250464 0.041470 -0.184194
v 0.249775 0.035000 -0.184695
v 0.250464 0.028530 -0.184194
v 0.252484 0.022500 -0.182726
v 0.255698 0.017322 -0.180391
v 0.259887 0.013349 -0.177347
v 0.264765 0.010852 -0.173803
v 0.266197 0.059148 -0.175235
v 0.262653 0.056651 -0.180113
v 0.259609 0.052678 -0.184302
v 0.257274 0.047500 -0.187516
v 0.255806 0.041470 -0.189536
v 0.255305 0.035000 -0.190225
v 0.255806 0.028530 -0.189536
v 0.257274 0.022500 -0.187516
v 0.259609 0.017322 -0.184302
v 0.262653 0.013349 -0.180113
v 0.266197 0.010852 -0.175235
v 0.268001 0.059148 -0.176154
v 0.266137 0.056651 -0.181888
v 0.264537 0.052678 -0.186812
v 0.263310 0.047500 -0.190591
v 0.262538 0.041470 -0.192966
v 0.262275 0.035000 -0.193776
v 0.262538 0.028530 -0.192966
v 0.263310 0.022500 -0.190591
v 0.264537 0.017322 -0.186812
v 0.266137 0.013349 -0.181888
v 0.268001 0.010852 -0.176154
v 0.270000 0.059148 -0.176470
v 0.270000 0.047500 -0.191651
v 0.270000 0.022500 -0.191651
v 0.270000 0.010852 -0.176470
vn -0.0000 0.8604 -0.5097
vn -0.0000 0.7007 -0.7135
vn -0.0000 0.2556 -0.9668
vn -0.0000 -0.0000 -1.0000
vn -0.0000 -0.2556 -0.9668
vn -0.0000 -0.7007 -0.7135
vn -0.0000 -0.8604 -0.5097
vn 0.0837 0.9626 -0.2577
vn 0.1575 0.8604 -0.4847
vn 0.2205 0.7007 -0.6786
vn 0.2686 0.4945 -0.8267
vn 0.2988 0.2556 -0.9195
vn 0.3090 -0.0000 -0.9511
vn 0.2988 -0.2556 -0.9195
vn 0.2686 -0.4945 -0.8267
vn 0.2205 -0.7007 -0.6786
vn 0.1575 -0.8604 -0.4847
vn 0.0837 -0.9626 -0.2577
vn 0.1592 0.9626 -0.2192
vn 0.2996 0.8604 -0.4123
vn 0.4194 0.7007 -0.5772
vn 0.5109 0.4945 -0.7032
vn 0.5683 0.2556 -0.7821
vn 0.5878 -0.0000 -0.8090
vn 0.5683 -0.2556 -0.7821
vn 0.5109 -0.4945 -0.7032
vn 0.4194 -0.7007 -0.5772
vn 0.2996 -0.8604 -0.4123
vn 0.1592 -0.9626 -0.2192
vn 0.2192 0.9626 -0.1592
vn 0.4123 0.8604 -0.2996
vn 0.5772 0.7007 -0.4194
vn 0.7032 0.4945 -0.5109
vn 0.7821 0.2556 -0.5683
vn 0.8090 -0.0000 -0.5878
vn 0.7821 -0.2556 -0.5683
vn 0.7032 -0.4945 -0.5109
vn 0.5772 -0.7007 -0.4194
vn 0.4123 -0.8604 -0.2996
vn 0.2192 -0.9626 -0.1592
vn -0.0000 -1.0000 -0.0000
vn 0.2577 0.9626 -0.0837
vn 0.4847 0.8604 -0.1575
vn 0.6786 0.7007 -0.2205
vn 0.8267 0.4945 -0.2686
vn 0.9195 0.2556 -0.2987
vn 0.9511 -0.0000 -0.3090
vn 0.9195 -0.2556 -0.2987
vn 0.8267 -0.4945 -0.2686
vn 0.6786 -0.7007 -0.2205
vn 0.4847 -0.8604 -0.1575
vn 0.2577 -0.9626 -0.0837
vn 0.2709 0.9626 -0.0000
vn 0.5097 0.8604 -0.0000
vn 0.7135 0.7007 -0.0000
vn 0.8692 0.4945 -0.0000
vn 0.9668 0.2556 -0.0000
vn 1.0000 -0.0000 -0.0000
vn 0.9668 -0.2556 -0.0000
vn 0.8692 -0.4945 -0.0000
vn 0.7135 -0.7007 -0.0000
vn 0.5097 -0.8604 -0.0000
vn 0.2709 -0.9626 -0.0000
vn 0.2577 0.9626 0.0837
vn 0.4847 0.8604 0.1575
vn 0.6786 0.7007 0.2205
vn 0.8267 0.4945 0.2686
vn 0.9195 0.2556 0.2987
vn 0.9511 -0.0000 0.3090
vn 0.9195 -0.2556 0.2987
vn 0.8267 -0.4945 0.2686
vn 0.6786 -0.7007 0.2205
vn 0.4847 -0.8604 0.1575
vn 0.2577 -0.9626 0.0837
vn 0.2192 0.9626 0.1592
vn 0.4123 0.8604 0.2996
vn 0.5772 0.7007 0.4194
vn 0.7032 0.4945 0.5109
vn 0.7821 0.2556 0.5683
vn 0.8090 -0.0000 0.5878
vn 0.7821 -0.2556 0.5683
vn 0.7032 -0.4945 0.5109
vn 0.5772 -0.7007 0.4194
vn 0.4123 -0.8604 0.2996
vn 0.2192 -0.9626 0.1592
vn 0.1592 0.9626 0.2192
vn 0.2996 0.8604 0.4123
vn 0.4194 0.7007 0.5772
vn 0.5109 0.4945 0.7032
vn 0.5683 0.2556 0.7821
vn 0.5878 -0.0000 0.8090
vn 0.5683 -0.2556 0.7821
vn 0.5109 -0.4945 0.7032
vn 0.4194 -0.7007 0.5772
vn 0.2996 -0.8604 0.4123
vn 0.1592 -0.9626 0.2192
vn 0.0837 0.9626 0.2577
vn 0.1575 0.8604 0.4847
vn 0.2205 0.7007 0.6786
vn 0.2686 0.4945 0.8267
vn 0.2988 0.2556 0.9195
vn 0.3090 -0.0000 0.9511
vn 0.2988 -0.2556 0.9195
vn 0.2686 -0.4945 0.8267
vn 0.2205 -0.7007 0.6786
vn 0.1575 -0.8604 0.4847
vn 0.0837 -0.9626 0.2577
vn -0.0000 0.9626 0.2709
vn -0.0000 0.8604 0.5097
vn -0.0000 0.7007 0.7135
vn -0.0000 0.4945 0.8692
vn -0.0000 0.2556 0.9668
vn -0.0000 -0.0000 1.0000
vn -0.0000 -0.2556 0.9668
vn -0.0000 -0.4945 0.8692
vn -0.0000 -0.7007 0.7135
vn -0.0000 -0.8604 0.5097
vn -0.0000 -0.9626 0.2709
vn -0.0000 1.0000 -0.0000
vn -0.0837 0.9626 0.2577
vn -0.1575 0.8604 0.4847
vn -0.2205 0.7007 0.6786
vn -0.2686 0.4945 0.8267
vn -0.2987 0.2556 0.9195
vn -0.3090 -0.0000 0.9511
vn -0.2987 -0.2556 0.9195
vn -0.2686 -0.4945 0.8267
vn -0.2205 -0.7007 0.6786
vn -0.1575 -0.8604 0.4847
vn -0.0837 -0.9626 0.2577
vn -0.1592 0.9626 0.2192
vn -0.2996 0.8604 0.4123
vn -0.4194 0.7007 0.5772
vn -0.5109 0.4945 0.7032
vn -0.5683 0.2556 0.7821
vn -0.5878 -0.0000 0.8090
vn -0.5683 -0.2556 0.7821
vn -0.5109 -0.4945 0.7032
vn -0.4194 -0.7007 0.5772
vn -0.2996 -0.8604 0.4123
vn -0.1592 -0.9626 0.2192
vn -0.2192 0.9626 0.1592
vn -0.4123 0.8604 0.2996
vn -0.5772 0.7007 0.4194
vn -0.7032 0.4945 0.5109
vn -0.7821 0.2556 0.5683
vn -0.8090 -0.0000 0.5878
vn -0.7821 -0.2556 0.5683
vn -0.7032 -0.4945 0.5109
vn -0.5772 -0.7007 0.4194
vn -0.4123 -0.8604 0.2996
vn -0.2192 -0.9626 0.1592
vn -0.2576 0.9626 0.0837
vn -0.4847 0.8604 0.1575
vn -0.6786 0.7007 0.2205
vn -0.8267 0.4945 0.2686
vn -0.9195 0.2556 0.2988
vn -0.9511 -0.0000 0.3090
vn -0.9195 -0.2556 0.2988
vn -0.8267 -0.4945 0.2686
vn -0.6786 -0.7007 0.2205
vn -0.4847 -0.8604 0.1575
vn -0.2576 -0.9626 0.0837
vn -0.2709 0.9626 -0.0000
vn -0.5097 0.8604 -0.0000
vn -0.7135 0.7007 -0.0000
vn -0.8692 0.4945 -0.0000
vn -0.9668 0.2556 -0.0000
vn -1.0000 -0.0000 -0.0000
vn -0.9668 -0.2556 -0.0000
vn -0.8692 -0.4945 -0.0000
vn -0.7135 -0.7007 -0.0000
vn -0.5097 -0.8604 -0.0000
vn -0.2709 -0.9626 -0.0000
vn -0.2577 0.9626 -0.0837
vn -0.4847 0.8604 -0.1575
vn -0.6786 0.7007 -0.2205
vn -0.8267 0.4945 -0.2686
vn -0.9195 0.2556 -0.2987
vn -0.9511 -0.0000 -0.3090
vn -0.9195 -0.2556 -0.2987
vn -0.8267 -0.4945 -0.2686
vn -0.6786 -0.7007 -0.2205
vn -0.4847 -0.8604 -0.1575
vn -0.2577 -0.9626 -0.0837
vn -0.2192 0.9626 -0.1592
vn -0.4123 0.8604 -0.2996
vn -0.5772 0.7007 -0.4194
vn -0.7032 0.4945 -0.5109
vn -0.7821 0.2556 -0.5683
vn -0.8090 -0.0000 -0.5878
vn -0.7821 -0.2556 -0.5683
vn -0.7032 -0.4945 -0.5109
vn -0.5772 -0.7007 -0.4194
vn -0.4123 -0.8604 -0.2996
vn -0.2192 -0.9626 -0.1592
vn -0.1592 0.9626 -0.2192
vn -0.2996 0.8604 -0.4123
vn -0.4194 0.7007 -0.5772
vn -0.5109 0.4945 -0.7032
vn -0.5683 0.2556 -0.7821
vn -0.5878 -0.0000 -0.8090
vn -0.5683 -0.2556 -0.7821
vn -0.5109 -0.4945 -0.7032
vn -0.4194 -0.7007 -0.5772
vn -0.2996 -0.8604 -0.4123
vn -0.1592 -0.9626 -0.2192
vn -0.0837 0.9626 -0.2577
vn -0.1575 0.8604 -0.4847
vn -0.2205 0.7007 -0.6786
vn -0.2686 0.4945 -0.8267
vn -0.2987 0.2556 -0.9195
vn -0.3090 -0.0000 -0.9511
vn -0.2987 -0.2556 -0.9195
vn -0.2686 -0.4945 -0.8267
vn -0.2205 -0.7007 -0.6786
vn -0.1575 -0.8604 -0.4847
vn -0.0837 -0.9626 -0.2577
vn -0.0000 0.9626 -0.2709
vn -0.0000 0.4945 -0.8692
vn -0.0000 -0.4945 -0.8692
vn -0.0000 -0.9626 -0.2709
vt 0.750000 0.166667
vt 0.750000 0.250000
vt 0.700000 0.250000
vt 0.700000 0.166667
vt 0.750000 0.416667
vt 0.750000 0.500000
vt 0.700000 0.500000
vt 0.700000 0.416667
vt 0.750000 0.666667
vt 0.750000 0.750000
vt 0.700000 0.750000
vt 0.700000 0.666667
vt 0.750000 0.083333
vt 0.700000 0.083333
vt 0.750000 0.916667
vt 0.725000 1.000000
vt 0.700000 0.916667
vt 0.750000 0.333333
vt 0.700000 0.333333
vt 0.750000 0.583333
vt 0.700000 0.583333
vt 0.725000 0.000000
vt 0.750000 0.833333
vt 0.700000 0.833333
vt 0.650000 0.666667
vt 0.650000 0.583333
vt 0.675000 0.000000
vt 0.650000 0.083333
vt 0.650000 0.916667
vt 0.650000 0.833333
vt 0.650000 0.333333
vt 0.650000 0.250000
vt 0.650000 0.500000
vt 0.650000 0.750000
vt 0.650000 0.166667
vt 0.650000 0.416667
vt 0.675000 1.000000
vt 0.600000 0.500000
vt 0.600000 0.416667
vt 0.600000 0.750000
vt 0.600000 0.666667
vt 0.600000 0.166667
vt 0.600000 0.083333
vt 0.625000 1.000000
vt 0.600000 0.916667
vt 0.600000 0.333333
vt 0.600000 0.583333
vt 0.625000 0.000000
vt 0.600000 0.833333
vt 0.600000 0.250000
vt 0.550000 0.583333
vt 0.550000 0.500000
vt 0.550000 0.833333
vt 0.550000 0.750000
vt 0.550000 0.250000
vt 0.550000 0.166667
vt 0.550000 0.416667
vt 0.550000 0.666667
vt 0.550000 0.083333
vt 0.575000 1.000000
vt 0.550000 0.916667
vt 0.550000 0.333333
vt 0.575000 0.000000
vt 0.500000 0.416667
vt 0.500000 0.333333
vt 0.500000 0.666667
vt 0.500000 0.583333
vt 0.525000 0.000000
vt 0.500000 0.083333
vt 0.500000 0.916667
vt 0.500000 0.833333
vt 0.500000 0.250000
vt 0.500000 0.500000
vt 0.500000 0.750000
vt 0.500000 0.166667
vt 0.525000 1.000000
vt 0.450000 0.500000
vt 0.450000 0.416667
vt 0.450000 0.750000
vt 0.450000 0.666667
vt 0.450000 0.166667
vt 0.450000 0.083333
vt 0.475000 1.000000
vt 0.450000 0.916667
vt 0.450000 0.333333
vt 0.450000 0.583333
vt 0.475000 0.000000
vt 0.450000 0.833333
vt 0.450000 0.250000
vt 0.400000 0.333333
vt 0.400000 0.250000
vt 0.400000 0.583333
vt 0.400000 0.500000
vt 0.400000 0.833333
vt 0.400000 0.750000
vt 0.400000 0.166667
vt 0.400000 0.416667
vt 0.400000 0.666667
vt 0.400000 0.083333
vt 0.425000 1.000000
vt 0.400000 0.916667
vt 0.425000 0.000000
vt 0.375000 1.000000
vt 0.350000 0.916667
vt 0.350000 0.416667
vt 0.350000 0.333333
vt 0.350000 0.666667
vt 0.350000 0.583333
vt 0.375000 0.000000
vt 0.350000 0.083333
vt 0.350000 0.833333
vt 0.350000 0.250000
vt 0.350000 0.500000
vt 0.350000 0.750000
vt 0.350000 0.166667
vt 0.300000 0.250000
vt 0.300000 0.166667
vt 0.300000 0.500000
vt 0.300000 0.416667
vt 0.300000 0.750000
vt 0.300000 0.666667
vt 0.300000 0.083333
vt 0.325000 1.000000
vt 0.300000 0.916667
vt 0.300000 0.333333
vt 0.300000 0.583333
vt 0.325000 0.000000
vt 0.300000 0.833333
vt 0.250000 0.916667
vt 0.250000 0.833333
vt 0.250000 0.333333
vt 0.250000 0.250000
vt 0.250000 0.583333
vt 0.250000 0.500000
vt 0.250000 0.750000
vt 0.250000 0.166667
vt 0.250000 0.416667
vt 0.250000 0.666667
vt 0.250000 0.083333
vt 0.275000 1.000000
vt 0.275000 0.000000
vt 0.200000 0.166667
vt 0.200000 0.083333
vt 0.225000 1.000000
vt 0.200000 0.916667
vt 0.200000 0.416667
vt 0.200000 0.333333
vt 0.200000 0.666667
vt 0.200000 0.583333
vt 0.225000 0.000000
vt 0.200000 0.833333
vt 0.200000 0.250000
vt 0.200000 0.500000
vt 0.200000 0.750000
vt 0.150000 0.833333
vt 0.150000 0.750000
vt 0.150000 0.250000
vt 0.150000 0.166667
vt 0.150000 0.500000
vt 0.150000 0.416667
vt 0.150000 0.666667
vt 0.150000 0.083333
vt 0.175000 1.000000
vt 0.150000 0.916667
vt 0.150000 0.333333
vt 0.150000 0.583333
vt 0.175000 0.000000
vt 0.125000 0.000000
vt 0.100000 0.083333
vt 0.100000 0.916667
vt 0.100000 0.833333
vt 0.100000 0.333333
vt 0.100000 0.250000
vt 0.100000 0.583333
vt 0.100000 0.500000
vt 0.100000 0.750000
vt 0.100000 0.166667
vt 0.100000 0.416667
vt 0.100000 0.666667
vt 0.125000 1.000000
vt 0.050000 0.750000
vt 0.050000 0.666667
vt 0.050000 0.166667
vt 0.050000 0.083333
vt 0.075000 1.000000
vt 0.050000 0.916667
vt 0.050000 0.416667
vt 0.050000 0.333333
vt 0.050000 0.583333
vt 0.075000 0.000000
vt 0.050000 0.833333
vt 0.050000 0.250000
vt 0.050000 0.500000
vt 0.000000 0.833333
vt 0.000000 0.750000
vt 0.000000 0.250000
vt 0.000000 0.166667
vt 0.000000 0.500000
vt 0.000000 0.416667
vt 0.000000 0.666667
vt 0.000000 0.083333
vt 0.025000 1.000000
vt 0.000000 0.916667
vt 0.000000 0.333333
vt 0.000000 0.583333
vt 0.025000 0.000000
vt 1.000000 0.583333
vt 1.000000 0.666667
vt 0.950000 0.666667
vt 0.950000 0.583333
vt 0.975000 0.000000
vt 1.000000 0.083333
vt 0.950000 0.083333
vt 1.000000 0.833333
vt 1.000000 0.916667
vt 0.950000 0.916667
vt 0.950000 0.833333
vt 1.000000 0.250000
vt 1.000000 0.333333
vt 0.950000 0.333333
vt 0.950000 0.250000
vt 1.000000 0.500000
vt 0.950000 0.500000
vt 1.000000 0.750000
vt 0.950000 0.750000
vt 1.000000 0.166667
vt 0.950000 0.166667
vt 1.000000 0.416667
vt 0.950000 0.416667
vt 0.975000 1.000000
vt 0.900000 0.750000
vt 0.900000 0.666667
vt 0.900000 0.166667
vt 0.900000 0.083333
vt 0.925000 1.000000
vt 0.900000 0.916667
vt 0.900000 0.416667
vt 0.900000 0.333333
vt 0.900000 0.583333
vt 0.925000 0.000000
vt 0.900000 0.833333
vt 0.900000 0.250000
vt 0.900000 0.500000
vt 0.850000 0.583333
vt 0.850000 0.500000
vt 0.850000 0.833333
vt 0.850000 0.750000
vt 0.850000 0.250000
vt 0.850000 0.166667
vt 0.850000 0.416667
vt 0.850000 0.666667
vt 0.850000 0.083333
vt 0.875000 1.000000
vt 0.850000 0.916667
vt 0.850000 0.333333
vt 0.875000 0.000000
vt 0.800000 0.666667
vt 0.800000 0.583333
vt 0.825000 0.000000
vt 0.800000 0.083333
vt 0.800000 0.916667
vt 0.800000 0.833333
vt 0.800000 0.333333
vt 0.800000 0.250000
vt 0.800000 0.500000
vt 0.800000 0.750000
vt 0.800000 0.166667
vt 0.800000 0.416667
vt 0.825000 1.000000
vt 0.775000 1.000000
vt 0.775000 0.000000
s 1
usemtl M_Black_Rubber
f 1065/1318/1051 1064/1319/1050 1074/1320/1060 1075/1321/1061
f 1063/1322/1049 1062/1323/1048 1071/1324/1057 1072/1325/1058
f 1278/1326/1264 1060/1327/1046 1068/1328/1054 1069/1329/1055
f 1280/1330/1266 1065/1318/1051 1075/1321/1061 1076/1331/1062
f 1277/1332/1263 1177/1333/1163 1066/1334/1052
f 1279/1335/1265 1063/1322/1049 1072/1325/1058 1073/1336/1059
f 1061/1337/1047 1278/1326/1264 1069/1329/1055 1070/1338/1056
f 1099/1339/1085 1280/1330/1266 1076/1331/1062
f 1059/1340/1045 1277/1332/1263 1066/1334/1052 1067/1341/1053
f 1064/1319/1050 1279/1335/1265 1073/1336/1059 1074/1320/1060
f 1062/1323/1048 1061/1337/1047 1070/1338/1056 1071/1324/1057
f 1060/1327/1046 1059/1340/1045 1067/1341/1053 1068/1328/1054
f 1070/1338/1056 1069/1329/1055 1080/1342/1066 1081/1343/1067
f 1099/1344/1085 1076/1331/1062 1087/1345/1073
f 1067/1341/1053 1066/1334/1052 1077/1346/1063 1078/1347/1064
f 1074/1320/1060 1073/1336/1059 1084/1348/1070 1085/1349/1071
f 1071/1324/1057 1070/1338/1056 1081/1343/1067 1082/1350/1068
f 1068/1328/1054 1067/1341/1053 1078/1347/1064 1079/1351/1065
f 1075/1321/1061 1074/1320/1060 1085/1349/1071 1086/1352/1072
f 1072/1325/1058 1071/1324/1057 1082/1350/1068 1083/1353/1069
f 1069/1329/1055 1068/1328/1054 1079/1351/1065 1080/1342/1066
f 1076/1331/1062 1075/1321/1061 1086/1352/1072 1087/1345/1073
f 1066/1334/1052 1177/1354/1163 1077/1346/1063
f 1073/1336/1059 1072/1325/1058 1083/1353/1069 1084/1348/1070
f 1083/1353/1069 1082/1350/1068 1093/1355/1079 1094/1356/1080
f 1080/1342/1066 1079/1351/1065 1090/1357/1076 1091/1358/1077
f 1087/1345/1073 1086/1352/1072 1097/1359/1083 1098/1360/1084
f 1077/1346/1063 1177/1361/1163 1088/1362/1074
f 1084/1348/1070 1083/1353/1069 1094/1356/1080 1095/1363/1081
f 1081/1343/1067 1080/1342/1066 1091/1358/1077 1092/1364/1078
f 1099/1365/1085 1087/1345/1073 1098/1360/1084
f 1078/1347/1064 1077/1346/1063 1088/1362/1074 1089/1366/1075
f 1085/1349/1071 1084/1348/1070 1095/1363/1081 1096/1367/1082
f 1082/1350/1068 1081/1343/1067 1092/1364/1078 1093/1355/1079
f 1079/1351/1065 1078/1347/1064 1089/1366/1075 1090/1357/1076
f 1086/1352/1072 1085/1349/1071 1096/1367/1082 1097/1359/1083
f 1093/1355/1079 1092/1364/1078 1104/1368/1090 1105/1369/1091
f 1090/1357/1076 1089/1366/1075 1101/1370/1087 1102/1371/1088
f 1097/1359/1083 1096/1367/1082 1108/1372/1094 1109/1373/1095
f 1094/1356/1080 1093/1355/1079 1105/1369/1091 1106/1374/1092
f 1091/1358/1077 1090/1357/1076 1102/1371/1088 1103/1375/1089
f 1098/1360/1084 1097/1359/1083 1109/1373/1095 1110/1376/1096
f 1088/1362/1074 1177/1377/1163 1100/1378/1086
f 1095/1363/1081 1094/1356/1080 1106/1374/1092 1107/1379/1093
f 1092/1364/1078 1091/1358/1077 1103/1375/1089 1104/1368/1090
f 1099/1380/1085 1098/1360/1084 1110/1376/1096
f 1089/1366/1075 1088/1362/1074 1100/1378/1086 1101/1370/1087
f 1096/1367/1082 1095/1363/1081 1107/1379/1093 1108/1372/1094
f 1107/1379/1093 1106/1374/1092 1117/1381/1103 1118/1382/1104
f 1104/1368/1090 1103/1375/1089 1114/1383/1100 1115/1384/1101
f 1099/1385/1085 1110/1376/1096 1121/1386/1107
f 1101/1370/1087 1100/1378/1086 1111/1387/1097 1112/1388/1098
f 1108/1372/1094 1107/1379/1093 1118/1382/1104 1119/1389/1105
f 1105/1369/1091 1104/1368/1090 1115/1384/1101 1116/1390/1102
f 1102/1371/1088 1101/1370/1087 1112/1388/1098 1113/1391/1099
f 1109/1373/1095 1108/1372/1094 1119/1389/1105 1120/1392/1106
f 1106/1374/1092 1105/1369/1091 1116/1390/1102 1117/1381/1103
f 1103/1375/1089 1102/1371/1088 1113/1391/1099 1114/1383/1100
f 1110/1376/1096 1109/1373/1095 1120/1392/1106 1121/1386/1107
f 1100/1378/1086 1177/1393/1163 1111/1387/1097
f 1117/1381/1103 1116/1390/1102 1127/1394/1113 1128/1395/1114
f 1114/1383/1100 1113/1391/1099 1124/1396/1110 1125/1397/1111
f 1121/1386/1107 1120/1392/1106 1131/1398/1117 1132/1399/1118
f 1111/1387/1097 1177/1400/1163 1122/1401/1108
f 1118/1382/1104 1117/1381/1103 1128/1395/1114 1129/1402/1115
f 1115/1384/1101 1114/1383/1100 1125/1397/1111 1126/1403/1112
f 1099/1404/1085 1121/1386/1107 1132/1399/1118
f 1112/1388/1098 1111/1387/1097 1122/1401/1108 1123/1405/1109
f 1119/1389/1105 1118/1382/1104 1129/1402/1115 1130/1406/1116
f 1116/1390/1102 1115/1384/1101 1126/1403/1112 1127/1394/1113
f 1113/1391/1099 1112/1388/1098 1123/1405/1109 1124/1396/1110
f 1120/1392/1106 1119/1389/1105 1130/1406/1116 1131/1398/1117
f 1130/1406/1116 1129/1402/1115 1140/1407/1126 1141/1408/1127
f 1127/1394/1113 1126/1403/1112 1137/1409/1123 1138/1410/1124
f 1124/1396/1110 1123/1405/1109 1134/1411/1120 1135/1412/1121
f 1131/1398/1117 1130/1406/1116 1141/1408/1127 1142/1413/1128
f 1128/1395/1114 1127/1394/1113 1138/1410/1124 1139/1414/1125
f 1125/1397/1111 1124/1396/1110 1135/1412/1121 1136/1415/1122
f 1132/1399/1118 1131/1398/1117 1142/1413/1128 1143/1416/1129
f 1122/1401/1108 1177/1417/1163 1133/1418/1119
f 1129/1402/1115 1128/1395/1114 1139/1414/1125 1140/1407/1126
f 1126/1403/1112 1125/1397/1111 1136/1415/1122 1137/1409/1123
f 1099/1419/1085 1132/1399/1118 1143/1416/1129
f 1123/1405/1109 1122/1401/1108 1133/1418/1119 1134/1411/1120
f 1133/1418/1119 1177/1420/1163 1144/1421/1130
f 1140/1407/1126 1139/1414/1125 1150/1422/1136 1151/1423/1137
f 1137/1409/1123 1136/1415/1122 1147/1424/1133 1148/1425/1134
f 1099/1426/1085 1143/1416/1129 1154/1427/1140
f 1134/1411/1120 1133/1418/1119 1144/1421/1130 1145/1428/1131
f 1141/1408/1127 1140/1407/1126 1151/1423/1137 1152/1429/1138
f 1138/1410/1124 1137/1409/1123 1148/1425/1134 1149/1430/1135
f 1135/1412/1121 1134/1411/1120 1145/1428/1131 1146/1431/1132
f 1142/1413/1128 1141/1408/1127 1152/1429/1138 1153/1432/1139
f 1139/1414/1125 1138/1410/1124 1149/1430/1135 1150/1422/1136
f 1136/1415/1122 1135/1412/1121 1146/1431/1132 1147/1424/1133
f 1143/1416/1129 1142/1413/1128 1153/1432/1139 1154/1427/1140
f 1153/1432/1139 1152/1429/1138 1163/1433/1149 1164/1434/1150
f 1150/1422/1136 1149/1430/1135 1160/1435/1146 1161/1436/1147
f 1147/1424/1133 1146/1431/1132 1157/1437/1143 1158/1438/1144
f 1154/1427/1140 1153/1432/1139 1164/1434/1150 1165/1439/1151
f 1144/1421/1130 1177/1440/1163 1155/1441/1141
f 1151/1423/1137 1150/1422/1136 1161/1436/1147 1162/1442/1148
f 1148/1425/1134 1147/1424/1133 1158/1438/1144 1159/1443/1145
f 1099/1444/1085 1154/1427/1140 1165/1439/1151
f 1145/1428/1131 1144/1421/1130 1155/1441/1141 1156/1445/1142
f 1152/1429/1138 1151/1423/1137 1162/1442/1148 1163/1433/1149
f 1149/1430/1135 1148/1425/1134 1159/1443/1145 1160/1435/1146
f 1146/1431/1132 1145/1428/1131 1156/1445/1142 1157/1437/1143
f 1156/1445/1142 1155/1441/1141 1166/1446/1152 1167/1447/1153
f 1163/1433/1149 1162/1442/1148 1173/1448/1159 1174/1449/1160
f 1160/1435/1146 1159/1443/1145 1170/1450/1156 1171/1451/1157
f 1157/1437/1143 1156/1445/1142 1167/1447/1153 1168/1452/1154
f 1164/1434/1150 1163/1433/1149 1174/1449/1160 1175/1453/1161
f 1161/1436/1147 1160/1435/1146 1171/1451/1157 1172/1454/1158
f 1158/1438/1144 1157/1437/1143 1168/1452/1154 1169/1455/1155
f 1165/1439/1151 1164/1434/1150 1175/1453/1161 1176/1456/1162
f 1155/1441/1141 1177/1457/1163 1166/1446/1152
f 1162/1442/1148 1161/1436/1147 1172/1454/1158 1173/1448/1159
f 1159/1443/1145 1158/1438/1144 1169/1455/1155 1170/1450/1156
f 1099/1458/1085 1165/1439/1151 1176/1456/1162
f 1176/1456/1162 1175/1453/1161 1187/1459/1173 1188/1460/1174
f 1166/1446/1152 1177/1461/1163 1178/1462/1164
f 1173/1448/1159 1172/1454/1158 1184/1463/1170 1185/1464/1171
f 1170/1450/1156 1169/1455/1155 1181/1465/1167 1182/1466/1168
f 1099/1467/1085 1176/1456/1162 1188/1460/1174
f 1167/1447/1153 1166/1446/1152 1178/1462/1164 1179/1468/1165
f 1174/1449/1160 1173/1448/1159 1185/1464/1171 1186/1469/1172
f 1171/1451/1157 1170/1450/1156 1182/1466/1168 1183/1470/1169
f 1168/1452/1154 1167/1447/1153 1179/1468/1165 1180/1471/1166
f 1175/1453/1161 1174/1449/1160 1186/1469/1172 1187/1459/1173
f 1172/1454/1158 1171/1451/1157 1183/1470/1169 1184/1463/1170
f 1169/1455/1155 1168/1452/1154 1180/1471/1166 1181/1465/1167
f 1180/1471/1166 1179/1468/1165 1190/1472/1176 1191/1473/1177
f 1187/1459/1173 1186/1469/1172 1197/1474/1183 1198/1475/1184
f 1184/1463/1170 1183/1470/1169 1194/1476/1180 1195/1477/1181
f 1181/1465/1167 1180/1471/1166 1191/1473/1177 1192/1478/1178
f 1188/1460/1174 1187/1459/1173 1198/1475/1184 1199/1479/1185
f 1178/1462/1164 1177/1480/1163 1189/1481/1175
f 1185/1464/1171 1184/1463/1170 1195/1477/1181 1196/1482/1182
f 1182/1466/1168 1181/1465/1167 1192/1478/1178 1193/1483/1179
f 1099/1484/1085 1188/1460/1174 1199/1479/1185
f 1179/1468/1165 1178/1462/1164 1189/1481/1175 1190/1472/1176
f 1186/1469/1172 1185/1464/1171 1196/1482/1182 1197/1474/1183
f 1183/1470/1169 1182/1466/1168 1193/1483/1179 1194/1476/1180
f 1099/1485/1085 1199/1479/1185 1210/1486/1196
f 1190/1472/1176 1189/1481/1175 1200/1487/1186 1201/1488/1187
f 1197/1474/1183 1196/1482/1182 1207/1489/1193 1208/1490/1194
f 1194/1476/1180 1193/1483/1179 1204/1491/1190 1205/1492/1191
f 1191/1473/1177 1190/1472/1176 1201/1488/1187 1202/1493/1188
f 1198/1475/1184 1197/1474/1183 1208/1490/1194 1209/1494/1195
f 1195/1477/1181 1194/1476/1180 1205/1492/1191 1206/1495/1192
f 1192/1478/1178 1191/1473/1177 1202/1493/1188 1203/1496/1189
f 1199/1479/1185 1198/1475/1184 1209/1494/1195 1210/1486/1196
f 1189/1481/1175 1177/1497/1163 1200/1487/1186
f 1196/1482/1182 1195/1477/1181 1206/1495/1192 1207/1489/1193
f 1193/1483/1179 1192/1478/1178 1203/1496/1189 1204/1491/1190
f 1203/1496/1189 1202/1493/1188 1213/1498/1199 1214/1499/1200
f 1210/1486/1196 1209/1494/1195 1220/1500/1206 1221/1501/1207
f 1200/1487/1186 1177/1502/1163 1211/1503/1197
f 1207/1489/1193 1206/1495/1192 1217/1504/1203 1218/1505/1204
f 1204/1491/1190 1203/1496/1189 1214/1499/1200 1215/1506/1201
f 1099/1507/1085 1210/1486/1196 1221/1501/1207
f 1201/1488/1187 1200/1487/1186 1211/1503/1197 1212/1508/1198
f 1208/1490/1194 1207/1489/1193 1218/1505/1204 1219/1509/1205
f 1205/1492/1191 1204/1491/1190 1215/1506/1201 1216/1510/1202
f 1202/1493/1188 1201/1488/1187 1212/1508/1198 1213/1498/1199
f 1209/1494/1195 1208/1490/1194 1219/1509/1205 1220/1500/1206
f 1206/1495/1192 1205/1492/1191 1216/1510/1202 1217/1504/1203
f 1213/1498/1199 1212/1508/1198 1223/1511/1209 1224/1512/1210
f 1220/1500/1206 1219/1509/1205 1230/1513/1216 1231/1514/1217
f 1217/1504/1203 1216/1510/1202 1227/1515/1213 1228/1516/1214
f 1214/1499/1200 1213/1498/1199 1224/1512/1210 1225/1517/1211
f 1221/1501/1207 1220/1500/1206 1231/1514/1217 1232/1518/1218
f 1211/1503/1197 1177/1519/1163 1222/1520/1208
f 1218/1505/1204 1217/1504/1203 1228/1516/1214 1229/1521/1215
f 1215/1506/1201 1214/1499/1200 1225/1517/1211 1226/1522/1212
f 1099/1523/1085 1221/1501/1207 1232/1518/1218
f 1212/1508/1198 1211/1503/1197 1222/1520/1208 1223/1511/1209
f 1219/1509/1205 1218/1505/1204 1229/1521/1215 1230/1513/1216
f 1216/1510/1202 1215/1506/1201 1226/1522/1212 1227/1515/1213
f 1226/1524/1212 1225/1525/1211 1236/1526/1222 1237/1527/1223
f 1099/1528/1085 1232/1529/1218 1243/1530/1229
f 1223/1531/1209 1222/1532/1208 1233/1533/1219 1234/1534/1220
f 1230/1535/1216 1229/1536/1215 1240/1537/1226 1241/1538/1227
f 1227/1539/1213 1226/1524/1212 1237/1527/1223 1238/1540/1224
f 1224/1541/1210 1223/1531/1209 1234/1534/1220 1235/1542/1221
f 1231/1543/1217 1230/1535/1216 1241/1538/1227 1242/1544/1228
f 1228/1545/1214 1227/1539/1213 1238/1540/1224 1239/1546/1225
f 1225/1525/1211 1224/1541/1210 1235/1542/1221 1236/1526/1222
f 1232/1529/1218 1231/1543/1217 1242/1544/1228 1243/1530/1229
f 1222/1532/1208 1177/1547/1163 1233/1533/1219
f 1229/1536/1215 1228/1545/1214 1239/1546/1225 1240/1537/1226
f 1236/1526/1222 1235/1542/1221 1246/1548/1232 1247/1549/1233
f 1243/1530/1229 1242/1544/1228 1253/1550/1239 1254/1551/1240
f 1233/1533/1219 1177/1552/1163 1244/1553/1230
f 1240/1537/1226 1239/1546/1225 1250/1554/1236 1251/1555/1237
f 1237/1527/1223 1236/1526/1222 1247/1549/1233 1248/1556/1234
f 1099/1557/1085 1243/1530/1229 1254/1551/1240
f 1234/1534/1220 1233/1533/1219 1244/1553/1230 1245/1558/1231
f 1241/1538/1227 1240/1537/1226 1251/1555/1237 1252/1559/1238
f 1238/1540/1224 1237/1527/1223 1248/1556/1234 1249/1560/1235
f 1235/1542/1221 1234/1534/1220 1245/1558/1231 1246/1548/1232
f 1242/1544/1228 1241/1538/1227 1252/1559/1238 1253/1550/1239
f 1239/1546/1225 1238/1540/1224 1249/1560/1235 1250/1554/1236
f 1249/1560/1235 1248/1556/1234 1259/1561/1245 1260/1562/1246
f 1246/1548/1232 1245/1558/1231 1256/1563/1242 1257/1564/1243
f 1253/1550/1239 1252/1559/1238 1263/1565/1249 1264/1566/1250
f 1250/1554/1236 1249/1560/1235 1260/1562/1246 1261/1567/1247
f 1247/1549/1233 1246/1548/1232 1257/1564/1243 1258/1568/1244
f 1254/1551/1240 1253/1550/1239 1264/1566/1250 1265/1569/1251
f 1244/1553/1230 1177/1570/1163 1255/1571/1241
f 1251/1555/1237 1250/1554/1236 1261/1567/1247 1262/1572/1248
f 1248/1556/1234 1247/1549/1233 1258/1568/1244 1259/1561/1245
f 1099/1573/1085 1254/1551/1240 1265/1569/1251
f 1245/1558/1231 1244/1553/1230 1255/1571/1241 1256/1563/1242
f 1252/1559/1238 1251/1555/1237 1262/1572/1248 1263/1565/1249
f 1259/1561/1245 1258/1568/1244 1269/1574/1255 1270/1575/1256
f 1099/1576/1085 1265/1569/1251 1276/1577/1262
f 1256/1563/1242 1255/1571/1241 1266/1578/1252 1267/1579/1253
f 1263/1565/1249 1262/1572/1248 1273/1580/1259 1274/1581/1260
f 1260/1562/1246 1259/1561/1245 1270/1575/1256 1271/1582/1257
f 1257/1564/1243 1256/1563/1242 1267/1579/1253 1268/1583/1254
f 1264/1566/1250 1263/1565/1249 1274/1581/1260 1275/1584/1261
f 1261/1567/1247 1260/1562/1246 1271/1582/1257 1272/1585/1258
f 1258/1568/1244 1257/1564/1243 1268/1583/1254 1269/1574/1255
f 1265/1569/1251 1264/1566/1250 1275/1584/1261 1276/1577/1262
f 1255/1571/1241 1177/1586/1163 1266/1578/1252
f 1262/1572/1248 1261/1567/1247 1272/1585/1258 1273/1580/1259
f 1272/1585/1258 1271/1582/1257 1062/1323/1048 1063/1322/1049
f 1269/1574/1255 1268/1583/1254 1060/1327/1046 1278/1326/1264
f 1276/1577/1262 1275/1584/1261 1065/1318/1051 1280/1330/1266
f 1266/1578/1252 1177/1587/1163 1277/1332/1263
f 1273/1580/1259 1272/1585/1258 1063/1322/1049 1279/1335/1265
f 1270/1575/1256 1269/1574/1255 1278/1326/1264 1061/1337/1047
f 1099/1588/1085 1276/1577/1262 1280/1330/1266
f 1267/1579/1253 1266/1578/1252 1277/1332/1263 1059/1340/1045
f 1274/1581/1260 1273/1580/1259 1279/1335/1265 1064/1319/1050
f 1271/1582/1257 1270/1575/1256 1061/1337/1047 1062/1323/1048
f 1268/1583/1254 1267/1579/1253 1059/1340/1045 1060/1327/1046
f 1275/1584/1261 1274/1581/1260 1064/1319/1050 1065/1318/1051
