# Blender 4.5.11 LTS
# www.blender.org
mtllib NeedleNosePliers.mtl
o Handle.002
v 0.004563 0.020572 0.087946
v 0.001743 0.033287 0.070674
v -0.001743 0.033287 0.049326
v -0.004563 0.020572 0.032054
v -0.005640 -0.000000 0.025457
v -0.004563 -0.020572 0.032054
v -0.001743 -0.033287 0.049326
v 0.001743 -0.033287 0.070674
v 0.004563 -0.020572 0.087946
v 0.005640 0.000000 0.094543
v -0.018791 0.020572 0.091648
v -0.021459 0.033287 0.074353
v -0.024757 0.033287 0.052974
v -0.027425 0.020572 0.035679
v -0.028444 -0.000000 0.029073
v -0.027425 -0.020572 0.035679
v -0.024757 -0.033287 0.052974
v -0.021459 -0.033287 0.074353
v -0.018791 -0.020572 0.091648
v -0.017772 0.000000 0.098254
v -0.040682 0.020572 0.094932
v -0.043222 0.033287 0.077617
v -0.046362 0.033287 0.056215
v -0.048903 0.020572 0.038900
v -0.049873 -0.000000 0.032287
v -0.048903 -0.020572 0.038901
v -0.046362 -0.033287 0.056215
v -0.043222 -0.033287 0.077617
v -0.040682 -0.020572 0.094932
v -0.039711 0.000000 0.101545
v -0.061366 0.020572 0.097899
v -0.063818 0.033287 0.080572
v -0.066849 0.033287 0.059154
v -0.069301 0.020572 0.041827
v -0.070238 -0.000000 0.035208
v -0.069301 -0.020572 0.041827
v -0.066849 -0.033287 0.059154
v -0.063818 -0.033287 0.080572
v -0.061366 -0.020572 0.097899
v -0.060430 0.000000 0.104518
v -0.081108 0.020572 0.100655
v -0.083521 0.033287 0.083322
v -0.086503 0.033287 0.061897
v -0.088916 0.020572 0.044564
v -0.089838 -0.000000 0.037944
v -0.088916 -0.020572 0.044564
v -0.086503 -0.033287 0.061897
v -0.083521 -0.033287 0.083322
v -0.081108 -0.020572 0.100655
v -0.080187 0.000000 0.107275
v -0.100176 0.020572 0.103302
v -0.102606 0.033287 0.085972
v -0.105610 0.033287 0.064550
v -0.108040 0.020572 0.047220
v -0.108969 -0.000000 0.040600
v -0.108040 -0.020572 0.047220
v -0.105610 -0.033287 0.064550
v -0.102606 -0.033287 0.085972
v -0.100176 -0.020572 0.103302
v -0.099248 0.000000 0.109922
v -0.118844 0.020572 0.105946
v -0.121352 0.033287 0.088626
v -0.124451 0.033287 0.067218
v -0.126959 0.020572 0.049899
v -0.127917 -0.000000 0.043284
v -0.126959 -0.020572 0.049899
v -0.124451 -0.033287 0.067218
v -0.121352 -0.033287 0.088626
v -0.118844 -0.020572 0.105946
v -0.117887 0.000000 0.112561
v -0.137398 0.020572 0.108690
v -0.140040 0.033287 0.091391
v -0.143306 0.033287 0.070008
v -0.145948 0.020572 0.052708
v -0.146957 -0.000000 0.046101
v -0.145948 -0.020572 0.052708
v -0.143306 -0.033287 0.070008
v -0.140040 -0.033287 0.091391
v -0.137398 -0.020572 0.108690
v -0.136388 0.000000 0.115298
v -0.156128 0.020572 0.111641
v -0.158955 0.033287 0.094371
v -0.162449 0.033287 0.073023
v -0.165276 0.020572 0.055753
v -0.166356 -0.000000 0.049157
v -0.165276 -0.020572 0.055753
v -0.162449 -0.033287 0.073023
v -0.158955 -0.033287 0.094371
v -0.156128 -0.020572 0.111641
v -0.155048 0.000000 0.118237
v -0.175333 0.020572 0.114903
v -0.178384 0.033287 0.097671
v -0.182154 0.033287 0.076371
v -0.185204 0.020572 0.059138
v -0.186370 -0.000000 0.052556
v -0.185204 -0.020572 0.059138
v -0.182154 -0.033287 0.076371
v -0.178384 -0.033287 0.097671
v -0.175333 -0.020572 0.114903
v -0.174168 0.000000 0.121485
v -0.195316 0.020572 0.118583
v -0.198615 0.033287 0.101397
v -0.202693 0.033287 0.080154
v -0.205992 0.020572 0.062968
v -0.207252 -0.000000 0.056403
v -0.205992 -0.020572 0.062968
v -0.202693 -0.033287 0.080154
v -0.198615 -0.033287 0.101397
v -0.195316 -0.020572 0.118583
v -0.194056 0.000000 0.125148
v -0.216378 0.020572 0.122790
v -0.219938 0.033287 0.105656
v -0.224338 0.033287 0.084477
v -0.227897 0.020572 0.067343
v -0.229257 -0.000000 0.060799
v -0.227897 -0.020572 0.067343
v -0.224338 -0.033287 0.084477
v -0.219938 -0.033287 0.105656
v -0.216378 -0.020572 0.122790
v -0.215018 0.000000 0.129335
v -0.238819 0.020572 0.127633
v -0.242639 0.033287 0.110555
v -0.247361 0.033287 0.089445
v -0.251181 0.020572 0.072367
v -0.252640 -0.000000 0.065844
v -0.251181 -0.020572 0.072367
v -0.247361 -0.033287 0.089445
v -0.242639 -0.033287 0.110555
v -0.238819 -0.020572 0.127633
v -0.237360 0.000000 0.134156
v -0.251763 0.020572 0.130631
v -0.255843 0.033287 0.113613
v -0.260886 0.033287 0.092578
v -0.264966 0.020572 0.075560
v -0.266524 -0.000000 0.069060
v -0.264966 -0.020572 0.075560
v -0.260886 -0.033287 0.092578
v -0.255843 -0.033287 0.113613
v -0.251763 -0.020572 0.130631
v -0.250204 0.000000 0.137131
v -0.263818 0.020572 0.133619
v -0.268156 0.033287 0.116665
v -0.273517 0.033287 0.095709
v -0.277855 0.020572 0.078755
v -0.279512 -0.000000 0.072279
v -0.277855 -0.020572 0.078755
v -0.273517 -0.033287 0.095709
v -0.268156 -0.033287 0.116665
v -0.263818 -0.020572 0.133619
v -0.262161 0.000000 0.140095
v -0.275177 0.020572 0.136617
v -0.279760 0.033287 0.119727
v -0.285424 0.033287 0.098851
v -0.290006 0.020572 0.081961
v -0.291756 -0.000000 0.075510
v -0.290006 -0.020572 0.081961
v -0.285424 -0.033287 0.098851
v -0.279760 -0.033287 0.119727
v -0.275177 -0.020572 0.136617
v -0.273427 0.000000 0.143068
v -0.286037 0.020572 0.139644
v -0.290838 0.033287 0.122816
v -0.296772 0.033287 0.102014
v -0.301573 0.020572 0.085186
v -0.303407 -0.000000 0.078758
v -0.301573 -0.020572 0.085186
v -0.296772 -0.033287 0.102014
v -0.290838 -0.033287 0.122816
v -0.286037 -0.020572 0.139644
v -0.284204 0.000000 0.146072
v -0.296593 0.020572 0.142725
v -0.301574 0.033287 0.125948
v -0.307730 0.033287 0.105211
v -0.312710 0.020572 0.088435
v -0.314612 -0.000000 0.082027
v -0.312710 -0.020572 0.088435
v -0.307730 -0.033287 0.105211
v -0.301574 -0.033287 0.125948
v -0.296593 -0.020572 0.142725
v -0.294691 0.000000 0.149133
v -0.307037 0.020572 0.145878
v -0.312147 0.033287 0.129141
v -0.318465 0.033287 0.108453
v -0.323575 0.020572 0.091716
v -0.325527 -0.000000 0.085323
v -0.323575 -0.020572 0.091716
v -0.318465 -0.033287 0.108453
v -0.312147 -0.033287 0.129141
v -0.307037 -0.020572 0.145878
v -0.305085 0.000000 0.152271
v -0.317554 0.020572 0.149125
v -0.322739 0.033287 0.132411
v -0.329148 0.033287 0.111751
v -0.334333 0.020572 0.095037
v -0.336314 -0.000000 0.088653
v -0.334333 -0.020572 0.095037
v -0.329148 -0.033287 0.111751
v -0.322739 -0.033287 0.132411
v -0.317554 -0.020572 0.149125
v -0.315573 0.000000 0.155510
v -0.328322 0.020572 0.152482
v -0.333524 0.033287 0.135773
v -0.339954 0.033287 0.115120
v -0.345156 0.020572 0.098411
v -0.347143 -0.000000 0.092029
v -0.345156 -0.020572 0.098411
v -0.339954 -0.033287 0.115120
v -0.333524 -0.033287 0.135773
v -0.328322 -0.020572 0.152482
v -0.326335 0.000000 0.158864
v -0.339511 0.020572 0.155961
v -0.344676 0.033287 0.139241
v -0.351059 0.033287 0.118573
v -0.356223 0.020572 0.101852
v -0.358196 -0.000000 0.095465
v -0.356223 -0.020572 0.101852
v -0.351059 -0.033287 0.118573
v -0.344676 -0.033287 0.139241
v -0.339511 -0.020572 0.155961
v -0.337539 0.000000 0.162348
v -0.351286 0.020572 0.159573
v -0.356365 0.033287 0.142827
v -0.362642 0.033287 0.122126
v -0.367721 0.020572 0.105379
v -0.369661 -0.000000 0.098983
v -0.367721 -0.020572 0.105379
v -0.362642 -0.033287 0.122126
v -0.356365 -0.033287 0.142827
v -0.351286 -0.020572 0.159573
v -0.349346 0.000000 0.165970
v -0.363805 0.020572 0.163326
v -0.368760 0.033287 0.146542
v -0.374885 0.033287 0.125796
v -0.379840 0.020572 0.109013
v -0.381733 -0.000000 0.102602
v -0.379840 -0.020572 0.109013
v -0.374885 -0.033287 0.125796
v -0.368760 -0.033287 0.146542
v -0.363805 -0.020572 0.163326
v -0.361913 0.000000 0.169737
v -0.377221 0.020572 0.167226
v -0.382029 0.033287 0.150399
v -0.387971 0.033287 0.129601
v -0.392779 0.020572 0.112774
v -0.394615 -0.000000 0.106347
v -0.392779 -0.020572 0.112774
v -0.387971 -0.033287 0.129601
v -0.382029 -0.033287 0.150399
v -0.377221 -0.020572 0.167226
v -0.375385 0.000000 0.173653
vn 0.1267 0.5874 0.7993
vn 0.0485 0.9508 0.3060
vn -0.0483 0.9513 -0.3044
vn -0.1266 0.5882 -0.7987
vn -0.1566 -0.0000 -0.9877
vn -0.1266 -0.5882 -0.7987
vn -0.0483 -0.9513 -0.3044
vn 0.0485 -0.9508 0.3060
vn 0.1267 -0.5874 0.7993
vn 0.1566 -0.0000 0.9877
vn 0.1234 0.5874 0.7998
vn 0.0472 0.9508 0.3061
vn -0.0470 0.9513 -0.3047
vn -0.1233 0.5882 -0.7993
vn -0.1525 -0.0000 -0.9883
vn -0.1233 -0.5882 -0.7993
vn -0.0470 -0.9513 -0.3047
vn 0.0472 -0.9508 0.3061
vn 0.1234 -0.5874 0.7998
vn 0.1525 -0.0000 0.9883
vn 0.1175 0.5875 0.8007
vn 0.0449 0.9509 0.3063
vn -0.0448 0.9512 -0.3052
vn -0.1174 0.5881 -0.8002
vn -0.1452 -0.0000 -0.9894
vn -0.1174 -0.5881 -0.8002
vn -0.0448 -0.9512 -0.3052
vn 0.0449 -0.9509 0.3063
vn 0.1175 -0.5875 0.8007
vn 0.1452 -0.0000 0.9894
vn 0.1134 0.5876 0.8012
vn 0.0433 0.9509 0.3063
vn -0.0433 0.9512 -0.3056
vn -0.1133 0.5880 -0.8009
vn -0.1401 -0.0000 -0.9901
vn -0.1133 -0.5880 -0.8009
vn -0.0433 -0.9512 -0.3056
vn 0.0433 -0.9509 0.3063
vn 0.1134 -0.5876 0.8012
vn 0.1401 -0.0000 0.9901
vn 0.1115 0.5878 0.8013
vn 0.0426 0.9510 0.3061
vn -0.0426 0.9511 -0.3060
vn -0.1115 0.5878 -0.8013
vn -0.1379 -0.0000 -0.9904
vn -0.1115 -0.5878 -0.8013
vn -0.0426 -0.9511 -0.3060
vn 0.0426 -0.9510 0.3061
vn 0.1115 -0.5878 0.8013
vn 0.1379 -0.0000 0.9904
vn 0.1123 0.5879 0.8011
vn 0.0429 0.9511 0.3058
vn -0.0429 0.9510 -0.3063
vn -0.1124 0.5877 -0.8013
vn -0.1389 -0.0000 -0.9903
vn -0.1124 -0.5877 -0.8013
vn -0.0429 -0.9510 -0.3063
vn 0.0429 -0.9511 0.3058
vn 0.1123 -0.5879 0.8011
vn 0.1389 -0.0000 0.9903
vn 0.1159 0.5881 0.8005
vn 0.0442 0.9512 0.3053
vn -0.0444 0.9509 -0.3064
vn -0.1160 0.5875 -0.8009
vn -0.1433 -0.0000 -0.9897
vn -0.1160 -0.5875 -0.8009
vn -0.0444 -0.9509 -0.3064
vn 0.0442 -0.9512 0.3053
vn 0.1159 -0.5881 0.8005
vn 0.1433 -0.0000 0.9897
vn 0.1221 0.5882 0.7994
vn 0.0465 0.9513 0.3047
vn -0.0468 0.9508 -0.3063
vn -0.1222 0.5873 -0.8001
vn -0.1510 -0.0000 -0.9885
vn -0.1222 -0.5873 -0.8001
vn -0.0468 -0.9508 -0.3063
vn 0.0465 -0.9513 0.3047
vn 0.1221 -0.5882 0.7994
vn 0.1510 -0.0000 0.9885
vn 0.1306 0.5883 0.7980
vn 0.0497 0.9514 0.3039
vn -0.0501 0.9507 -0.3060
vn -0.1308 0.5872 -0.7988
vn -0.1615 -0.0000 -0.9869
vn -0.1308 -0.5872 -0.7988
vn -0.0501 -0.9507 -0.3060
vn 0.0497 -0.9514 0.3039
vn 0.1306 -0.5883 0.7980
vn 0.1615 -0.0000 0.9869
vn 0.1409 0.5884 0.7962
vn 0.0536 0.9515 0.3031
vn -0.0541 0.9507 -0.3055
vn -0.1411 0.5871 -0.7971
vn -0.1743 -0.0000 -0.9847
vn -0.1411 -0.5871 -0.7971
vn -0.0541 -0.9507 -0.3055
vn 0.0536 -0.9515 0.3031
vn 0.1409 -0.5884 0.7962
vn 0.1743 -0.0000 0.9847
vn 0.1524 0.5885 0.7940
vn 0.0580 0.9515 0.3022
vn -0.0585 0.9506 -0.3048
vn -0.1526 0.5871 -0.7950
vn -0.1885 -0.0000 -0.9821
vn -0.1526 -0.5871 -0.7950
vn -0.0585 -0.9506 -0.3048
vn 0.0580 -0.9515 0.3022
vn 0.1524 -0.5885 0.7940
vn 0.1885 -0.0000 0.9821
vn 0.1645 0.5885 0.7916
vn 0.0626 0.9515 0.3012
vn -0.0631 0.9506 -0.3039
vn -0.1647 0.5871 -0.7926
vn -0.2034 -0.0000 -0.9791
vn -0.1647 -0.5871 -0.7926
vn -0.0631 -0.9506 -0.3039
vn 0.0626 -0.9515 0.3012
vn 0.1645 -0.5885 0.7916
vn 0.2034 -0.0000 0.9791
vn 0.1765 0.5885 0.7890
vn 0.0672 0.9515 0.3003
vn -0.0677 0.9506 -0.3029
vn -0.1767 0.5871 -0.7900
vn -0.2183 -0.0000 -0.9759
vn -0.1767 -0.5871 -0.7900
vn -0.0677 -0.9506 -0.3029
vn 0.0672 -0.9515 0.3003
vn 0.1765 -0.5885 0.7890
vn 0.2183 -0.0000 0.9759
vn 0.1885 0.5885 0.7862
vn 0.0717 0.9515 0.2992
vn -0.0724 0.9506 -0.3018
vn -0.1887 0.5871 -0.7872
vn -0.2331 -0.0000 -0.9724
vn -0.1887 -0.5871 -0.7872
vn -0.0724 -0.9506 -0.3018
vn 0.0717 -0.9515 0.2992
vn 0.1885 -0.5885 0.7862
vn 0.2331 -0.0000 0.9724
vn 0.2004 0.5885 0.7833
vn 0.0763 0.9515 0.2981
vn -0.0769 0.9506 -0.3007
vn -0.2007 0.5871 -0.7843
vn -0.2479 -0.0000 -0.9688
vn -0.2007 -0.5871 -0.7843
vn -0.0769 -0.9506 -0.3007
vn 0.0763 -0.9515 0.2981
vn 0.2004 -0.5885 0.7833
vn 0.2479 -0.0000 0.9688
vn 0.2117 0.5884 0.7803
vn 0.0806 0.9515 0.2970
vn -0.0812 0.9507 -0.2994
vn -0.2120 0.5871 -0.7812
vn -0.2618 -0.0000 -0.9651
vn -0.2120 -0.5871 -0.7812
vn -0.0812 -0.9507 -0.2994
vn 0.0806 -0.9515 0.2970
vn 0.2117 -0.5884 0.7803
vn 0.2619 -0.0000 0.9651
vn 0.2218 0.5883 0.7776
vn 0.0845 0.9514 0.2961
vn -0.0851 0.9507 -0.2982
vn -0.2220 0.5872 -0.7784
vn -0.2743 -0.0000 -0.9616
vn -0.2220 -0.5872 -0.7784
vn -0.0851 -0.9507 -0.2982
vn 0.0845 -0.9514 0.2961
vn 0.2218 -0.5883 0.7776
vn 0.2743 -0.0000 0.9616
vn 0.2302 0.5882 0.7753
vn 0.0877 0.9513 0.2954
vn -0.0882 0.9508 -0.2970
vn -0.2303 0.5873 -0.7759
vn -0.2846 -0.0000 -0.9587
vn -0.2303 -0.5873 -0.7759
vn -0.0882 -0.9508 -0.2970
vn 0.0877 -0.9513 0.2954
vn 0.2302 -0.5882 0.7753
vn 0.2846 -0.0000 0.9586
vn 0.2362 0.5881 0.7735
vn 0.0901 0.9512 0.2950
vn -0.0904 0.9509 -0.2961
vn -0.2363 0.5875 -0.7740
vn -0.2920 -0.0000 -0.9564
vn -0.2363 -0.5875 -0.7740
vn -0.0904 -0.9509 -0.2961
vn 0.0901 -0.9512 0.2950
vn 0.2362 -0.5881 0.7735
vn 0.2921 -0.0000 0.9564
vn 0.2397 0.5879 0.7726
vn 0.0915 0.9511 0.2949
vn -0.0916 0.9510 -0.2954
vn -0.2397 0.5877 -0.7728
vn -0.2963 -0.0000 -0.9551
vn -0.2397 -0.5877 -0.7728
vn -0.0916 -0.9510 -0.2954
vn 0.0915 -0.9511 0.2949
vn 0.2397 -0.5879 0.7726
vn 0.2963 -0.0000 0.9551
vn 0.2405 0.5878 0.7725
vn 0.0919 0.9510 0.2951
vn -0.0918 0.9511 -0.2950
vn -0.2405 0.5878 -0.7724
vn -0.2973 -0.0000 -0.9548
vn -0.2405 -0.5878 -0.7724
vn -0.0918 -0.9511 -0.2950
vn 0.0919 -0.9510 0.2951
vn 0.2405 -0.5878 0.7725
vn 0.2973 -0.0000 0.9548
vn 0.2388 0.5876 0.7731
vn 0.0913 0.9509 0.2956
vn -0.0911 0.9512 -0.2949
vn -0.2387 0.5880 -0.7729
vn -0.2951 -0.0000 -0.9555
vn -0.2387 -0.5880 -0.7729
vn -0.0911 -0.9512 -0.2949
vn 0.0913 -0.9509 0.2956
vn 0.2388 -0.5876 0.7731
vn 0.2951 -0.0000 0.9555
vn 0.2348 0.5875 0.7744
vn 0.0898 0.9509 0.2963
vn -0.0895 0.9512 -0.2952
vn -0.2347 0.5881 -0.7740
vn -0.2902 -0.0000 -0.9570
vn -0.2347 -0.5881 -0.7740
vn -0.0895 -0.9512 -0.2952
vn 0.0898 -0.9509 0.2963
vn 0.2348 -0.5875 0.7744
vn 0.2902 -0.0000 0.9570
vn 0.2291 0.5874 0.7762
vn 0.0877 0.9508 0.2971
vn -0.0873 0.9513 -0.2957
vn -0.2290 0.5882 -0.7756
vn -0.2832 -0.0000 -0.9591
vn -0.2290 -0.5882 -0.7756
vn -0.0873 -0.9513 -0.2957
vn 0.0877 -0.9508 0.2971
vn 0.2291 -0.5874 0.7762
vn 0.2831 -0.0000 0.9591
vn 0.2259 0.5874 0.7772
vn 0.0865 0.9508 0.2975
vn -0.0860 0.9513 -0.2959
vn -0.2257 0.5882 -0.7766
vn -0.2791 -0.0000 -0.9602
vn -0.2257 -0.5882 -0.7766
vn -0.0860 -0.9513 -0.2959
vn 0.0865 -0.9508 0.2975
vn 0.2259 -0.5874 0.7772
vn 0.2791 -0.0000 0.9603
vt 0.000000 1.000000
vt 0.041667 1.000000
vt 0.041667 0.900000
vt 0.000000 0.900000
vt 0.000000 0.100000
vt 0.041667 0.100000
vt 0.041667 0.000000
vt 0.000000 0.000000
vt 0.000000 0.200000
vt 0.041667 0.200000
vt 0.000000 0.300000
vt 0.041667 0.300000
vt 0.000000 0.400000
vt 0.041667 0.400000
vt 0.000000 0.500000
vt 0.041667 0.500000
vt 0.000000 0.600000
vt 0.041667 0.600000
vt 0.000000 0.700000
vt 0.041667 0.700000
vt 0.000000 0.800000
vt 0.041667 0.800000
vt 0.083333 1.000000
vt 0.083333 0.900000
vt 0.083333 0.100000
vt 0.083333 0.000000
vt 0.083333 0.200000
vt 0.083333 0.300000
vt 0.083333 0.400000
vt 0.083333 0.500000
vt 0.083333 0.600000
vt 0.083333 0.700000
vt 0.083333 0.800000
vt 0.125000 1.000000
vt 0.125000 0.900000
vt 0.125000 0.100000
vt 0.125000 0.000000
vt 0.125000 0.200000
vt 0.125000 0.300000
vt 0.125000 0.400000
vt 0.125000 0.500000
vt 0.125000 0.600000
vt 0.125000 0.700000
vt 0.125000 0.800000
vt 0.166667 1.000000
vt 0.166667 0.900000
vt 0.166667 0.100000
vt 0.166667 0.000000
vt 0.166667 0.200000
vt 0.166667 0.300000
vt 0.166667 0.400000
vt 0.166667 0.500000
vt 0.166667 0.600000
vt 0.166667 0.700000
vt 0.166667 0.800000
vt 0.208333 1.000000
vt 0.208333 0.900000
vt 0.208333 0.100000
vt 0.208333 0.000000
vt 0.208333 0.200000
vt 0.208333 0.300000
vt 0.208333 0.400000
vt 0.208333 0.500000
vt 0.208333 0.600000
vt 0.208333 0.700000
vt 0.208333 0.800000
vt 0.250000 1.000000
vt 0.250000 0.900000
vt 0.250000 0.100000
vt 0.250000 0.000000
vt 0.250000 0.200000
vt 0.250000 0.300000
vt 0.250000 0.400000
vt 0.250000 0.500000
vt 0.250000 0.600000
vt 0.250000 0.700000
vt 0.250000 0.800000
vt 0.291667 1.000000
vt 0.291667 0.900000
vt 0.291667 0.100000
vt 0.291667 0.000000
vt 0.291667 0.200000
vt 0.291667 0.300000
vt 0.291667 0.400000
vt 0.291667 0.500000
vt 0.291667 0.600000
vt 0.291667 0.700000
vt 0.291667 0.800000
vt 0.333333 1.000000
vt 0.333333 0.900000
vt 0.333333 0.100000
vt 0.333333 0.000000
vt 0.333333 0.200000
vt 0.333333 0.300000
vt 0.333333 0.400000
vt 0.333333 0.500000
vt 0.333333 0.600000
vt 0.333333 0.700000
vt 0.333333 0.800000
vt 0.375000 1.000000
vt 0.375000 0.900000
vt 0.375000 0.100000
vt 0.375000 0.000000
vt 0.375000 0.200000
vt 0.375000 0.300000
vt 0.375000 0.400000
vt 0.375000 0.500000
vt 0.375000 0.600000
vt 0.375000 0.700000
vt 0.375000 0.800000
vt 0.416667 1.000000
vt 0.416667 0.900000
vt 0.416667 0.100000
vt 0.416667 0.000000
vt 0.416667 0.200000
vt 0.416667 0.300000
vt 0.416667 0.400000
vt 0.416667 0.500000
vt 0.416667 0.600000
vt 0.416667 0.700000
vt 0.416667 0.800000
vt 0.458333 1.000000
vt 0.458333 0.900000
vt 0.458333 0.100000
vt 0.458333 0.000000
vt 0.458333 0.200000
vt 0.458333 0.300000
vt 0.458333 0.400000
vt 0.458333 0.500000
vt 0.458333 0.600000
vt 0.458333 0.700000
vt 0.458333 0.800000
vt 0.500000 1.000000
vt 0.500000 0.900000
vt 0.500000 0.100000
vt 0.500000 0.000000
vt 0.500000 0.200000
vt 0.500000 0.300000
vt 0.500000 0.400000
vt 0.500000 0.500000
vt 0.500000 0.600000
vt 0.500000 0.700000
vt 0.500000 0.800000
vt 0.541667 1.000000
vt 0.541667 0.900000
vt 0.541667 0.100000
vt 0.541667 0.000000
vt 0.541667 0.200000
vt 0.541667 0.300000
vt 0.541667 0.400000
vt 0.541667 0.500000
vt 0.541667 0.600000
vt 0.541667 0.700000
vt 0.541667 0.800000
vt 0.583333 1.000000
vt 0.583333 0.900000
vt 0.583333 0.100000
vt 0.583333 0.000000
vt 0.583333 0.200000
vt 0.583333 0.300000
vt 0.583333 0.400000
vt 0.583333 0.500000
vt 0.583333 0.600000
vt 0.583333 0.700000
vt 0.583333 0.800000
vt 0.625000 1.000000
vt 0.625000 0.900000
vt 0.625000 0.100000
vt 0.625000 0.000000
vt 0.625000 0.200000
vt 0.625000 0.300000
vt 0.625000 0.400000
vt 0.625000 0.500000
vt 0.625000 0.600000
vt 0.625000 0.700000
vt 0.625000 0.800000
vt 0.666667 1.000000
vt 0.666667 0.900000
vt 0.666667 0.100000
vt 0.666667 0.000000
vt 0.666667 0.200000
vt 0.666667 0.300000
vt 0.666667 0.400000
vt 0.666667 0.500000
vt 0.666667 0.600000
vt 0.666667 0.700000
vt 0.666667 0.800000
vt 0.708333 1.000000
vt 0.708333 0.900000
vt 0.708333 0.100000
vt 0.708333 0.000000
vt 0.708333 0.200000
vt 0.708333 0.300000
vt 0.708333 0.400000
vt 0.708333 0.500000
vt 0.708333 0.600000
vt 0.708333 0.700000
vt 0.708333 0.800000
vt 0.750000 1.000000
vt 0.750000 0.900000
vt 0.750000 0.100000
vt 0.750000 0.000000
vt 0.750000 0.200000
vt 0.750000 0.300000
vt 0.750000 0.400000
vt 0.750000 0.500000
vt 0.750000 0.600000
vt 0.750000 0.700000
vt 0.750000 0.800000
vt 0.791667 1.000000
vt 0.791667 0.900000
vt 0.791667 0.100000
vt 0.791667 0.000000
vt 0.791667 0.200000
vt 0.791667 0.300000
vt 0.791667 0.400000
vt 0.791667 0.500000
vt 0.791667 0.600000
vt 0.791667 0.700000
vt 0.791667 0.800000
vt 0.833333 1.000000
vt 0.833333 0.900000
vt 0.833333 0.100000
vt 0.833333 0.000000
vt 0.833333 0.200000
vt 0.833333 0.300000
vt 0.833333 0.400000
vt 0.833333 0.500000
vt 0.833333 0.600000
vt 0.833333 0.700000
vt 0.833333 0.800000
vt 0.875000 1.000000
vt 0.875000 0.900000
vt 0.875000 0.100000
vt 0.875000 0.000000
vt 0.875000 0.200000
vt 0.875000 0.300000
vt 0.875000 0.400000
vt 0.875000 0.500000
vt 0.875000 0.600000
vt 0.875000 0.700000
vt 0.875000 0.800000
vt 0.916667 1.000000
vt 0.916667 0.900000
vt 0.916667 0.100000
vt 0.916667 0.000000
vt 0.916667 0.200000
vt 0.916667 0.300000
vt 0.916667 0.400000
vt 0.916667 0.500000
vt 0.916667 0.600000
vt 0.916667 0.700000
vt 0.916667 0.800000
vt 0.958333 1.000000
vt 0.958333 0.900000
vt 0.958333 0.100000
vt 0.958333 0.000000
vt 0.958333 0.200000
vt 0.958333 0.300000
vt 0.958333 0.400000
vt 0.958333 0.500000
vt 0.958333 0.600000
vt 0.958333 0.700000
vt 0.958333 0.800000
vt 1.000000 1.000000
vt 1.000000 0.900000
vt 1.000000 0.100000
vt 1.000000 0.000000
vt 1.000000 0.200000
vt 1.000000 0.300000
vt 1.000000 0.400000
vt 1.000000 0.500000
vt 1.000000 0.600000
vt 1.000000 0.700000
vt 1.000000 0.800000
s 1
usemtl M_Blue
f 1/1/1 11/2/11 20/3/20 10/4/10
f 2/5/2 12/6/12 11/7/11 1/8/1
f 3/9/3 13/10/13 12/6/12 2/5/2
f 4/11/4 14/12/14 13/10/13 3/9/3
f 5/13/5 15/14/15 14/12/14 4/11/4
f 6/15/6 16/16/16 15/14/15 5/13/5
f 7/17/7 17/18/17 16/16/16 6/15/6
f 8/19/8 18/20/18 17/18/17 7/17/7
f 9/21/9 19/22/19 18/20/18 8/19/8
f 10/4/10 20/3/20 19/22/19 9/21/9
f 11/2/11 21/23/21 30/24/30 20/3/20
f 12/6/12 22/25/22 21/26/21 11/7/11
f 13/10/13 23/27/23 22/25/22 12/6/12
f 14/12/14 24/28/24 23/27/23 13/10/13
f 15/14/15 25/29/25 24/28/24 14/12/14
f 16/16/16 26/30/26 25/29/25 15/14/15
f 17/18/17 27/31/27 26/30/26 16/16/16
f 18/20/18 28/32/28 27/31/27 17/18/17
f 19/22/19 29/33/29 28/32/28 18/20/18
f 20/3/20 30/24/30 29/33/29 19/22/19
f 21/23/21 31/34/31 40/35/40 30/24/30
f 22/25/22 32/36/32 31/37/31 21/26/21
f 23/27/23 33/38/33 32/36/32 22/25/22
f 24/28/24 34/39/34 33/38/33 23/27/23
f 25/29/25 35/40/35 34/39/34 24/28/24
f 26/30/26 36/41/36 35/40/35 25/29/25
f 27/31/27 37/42/37 36/41/36 26/30/26
f 28/32/28 38/43/38 37/42/37 27/31/27
f 29/33/29 39/44/39 38/43/38 28/32/28
f 30/24/30 40/35/40 39/44/39 29/33/29
f 31/34/31 41/45/41 50/46/50 40/35/40
f 32/36/32 42/47/42 41/48/41 31/37/31
f 33/38/33 43/49/43 42/47/42 32/36/32
f 34/39/34 44/50/44 43/49/43 33/38/33
f 35/40/35 45/51/45 44/50/44 34/39/34
f 36/41/36 46/52/46 45/51/45 35/40/35
f 37/42/37 47/53/47 46/52/46 36/41/36
f 38/43/38 48/54/48 47/53/47 37/42/37
f 39/44/39 49/55/49 48/54/48 38/43/38
f 40/35/40 50/46/50 49/55/49 39/44/39
f 41/45/41 51/56/51 60/57/60 50/46/50
f 42/47/42 52/58/52 51/59/51 41/48/41
f 43/49/43 53/60/53 52/58/52 42/47/42
f 44/50/44 54/61/54 53/60/53 43/49/43
f 45/51/45 55/62/55 54/61/54 44/50/44
f 46/52/46 56/63/56 55/62/55 45/51/45
f 47/53/47 57/64/57 56/63/56 46/52/46
f 48/54/48 58/65/58 57/64/57 47/53/47
f 49/55/49 59/66/59 58/65/58 48/54/48
f 50/46/50 60/57/60 59/66/59 49/55/49
f 51/56/51 61/67/61 70/68/70 60/57/60
f 52/58/52 62/69/62 61/70/61 51/59/51
f 53/60/53 63/71/63 62/69/62 52/58/52
f 54/61/54 64/72/64 63/71/63 53/60/53
f 55/62/55 65/73/65 64/72/64 54/61/54
f 56/63/56 66/74/66 65/73/65 55/62/55
f 57/64/57 67/75/67 66/74/66 56/63/56
f 58/65/58 68/76/68 67/75/67 57/64/57
f 59/66/59 69/77/69 68/76/68 58/65/58
f 60/57/60 70/68/70 69/77/69 59/66/59
f 61/67/61 71/78/71 80/79/80 70/68/70
f 62/69/62 72/80/72 71/81/71 61/70/61
f 63/71/63 73/82/73 72/80/72 62/69/62
f 64/72/64 74/83/74 73/82/73 63/71/63
f 65/73/65 75/84/75 74/83/74 64/72/64
f 66/74/66 76/85/76 75/84/75 65/73/65
f 67/75/67 77/86/77 76/85/76 66/74/66
f 68/76/68 78/87/78 77/86/77 67/75/67
f 69/77/69 79/88/79 78/87/78 68/76/68
f 70/68/70 80/79/80 79/88/79 69/77/69
f 71/78/71 81/89/81 90/90/90 80/79/80
f 72/80/72 82/91/82 81/92/81 71/81/71
f 73/82/73 83/93/83 82/91/82 72/80/72
f 74/83/74 84/94/84 83/93/83 73/82/73
f 75/84/75 85/95/85 84/94/84 74/83/74
f 76/85/76 86/96/86 85/95/85 75/84/75
f 77/86/77 87/97/87 86/96/86 76/85/76
f 78/87/78 88/98/88 87/97/87 77/86/77
f 79/88/79 89/99/89 88/98/88 78/87/78
f 80/79/80 90/90/90 89/99/89 79/88/79
f 81/89/81 91/100/91 100/101/100 90/90/90
f 82/91/82 92/102/92 91/103/91 81/92/81
f 83/93/83 93/104/93 92/102/92 82/91/82
f 84/94/84 94/105/94 93/104/93 83/93/83
f 85/95/85 95/106/95 94/105/94 84/94/84
f 86/96/86 96/107/96 95/106/95 85/95/85
f 87/97/87 97/108/97 96/107/96 86/96/86
f 88/98/88 98/109/98 97/108/97 87/97/87
f 89/99/89 99/110/99 98/109/98 88/98/88
f 90/90/90 100/101/100 99/110/99 89/99/89
f 91/100/91 101/111/101 110/112/110 100/101/100
f 92/102/92 102/113/102 101/114/101 91/103/91
f 93/104/93 103/115/103 102/113/102 92/102/92
f 94/105/94 104/116/104 103/115/103 93/104/93
f 95/106/95 105/117/105 104/116/104 94/105/94
f 96/107/96 106/118/106 105/117/105 95/106/95
f 97/108/97 107/119/107 106/118/106 96/107/96
f 98/109/98 108/120/108 107/119/107 97/108/97
f 99/110/99 109/121/109 108/120/108 98/109/98
f 100/101/100 110/112/110 109/121/109 99/110/99
f 101/111/101 111/122/111 120/123/120 110/112/110
f 102/113/102 112/124/112 111/125/111 101/114/101
f 103/115/103 113/126/113 112/124/112 102/113/102
f 104/116/104 114/127/114 113/126/113 103/115/103
f 105/117/105 115/128/115 114/127/114 104/116/104
f 106/118/106 116/129/116 115/128/115 105/117/105
f 107/119/107 117/130/117 116/129/116 106/118/106
f 108/120/108 118/131/118 117/130/117 107/119/107
f 109/121/109 119/132/119 118/131/118 108/120/108
f 110/112/110 120/123/120 119/132/119 109/121/109
f 111/122/111 121/133/121 130/134/130 120/123/120
f 112/124/112 122/135/122 121/136/121 111/125/111
f 113/126/113 123/137/123 122/135/122 112/124/112
f 114/127/114 124/138/124 123/137/123 113/126/113
f 115/128/115 125/139/125 124/138/124 114/127/114
f 116/129/116 126/140/126 125/139/125 115/128/115
f 117/130/117 127/141/127 126/140/126 116/129/116
f 118/131/118 128/142/128 127/141/127 117/130/117
f 119/132/119 129/143/129 128/142/128 118/131/118
f 120/123/120 130/134/130 129/143/129 119/132/119
f 121/133/121 131/144/131 140/145/140 130/134/130
f 122/135/122 132/146/132 131/147/131 121/136/121
f 123/137/123 133/148/133 132/146/132 122/135/122
f 124/138/124 134/149/134 133/148/133 123/137/123
f 125/139/125 135/150/135 134/149/134 124/138/124
f 126/140/126 136/151/136 135/150/135 125/139/125
f 127/141/127 137/152/137 136/151/136 126/140/126
f 128/142/128 138/153/138 137/152/137 127/141/127
f 129/143/129 139/154/139 138/153/138 128/142/128
f 130/134/130 140/145/140 139/154/139 129/143/129
f 131/144/131 141/155/141 150/156/150 140/145/140
f 132/146/132 142/157/142 141/158/141 131/147/131
f 133/148/133 143/159/143 142/157/142 132/146/132
f 134/149/134 144/160/144 143/159/143 133/148/133
f 135/150/135 145/161/145 144/160/144 134/149/134
f 136/151/136 146/162/146 145/161/145 135/150/135
f 137/152/137 147/163/147 146/162/146 136/151/136
f 138/153/138 148/164/148 147/163/147 137/152/137
f 139/154/139 149/165/149 148/164/148 138/153/138
f 140/145/140 150/156/150 149/165/149 139/154/139
f 141/155/141 151/166/151 160/167/160 150/156/150
f 142/157/142 152/168/152 151/169/151 141/158/141
f 143/159/143 153/170/153 152/168/152 142/157/142
f 144/160/144 154/171/154 153/170/153 143/159/143
f 145/161/145 155/172/155 154/171/154 144/160/144
f 146/162/146 156/173/156 155/172/155 145/161/145
f 147/163/147 157/174/157 156/173/156 146/162/146
f 148/164/148 158/175/158 157/174/157 147/163/147
f 149/165/149 159/176/159 158/175/158 148/164/148
f 150/156/150 160/167/160 159/176/159 149/165/149
f 151/166/151 161/177/161 170/178/170 160/167/160
f 152/168/152 162/179/162 161/180/161 151/169/151
f 153/170/153 163/181/163 162/179/162 152/168/152
f 154/171/154 164/182/164 163/181/163 153/170/153
f 155/172/155 165/183/165 164/182/164 154/171/154
f 156/173/156 166/184/166 165/183/165 155/172/155
f 157/174/157 167/185/167 166/184/166 156/173/156
f 158/175/158 168/186/168 167/185/167 157/174/157
f 159/176/159 169/187/169 168/186/168 158/175/158
f 160/167/160 170/178/170 169/187/169 159/176/159
f 161/177/161 171/188/171 180/189/180 170/178/170
f 162/179/162 172/190/172 171/191/171 161/180/161
f 163/181/163 173/192/173 172/190/172 162/179/162
f 164/182/164 174/193/174 173/192/173 163/181/163
f 165/183/165 175/194/175 174/193/174 164/182/164
f 166/184/166 176/195/176 175/194/175 165/183/165
f 167/185/167 177/196/177 176/195/176 166/184/166
f 168/186/168 178/197/178 177/196/177 167/185/167
f 169/187/169 179/198/179 178/197/178 168/186/168
f 170/178/170 180/189/180 179/198/179 169/187/169
f 171/188/171 181/199/181 190/200/190 180/189/180
f 172/190/172 182/201/182 181/202/181 171/191/171
f 173/192/173 183/203/183 182/201/182 172/190/172
f 174/193/174 184/204/184 183/203/183 173/192/173
f 175/194/175 185/205/185 184/204/184 174/193/174
f 176/195/176 186/206/186 185/205/185 175/194/175
f 177/196/177 187/207/187 186/206/186 176/195/176
f 178/197/178 188/208/188 187/207/187 177/196/177
f 179/198/179 189/209/189 188/208/188 178/197/178
f 180/189/180 190/200/190 189/209/189 179/198/179
f 181/199/181 191/210/191 200/211/200 190/200/190
f 182/201/182 192/212/192 191/213/191 181/202/181
f 183/203/183 193/214/193 192/212/192 182/201/182
f 184/204/184 194/215/194 193/214/193 183/203/183
f 185/205/185 195/216/195 194/215/194 184/204/184
f 186/206/186 196/217/196 195/216/195 185/205/185
f 187/207/187 197/218/197 196/217/196 186/206/186
f 188/208/188 198/219/198 197/218/197 187/207/187
f 189/209/189 199/220/199 198/219/198 188/208/188
f 190/200/190 200/211/200 199/220/199 189/209/189
f 191/210/191 201/221/201 210/222/210 200/211/200
f 192/212/192 202/223/202 201/224/201 191/213/191
f 193/214/193 203/225/203 202/223/202 192/212/192
f 194/215/194 204/226/204 203/225/203 193/214/193
f 195/216/195 205/227/205 204/226/204 194/215/194
f 196/217/196 206/228/206 205/227/205 195/216/195
f 197/218/197 207/229/207 206/228/206 196/217/196
f 198/219/198 208/230/208 207/229/207 197/218/197
f 199/220/199 209/231/209 208/230/208 198/219/198
f 200/211/200 210/222/210 209/231/209 199/220/199
f 201/221/201 211/232/211 220/233/220 210/222/210
f 202/223/202 212/234/212 211/235/211 201/224/201
f 203/225/203 213/236/213 212/234/212 202/223/202
f 204/226/204 214/237/214 213/236/213 203/225/203
f 205/227/205 215/238/215 214/237/214 204/226/204
f 206/228/206 216/239/216 215/238/215 205/227/205
f 207/229/207 217/240/217 216/239/216 206/228/206
f 208/230/208 218/241/218 217/240/217 207/229/207
f 209/231/209 219/242/219 218/241/218 208/230/208
f 210/222/210 220/233/220 219/242/219 209/231/209
f 211/232/211 221/243/221 230/244/230 220/233/220
f 212/234/212 222/245/222 221/246/221 211/235/211
f 213/236/213 223/247/223 222/245/222 212/234/212
f 214/237/214 224/248/224 223/247/223 213/236/213
f 215/238/215 225/249/225 224/248/224 214/237/214
f 216/239/216 226/250/226 225/249/225 215/238/215
f 217/240/217 227/251/227 226/250/226 216/239/216
f 218/241/218 228/252/228 227/251/227 217/240/217
f 219/242/219 229/253/229 228/252/228 218/241/218
f 220/233/220 230/244/230 229/253/229 219/242/219
f 221/243/221 231/254/231 240/255/240 230/244/230
f 222/245/222 232/256/232 231/257/231 221/246/221
f 223/247/223 233/258/233 232/256/232 222/245/222
f 224/248/224 234/259/234 233/258/233 223/247/223
f 225/249/225 235/260/235 234/259/234 224/248/224
f 226/250/226 236/261/236 235/260/235 225/249/225
f 227/251/227 237/262/237 236/261/236 226/250/226
f 228/252/228 238/263/238 237/262/237 227/251/227
f 229/253/229 239/264/239 238/263/238 228/252/228
f 230/244/230 240/255/240 239/264/239 229/253/229
f 231/254/231 241/265/241 250/266/250 240/255/240
f 232/256/232 242/267/242 241/268/241 231/257/231
f 233/258/233 243/269/243 242/267/242 232/256/232
f 234/259/234 244/270/244 243/269/243 233/258/233
f 235/260/235 245/271/245 244/270/244 234/259/234
f 236/261/236 246/272/246 245/271/245 235/260/235
f 237/262/237 247/273/247 246/272/246 236/261/236
f 238/263/238 248/274/248 247/273/247 237/262/237
f 239/264/239 249/275/249 248/274/248 238/263/238
f 240/255/240 250/266/250 249/275/249 239/264/239
o Handle.002
v 0.004563 0.020572 0.087946
v 0.001743 0.033287 0.070674
v -0.001743 0.033287 0.049326
v -0.004563 0.020572 0.032054
v -0.005640 -0.000000 0.025457
v -0.004563 -0.020572 0.032054
v -0.001743 -0.033287 0.049326
v 0.001743 -0.033287 0.070674
v 0.004563 -0.020572 0.087946
v 0.005640 0.000000 0.094543
v -0.018791 0.020572 0.091648
v -0.021459 0.033287 0.074353
v -0.024757 0.033287 0.052974
v -0.027425 0.020572 0.035679
v -0.028444 -0.000000 0.029073
v -0.027425 -0.020572 0.035679
v -0.024757 -0.033287 0.052974
v -0.021459 -0.033287 0.074353
v -0.018791 -0.020572 0.091648
v -0.017772 0.000000 0.098254
v -0.040682 0.020572 0.094932
v -0.043222 0.033287 0.077617
v -0.046362 0.033287 0.056215
v -0.048903 0.020572 0.038900
v -0.049873 -0.000000 0.032287
v -0.048903 -0.020572 0.038901
v -0.046362 -0.033287 0.056215
v -0.043222 -0.033287 0.077617
v -0.040682 -0.020572 0.094932
v -0.039711 0.000000 0.101545
v -0.061366 0.020572 0.097899
v -0.063818 0.033287 0.080572
v -0.066849 0.033287 0.059154
v -0.069301 0.020572 0.041827
v -0.070238 -0.000000 0.035208
v -0.069301 -0.020572 0.041827
v -0.066849 -0.033287 0.059154
v -0.063818 -0.033287 0.080572
v -0.061366 -0.020572 0.097899
v -0.060430 0.000000 0.104518
v -0.081108 0.020572 0.100655
v -0.083521 0.033287 0.083322
v -0.086503 0.033287 0.061897
v -0.088916 0.020572 0.044564
v -0.089838 -0.000000 0.037944
v -0.088916 -0.020572 0.044564
v -0.086503 -0.033287 0.061897
v -0.083521 -0.033287 0.083322
v -0.081108 -0.020572 0.100655
v -0.080187 0.000000 0.107275
v -0.100176 0.020572 0.103302
v -0.102606 0.033287 0.085972
v -0.105610 0.033287 0.064550
v -0.108040 0.020572 0.047220
v -0.108969 -0.000000 0.040600
v -0.108040 -0.020572 0.047220
v -0.105610 -0.033287 0.064550
v -0.102606 -0.033287 0.085972
v -0.100176 -0.020572 0.103302
v -0.099248 0.000000 0.109922
v -0.118844 0.020572 0.105946
v -0.121352 0.033287 0.088626
v -0.124451 0.033287 0.067218
v -0.126959 0.020572 0.049899
v -0.127917 -0.000000 0.043284
v -0.126959 -0.020572 0.049899
v -0.124451 -0.033287 0.067218
v -0.121352 -0.033287 0.088626
v -0.118844 -0.020572 0.105946
v -0.117887 0.000000 0.112561
v -0.137398 0.020572 0.108690
v -0.140040 0.033287 0.091391
v -0.143306 0.033287 0.070008
v -0.145948 0.020572 0.052708
v -0.146957 -0.000000 0.046101
v -0.145948 -0.020572 0.052708
v -0.143306 -0.033287 0.070008
v -0.140040 -0.033287 0.091391
v -0.137398 -0.020572 0.108690
v -0.136388 0.000000 0.115298
v -0.156128 0.020572 0.111641
v -0.158955 0.033287 0.094371
v -0.162449 0.033287 0.073023
v -0.165276 0.020572 0.055753
v -0.166356 -0.000000 0.049157
v -0.165276 -0.020572 0.055753
v -0.162449 -0.033287 0.073023
v -0.158955 -0.033287 0.094371
v -0.156128 -0.020572 0.111641
v -0.155048 0.000000 0.118237
v -0.175333 0.020572 0.114903
v -0.178384 0.033287 0.097671
v -0.182154 0.033287 0.076371
v -0.185204 0.020572 0.059138
v -0.186370 -0.000000 0.052556
v -0.185204 -0.020572 0.059138
v -0.182154 -0.033287 0.076371
v -0.178384 -0.033287 0.097671
v -0.175333 -0.020572 0.114903
v -0.174168 0.000000 0.121485
v -0.195316 0.020572 0.118583
v -0.198615 0.033287 0.101397
v -0.202693 0.033287 0.080154
v -0.205992 0.020572 0.062968
v -0.207252 -0.000000 0.056403
v -0.205992 -0.020572 0.062968
v -0.202693 -0.033287 0.080154
v -0.198615 -0.033287 0.101397
v -0.195316 -0.020572 0.118583
v -0.194056 0.000000 0.125148
v -0.216378 0.020572 0.122790
v -0.219938 0.033287 0.105656
v -0.224338 0.033287 0.084477
v -0.227897 0.020572 0.067343
v -0.229257 -0.000000 0.060799
v -0.227897 -0.020572 0.067343
v -0.224338 -0.033287 0.084477
v -0.219938 -0.033287 0.105656
v -0.216378 -0.020572 0.122790
v -0.215018 0.000000 0.129335
v -0.238819 0.020572 0.127633
v -0.242639 0.033287 0.110555
v -0.247361 0.033287 0.089445
v -0.251181 0.020572 0.072367
v -0.252640 -0.000000 0.065844
v -0.251181 -0.020572 0.072367
v -0.247361 -0.033287 0.089445
v -0.242639 -0.033287 0.110555
v -0.238819 -0.020572 0.127633
v -0.237360 0.000000 0.134156
v -0.251763 0.020572 0.130631
v -0.255843 0.033287 0.113613
v -0.260886 0.033287 0.092578
v -0.264966 0.020572 0.075560
v -0.266524 -0.000000 0.069060
v -0.264966 -0.020572 0.075560
v -0.260886 -0.033287 0.092578
v -0.255843 -0.033287 0.113613
v -0.251763 -0.020572 0.130631
v -0.250204 0.000000 0.137131
v -0.263818 0.020572 0.133619
v -0.268156 0.033287 0.116665
v -0.273517 0.033287 0.095709
v -0.277855 0.020572 0.078755
v -0.279512 -0.000000 0.072279
v -0.277855 -0.020572 0.078755
v -0.273517 -0.033287 0.095709
v -0.268156 -0.033287 0.116665
v -0.263818 -0.020572 0.133619
v -0.262161 0.000000 0.140095
v -0.275177 0.020572 0.136617
v -0.279760 0.033287 0.119727
v -0.285424 0.033287 0.098851
v -0.290006 0.020572 0.081961
v -0.291756 -0.000000 0.075510
v -0.290006 -0.020572 0.081961
v -0.285424 -0.033287 0.098851
v -0.279760 -0.033287 0.119727
v -0.275177 -0.020572 0.136617
v -0.273427 0.000000 0.143068
v -0.286037 0.020572 0.139644
v -0.290838 0.033287 0.122816
v -0.296772 0.033287 0.102014
v -0.301573 0.020572 0.085186
v -0.303407 -0.000000 0.078758
v -0.301573 -0.020572 0.085186
v -0.296772 -0.033287 0.102014
v -0.290838 -0.033287 0.122816
v -0.286037 -0.020572 0.139644
v -0.284204 0.000000 0.146072
v -0.296593 0.020572 0.142725
v -0.301574 0.033287 0.125948
v -0.307730 0.033287 0.105211
v -0.312710 0.020572 0.088435
v -0.314612 -0.000000 0.082027
v -0.312710 -0.020572 0.088435
v -0.307730 -0.033287 0.105211
v -0.301574 -0.033287 0.125948
v -0.296593 -0.020572 0.142725
v -0.294691 0.000000 0.149133
v -0.307037 0.020572 0.145878
v -0.312147 0.033287 0.129141
v -0.318465 0.033287 0.108453
v -0.323575 0.020572 0.091716
v -0.325527 -0.000000 0.085323
v -0.323575 -0.020572 0.091716
v -0.318465 -0.033287 0.108453
v -0.312147 -0.033287 0.129141
v -0.307037 -0.020572 0.145878
v -0.305085 0.000000 0.152271
v -0.317554 0.020572 0.149125
v -0.322739 0.033287 0.132411
v -0.329148 0.033287 0.111751
v -0.334333 0.020572 0.095037
v -0.336314 -0.000000 0.088653
v -0.334333 -0.020572 0.095037
v -0.329148 -0.033287 0.111751
v -0.322739 -0.033287 0.132411
v -0.317554 -0.020572 0.149125
v -0.315573 0.000000 0.155510
v -0.328322 0.020572 0.152482
v -0.333524 0.033287 0.135773
v -0.339954 0.033287 0.115120
v -0.345156 0.020572 0.098411
v -0.347143 -0.000000 0.092029
v -0.345156 -0.020572 0.098411
v -0.339954 -0.033287 0.115120
v -0.333524 -0.033287 0.135773
v -0.328322 -0.020572 0.152482
v -0.326335 0.000000 0.158864
v -0.339511 0.020572 0.155961
v -0.344676 0.033287 0.139241
v -0.351059 0.033287 0.118573
v -0.356223 0.020572 0.101852
v -0.358196 -0.000000 0.095465
v -0.356223 -0.020572 0.101852
v -0.351059 -0.033287 0.118573
v -0.344676 -0.033287 0.139241
v -0.339511 -0.020572 0.155961
v -0.337539 0.000000 0.162348
v -0.351286 0.020572 0.159573
v -0.356365 0.033287 0.142827
v -0.362642 0.033287 0.122126
v -0.367721 0.020572 0.105379
v -0.369661 -0.000000 0.098983
v -0.367721 -0.020572 0.105379
v -0.362642 -0.033287 0.122126
v -0.356365 -0.033287 0.142827
v -0.351286 -0.020572 0.159573
v -0.349346 0.000000 0.165970
v -0.363805 0.020572 0.163326
v -0.368760 0.033287 0.146542
v -0.374885 0.033287 0.125796
v -0.379840 0.020572 0.109013
v -0.381733 -0.000000 0.102602
v -0.379840 -0.020572 0.109013
v -0.374885 -0.033287 0.125796
v -0.368760 -0.033287 0.146542
v -0.363805 -0.020572 0.163326
v -0.361913 0.000000 0.169737
v -0.377221 0.020572 0.167226
v -0.382029 0.033287 0.150399
v -0.387971 0.033287 0.129601
v -0.392779 0.020572 0.112774
v -0.394615 -0.000000 0.106347
v -0.392779 -0.020572 0.112774
v -0.387971 -0.033287 0.129601
v -0.382029 -0.033287 0.150399
v -0.377221 -0.020572 0.167226
v -0.375385 0.000000 0.173653
vn 0.1267 0.5874 0.7993
vn 0.0485 0.9508 0.3060
vn -0.0483 0.9513 -0.3044
vn -0.1266 0.5882 -0.7987
vn -0.1566 -0.0000 -0.9877
vn -0.1266 -0.5882 -0.7987
vn -0.0483 -0.9513 -0.3044
vn 0.0485 -0.9508 0.3060
vn 0.1267 -0.5874 0.7993
vn 0.1566 -0.0000 0.9877
vn 0.1234 0.5874 0.7998
vn 0.0472 0.9508 0.3061
vn -0.0470 0.9513 -0.3047
vn -0.1233 0.5882 -0.7993
vn -0.1525 -0.0000 -0.9883
vn -0.1233 -0.5882 -0.7993
vn -0.0470 -0.9513 -0.3047
vn 0.0472 -0.9508 0.3061
vn 0.1234 -0.5874 0.7998
vn 0.1525 -0.0000 0.9883
vn 0.1175 0.5875 0.8007
vn 0.0449 0.9509 0.3063
vn -0.0448 0.9512 -0.3052
vn -0.1174 0.5881 -0.8002
vn -0.1452 -0.0000 -0.9894
vn -0.1174 -0.5881 -0.8002
vn -0.0448 -0.9512 -0.3052
vn 0.0449 -0.9509 0.3063
vn 0.1175 -0.5875 0.8007
vn 0.1452 -0.0000 0.9894
vn 0.1134 0.5876 0.8012
vn 0.0433 0.9509 0.3063
vn -0.0433 0.9512 -0.3056
vn -0.1133 0.5880 -0.8009
vn -0.1401 -0.0000 -0.9901
vn -0.1133 -0.5880 -0.8009
vn -0.0433 -0.9512 -0.3056
vn 0.0433 -0.9509 0.3063
vn 0.1134 -0.5876 0.8012
vn 0.1401 -0.0000 0.9901
vn 0.1115 0.5878 0.8013
vn 0.0426 0.9510 0.3061
vn -0.0426 0.9511 -0.3060
vn -0.1115 0.5878 -0.8013
vn -0.1379 -0.0000 -0.9904
vn -0.1115 -0.5878 -0.8013
vn -0.0426 -0.9511 -0.3060
vn 0.0426 -0.9510 0.3061
vn 0.1115 -0.5878 0.8013
vn 0.1379 -0.0000 0.9904
vn 0.1123 0.5879 0.8011
vn 0.0429 0.9511 0.3058
vn -0.0429 0.9510 -0.3063
vn -0.1124 0.5877 -0.8013
vn -0.1389 -0.0000 -0.9903
vn -0.1124 -0.5877 -0.8013
vn -0.0429 -0.9510 -0.3063
vn 0.0429 -0.9511 0.3058
vn 0.1123 -0.5879 0.8011
vn 0.1389 -0.0000 0.9903
vn 0.1159 0.5881 0.8005
vn 0.0442 0.9512 0.3053
vn -0.0444 0.9509 -0.3064
vn -0.1160 0.5875 -0.8009
vn -0.1433 -0.0000 -0.9897
vn -0.1160 -0.5875 -0.8009
vn -0.0444 -0.9509 -0.3064
vn 0.0442 -0.9512 0.3053
vn 0.1159 -0.5881 0.8005
vn 0.1433 -0.0000 0.9897
vn 0.1221 0.5882 0.7994
vn 0.0465 0.9513 0.3047
vn -0.0468 0.9508 -0.3063
vn -0.1222 0.5873 -0.8001
vn -0.1510 -0.0000 -0.9885
vn -0.1222 -0.5873 -0.8001
vn -0.0468 -0.9508 -0.3063
vn 0.0465 -0.9513 0.3047
vn 0.1221 -0.5882 0.7994
vn 0.1510 -0.0000 0.9885
vn 0.1306 0.5883 0.7980
vn 0.0497 0.9514 0.3039
vn -0.0501 0.9507 -0.3060
vn -0.1308 0.5872 -0.7988
vn -0.1615 -0.0000 -0.9869
vn -0.1308 -0.5872 -0.7988
vn -0.0501 -0.9507 -0.3060
vn 0.0497 -0.9514 0.3039
vn 0.1306 -0.5883 0.7980
vn 0.1615 -0.0000 0.9869
vn 0.1409 0.5884 0.7962
vn 0.0536 0.9515 0.3031
vn -0.0541 0.9507 -0.3055
vn -0.1411 0.5871 -0.7971
vn -0.1743 -0.0000 -0.9847
vn -0.1411 -0.5871 -0.7971
vn -0.0541 -0.9507 -0.3055
vn 0.0536 -0.9515 0.3031
vn 0.1409 -0.5884 0.7962
vn 0.1743 -0.0000 0.9847
vn 0.1524 0.5885 0.7940
vn 0.0580 0.9515 0.3022
vn -0.0585 0.9506 -0.3048
vn -0.1526 0.5871 -0.7950
vn -0.1885 -0.0000 -0.9821
vn -0.1526 -0.5871 -0.7950
vn -0.0585 -0.9506 -0.3048
vn 0.0580 -0.9515 0.3022
vn 0.1524 -0.5885 0.7940
vn 0.1885 -0.0000 0.9821
vn 0.1645 0.5885 0.7916
vn 0.0626 0.9515 0.3012
vn -0.0631 0.9506 -0.3039
vn -0.1647 0.5871 -0.7926
vn -0.2034 -0.0000 -0.9791
vn -0.1647 -0.5871 -0.7926
vn -0.0631 -0.9506 -0.3039
vn 0.0626 -0.9515 0.3012
vn 0.1645 -0.5885 0.7916
vn 0.2034 -0.0000 0.9791
vn 0.1765 0.5885 0.7890
vn 0.0672 0.9515 0.3003
vn -0.0677 0.9506 -0.3029
vn -0.1767 0.5871 -0.7900
vn -0.2183 -0.0000 -0.9759
vn -0.1767 -0.5871 -0.7900
vn -0.0677 -0.9506 -0.3029
vn 0.0672 -0.9515 0.3003
vn 0.1765 -0.5885 0.7890
vn 0.2183 -0.0000 0.9759
vn 0.1885 0.5885 0.7862
vn 0.0717 0.9515 0.2992
vn -0.0724 0.9506 -0.3018
vn -0.1887 0.5871 -0.7872
vn -0.2331 -0.0000 -0.9724
vn -0.1887 -0.5871 -0.7872
vn -0.0724 -0.9506 -0.3018
vn 0.0717 -0.9515 0.2992
vn 0.1885 -0.5885 0.7862
vn 0.2331 -0.0000 0.9724
vn 0.2004 0.5885 0.7833
vn 0.0763 0.9515 0.2981
vn -0.0769 0.9506 -0.3007
vn -0.2007 0.5871 -0.7843
vn -0.2479 -0.0000 -0.9688
vn -0.2007 -0.5871 -0.7843
vn -0.0769 -0.9506 -0.3007
vn 0.0763 -0.9515 0.2981
vn 0.2004 -0.5885 0.7833
vn 0.2479 -0.0000 0.9688
vn 0.2117 0.5884 0.7803
vn 0.0806 0.9515 0.2970
vn -0.0812 0.9507 -0.2994
vn -0.2120 0.5871 -0.7812
vn -0.2618 -0.0000 -0.9651
vn -0.2120 -0.5871 -0.7812
vn -0.0812 -0.9507 -0.2994
vn 0.0806 -0.9515 0.2970
vn 0.2117 -0.5884 0.7803
vn 0.2619 -0.0000 0.9651
vn 0.2218 0.5883 0.7776
vn 0.0845 0.9514 0.2961
vn -0.0851 0.9507 -0.2982
vn -0.2220 0.5872 -0.7784
vn -0.2743 -0.0000 -0.9616
vn -0.2220 -0.5872 -0.7784
vn -0.0851 -0.9507 -0.2982
vn 0.0845 -0.9514 0.2961
vn 0.2218 -0.5883 0.7776
vn 0.2743 -0.0000 0.9616
vn 0.2302 0.5882 0.7753
vn 0.0877 0.9513 0.2954
vn -0.0882 0.9508 -0.2970
vn -0.2303 0.5873 -0.7759
vn -0.2846 -0.0000 -0.9587
vn -0.2303 -0.5873 -0.7759
vn -0.0882 -0.9508 -0.2970
vn 0.0877 -0.9513 0.2954
vn 0.2302 -0.5882 0.7753
vn 0.2846 -0.0000 0.9586
vn 0.2362 0.5881 0.7735
vn 0.0901 0.9512 0.2950
vn -0.0904 0.9509 -0.2961
vn -0.2363 0.5875 -0.7740
vn -0.2920 -0.0000 -0.9564
vn -0.2363 -0.5875 -0.7740
vn -0.0904 -0.9509 -0.2961
vn 0.0901 -0.9512 0.2950
vn 0.2362 -0.5881 0.7735
vn 0.2921 -0.0000 0.9564
vn 0.2397 0.5879 0.7726
vn 0.0915 0.9511 0.2949
vn -0.0916 0.9510 -0.2954
vn -0.2397 0.5877 -0.7728
vn -0.2963 -0.0000 -0.9551
vn -0.2397 -0.5877 -0.7728
vn -0.0916 -0.9510 -0.2954
vn 0.0915 -0.9511 0.2949
vn 0.2397 -0.5879 0.7726
vn 0.2963 -0.0000 0.9551
vn 0.2405 0.5878 0.7725
vn 0.0919 0.9510 0.2951
vn -0.0918 0.9511 -0.2950
vn -0.2405 0.5878 -0.7724
vn -0.2973 -0.0000 -0.9548
vn -0.2405 -0.5878 -0.7724
vn -0.0918 -0.9511 -0.2950
vn 0.0919 -0.9510 0.2951
vn 0.2405 -0.5878 0.7725
vn 0.2973 -0.0000 0.9548
vn 0.2388 0.5876 0.7731
vn 0.0913 0.9509 0.2956
vn -0.0911 0.9512 -0.2949
vn -0.2387 0.5880 -0.7729
vn -0.2951 -0.0000 -0.9555
vn -0.2387 -0.5880 -0.7729
vn -0.0911 -0.9512 -0.2949
vn 0.0913 -0.9509 0.2956
vn 0.2388 -0.5876 0.7731
vn 0.2951 -0.0000 0.9555
vn 0.2348 0.5875 0.7744
vn 0.0898 0.9509 0.2963
vn -0.0895 0.9512 -0.2952
vn -0.2347 0.5881 -0.7740
vn -0.2902 -0.0000 -0.9570
vn -0.2347 -0.5881 -0.7740
vn -0.0895 -0.9512 -0.2952
vn 0.0898 -0.9509 0.2963
vn 0.2348 -0.5875 0.7744
vn 0.2902 -0.0000 0.9570
vn 0.2291 0.5874 0.7762
vn 0.0877 0.9508 0.2971
vn -0.0873 0.9513 -0.2957
vn -0.2290 0.5882 -0.7756
vn -0.2832 -0.0000 -0.9591
vn -0.2290 -0.5882 -0.7756
vn -0.0873 -0.9513 -0.2957
vn 0.0877 -0.9508 0.2971
vn 0.2291 -0.5874 0.7762
vn 0.2831 -0.0000 0.9591
vn 0.2259 0.5874 0.7772
vn 0.0865 0.9508 0.2975
vn -0.0860 0.9513 -0.2959
vn -0.2257 0.5882 -0.7766
vn -0.2791 -0.0000 -0.9602
vn -0.2257 -0.5882 -0.7766
vn -0.0860 -0.9513 -0.2959
vn 0.0865 -0.9508 0.2975
vn 0.2259 -0.5874 0.7772
vn 0.2791 -0.0000 0.9603
vt 0.000000 1.000000
vt 0.041667 1.000000
vt 0.041667 0.900000
vt 0.000000 0.900000
vt 0.000000 0.100000
vt 0.041667 0.100000
vt 0.041667 0.000000
vt 0.000000 0.000000
vt 0.000000 0.200000
vt 0.041667 0.200000
vt 0.000000 0.300000
vt 0.041667 0.300000
vt 0.000000 0.400000
vt 0.041667 0.400000
vt 0.000000 0.500000
vt 0.041667 0.500000
vt 0.000000 0.600000
vt 0.041667 0.600000
vt 0.000000 0.700000
vt 0.041667 0.700000
vt 0.000000 0.800000
vt 0.041667 0.800000
vt 0.083333 1.000000
vt 0.083333 0.900000
vt 0.083333 0.100000
vt 0.083333 0.000000
vt 0.083333 0.200000
vt 0.083333 0.300000
vt 0.083333 0.400000
vt 0.083333 0.500000
vt 0.083333 0.600000
vt 0.083333 0.700000
vt 0.083333 0.800000
vt 0.125000 1.000000
vt 0.125000 0.900000
vt 0.125000 0.100000
vt 0.125000 0.000000
vt 0.125000 0.200000
vt 0.125000 0.300000
vt 0.125000 0.400000
vt 0.125000 0.500000
vt 0.125000 0.600000
vt 0.125000 0.700000
vt 0.125000 0.800000
vt 0.166667 1.000000
vt 0.166667 0.900000
vt 0.166667 0.100000
vt 0.166667 0.000000
vt 0.166667 0.200000
vt 0.166667 0.300000
vt 0.166667 0.400000
vt 0.166667 0.500000
vt 0.166667 0.600000
vt 0.166667 0.700000
vt 0.166667 0.800000
vt 0.208333 1.000000
vt 0.208333 0.900000
vt 0.208333 0.100000
vt 0.208333 0.000000
vt 0.208333 0.200000
vt 0.208333 0.300000
vt 0.208333 0.400000
vt 0.208333 0.500000
vt 0.208333 0.600000
vt 0.208333 0.700000
vt 0.208333 0.800000
vt 0.250000 1.000000
vt 0.250000 0.900000
vt 0.250000 0.100000
vt 0.250000 0.000000
vt 0.250000 0.200000
vt 0.250000 0.300000
vt 0.250000 0.400000
vt 0.250000 0.500000
vt 0.250000 0.600000
vt 0.250000 0.700000
vt 0.250000 0.800000
vt 0.291667 1.000000
vt 0.291667 0.900000
vt 0.291667 0.100000
vt 0.291667 0.000000
vt 0.291667 0.200000
vt 0.291667 0.300000
vt 0.291667 0.400000
vt 0.291667 0.500000
vt 0.291667 0.600000
vt 0.291667 0.700000
vt 0.291667 0.800000
vt 0.333333 1.000000
vt 0.333333 0.900000
vt 0.333333 0.100000
vt 0.333333 0.000000
vt 0.333333 0.200000
vt 0.333333 0.300000
vt 0.333333 0.400000
vt 0.333333 0.500000
vt 0.333333 0.600000
vt 0.333333 0.700000
vt 0.333333 0.800000
vt 0.375000 1.000000
vt 0.375000 0.900000
vt 0.375000 0.100000
vt 0.375000 0.000000
vt 0.375000 0.200000
vt 0.375000 0.300000
vt 0.375000 0.400000
vt 0.375000 0.500000
vt 0.375000 0.600000
vt 0.375000 0.700000
vt 0.375000 0.800000
vt 0.416667 1.000000
vt 0.416667 0.900000
vt 0.416667 0.100000
vt 0.416667 0.000000
vt 0.416667 0.200000
vt 0.416667 0.300000
vt 0.416667 0.400000
vt 0.416667 0.500000
vt 0.416667 0.600000
vt 0.416667 0.700000
vt 0.416667 0.800000
vt 0.458333 1.000000
vt 0.458333 0.900000
vt 0.458333 0.100000
vt 0.458333 0.000000
vt 0.458333 0.200000
vt 0.458333 0.300000
vt 0.458333 0.400000
vt 0.458333 0.500000
vt 0.458333 0.600000
vt 0.458333 0.700000
vt 0.458333 0.800000
vt 0.500000 1.000000
vt 0.500000 0.900000
vt 0.500000 0.100000
vt 0.500000 0.000000
vt 0.500000 0.200000
vt 0.500000 0.300000
vt 0.500000 0.400000
vt 0.500000 0.500000
vt 0.500000 0.600000
vt 0.500000 0.700000
vt 0.500000 0.800000
vt 0.541667 1.000000
vt 0.541667 0.900000
vt 0.541667 0.100000
vt 0.541667 0.000000
vt 0.541667 0.200000
vt 0.541667 0.300000
vt 0.541667 0.400000
vt 0.541667 0.500000
vt 0.541667 0.600000
vt 0.541667 0.700000
vt 0.541667 0.800000
vt 0.583333 1.000000
vt 0.583333 0.900000
vt 0.583333 0.100000
vt 0.583333 0.000000
vt 0.583333 0.200000
vt 0.583333 0.300000
vt 0.583333 0.400000
vt 0.583333 0.500000
vt 0.583333 0.600000
vt 0.583333 0.700000
vt 0.583333 0.800000
vt 0.625000 1.000000
vt 0.625000 0.900000
vt 0.625000 0.100000
vt 0.625000 0.000000
vt 0.625000 0.200000
vt 0.625000 0.300000
vt 0.625000 0.400000
vt 0.625000 0.500000
vt 0.625000 0.600000
vt 0.625000 0.700000
vt 0.625000 0.800000
vt 0.666667 1.000000
vt 0.666667 0.900000
vt 0.666667 0.100000
vt 0.666667 0.000000
vt 0.666667 0.200000
vt 0.666667 0.300000
vt 0.666667 0.400000
vt 0.666667 0.500000
vt 0.666667 0.600000
vt 0.666667 0.700000
vt 0.666667 0.800000
vt 0.708333 1.000000
vt 0.708333 0.900000
vt 0.708333 0.100000
vt 0.708333 0.000000
vt 0.708333 0.200000
vt 0.708333 0.300000
vt 0.708333 0.400000
vt 0.708333 0.500000
vt 0.708333 0.600000
vt 0.708333 0.700000
vt 0.708333 0.800000
vt 0.750000 1.000000
vt 0.750000 0.900000
vt 0.750000 0.100000
vt 0.750000 0.000000
vt 0.750000 0.200000
vt 0.750000 0.300000
vt 0.750000 0.400000
vt 0.750000 0.500000
vt 0.750000 0.600000
vt 0.750000 0.700000
vt 0.750000 0.800000
vt 0.791667 1.000000
vt 0.791667 0.900000
vt 0.791667 0.100000
vt 0.791667 0.000000
vt 0.791667 0.200000
vt 0.791667 0.300000
vt 0.791667 0.400000
vt 0.791667 0.500000
vt 0.791667 0.600000
vt 0.791667 0.700000
vt 0.791667 0.800000
vt 0.833333 1.000000
vt 0.833333 0.900000
vt 0.833333 0.100000
vt 0.833333 0.000000
vt 0.833333 0.200000
vt 0.833333 0.300000
vt 0.833333 0.400000
vt 0.833333 0.500000
vt 0.833333 0.600000
vt 0.833333 0.700000
vt 0.833333 0.800000
vt 0.875000 1.000000
vt 0.875000 0.900000
vt 0.875000 0.100000
vt 0.875000 0.000000
vt 0.875000 0.200000
vt 0.875000 0.300000
vt 0.875000 0.400000
vt 0.875000 0.500000
vt 0.875000 0.600000
vt 0.875000 0.700000
vt 0.875000 0.800000
vt 0.916667 1.000000
vt 0.916667 0.900000
vt 0.916667 0.100000
vt 0.916667 0.000000
vt 0.916667 0.200000
vt 0.916667 0.300000
vt 0.916667 0.400000
vt 0.916667 0.500000
vt 0.916667 0.600000
vt 0.916667 0.700000
vt 0.916667 0.800000
vt 0.958333 1.000000
vt 0.958333 0.900000
vt 0.958333 0.100000
vt 0.958333 0.000000
vt 0.958333 0.200000
vt 0.958333 0.300000
vt 0.958333 0.400000
vt 0.958333 0.500000
vt 0.958333 0.600000
vt 0.958333 0.700000
vt 0.958333 0.800000
vt 1.000000 1.000000
vt 1.000000 0.900000
vt 1.000000 0.100000
vt 1.000000 0.000000
vt 1.000000 0.200000
vt 1.000000 0.300000
vt 1.000000 0.400000
vt 1.000000 0.500000
vt 1.000000 0.600000
vt 1.000000 0.700000
vt 1.000000 0.800000
s 1
usemtl M_Blue
f 251/276/251 261/277/261 270/278/270 260/279/260
f 252/280/252 262/281/262 261/282/261 251/283/251
f 253/284/253 263/285/263 262/281/262 252/280/252
f 254/286/254 264/287/264 263/285/263 253/284/253
f 255/288/255 265/289/265 264/287/264 254/286/254
f 256/290/256 266/291/266 265/289/265 255/288/255
f 257/292/257 267/293/267 266/291/266 256/290/256
f 258/294/258 268/295/268 267/293/267 257/292/257
f 259/296/259 269/297/269 268/295/268 258/294/258
f 260/279/260 270/278/270 269/297/269 259/296/259
f 261/277/261 271/298/271 280/299/280 270/278/270
f 262/281/262 272/300/272 271/301/271 261/282/261
f 263/285/263 273/302/273 272/300/272 262/281/262
f 264/287/264 274/303/274 273/302/273 263/285/263
f 265/289/265 275/304/275 274/303/274 264/287/264
f 266/291/266 276/305/276 275/304/275 265/289/265
f 267/293/267 277/306/277 276/305/276 266/291/266
f 268/295/268 278/307/278 277/306/277 267/293/267
f 269/297/269 279/308/279 278/307/278 268/295/268
f 270/278/270 280/299/280 279/308/279 269/297/269
f 271/298/271 281/309/281 290/310/290 280/299/280
f 272/300/272 282/311/282 281/312/281 271/301/271
f 273/302/273 283/313/283 282/311/282 272/300/272
f 274/303/274 284/314/284 283/313/283 273/302/273
f 275/304/275 285/315/285 284/314/284 274/303/274
f 276/305/276 286/316/286 285/315/285 275/304/275
f 277/306/277 287/317/287 286/316/286 276/305/276
f 278/307/278 288/318/288 287/317/287 277/306/277
f 279/308/279 289/319/289 288/318/288 278/307/278
f 280/299/280 290/310/290 289/319/289 279/308/279
f 281/309/281 291/320/291 300/321/300 290/310/290
f 282/311/282 292/322/292 291/323/291 281/312/281
f 283/313/283 293/324/293 292/322/292 282/311/282
f 284/314/284 294/325/294 293/324/293 283/313/283
f 285/315/285 295/326/295 294/325/294 284/314/284
f 286/316/286 296/327/296 295/326/295 285/315/285
f 287/317/287 297/328/297 296/327/296 286/316/286
f 288/318/288 298/329/298 297/328/297 287/317/287
f 289/319/289 299/330/299 298/329/298 288/318/288
f 290/310/290 300/321/300 299/330/299 289/319/289
f 291/320/291 301/331/301 310/332/310 300/321/300
f 292/322/292 302/333/302 301/334/301 291/323/291
f 293/324/293 303/335/303 302/333/302 292/322/292
f 294/325/294 304/336/304 303/335/303 293/324/293
f 295/326/295 305/337/305 304/336/304 294/325/294
f 296/327/296 306/338/306 305/337/305 295/326/295
f 297/328/297 307/339/307 306/338/306 296/327/296
f 298/329/298 308/340/308 307/339/307 297/328/297
f 299/330/299 309/341/309 308/340/308 298/329/298
f 300/321/300 310/332/310 309/341/309 299/330/299
f 301/331/301 311/342/311 320/343/320 310/332/310
f 302/333/302 312/344/312 311/345/311 301/334/301
f 303/335/303 313/346/313 312/344/312 302/333/302
f 304/336/304 314/347/314 313/346/313 303/335/303
f 305/337/305 315/348/315 314/347/314 304/336/304
f 306/338/306 316/349/316 315/348/315 305/337/305
f 307/339/307 317/350/317 316/349/316 306/338/306
f 308/340/308 318/351/318 317/350/317 307/339/307
f 309/341/309 319/352/319 318/351/318 308/340/308
f 310/332/310 320/343/320 319/352/319 309/341/309
f 311/342/311 321/353/321 330/354/330 320/343/320
f 312/344/312 322/355/322 321/356/321 311/345/311
f 313/346/313 323/357/323 322/355/322 312/344/312
f 314/347/314 324/358/324 323/357/323 313/346/313
f 315/348/315 325/359/325 324/358/324 314/347/314
f 316/349/316 326/360/326 325/359/325 315/348/315
f 317/350/317 327/361/327 326/360/326 316/349/316
f 318/351/318 328/362/328 327/361/327 317/350/317
f 319/352/319 329/363/329 328/362/328 318/351/318
f 320/343/320 330/354/330 329/363/329 319/352/319
f 321/353/321 331/364/331 340/365/340 330/354/330
f 322/355/322 332/366/332 331/367/331 321/356/321
f 323/357/323 333/368/333 332/366/332 322/355/322
f 324/358/324 334/369/334 333/368/333 323/357/323
f 325/359/325 335/370/335 334/369/334 324/358/324
f 326/360/326 336/371/336 335/370/335 325/359/325
f 327/361/327 337/372/337 336/371/336 326/360/326
f 328/362/328 338/373/338 337/372/337 327/361/327
f 329/363/329 339/374/339 338/373/338 328/362/328
f 330/354/330 340/365/340 339/374/339 329/363/329
f 331/364/331 341/375/341 350/376/350 340/365/340
f 332/366/332 342/377/342 341/378/341 331/367/331
f 333/368/333 343/379/343 342/377/342 332/366/332
f 334/369/334 344/380/344 343/379/343 333/368/333
f 335/370/335 345/381/345 344/380/344 334/369/334
f 336/371/336 346/382/346 345/381/345 335/370/335
f 337/372/337 347/383/347 346/382/346 336/371/336
f 338/373/338 348/384/348 347/383/347 337/372/337
f 339/374/339 349/385/349 348/384/348 338/373/338
f 340/365/340 350/376/350 349/385/349 339/374/339
f 341/375/341 351/386/351 360/387/360 350/376/350
f 342/377/342 352/388/352 351/389/351 341/378/341
f 343/379/343 353/390/353 352/388/352 342/377/342
f 344/380/344 354/391/354 353/390/353 343/379/343
f 345/381/345 355/392/355 354/391/354 344/380/344
f 346/382/346 356/393/356 355/392/355 345/381/345
f 347/383/347 357/394/357 356/393/356 346/382/346
f 348/384/348 358/395/358 357/394/357 347/383/347
f 349/385/349 359/396/359 358/395/358 348/384/348
f 350/376/350 360/387/360 359/396/359 349/385/349
f 351/386/351 361/397/361 370/398/370 360/387/360
f 352/388/352 362/399/362 361/400/361 351/389/351
f 353/390/353 363/401/363 362/399/362 352/388/352
f 354/391/354 364/402/364 363/401/363 353/390/353
f 355/392/355 365/403/365 364/402/364 354/391/354
f 356/393/356 366/404/366 365/403/365 355/392/355
f 357/394/357 367/405/367 366/404/366 356/393/356
f 358/395/358 368/406/368 367/405/367 357/394/357
f 359/396/359 369/407/369 368/406/368 358/395/358
f 360/387/360 370/398/370 369/407/369 359/396/359
f 361/397/361 371/408/371 380/409/380 370/398/370
f 362/399/362 372/410/372 371/411/371 361/400/361
f 363/401/363 373/412/373 372/410/372 362/399/362
f 364/402/364 374/413/374 373/412/373 363/401/363
f 365/403/365 375/414/375 374/413/374 364/402/364
f 366/404/366 376/415/376 375/414/375 365/403/365
f 367/405/367 377/416/377 376/415/376 366/404/366
f 368/406/368 378/417/378 377/416/377 367/405/367
f 369/407/369 379/418/379 378/417/378 368/406/368
f 370/398/370 380/409/380 379/418/379 369/407/369
f 371/408/371 381/419/381 390/420/390 380/409/380
f 372/410/372 382/421/382 381/422/381 371/411/371
f 373/412/373 383/423/383 382/421/382 372/410/372
f 374/413/374 384/424/384 383/423/383 373/412/373
f 375/414/375 385/425/385 384/424/384 374/413/374
f 376/415/376 386/426/386 385/425/385 375/414/375
f 377/416/377 387/427/387 386/426/386 376/415/376
f 378/417/378 388/428/388 387/427/387 377/416/377
f 379/418/379 389/429/389 388/428/388 378/417/378
f 380/409/380 390/420/390 389/429/389 379/418/379
f 381/419/381 391/430/391 400/431/400 390/420/390
f 382/421/382 392/432/392 391/433/391 381/422/381
f 383/423/383 393/434/393 392/432/392 382/421/382
f 384/424/384 394/435/394 393/434/393 383/423/383
f 385/425/385 395/436/395 394/435/394 384/424/384
f 386/426/386 396/437/396 395/436/395 385/425/385
f 387/427/387 397/438/397 396/437/396 386/426/386
f 388/428/388 398/439/398 397/438/397 387/427/387
f 389/429/389 399/440/399 398/439/398 388/428/388
f 390/420/390 400/431/400 399/440/399 389/429/389
f 391/430/391 401/441/401 410/442/410 400/431/400
f 392/432/392 402/443/402 401/444/401 391/433/391
f 393/434/393 403/445/403 402/443/402 392/432/392
f 394/435/394 404/446/404 403/445/403 393/434/393
f 395/436/395 405/447/405 404/446/404 394/435/394
f 396/437/396 406/448/406 405/447/405 395/436/395
f 397/438/397 407/449/407 406/448/406 396/437/396
f 398/439/398 408/450/408 407/449/407 397/438/397
f 399/440/399 409/451/409 408/450/408 398/439/398
f 400/431/400 410/442/410 409/451/409 399/440/399
f 401/441/401 411/452/411 420/453/420 410/442/410
f 402/443/402 412/454/412 411/455/411 401/444/401
f 403/445/403 413/456/413 412/454/412 402/443/402
f 404/446/404 414/457/414 413/456/413 403/445/403
f 405/447/405 415/458/415 414/457/414 404/446/404
f 406/448/406 416/459/416 415/458/415 405/447/405
f 407/449/407 417/460/417 416/459/416 406/448/406
f 408/450/408 418/461/418 417/460/417 407/449/407
f 409/451/409 419/462/419 418/461/418 408/450/408
f 410/442/410 420/453/420 419/462/419 409/451/409
f 411/452/411 421/463/421 430/464/430 420/453/420
f 412/454/412 422/465/422 421/466/421 411/455/411
f 413/456/413 423/467/423 422/465/422 412/454/412
f 414/457/414 424/468/424 423/467/423 413/456/413
f 415/458/415 425/469/425 424/468/424 414/457/414
f 416/459/416 426/470/426 425/469/425 415/458/415
f 417/460/417 427/471/427 426/470/426 416/459/416
f 418/461/418 428/472/428 427/471/427 417/460/417
f 419/462/419 429/473/429 428/472/428 418/461/418
f 420/453/420 430/464/430 429/473/429 419/462/419
f 421/463/421 431/474/431 440/475/440 430/464/430
f 422/465/422 432/476/432 431/477/431 421/466/421
f 423/467/423 433/478/433 432/476/432 422/465/422
f 424/468/424 434/479/434 433/478/433 423/467/423
f 425/469/425 435/480/435 434/479/434 424/468/424
f 426/470/426 436/481/436 435/480/435 425/469/425
f 427/471/427 437/482/437 436/481/436 426/470/426
f 428/472/428 438/483/438 437/482/437 427/471/427
f 429/473/429 439/484/439 438/483/438 428/472/428
f 430/464/430 440/475/440 439/484/439 429/473/429
f 431/474/431 441/485/441 450/486/450 440/475/440
f 432/476/432 442/487/442 441/488/441 431/477/431
f 433/478/433 443/489/443 442/487/442 432/476/432
f 434/479/434 444/490/444 443/489/443 433/478/433
f 435/480/435 445/491/445 444/490/444 434/479/434
f 436/481/436 446/492/446 445/491/445 435/480/435
f 437/482/437 447/493/447 446/492/446 436/481/436
f 438/483/438 448/494/448 447/493/447 437/482/437
f 439/484/439 449/495/449 448/494/448 438/483/438
f 440/475/440 450/486/450 449/495/449 439/484/439
f 441/485/441 451/496/451 460/497/460 450/486/450
f 442/487/442 452/498/452 451/499/451 441/488/441
f 443/489/443 453/500/453 452/498/452 442/487/442
f 444/490/444 454/501/454 453/500/453 443/489/443
f 445/491/445 455/502/455 454/501/454 444/490/444
f 446/492/446 456/503/456 455/502/455 445/491/445
f 447/493/447 457/504/457 456/503/456 446/492/446
f 448/494/448 458/505/458 457/504/457 447/493/447
f 449/495/449 459/506/459 458/505/458 448/494/448
f 450/486/450 460/497/460 459/506/459 449/495/449
f 451/496/451 461/507/461 470/508/470 460/497/460
f 452/498/452 462/509/462 461/510/461 451/499/451
f 453/500/453 463/511/463 462/509/462 452/498/452
f 454/501/454 464/512/464 463/511/463 453/500/453
f 455/502/455 465/513/465 464/512/464 454/501/454
f 456/503/456 466/514/466 465/513/465 455/502/455
f 457/504/457 467/515/467 466/514/466 456/503/456
f 458/505/458 468/516/468 467/515/467 457/504/457
f 459/506/459 469/517/469 468/516/468 458/505/458
f 460/497/460 470/508/470 469/517/469 459/506/459
f 461/507/461 471/518/471 480/519/480 470/508/470
f 462/509/462 472/520/472 471/521/471 461/510/461
f 463/511/463 473/522/473 472/520/472 462/509/462
f 464/512/464 474/523/474 473/522/473 463/511/463
f 465/513/465 475/524/475 474/523/474 464/512/464
f 466/514/466 476/525/476 475/524/475 465/513/465
f 467/515/467 477/526/477 476/525/476 466/514/466
f 468/516/468 478/527/478 477/526/477 467/515/467
f 469/517/469 479/528/479 478/527/478 468/516/468
f 470/508/470 480/519/480 479/528/479 469/517/469
f 471/518/471 481/529/481 490/530/490 480/519/480
f 472/520/472 482/531/482 481/532/481 471/521/471
f 473/522/473 483/533/483 482/531/482 472/520/472
f 474/523/474 484/534/484 483/533/483 473/522/473
f 475/524/475 485/535/485 484/534/484 474/523/474
f 476/525/476 486/536/486 485/535/485 475/524/475
f 477/526/477 487/537/487 486/536/486 476/525/476
f 478/527/478 488/538/488 487/537/487 477/526/477
f 479/528/479 489/539/489 488/538/488 478/527/478
f 480/519/480 490/530/490 489/539/489 479/528/479
f 481/529/481 491/540/491 500/541/500 490/530/490
f 482/531/482 492/542/492 491/543/491 481/532/481
f 483/533/483 493/544/493 492/542/492 482/531/482
f 484/534/484 494/545/494 493/544/493 483/533/483
f 485/535/485 495/546/495 494/545/494 484/534/484
f 486/536/486 496/547/496 495/546/495 485/535/485
f 487/537/487 497/548/497 496/547/496 486/536/486
f 488/538/488 498/549/498 497/548/497 487/537/487
f 489/539/489 499/550/499 498/549/498 488/538/488
f 490/530/490 500/541/500 499/550/499 489/539/489
o Jaw.002
v -0.006000 -0.022500 0.034500
v -0.006000 -0.014500 0.042500
v -0.014000 -0.014500 0.034500
v -0.006000 -0.020157 0.040157
v -0.010619 -0.019119 0.039119
v -0.011657 -0.014500 0.040157
v -0.011657 -0.020157 0.034500
v -0.006000 0.014500 0.042500
v -0.006000 0.022500 0.034500
v -0.014000 0.014500 0.034500
v -0.006000 0.020157 0.040157
v -0.010619 0.019119 0.039119
v -0.011657 0.020157 0.034500
v -0.011657 0.014500 0.040157
v -0.006000 -0.022500 0.015500
v -0.014000 -0.014500 0.015500
v -0.006000 -0.014500 0.007500
v -0.011657 -0.020157 0.015500
v -0.010619 -0.019119 0.010881
v -0.011657 -0.014500 0.009843
v -0.006000 -0.020157 0.009843
v -0.006000 0.022500 0.015500
v -0.006000 0.014500 0.007500
v -0.014000 0.014500 0.015500
v -0.006000 0.020157 0.009843
v -0.010619 0.019119 0.010881
v -0.011657 0.014500 0.009843
v -0.011657 0.020157 0.015500
v 0.244000 -0.022500 0.034500
v 0.252000 -0.014500 0.034500
v 0.244000 -0.014500 0.042500
v 0.249657 -0.020157 0.034500
v 0.248619 -0.019119 0.039119
v 0.249657 -0.014500 0.040157
v 0.244000 -0.020157 0.040157
v 0.244000 0.022500 0.034500
v 0.244000 0.014500 0.042500
v 0.252000 0.014500 0.034500
v 0.244000 0.020157 0.040157
v 0.248619 0.019119 0.039119
v 0.249657 0.014500 0.040157
v 0.249657 0.020157 0.034500
v 0.244000 -0.022500 0.015500
v 0.244000 -0.014500 0.007500
v 0.252000 -0.014500 0.015500
v 0.244000 -0.020157 0.009843
v 0.248619 -0.019119 0.010881
v 0.249657 -0.014500 0.009843
v 0.249657 -0.020157 0.015500
v 0.244000 0.022500 0.015500
v 0.252000 0.014500 0.015500
v 0.244000 0.014500 0.007500
v 0.249657 0.020157 0.015500
v 0.248619 0.019119 0.010881
v 0.249657 0.014500 0.009843
v 0.244000 0.020157 0.009843
vn -0.3251 -0.8881 0.3251
vn -0.3251 -0.3251 0.8881
vn -0.8881 -0.3251 0.3251
vn -0.3251 0.3251 0.8881
vn -0.3251 0.8881 0.3251
vn -0.8881 0.3251 0.3251
vn -0.3251 -0.8881 -0.3251
vn -0.8881 -0.3251 -0.3251
vn -0.3251 -0.3251 -0.8881
vn -0.3251 0.8881 -0.3251
vn -0.3251 0.3251 -0.8881
vn -0.8881 0.3251 -0.3251
vn 0.3251 -0.8881 0.3251
vn 0.8881 -0.3251 0.3251
vn 0.3251 -0.3251 0.8881
vn 0.3251 0.8881 0.3251
vn 0.3251 0.3251 0.8881
vn 0.8881 0.3251 0.3251
vn 0.3251 -0.8881 -0.3251
vn 0.3251 -0.3251 -0.8881
vn 0.8881 -0.3251 -0.3251
vn 0.3251 0.8881 -0.3251
vn 0.8881 0.3251 -0.3251
vn 0.3251 0.3251 -0.8881
vn -0.3827 -0.9239 -0.0000
vn -0.9239 -0.3827 -0.0000
vn -0.3827 -0.0000 0.9239
vn -0.9239 -0.0000 0.3827
vn -0.3827 0.9239 -0.0000
vn -0.9239 0.3827 -0.0000
vn -0.3827 -0.0000 -0.9239
vn -0.9239 -0.0000 -0.3827
vn -0.0000 -0.9239 -0.3827
vn -0.0000 -0.3827 -0.9239
vn -0.0000 0.9239 -0.3827
vn -0.0000 0.3827 -0.9239
vn 0.9239 -0.0000 -0.3827
vn 0.3827 -0.0000 -0.9239
vn 0.3827 -0.9239 -0.0000
vn 0.9239 -0.3827 -0.0000
vn 0.3827 0.9239 -0.0000
vn 0.9239 0.3827 -0.0000
vn 0.3827 -0.0000 0.9239
vn 0.9239 -0.0000 0.3827
vn -0.0000 -0.9239 0.3827
vn -0.0000 -0.3827 0.9239
vn -0.0000 0.9239 0.3827
vn -0.0000 0.3827 0.9239
vn -0.0000 -1.0000 -0.0000
vn -1.0000 -0.0000 -0.0000
vn -0.0000 -0.0000 1.0000
vn -0.0000 1.0000 -0.0000
vn -0.0000 -0.0000 -1.0000
vn 1.0000 -0.0000 -0.0000
vt 0.132519 0.692857
vt 0.132519 0.750000
vt 0.128178 0.750000
vt 0.125000 0.692857
vt 0.419445 0.992481
vt 0.419444 1.000000
vt 0.393784 1.000000
vt 0.375000 0.992481
vt 0.419444 0.057143
vt 0.375000 0.057143
vt 0.375000 0.024151
vt 0.419444 0.000000
vt 0.580556 0.992481
vt 0.625000 0.992481
vt 0.625000 0.996822
vt 0.580556 1.000000
vt 0.867481 0.692857
vt 0.875000 0.692857
vt 0.875000 0.725849
vt 0.867481 0.750000
vt 0.580555 0.057143
vt 0.580556 0.000000
vt 0.606216 0.000000
vt 0.625000 0.057143
vt 0.132519 0.557143
vt 0.125000 0.557143
vt 0.125000 0.524151
vt 0.132519 0.500000
vt 0.419444 0.192857
vt 0.419444 0.250000
vt 0.384392 0.251589
vt 0.375000 0.192857
vt 0.419444 0.257519
vt 0.375000 0.257519
vt 0.867481 0.557143
vt 0.867481 0.500000
vt 0.871822 0.500000
vt 0.875000 0.557143
vt 0.580556 0.257519
vt 0.580556 0.250000
vt 0.615608 0.237924
vt 0.625000 0.257519
vt 0.580556 0.192857
vt 0.625000 0.192857
vt 0.367481 0.692857
vt 0.375000 0.692857
vt 0.381261 0.743009
vt 0.371241 0.753759
vt 0.419444 0.692857
vt 0.419444 0.750000
vt 0.419444 0.757519
vt 0.632519 0.692857
vt 0.628759 0.753759
vt 0.619798 0.741949
vt 0.625000 0.692857
vt 0.580556 0.757519
vt 0.580556 0.750000
vt 0.580555 0.692857
vt 0.367481 0.557143
vt 0.371241 0.496241
vt 0.380202 0.508050
vt 0.375000 0.557143
vt 0.419445 0.492481
vt 0.419444 0.500000
vt 0.419444 0.557143
vt 0.632519 0.557143
vt 0.625000 0.557143
vt 0.618739 0.506991
vt 0.628759 0.496241
vt 0.580556 0.557143
vt 0.580555 0.500000
vt 0.580556 0.492481
s 0
usemtl M_Brushed_Metal
f 501/551/501 504/552/501 505/553/501 507/554/501
f 502/555/502 506/556/502 505/557/502 504/558/502
f 503/559/503 507/560/503 505/561/503 506/562/503
f 508/563/504 511/564/504 512/565/504 514/566/504
f 509/567/505 513/568/505 512/569/505 511/570/505
f 510/571/506 514/572/506 512/573/506 513/574/506
f 515/575/507 518/576/507 519/577/507 521/578/507
f 516/579/508 520/580/508 519/581/508 518/582/508
f 517/583/509 521/584/509 519/581/509 520/580/509
f 522/585/510 525/586/510 526/587/510 528/588/510
f 523/589/511 527/590/511 526/591/511 525/592/511
f 524/593/512 528/594/512 526/591/512 527/590/512
f 529/595/513 532/596/513 533/597/513 535/598/513
f 530/599/514 534/600/514 533/597/514 532/596/514
f 531/601/515 535/598/515 533/597/515 534/600/515
f 536/602/516 539/603/516 540/604/516 542/605/516
f 537/606/517 541/607/517 540/604/517 539/603/517
f 538/608/518 542/605/518 540/604/518 541/607/518
f 543/609/519 546/610/519 547/611/519 549/612/519
f 544/613/520 548/614/520 547/611/520 546/610/520
f 545/615/521 549/612/521 547/611/521 548/614/521
f 550/616/522 553/617/522 554/618/522 556/619/522
f 551/620/523 555/621/523 554/618/523 553/617/523
f 552/622/524 556/619/524 554/618/524 555/621/524
f 515/575/525 501/551/525 507/554/525 518/576/525
f 518/582/526 507/560/526 503/559/526 516/579/526
f 502/555/527 508/563/527 514/566/527 506/556/527
f 506/562/528 514/572/528 510/571/528 503/559/528
f 509/567/529 522/585/529 528/588/529 513/568/529
f 513/574/530 528/594/530 524/593/530 510/571/530
f 523/589/531 517/583/531 520/580/531 527/590/531
f 527/590/532 520/580/532 516/579/532 524/593/532
f 543/609/533 515/575/533 521/578/533 546/610/533
f 546/610/534 521/584/534 517/583/534 544/613/534
f 522/585/535 550/616/535 556/619/535 525/586/535
f 525/592/536 556/619/536 552/622/536 523/589/536
f 551/620/537 545/615/537 548/614/537 555/621/537
f 555/621/538 548/614/538 544/613/538 552/622/538
f 529/595/539 543/609/539 549/612/539 532/596/539
f 532/596/540 549/612/540 545/615/540 530/599/540
f 550/616/541 536/602/541 542/605/541 553/617/541
f 553/617/542 542/605/542 538/608/542 551/620/542
f 537/606/543 531/601/543 534/600/543 541/607/543
f 541/607/544 534/600/544 530/599/544 538/608/544
f 501/551/545 529/595/545 535/598/545 504/552/545
f 504/558/546 535/598/546 531/601/546 502/555/546
f 536/602/547 509/567/547 511/570/547 539/603/547
f 539/603/548 511/564/548 508/563/548 537/606/548
f 515/575/549 543/609/549 529/595/549 501/551/549
f 503/559/550 510/571/550 524/593/550 516/579/550
f 531/601/551 537/606/551 508/563/551 502/555/551
f 550/616/552 522/585/552 509/567/552 536/602/552
f 517/583/553 523/589/553 552/622/553 544/613/553
f 545/615/554 551/620/554 538/608/554 530/599/554
o Handle.003
v -0.004563 0.020572 -0.032054
v -0.001743 0.033287 -0.049326
v 0.001743 0.033287 -0.070674
v 0.004563 0.020572 -0.087946
v 0.005640 -0.000000 -0.094543
v 0.004563 -0.020572 -0.087946
v 0.001743 -0.033287 -0.070674
v -0.001743 -0.033287 -0.049326
v -0.004563 -0.020572 -0.032054
v -0.005640 0.000000 -0.025457
v -0.027425 0.020572 -0.035679
v -0.024757 0.033287 -0.052974
v -0.021459 0.033287 -0.074353
v -0.018791 0.020572 -0.091648
v -0.017772 -0.000000 -0.098254
v -0.018791 -0.020572 -0.091648
v -0.021459 -0.033287 -0.074353
v -0.024757 -0.033287 -0.052974
v -0.027425 -0.020572 -0.035679
v -0.028444 0.000000 -0.029073
v -0.048903 0.020572 -0.038900
v -0.046362 0.033287 -0.056215
v -0.043222 0.033287 -0.077617
v -0.040682 0.020572 -0.094932
v -0.039711 -0.000000 -0.101545
v -0.040682 -0.020572 -0.094932
v -0.043222 -0.033287 -0.077617
v -0.046362 -0.033287 -0.056215
v -0.048903 -0.020572 -0.038900
v -0.049873 0.000000 -0.032287
v -0.069301 0.020572 -0.041827
v -0.066849 0.033287 -0.059154
v -0.063818 0.033287 -0.080572
v -0.061366 0.020572 -0.097899
v -0.060430 -0.000000 -0.104518
v -0.061366 -0.020572 -0.097899
v -0.063818 -0.033287 -0.080572
v -0.066849 -0.033287 -0.059154
v -0.069301 -0.020572 -0.041827
v -0.070238 0.000000 -0.035208
v -0.088916 0.020572 -0.044564
v -0.086503 0.033287 -0.061897
v -0.083521 0.033287 -0.083322
v -0.081108 0.020572 -0.100655
v -0.080187 -0.000000 -0.107275
v -0.081108 -0.020572 -0.100655
v -0.083521 -0.033287 -0.083322
v -0.086503 -0.033287 -0.061897
v -0.088916 -0.020572 -0.044564
v -0.089838 0.000000 -0.037944
v -0.108040 0.020572 -0.047220
v -0.105610 0.033287 -0.064550
v -0.102606 0.033287 -0.085972
v -0.100176 0.020572 -0.103302
v -0.099248 -0.000000 -0.109922
v -0.100176 -0.020572 -0.103302
v -0.102606 -0.033287 -0.085972
v -0.105610 -0.033287 -0.064550
v -0.108040 -0.020572 -0.047220
v -0.108969 0.000000 -0.040600
v -0.126959 0.020572 -0.049899
v -0.124451 0.033287 -0.067218
v -0.121352 0.033287 -0.088626
v -0.118844 0.020572 -0.105946
v -0.117887 -0.000000 -0.112561
v -0.118844 -0.020572 -0.105946
v -0.121352 -0.033287 -0.088626
v -0.124451 -0.033287 -0.067218
v -0.126959 -0.020572 -0.049899
v -0.127917 0.000000 -0.043284
v -0.145948 0.020572 -0.052708
v -0.143306 0.033287 -0.070008
v -0.140040 0.033287 -0.091391
v -0.137398 0.020572 -0.108690
v -0.136388 -0.000000 -0.115298
v -0.137398 -0.020572 -0.108690
v -0.140040 -0.033287 -0.091391
v -0.143306 -0.033287 -0.070008
v -0.145948 -0.020572 -0.052708
v -0.146957 0.000000 -0.046101
v -0.165276 0.020572 -0.055753
v -0.162449 0.033287 -0.073023
v -0.158955 0.033287 -0.094371
v -0.156128 0.020572 -0.111641
v -0.155048 -0.000000 -0.118237
v -0.156128 -0.020572 -0.111641
v -0.158955 -0.033287 -0.094371
v -0.162449 -0.033287 -0.073023
v -0.165276 -0.020572 -0.055753
v -0.166356 0.000000 -0.049157
v -0.185204 0.020572 -0.059138
v -0.182154 0.033287 -0.076371
v -0.178384 0.033287 -0.097671
v -0.175333 0.020572 -0.114903
v -0.174168 -0.000000 -0.121485
v -0.175333 -0.020572 -0.114903
v -0.178384 -0.033287 -0.097671
v -0.182154 -0.033287 -0.076371
v -0.185204 -0.020572 -0.059138
v -0.186370 0.000000 -0.052556
v -0.205992 0.020572 -0.062968
v -0.202693 0.033287 -0.080154
v -0.198615 0.033287 -0.101397
v -0.195316 0.020572 -0.118583
v -0.194056 -0.000000 -0.125148
v -0.195316 -0.020572 -0.118583
v -0.198615 -0.033287 -0.101397
v -0.202693 -0.033287 -0.080154
v -0.205992 -0.020572 -0.062968
v -0.207252 0.000000 -0.056403
v -0.227897 0.020572 -0.067343
v -0.224338 0.033287 -0.084477
v -0.219938 0.033287 -0.105656
v -0.216378 0.020572 -0.122790
v -0.215018 -0.000000 -0.129335
v -0.216378 -0.020572 -0.122790
v -0.219938 -0.033287 -0.105656
v -0.224338 -0.033287 -0.084477
v -0.227897 -0.020572 -0.067343
v -0.229257 0.000000 -0.060799
v -0.251181 0.020572 -0.072367
v -0.247361 0.033287 -0.089445
v -0.242639 0.033287 -0.110555
v -0.238819 0.020572 -0.127633
v -0.237360 -0.000000 -0.134156
v -0.238819 -0.020572 -0.127633
v -0.242639 -0.033287 -0.110555
v -0.247361 -0.033287 -0.089445
v -0.251181 -0.020572 -0.072367
v -0.252640 0.000000 -0.065844
v -0.264966 0.020572 -0.075560
v -0.260886 0.033287 -0.092578
v -0.255843 0.033287 -0.113613
v -0.251763 0.020572 -0.130631
v -0.250204 -0.000000 -0.137131
v -0.251763 -0.020572 -0.130631
v -0.255843 -0.033287 -0.113613
v -0.260886 -0.033287 -0.092578
v -0.264966 -0.020572 -0.075560
v -0.266524 0.000000 -0.069060
v -0.277855 0.020572 -0.078755
v -0.273517 0.033287 -0.095709
v -0.268156 0.033287 -0.116665
v -0.263818 0.020572 -0.133619
v -0.262161 -0.000000 -0.140095
v -0.263818 -0.020572 -0.133619
v -0.268156 -0.033287 -0.116665
v -0.273517 -0.033287 -0.095709
v -0.277855 -0.020572 -0.078755
v -0.279512 0.000000 -0.072279
v -0.290006 0.020572 -0.081961
v -0.285424 0.033287 -0.098851
v -0.279760 0.033287 -0.119727
v -0.275177 0.020572 -0.136617
v -0.273427 -0.000000 -0.143068
v -0.275177 -0.020572 -0.136617
v -0.279760 -0.033287 -0.119727
v -0.285424 -0.033287 -0.098851
v -0.290006 -0.020572 -0.081961
v -0.291756 0.000000 -0.075510
v -0.301573 0.020572 -0.085186
v -0.296772 0.033287 -0.102014
v -0.290838 0.033287 -0.122816
v -0.286037 0.020572 -0.139644
v -0.284204 -0.000000 -0.146072
v -0.286037 -0.020572 -0.139644
v -0.290838 -0.033287 -0.122816
v -0.296772 -0.033287 -0.102014
v -0.301573 -0.020572 -0.085186
v -0.303407 0.000000 -0.078758
v -0.312710 0.020572 -0.088435
v -0.307730 0.033287 -0.105211
v -0.301574 0.033287 -0.125948
v -0.296593 0.020572 -0.142725
v -0.294691 -0.000000 -0.149133
v -0.296593 -0.020572 -0.142725
v -0.301574 -0.033287 -0.125948
v -0.307730 -0.033287 -0.105211
v -0.312710 -0.020572 -0.088435
v -0.314612 0.000000 -0.082027
v -0.323575 0.020572 -0.091716
v -0.318465 0.033287 -0.108453
v -0.312147 0.033287 -0.129141
v -0.307037 0.020572 -0.145878
v -0.305085 0.000000 -0.152271
v -0.307037 -0.020572 -0.145878
v -0.312147 -0.033287 -0.129141
v -0.318465 -0.033287 -0.108453
v -0.323575 -0.020572 -0.091716
v -0.325527 0.000000 -0.085323
v -0.334333 0.020572 -0.095037
v -0.329148 0.033287 -0.111751
v -0.322739 0.033287 -0.132411
v -0.317554 0.020572 -0.149125
v -0.315573 0.000000 -0.155510
v -0.317554 -0.020572 -0.149125
v -0.322739 -0.033287 -0.132411
v -0.329148 -0.033287 -0.111751
v -0.334333 -0.020572 -0.095037
v -0.336314 0.000000 -0.088653
v -0.345156 0.020572 -0.098411
v -0.339954 0.033287 -0.115120
v -0.333524 0.033287 -0.135773
v -0.328322 0.020572 -0.152482
v -0.326335 0.000000 -0.158864
v -0.328322 -0.020572 -0.152482
v -0.333524 -0.033287 -0.135773
v -0.339954 -0.033287 -0.115120
v -0.345156 -0.020572 -0.098411
v -0.347143 0.000000 -0.092029
v -0.356223 0.020572 -0.101852
v -0.351059 0.033287 -0.118573
v -0.344676 0.033287 -0.139241
v -0.339511 0.020572 -0.155961
v -0.337539 -0.000000 -0.162348
v -0.339511 -0.020572 -0.155961
v -0.344676 -0.033287 -0.139241
v -0.351059 -0.033287 -0.118573
v -0.356223 -0.020572 -0.101852
v -0.358196 0.000000 -0.095465
v -0.367721 0.020572 -0.105379
v -0.362642 0.033287 -0.122126
v -0.356365 0.033287 -0.142827
v -0.351286 0.020572 -0.159573
v -0.349346 -0.000000 -0.165970
v -0.351286 -0.020572 -0.159573
v -0.356365 -0.033287 -0.142827
v -0.362642 -0.033287 -0.122126
v -0.367721 -0.020572 -0.105379
v -0.369661 0.000000 -0.098983
v -0.379840 0.020572 -0.109013
v -0.374885 0.033287 -0.125796
v -0.368760 0.033287 -0.146542
v -0.363805 0.020572 -0.163326
v -0.361913 0.000000 -0.169737
v -0.363805 -0.020572 -0.163326
v -0.368760 -0.033287 -0.146542
v -0.374885 -0.033287 -0.125796
v -0.379840 -0.020572 -0.109013
v -0.381733 0.000000 -0.102602
v -0.392779 0.020572 -0.112774
v -0.387971 0.033287 -0.129601
v -0.382029 0.033287 -0.150399
v -0.377221 0.020572 -0.167226
v -0.375385 0.000000 -0.173653
v -0.377221 -0.020572 -0.167226
v -0.382029 -0.033287 -0.150399
v -0.387971 -0.033287 -0.129601
v -0.392779 -0.020572 -0.112774
v -0.394615 0.000000 -0.106347
vn -0.1266 0.5882 0.7987
vn -0.0483 0.9513 0.3044
vn 0.0485 0.9508 -0.3060
vn 0.1267 0.5874 -0.7993
vn 0.1566 -0.0000 -0.9877
vn 0.1267 -0.5874 -0.7993
vn 0.0485 -0.9508 -0.3060
vn -0.0483 -0.9513 0.3044
vn -0.1266 -0.5882 0.7987
vn -0.1566 -0.0000 0.9877
vn -0.1233 0.5882 0.7993
vn -0.0470 0.9513 0.3047
vn 0.0472 0.9508 -0.3061
vn 0.1234 0.5874 -0.7998
vn 0.1525 -0.0000 -0.9883
vn 0.1234 -0.5874 -0.7998
vn 0.0472 -0.9508 -0.3061
vn -0.0470 -0.9513 0.3047
vn -0.1233 -0.5882 0.7993
vn -0.1525 -0.0000 0.9883
vn -0.1174 0.5881 0.8002
vn -0.0448 0.9512 0.3052
vn 0.0449 0.9509 -0.3063
vn 0.1175 0.5875 -0.8007
vn 0.1452 -0.0000 -0.9894
vn 0.1175 -0.5875 -0.8007
vn 0.0449 -0.9509 -0.3063
vn -0.0448 -0.9512 0.3052
vn -0.1174 -0.5881 0.8002
vn -0.1452 -0.0000 0.9894
vn -0.1133 0.5880 0.8009
vn -0.0433 0.9512 0.3056
vn 0.0433 0.9509 -0.3063
vn 0.1134 0.5876 -0.8012
vn 0.1401 -0.0000 -0.9901
vn 0.1134 -0.5876 -0.8012
vn 0.0433 -0.9509 -0.3063
vn -0.0433 -0.9512 0.3056
vn -0.1133 -0.5880 0.8009
vn -0.1401 -0.0000 0.9901
vn -0.1115 0.5878 0.8013
vn -0.0426 0.9511 0.3060
vn 0.0426 0.9510 -0.3061
vn 0.1115 0.5878 -0.8013
vn 0.1379 -0.0000 -0.9904
vn 0.1115 -0.5878 -0.8013
vn 0.0426 -0.9510 -0.3061
vn -0.0426 -0.9511 0.3060
vn -0.1115 -0.5878 0.8013
vn -0.1379 -0.0000 0.9904
vn -0.1124 0.5877 0.8013
vn -0.0429 0.9510 0.3063
vn 0.0429 0.9511 -0.3058
vn 0.1123 0.5879 -0.8011
vn 0.1389 -0.0000 -0.9903
vn 0.1123 -0.5879 -0.8011
vn 0.0429 -0.9511 -0.3058
vn -0.0429 -0.9510 0.3063
vn -0.1124 -0.5877 0.8013
vn -0.1389 -0.0000 0.9903
vn -0.1160 0.5875 0.8009
vn -0.0444 0.9509 0.3064
vn 0.0442 0.9512 -0.3053
vn 0.1159 0.5881 -0.8005
vn 0.1433 -0.0000 -0.9897
vn 0.1159 -0.5881 -0.8005
vn 0.0442 -0.9512 -0.3053
vn -0.0444 -0.9509 0.3064
vn -0.1160 -0.5875 0.8009
vn -0.1433 -0.0000 0.9897
vn -0.1222 0.5873 0.8001
vn -0.0468 0.9508 0.3063
vn 0.0465 0.9513 -0.3047
vn 0.1221 0.5882 -0.7994
vn 0.1510 -0.0000 -0.9885
vn 0.1221 -0.5882 -0.7994
vn 0.0465 -0.9513 -0.3047
vn -0.0468 -0.9508 0.3063
vn -0.1222 -0.5873 0.8001
vn -0.1510 -0.0000 0.9885
vn -0.1308 0.5872 0.7988
vn -0.0501 0.9507 0.3060
vn 0.0497 0.9514 -0.3039
vn 0.1306 0.5883 -0.7980
vn 0.1615 -0.0000 -0.9869
vn 0.1306 -0.5883 -0.7980
vn 0.0497 -0.9514 -0.3039
vn -0.0501 -0.9507 0.3060
vn -0.1308 -0.5872 0.7988
vn -0.1615 -0.0000 0.9869
vn -0.1411 0.5871 0.7971
vn -0.0541 0.9507 0.3055
vn 0.0536 0.9515 -0.3031
vn 0.1409 0.5884 -0.7962
vn 0.1743 -0.0000 -0.9847
vn 0.1409 -0.5884 -0.7962
vn 0.0536 -0.9515 -0.3031
vn -0.0541 -0.9507 0.3055
vn -0.1411 -0.5871 0.7971
vn -0.1743 -0.0000 0.9847
vn -0.1526 0.5871 0.7950
vn -0.0585 0.9506 0.3048
vn 0.0580 0.9515 -0.3022
vn 0.1524 0.5885 -0.7940
vn 0.1885 -0.0000 -0.9821
vn 0.1524 -0.5885 -0.7940
vn 0.0580 -0.9515 -0.3022
vn -0.0585 -0.9506 0.3048
vn -0.1526 -0.5871 0.7950
vn -0.1885 -0.0000 0.9821
vn -0.1647 0.5871 0.7926
vn -0.0631 0.9506 0.3039
vn 0.0626 0.9515 -0.3012
vn 0.1645 0.5885 -0.7916
vn 0.2034 -0.0000 -0.9791
vn 0.1645 -0.5885 -0.7916
vn 0.0626 -0.9515 -0.3012
vn -0.0631 -0.9506 0.3039
vn -0.1647 -0.5871 0.7926
vn -0.2034 -0.0000 0.9791
vn -0.1767 0.5871 0.7900
vn -0.0678 0.9506 0.3029
vn 0.0672 0.9515 -0.3003
vn 0.1765 0.5885 -0.7890
vn 0.2183 -0.0000 -0.9759
vn 0.1765 -0.5885 -0.7890
vn 0.0672 -0.9515 -0.3003
vn -0.0678 -0.9506 0.3029
vn -0.1767 -0.5871 0.7900
vn -0.2183 -0.0000 0.9759
vn -0.1887 0.5871 0.7872
vn -0.0724 0.9506 0.3018
vn 0.0717 0.9515 -0.2992
vn 0.1885 0.5885 -0.7862
vn 0.2331 -0.0000 -0.9724
vn 0.1885 -0.5885 -0.7862
vn 0.0717 -0.9515 -0.2992
vn -0.0724 -0.9506 0.3018
vn -0.1887 -0.5871 0.7872
vn -0.2331 -0.0000 0.9724
vn -0.2007 0.5871 0.7843
vn -0.0769 0.9506 0.3007
vn 0.0763 0.9515 -0.2981
vn 0.2004 0.5885 -0.7833
vn 0.2479 -0.0000 -0.9688
vn 0.2004 -0.5885 -0.7833
vn 0.0763 -0.9515 -0.2981
vn -0.0769 -0.9506 0.3007
vn -0.2007 -0.5871 0.7843
vn -0.2479 -0.0000 0.9688
vn -0.2120 0.5871 0.7812
vn -0.0812 0.9507 0.2994
vn 0.0806 0.9515 -0.2970
vn 0.2117 0.5884 -0.7803
vn 0.2619 -0.0000 -0.9651
vn 0.2117 -0.5884 -0.7803
vn 0.0806 -0.9515 -0.2970
vn -0.0812 -0.9507 0.2994
vn -0.2120 -0.5871 0.7812
vn -0.2618 -0.0000 0.9651
vn -0.2220 0.5872 0.7784
vn -0.0851 0.9507 0.2982
vn 0.0845 0.9514 -0.2961
vn 0.2218 0.5883 -0.7776
vn 0.2743 -0.0000 -0.9616
vn 0.2218 -0.5883 -0.7776
vn 0.0845 -0.9514 -0.2961
vn -0.0851 -0.9507 0.2982
vn -0.2220 -0.5872 0.7784
vn -0.2743 -0.0000 0.9616
vn -0.2303 0.5873 0.7759
vn -0.0882 0.9508 0.2970
vn 0.0877 0.9513 -0.2954
vn 0.2302 0.5882 -0.7753
vn 0.2846 -0.0000 -0.9586
vn 0.2302 -0.5882 -0.7753
vn 0.0877 -0.9513 -0.2954
vn -0.0882 -0.9508 0.2970
vn -0.2303 -0.5873 0.7759
vn -0.2846 -0.0000 0.9587
vn -0.2363 0.5875 0.7740
vn -0.0904 0.9509 0.2961
vn 0.0901 0.9512 -0.2950
vn 0.2362 0.5881 -0.7735
vn 0.2921 -0.0000 -0.9564
vn 0.2362 -0.5881 -0.7735
vn 0.0901 -0.9512 -0.2950
vn -0.0904 -0.9509 0.2961
vn -0.2363 -0.5875 0.7740
vn -0.2920 -0.0000 0.9564
vn -0.2397 0.5877 0.7728
vn -0.0916 0.9510 0.2954
vn 0.0915 0.9511 -0.2949
vn 0.2397 0.5879 -0.7726
vn 0.2963 -0.0000 -0.9551
vn 0.2397 -0.5879 -0.7726
vn 0.0915 -0.9511 -0.2949
vn -0.0916 -0.9510 0.2954
vn -0.2397 -0.5877 0.7728
vn -0.2963 -0.0000 0.9551
vn -0.2405 0.5878 0.7724
vn -0.0918 0.9511 0.2950
vn 0.0919 0.9510 -0.2951
vn 0.2405 0.5878 -0.7725
vn 0.2973 -0.0000 -0.9548
vn 0.2405 -0.5878 -0.7725
vn 0.0919 -0.9510 -0.2951
vn -0.0918 -0.9511 0.2950
vn -0.2405 -0.5878 0.7724
vn -0.2973 -0.0000 0.9548
vn -0.2387 0.5880 0.7729
vn -0.0911 0.9512 0.2949
vn 0.0913 0.9509 -0.2956
vn 0.2388 0.5876 -0.7731
vn 0.2951 -0.0000 -0.9555
vn 0.2388 -0.5876 -0.7731
vn 0.0913 -0.9509 -0.2956
vn -0.0911 -0.9512 0.2949
vn -0.2387 -0.5880 0.7729
vn -0.2951 -0.0000 0.9555
vn -0.2347 0.5881 0.7740
vn -0.0895 0.9512 0.2952
vn 0.0898 0.9509 -0.2963
vn 0.2348 0.5875 -0.7744
vn 0.2902 -0.0000 -0.9570
vn 0.2348 -0.5875 -0.7744
vn 0.0898 -0.9509 -0.2963
vn -0.0895 -0.9512 0.2952
vn -0.2347 -0.5881 0.7740
vn -0.2902 -0.0000 0.9570
vn -0.2290 0.5882 0.7756
vn -0.0873 0.9513 0.2957
vn 0.0877 0.9508 -0.2971
vn 0.2291 0.5874 -0.7762
vn 0.2831 -0.0000 -0.9591
vn 0.2291 -0.5874 -0.7762
vn 0.0877 -0.9508 -0.2971
vn -0.0873 -0.9513 0.2957
vn -0.2290 -0.5882 0.7756
vn -0.2832 -0.0000 0.9591
vn -0.2257 0.5882 0.7766
vn -0.0860 0.9513 0.2959
vn 0.0865 0.9508 -0.2975
vn 0.2259 0.5874 -0.7772
vn 0.2791 -0.0000 -0.9603
vn 0.2259 -0.5874 -0.7772
vn 0.0865 -0.9508 -0.2975
vn -0.0860 -0.9513 0.2959
vn -0.2257 -0.5882 0.7766
vn -0.2791 -0.0000 0.9602
vt 0.000000 1.000000
vt 0.041667 1.000000
vt 0.041667 0.900000
vt 0.000000 0.900000
vt 0.000000 0.100000
vt 0.041667 0.100000
vt 0.041667 0.000000
vt 0.000000 0.000000
vt 0.000000 0.200000
vt 0.041667 0.200000
vt 0.000000 0.300000
vt 0.041667 0.300000
vt 0.000000 0.400000
vt 0.041667 0.400000
vt 0.000000 0.500000
vt 0.041667 0.500000
vt 0.000000 0.600000
vt 0.041667 0.600000
vt 0.000000 0.700000
vt 0.041667 0.700000
vt 0.000000 0.800000
vt 0.041667 0.800000
vt 0.083333 1.000000
vt 0.083333 0.900000
vt 0.083333 0.100000
vt 0.083333 0.000000
vt 0.083333 0.200000
vt 0.083333 0.300000
vt 0.083333 0.400000
vt 0.083333 0.500000
vt 0.083333 0.600000
vt 0.083333 0.700000
vt 0.083333 0.800000
vt 0.125000 1.000000
vt 0.125000 0.900000
vt 0.125000 0.100000
vt 0.125000 0.000000
vt 0.125000 0.200000
vt 0.125000 0.300000
vt 0.125000 0.400000
vt 0.125000 0.500000
vt 0.125000 0.600000
vt 0.125000 0.700000
vt 0.125000 0.800000
vt 0.166667 1.000000
vt 0.166667 0.900000
vt 0.166667 0.100000
vt 0.166667 0.000000
vt 0.166667 0.200000
vt 0.166667 0.300000
vt 0.166667 0.400000
vt 0.166667 0.500000
vt 0.166667 0.600000
vt 0.166667 0.700000
vt 0.166667 0.800000
vt 0.208333 1.000000
vt 0.208333 0.900000
vt 0.208333 0.100000
vt 0.208333 0.000000
vt 0.208333 0.200000
vt 0.208333 0.300000
vt 0.208333 0.400000
vt 0.208333 0.500000
vt 0.208333 0.600000
vt 0.208333 0.700000
vt 0.208333 0.800000
vt 0.250000 1.000000
vt 0.250000 0.900000
vt 0.250000 0.100000
vt 0.250000 0.000000
vt 0.250000 0.200000
vt 0.250000 0.300000
vt 0.250000 0.400000
vt 0.250000 0.500000
vt 0.250000 0.600000
vt 0.250000 0.700000
vt 0.250000 0.800000
vt 0.291667 1.000000
vt 0.291667 0.900000
vt 0.291667 0.100000
vt 0.291667 0.000000
vt 0.291667 0.200000
vt 0.291667 0.300000
vt 0.291667 0.400000
vt 0.291667 0.500000
vt 0.291667 0.600000
vt 0.291667 0.700000
vt 0.291667 0.800000
vt 0.333333 1.000000
vt 0.333333 0.900000
vt 0.333333 0.100000
vt 0.333333 0.000000
vt 0.333333 0.200000
vt 0.333333 0.300000
vt 0.333333 0.400000
vt 0.333333 0.500000
vt 0.333333 0.600000
vt 0.333333 0.700000
vt 0.333333 0.800000
vt 0.375000 1.000000
vt 0.375000 0.900000
vt 0.375000 0.100000
vt 0.375000 0.000000
vt 0.375000 0.200000
vt 0.375000 0.300000
vt 0.375000 0.400000
vt 0.375000 0.500000
vt 0.375000 0.600000
vt 0.375000 0.700000
vt 0.375000 0.800000
vt 0.416667 1.000000
vt 0.416667 0.900000
vt 0.416667 0.100000
vt 0.416667 0.000000
vt 0.416667 0.200000
vt 0.416667 0.300000
vt 0.416667 0.400000
vt 0.416667 0.500000
vt 0.416667 0.600000
vt 0.416667 0.700000
vt 0.416667 0.800000
vt 0.458333 1.000000
vt 0.458333 0.900000
vt 0.458333 0.100000
vt 0.458333 0.000000
vt 0.458333 0.200000
vt 0.458333 0.300000
vt 0.458333 0.400000
vt 0.458333 0.500000
vt 0.458333 0.600000
vt 0.458333 0.700000
vt 0.458333 0.800000
vt 0.500000 1.000000
vt 0.500000 0.900000
vt 0.500000 0.100000
vt 0.500000 0.000000
vt 0.500000 0.200000
vt 0.500000 0.300000
vt 0.500000 0.400000
vt 0.500000 0.500000
vt 0.500000 0.600000
vt 0.500000 0.700000
vt 0.500000 0.800000
vt 0.541667 1.000000
vt 0.541667 0.900000
vt 0.541667 0.100000
vt 0.541667 0.000000
vt 0.541667 0.200000
vt 0.541667 0.300000
vt 0.541667 0.400000
vt 0.541667 0.500000
vt 0.541667 0.600000
vt 0.541667 0.700000
vt 0.541667 0.800000
vt 0.583333 1.000000
vt 0.583333 0.900000
vt 0.583333 0.100000
vt 0.583333 0.000000
vt 0.583333 0.200000
vt 0.583333 0.300000
vt 0.583333 0.400000
vt 0.583333 0.500000
vt 0.583333 0.600000
vt 0.583333 0.700000
vt 0.583333 0.800000
vt 0.625000 1.000000
vt 0.625000 0.900000
vt 0.625000 0.100000
vt 0.625000 0.000000
vt 0.625000 0.200000
vt 0.625000 0.300000
vt 0.625000 0.400000
vt 0.625000 0.500000
vt 0.625000 0.600000
vt 0.625000 0.700000
vt 0.625000 0.800000
vt 0.666667 1.000000
vt 0.666667 0.900000
vt 0.666667 0.100000
vt 0.666667 0.000000
vt 0.666667 0.200000
vt 0.666667 0.300000
vt 0.666667 0.400000
vt 0.666667 0.500000
vt 0.666667 0.600000
vt 0.666667 0.700000
vt 0.666667 0.800000
vt 0.708333 1.000000
vt 0.708333 0.900000
vt 0.708333 0.100000
vt 0.708333 0.000000
vt 0.708333 0.200000
vt 0.708333 0.300000
vt 0.708333 0.400000
vt 0.708333 0.500000
vt 0.708333 0.600000
vt 0.708333 0.700000
vt 0.708333 0.800000
vt 0.750000 1.000000
vt 0.750000 0.900000
vt 0.750000 0.100000
vt 0.750000 0.000000
vt 0.750000 0.200000
vt 0.750000 0.300000
vt 0.750000 0.400000
vt 0.750000 0.500000
vt 0.750000 0.600000
vt 0.750000 0.700000
vt 0.750000 0.800000
vt 0.791667 1.000000
vt 0.791667 0.900000
vt 0.791667 0.100000
vt 0.791667 0.000000
vt 0.791667 0.200000
vt 0.791667 0.300000
vt 0.791667 0.400000
vt 0.791667 0.500000
vt 0.791667 0.600000
vt 0.791667 0.700000
vt 0.791667 0.800000
vt 0.833333 1.000000
vt 0.833333 0.900000
vt 0.833333 0.100000
vt 0.833333 0.000000
vt 0.833333 0.200000
vt 0.833333 0.300000
vt 0.833333 0.400000
vt 0.833333 0.500000
vt 0.833333 0.600000
vt 0.833333 0.700000
vt 0.833333 0.800000
vt 0.875000 1.000000
vt 0.875000 0.900000
vt 0.875000 0.100000
vt 0.875000 0.000000
vt 0.875000 0.200000
vt 0.875000 0.300000
vt 0.875000 0.400000
vt 0.875000 0.500000
vt 0.875000 0.600000
vt 0.875000 0.700000
vt 0.875000 0.800000
vt 0.916667 1.000000
vt 0.916667 0.900000
vt 0.916667 0.100000
vt 0.916667 0.000000
vt 0.916667 0.200000
vt 0.916667 0.300000
vt 0.916667 0.400000
vt 0.916667 0.500000
vt 0.916667 0.600000
vt 0.916667 0.700000
vt 0.916667 0.800000
vt 0.958333 1.000000
vt 0.958333 0.900000
vt 0.958333 0.100000
vt 0.958333 0.000000
vt 0.958333 0.200000
vt 0.958333 0.300000
vt 0.958333 0.400000
vt 0.958333 0.500000
vt 0.958333 0.600000
vt 0.958333 0.700000
vt 0.958333 0.800000
vt 1.000000 1.000000
vt 1.000000 0.900000
vt 1.000000 0.100000
vt 1.000000 0.000000
vt 1.000000 0.200000
vt 1.000000 0.300000
vt 1.000000 0.400000
vt 1.000000 0.500000
vt 1.000000 0.600000
vt 1.000000 0.700000
vt 1.000000 0.800000
s 1
usemtl M_Blue
f 557/623/555 567/624/565 576/625/574 566/626/564
f 558/627/556 568/628/566 567/629/565 557/630/555
f 559/631/557 569/632/567 568/628/566 558/627/556
f 560/633/558 570/634/568 569/632/567 559/631/557
f 561/635/559 571/636/569 570/634/568 560/633/558
f 562/637/560 572/638/570 571/636/569 561/635/559
f 563/639/561 573/640/571 572/638/570 562/637/560
f 564/641/562 574/642/572 573/640/571 563/639/561
f 565/643/563 575/644/573 574/642/572 564/641/562
f 566/626/564 576/625/574 575/644/573 565/643/563
f 567/624/565 577/645/575 586/646/584 576/625/574
f 568/628/566 578/647/576 577/648/575 567/629/565
f 569/632/567 579/649/577 578/647/576 568/628/566
f 570/634/568 580/650/578 579/649/577 569/632/567
f 571/636/569 581/651/579 580/650/578 570/634/568
f 572/638/570 582/652/580 581/651/579 571/636/569
f 573/640/571 583/653/581 582/652/580 572/638/570
f 574/642/572 584/654/582 583/653/581 573/640/571
f 575/644/573 585/655/583 584/654/582 574/642/572
f 576/625/574 586/646/584 585/655/583 575/644/573
f 577/645/575 587/656/585 596/657/594 586/646/584
f 578/647/576 588/658/586 587/659/585 577/648/575
f 579/649/577 589/660/587 588/658/586 578/647/576
f 580/650/578 590/661/588 589/660/587 579/649/577
f 581/651/579 591/662/589 590/661/588 580/650/578
f 582/652/580 592/663/590 591/662/589 581/651/579
f 583/653/581 593/664/591 592/663/590 582/652/580
f 584/654/582 594/665/592 593/664/591 583/653/581
f 585/655/583 595/666/593 594/665/592 584/654/582
f 586/646/584 596/657/594 595/666/593 585/655/583
f 587/656/585 597/667/595 606/668/604 596/657/594
f 588/658/586 598/669/596 597/670/595 587/659/585
f 589/660/587 599/671/597 598/669/596 588/658/586
f 590/661/588 600/672/598 599/671/597 589/660/587
f 591/662/589 601/673/599 600/672/598 590/661/588
f 592/663/590 602/674/600 601/673/599 591/662/589
f 593/664/591 603/675/601 602/674/600 592/663/590
f 594/665/592 604/676/602 603/675/601 593/664/591
f 595/666/593 605/677/603 604/676/602 594/665/592
f 596/657/594 606/668/604 605/677/603 595/666/593
f 597/667/595 607/678/605 616/679/614 606/668/604
f 598/669/596 608/680/606 607/681/605 597/670/595
f 599/671/597 609/682/607 608/680/606 598/669/596
f 600/672/598 610/683/608 609/682/607 599/671/597
f 601/673/599 611/684/609 610/683/608 600/672/598
f 602/674/600 612/685/610 611/684/609 601/673/599
f 603/675/601 613/686/611 612/685/610 602/674/600
f 604/676/602 614/687/612 613/686/611 603/675/601
f 605/677/603 615/688/613 614/687/612 604/676/602
f 606/668/604 616/679/614 615/688/613 605/677/603
f 607/678/605 617/689/615 626/690/624 616/679/614
f 608/680/606 618/691/616 617/692/615 607/681/605
f 609/682/607 619/693/617 618/691/616 608/680/606
f 610/683/608 620/694/618 619/693/617 609/682/607
f 611/684/609 621/695/619 620/694/618 610/683/608
f 612/685/610 622/696/620 621/695/619 611/684/609
f 613/686/611 623/697/621 622/696/620 612/685/610
f 614/687/612 624/698/622 623/697/621 613/686/611
f 615/688/613 625/699/623 624/698/622 614/687/612
f 616/679/614 626/690/624 625/699/623 615/688/613
f 617/689/615 627/700/625 636/701/634 626/690/624
f 618/691/616 628/702/626 627/703/625 617/692/615
f 619/693/617 629/704/627 628/702/626 618/691/616
f 620/694/618 630/705/628 629/704/627 619/693/617
f 621/695/619 631/706/629 630/705/628 620/694/618
f 622/696/620 632/707/630 631/706/629 621/695/619
f 623/697/621 633/708/631 632/707/630 622/696/620
f 624/698/622 634/709/632 633/708/631 623/697/621
f 625/699/623 635/710/633 634/709/632 624/698/622
f 626/690/624 636/701/634 635/710/633 625/699/623
f 627/700/625 637/711/635 646/712/644 636/701/634
f 628/702/626 638/713/636 637/714/635 627/703/625
f 629/704/627 639/715/637 638/713/636 628/702/626
f 630/705/628 640/716/638 639/715/637 629/704/627
f 631/706/629 641/717/639 640/716/638 630/705/628
f 632/707/630 642/718/640 641/717/639 631/706/629
f 633/708/631 643/719/641 642/718/640 632/707/630
f 634/709/632 644/720/642 643/719/641 633/708/631
f 635/710/633 645/721/643 644/720/642 634/709/632
f 636/701/634 646/712/644 645/721/643 635/710/633
f 637/711/635 647/722/645 656/723/654 646/712/644
f 638/713/636 648/724/646 647/725/645 637/714/635
f 639/715/637 649/726/647 648/724/646 638/713/636
f 640/716/638 650/727/648 649/726/647 639/715/637
f 641/717/639 651/728/649 650/727/648 640/716/638
f 642/718/640 652/729/650 651/728/649 641/717/639
f 643/719/641 653/730/651 652/729/650 642/718/640
f 644/720/642 654/731/652 653/730/651 643/719/641
f 645/721/643 655/732/653 654/731/652 644/720/642
f 646/712/644 656/723/654 655/732/653 645/721/643
f 647/722/645 657/733/655 666/734/664 656/723/654
f 648/724/646 658/735/656 657/736/655 647/725/645
f 649/726/647 659/737/657 658/735/656 648/724/646
f 650/727/648 660/738/658 659/737/657 649/726/647
f 651/728/649 661/739/659 660/738/658 650/727/648
f 652/729/650 662/740/660 661/739/659 651/728/649
f 653/730/651 663/741/661 662/740/660 652/729/650
f 654/731/652 664/742/662 663/741/661 653/730/651
f 655/732/653 665/743/663 664/742/662 654/731/652
f 656/723/654 666/734/664 665/743/663 655/732/653
f 657/733/655 667/744/665 676/745/674 666/734/664
f 658/735/656 668/746/666 667/747/665 657/736/655
f 659/737/657 669/748/667 668/746/666 658/735/656
f 660/738/658 670/749/668 669/748/667 659/737/657
f 661/739/659 671/750/669 670/749/668 660/738/658
f 662/740/660 672/751/670 671/750/669 661/739/659
f 663/741/661 673/752/671 672/751/670 662/740/660
f 664/742/662 674/753/672 673/752/671 663/741/661
f 665/743/663 675/754/673 674/753/672 664/742/662
f 666/734/664 676/745/674 675/754/673 665/743/663
f 667/744/665 677/755/675 686/756/684 676/745/674
f 668/746/666 678/757/676 677/758/675 667/747/665
f 669/748/667 679/759/677 678/757/676 668/746/666
f 670/749/668 680/760/678 679/759/677 669/748/667
f 671/750/669 681/761/679 680/760/678 670/749/668
f 672/751/670 682/762/680 681/761/679 671/750/669
f 673/752/671 683/763/681 682/762/680 672/751/670
f 674/753/672 684/764/682 683/763/681 673/752/671
f 675/754/673 685/765/683 684/764/682 674/753/672
f 676/745/674 686/756/684 685/765/683 675/754/673
f 677/755/675 687/766/685 696/767/694 686/756/684
f 678/757/676 688/768/686 687/769/685 677/758/675
f 679/759/677 689/770/687 688/768/686 678/757/676
f 680/760/678 690/771/688 689/770/687 679/759/677
f 681/761/679 691/772/689 690/771/688 680/760/678
f 682/762/680 692/773/690 691/772/689 681/761/679
f 683/763/681 693/774/691 692/773/690 682/762/680
f 684/764/682 694/775/692 693/774/691 683/763/681
f 685/765/683 695/776/693 694/775/692 684/764/682
f 686/756/684 696/767/694 695/776/693 685/765/683
f 687/766/685 697/777/695 706/778/704 696/767/694
f 688/768/686 698/779/696 697/780/695 687/769/685
f 689/770/687 699/781/697 698/779/696 688/768/686
f 690/771/688 700/782/698 699/781/697 689/770/687
f 691/772/689 701/783/699 700/782/698 690/771/688
f 692/773/690 702/784/700 701/783/699 691/772/689
f 693/774/691 703/785/701 702/784/700 692/773/690
f 694/775/692 704/786/702 703/785/701 693/774/691
f 695/776/693 705/787/703 704/786/702 694/775/692
f 696/767/694 706/778/704 705/787/703 695/776/693
f 697/777/695 707/788/705 716/789/714 706/778/704
f 698/779/696 708/790/706 707/791/705 697/780/695
f 699/781/697 709/792/707 708/790/706 698/779/696
f 700/782/698 710/793/708 709/792/707 699/781/697
f 701/783/699 711/794/709 710/793/708 700/782/698
f 702/784/700 712/795/710 711/794/709 701/783/699
f 703/785/701 713/796/711 712/795/710 702/784/700
f 704/786/702 714/797/712 713/796/711 703/785/701
f 705/787/703 715/798/713 714/797/712 704/786/702
f 706/778/704 716/789/714 715/798/713 705/787/703
f 707/788/705 717/799/715 726/800/724 716/789/714
f 708/790/706 718/801/716 717/802/715 707/791/705
f 709/792/707 719/803/717 718/801/716 708/790/706
f 710/793/708 720/804/718 719/803/717 709/792/707
f 711/794/709 721/805/719 720/804/718 710/793/708
f 712/795/710 722/806/720 721/805/719 711/794/709
f 713/796/711 723/807/721 722/806/720 712/795/710
f 714/797/712 724/808/722 723/807/721 713/796/711
f 715/798/713 725/809/723 724/808/722 714/797/712
f 716/789/714 726/800/724 725/809/723 715/798/713
f 717/799/715 727/810/725 736/811/734 726/800/724
f 718/801/716 728/812/726 727/813/725 717/802/715
f 719/803/717 729/814/727 728/812/726 718/801/716
f 720/804/718 730/815/728 729/814/727 719/803/717
f 721/805/719 731/816/729 730/815/728 720/804/718
f 722/806/720 732/817/730 731/816/729 721/805/719
f 723/807/721 733/818/731 732/817/730 722/806/720
f 724/808/722 734/819/732 733/818/731 723/807/721
f 725/809/723 735/820/733 734/819/732 724/808/722
f 726/800/724 736/811/734 735/820/733 725/809/723
f 727/810/725 737/821/735 746/822/744 736/811/734
f 728/812/726 738/823/736 737/824/735 727/813/725
f 729/814/727 739/825/737 738/823/736 728/812/726
f 730/815/728 740/826/738 739/825/737 729/814/727
f 731/816/729 741/827/739 740/826/738 730/815/728
f 732/817/730 742/828/740 741/827/739 731/816/729
f 733/818/731 743/829/741 742/828/740 732/817/730
f 734/819/732 744/830/742 743/829/741 733/818/731
f 735/820/733 745/831/743 744/830/742 734/819/732
f 736/811/734 746/822/744 745/831/743 735/820/733
f 737/821/735 747/832/745 756/833/754 746/822/744
f 738/823/736 748/834/746 747/835/745 737/824/735
f 739/825/737 749/836/747 748/834/746 738/823/736
f 740/826/738 750/837/748 749/836/747 739/825/737
f 741/827/739 751/838/749 750/837/748 740/826/738
f 742/828/740 752/839/750 751/838/749 741/827/739
f 743/829/741 753/840/751 752/839/750 742/828/740
f 744/830/742 754/841/752 753/840/751 743/829/741
f 745/831/743 755/842/753 754/841/752 744/830/742
f 746/822/744 756/833/754 755/842/753 745/831/743
f 747/832/745 757/843/755 766/844/764 756/833/754
f 748/834/746 758/845/756 757/846/755 747/835/745
f 749/836/747 759/847/757 758/845/756 748/834/746
f 750/837/748 760/848/758 759/847/757 749/836/747
f 751/838/749 761/849/759 760/848/758 750/837/748
f 752/839/750 762/850/760 761/849/759 751/838/749
f 753/840/751 763/851/761 762/850/760 752/839/750
f 754/841/752 764/852/762 763/851/761 753/840/751
f 755/842/753 765/853/763 764/852/762 754/841/752
f 756/833/754 766/844/764 765/853/763 755/842/753
f 757/843/755 767/854/765 776/855/774 766/844/764
f 758/845/756 768/856/766 767/857/765 757/846/755
f 759/847/757 769/858/767 768/856/766 758/845/756
f 760/848/758 770/859/768 769/858/767 759/847/757
f 761/849/759 771/860/769 770/859/768 760/848/758
f 762/850/760 772/861/770 771/860/769 761/849/759
f 763/851/761 773/862/771 772/861/770 762/850/760
f 764/852/762 774/863/772 773/862/771 763/851/761
f 765/853/763 775/864/773 774/863/772 764/852/762
f 766/844/764 776/855/774 775/864/773 765/853/763
f 767/854/765 777/865/775 786/866/784 776/855/774
f 768/856/766 778/867/776 777/868/775 767/857/765
f 769/858/767 779/869/777 778/867/776 768/856/766
f 770/859/768 780/870/778 779/869/777 769/858/767
f 771/860/769 781/871/779 780/870/778 770/859/768
f 772/861/770 782/872/780 781/871/779 771/860/769
f 773/862/771 783/873/781 782/872/780 772/861/770
f 774/863/772 784/874/782 783/873/781 773/862/771
f 775/864/773 785/875/783 784/874/782 774/863/772
f 776/855/774 786/866/784 785/875/783 775/864/773
f 777/865/775 787/876/785 796/877/794 786/866/784
f 778/867/776 788/878/786 787/879/785 777/868/775
f 779/869/777 789/880/787 788/878/786 778/867/776
f 780/870/778 790/881/788 789/880/787 779/869/777
f 781/871/779 791/882/789 790/881/788 780/870/778
f 782/872/780 792/883/790 791/882/789 781/871/779
f 783/873/781 793/884/791 792/883/790 782/872/780
f 784/874/782 794/885/792 793/884/791 783/873/781
f 785/875/783 795/886/793 794/885/792 784/874/782
f 786/866/784 796/877/794 795/886/793 785/875/783
f 787/876/785 797/887/795 806/888/804 796/877/794
f 788/878/786 798/889/796 797/890/795 787/879/785
f 789/880/787 799/891/797 798/889/796 788/878/786
f 790/881/788 800/892/798 799/891/797 789/880/787
f 791/882/789 801/893/799 800/892/798 790/881/788
f 792/883/790 802/894/800 801/893/799 791/882/789
f 793/884/791 803/895/801 802/894/800 792/883/790
f 794/885/792 804/896/802 803/895/801 793/884/791
f 795/886/793 805/897/803 804/896/802 794/885/792
f 796/877/794 806/888/804 805/897/803 795/886/793
o Handle.003
v -0.004563 0.020572 -0.032054
v -0.001743 0.033287 -0.049326
v 0.001743 0.033287 -0.070674
v 0.004563 0.020572 -0.087946
v 0.005640 -0.000000 -0.094543
v 0.004563 -0.020572 -0.087946
v 0.001743 -0.033287 -0.070674
v -0.001743 -0.033287 -0.049326
v -0.004563 -0.020572 -0.032054
v -0.005640 0.000000 -0.025457
v -0.027425 0.020572 -0.035679
v -0.024757 0.033287 -0.052974
v -0.021459 0.033287 -0.074353
v -0.018791 0.020572 -0.091648
v -0.017772 -0.000000 -0.098254
v -0.018791 -0.020572 -0.091648
v -0.021459 -0.033287 -0.074353
v -0.024757 -0.033287 -0.052974
v -0.027425 -0.020572 -0.035679
v -0.028444 0.000000 -0.029073
v -0.048903 0.020572 -0.038900
v -0.046362 0.033287 -0.056215
v -0.043222 0.033287 -0.077617
v -0.040682 0.020572 -0.094932
v -0.039711 -0.000000 -0.101545
v -0.040682 -0.020572 -0.094932
v -0.043222 -0.033287 -0.077617
v -0.046362 -0.033287 -0.056215
v -0.048903 -0.020572 -0.038900
v -0.049873 0.000000 -0.032287
v -0.069301 0.020572 -0.041827
v -0.066849 0.033287 -0.059154
v -0.063818 0.033287 -0.080572
v -0.061366 0.020572 -0.097899
v -0.060430 -0.000000 -0.104518
v -0.061366 -0.020572 -0.097899
v -0.063818 -0.033287 -0.080572
v -0.066849 -0.033287 -0.059154
v -0.069301 -0.020572 -0.041827
v -0.070238 0.000000 -0.035208
v -0.088916 0.020572 -0.044564
v -0.086503 0.033287 -0.061897
v -0.083521 0.033287 -0.083322
v -0.081108 0.020572 -0.100655
v -0.080187 -0.000000 -0.107275
v -0.081108 -0.020572 -0.100655
v -0.083521 -0.033287 -0.083322
v -0.086503 -0.033287 -0.061897
v -0.088916 -0.020572 -0.044564
v -0.089838 0.000000 -0.037944
v -0.108040 0.020572 -0.047220
v -0.105610 0.033287 -0.064550
v -0.102606 0.033287 -0.085972
v -0.100176 0.020572 -0.103302
v -0.099248 -0.000000 -0.109922
v -0.100176 -0.020572 -0.103302
v -0.102606 -0.033287 -0.085972
v -0.105610 -0.033287 -0.064550
v -0.108040 -0.020572 -0.047220
v -0.108969 0.000000 -0.040600
v -0.126959 0.020572 -0.049899
v -0.124451 0.033287 -0.067218
v -0.121352 0.033287 -0.088626
v -0.118844 0.020572 -0.105946
v -0.117887 -0.000000 -0.112561
v -0.118844 -0.020572 -0.105946
v -0.121352 -0.033287 -0.088626
v -0.124451 -0.033287 -0.067218
v -0.126959 -0.020572 -0.049899
v -0.127917 0.000000 -0.043284
v -0.145948 0.020572 -0.052708
v -0.143306 0.033287 -0.070008
v -0.140040 0.033287 -0.091391
v -0.137398 0.020572 -0.108690
v -0.136388 -0.000000 -0.115298
v -0.137398 -0.020572 -0.108690
v -0.140040 -0.033287 -0.091391
v -0.143306 -0.033287 -0.070008
v -0.145948 -0.020572 -0.052708
v -0.146957 0.000000 -0.046101
v -0.165276 0.020572 -0.055753
v -0.162449 0.033287 -0.073023
v -0.158955 0.033287 -0.094371
v -0.156128 0.020572 -0.111641
v -0.155048 -0.000000 -0.118237
v -0.156128 -0.020572 -0.111641
v -0.158955 -0.033287 -0.094371
v -0.162449 -0.033287 -0.073023
v -0.165276 -0.020572 -0.055753
v -0.166356 0.000000 -0.049157
v -0.185204 0.020572 -0.059138
v -0.182154 0.033287 -0.076371
v -0.178384 0.033287 -0.097671
v -0.175333 0.020572 -0.114903
v -0.174168 -0.000000 -0.121485
v -0.175333 -0.020572 -0.114903
v -0.178384 -0.033287 -0.097671
v -0.182154 -0.033287 -0.076371
v -0.185204 -0.020572 -0.059138
v -0.186370 0.000000 -0.052556
v -0.205992 0.020572 -0.062968
v -0.202693 0.033287 -0.080154
v -0.198615 0.033287 -0.101397
v -0.195316 0.020572 -0.118583
v -0.194056 -0.000000 -0.125148
v -0.195316 -0.020572 -0.118583
v -0.198615 -0.033287 -0.101397
v -0.202693 -0.033287 -0.080154
v -0.205992 -0.020572 -0.062968
v -0.207252 0.000000 -0.056403
v -0.227897 0.020572 -0.067343
v -0.224338 0.033287 -0.084477
v -0.219938 0.033287 -0.105656
v -0.216378 0.020572 -0.122790
v -0.215018 -0.000000 -0.129335
v -0.216378 -0.020572 -0.122790
v -0.219938 -0.033287 -0.105656
v -0.224338 -0.033287 -0.084477
v -0.227897 -0.020572 -0.067343
v -0.229257 0.000000 -0.060799
v -0.251181 0.020572 -0.072367
v -0.247361 0.033287 -0.089445
v -0.242639 0.033287 -0.110555
v -0.238819 0.020572 -0.127633
v -0.237360 -0.000000 -0.134156
v -0.238819 -0.020572 -0.127633
v -0.242639 -0.033287 -0.110555
v -0.247361 -0.033287 -0.089445
v -0.251181 -0.020572 -0.072367
v -0.252640 0.000000 -0.065844
v -0.264966 0.020572 -0.075560
v -0.260886 0.033287 -0.092578
v -0.255843 0.033287 -0.113613
v -0.251763 0.020572 -0.130631
v -0.250204 -0.000000 -0.137131
v -0.251763 -0.020572 -0.130631
v -0.255843 -0.033287 -0.113613
v -0.260886 -0.033287 -0.092578
v -0.264966 -0.020572 -0.075560
v -0.266524 0.000000 -0.069060
v -0.277855 0.020572 -0.078755
v -0.273517 0.033287 -0.095709
v -0.268156 0.033287 -0.116665
v -0.263818 0.020572 -0.133619
v -0.262161 -0.000000 -0.140095
v -0.263818 -0.020572 -0.133619
v -0.268156 -0.033287 -0.116665
v -0.273517 -0.033287 -0.095709
v -0.277855 -0.020572 -0.078755
v -0.279512 0.000000 -0.072279
v -0.290006 0.020572 -0.081961
v -0.285424 0.033287 -0.098851
v -0.279760 0.033287 -0.119727
v -0.275177 0.020572 -0.136617
v -0.273427 -0.000000 -0.143068
v -0.275177 -0.020572 -0.136617
v -0.279760 -0.033287 -0.119727
v -0.285424 -0.033287 -0.098851
v -0.290006 -0.020572 -0.081961
v -0.291756 0.000000 -0.075510
v -0.301573 0.020572 -0.085186
v -0.296772 0.033287 -0.102014
v -0.290838 0.033287 -0.122816
v -0.286037 0.020572 -0.139644
v -0.284204 -0.000000 -0.146072
v -0.286037 -0.020572 -0.139644
v -0.290838 -0.033287 -0.122816
v -0.296772 -0.033287 -0.102014
v -0.301573 -0.020572 -0.085186
v -0.303407 0.000000 -0.078758
v -0.312710 0.020572 -0.088435
v -0.307730 0.033287 -0.105211
v -0.301574 0.033287 -0.125948
v -0.296593 0.020572 -0.142725
v -0.294691 -0.000000 -0.149133
v -0.296593 -0.020572 -0.142725
v -0.301574 -0.033287 -0.125948
v -0.307730 -0.033287 -0.105211
v -0.312710 -0.020572 -0.088435
v -0.314612 0.000000 -0.082027
v -0.323575 0.020572 -0.091716
v -0.318465 0.033287 -0.108453
v -0.312147 0.033287 -0.129141
v -0.307037 0.020572 -0.145878
v -0.305085 0.000000 -0.152271
v -0.307037 -0.020572 -0.145878
v -0.312147 -0.033287 -0.129141
v -0.318465 -0.033287 -0.108453
v -0.323575 -0.020572 -0.091716
v -0.325527 0.000000 -0.085323
v -0.334333 0.020572 -0.095037
v -0.329148 0.033287 -0.111751
v -0.322739 0.033287 -0.132411
v -0.317554 0.020572 -0.149125
v -0.315573 0.000000 -0.155510
v -0.317554 -0.020572 -0.149125
v -0.322739 -0.033287 -0.132411
v -0.329148 -0.033287 -0.111751
v -0.334333 -0.020572 -0.095037
v -0.336314 0.000000 -0.088653
v -0.345156 0.020572 -0.098411
v -0.339954 0.033287 -0.115120
v -0.333524 0.033287 -0.135773
v -0.328322 0.020572 -0.152482
v -0.326335 0.000000 -0.158864
v -0.328322 -0.020572 -0.152482
v -0.333524 -0.033287 -0.135773
v -0.339954 -0.033287 -0.115120
v -0.345156 -0.020572 -0.098411
v -0.347143 0.000000 -0.092029
v -0.356223 0.020572 -0.101852
v -0.351059 0.033287 -0.118573
v -0.344676 0.033287 -0.139241
v -0.339511 0.020572 -0.155961
v -0.337539 -0.000000 -0.162348
v -0.339511 -0.020572 -0.155961
v -0.344676 -0.033287 -0.139241
v -0.351059 -0.033287 -0.118573
v -0.356223 -0.020572 -0.101852
v -0.358196 0.000000 -0.095465
v -0.367721 0.020572 -0.105379
v -0.362642 0.033287 -0.122126
v -0.356365 0.033287 -0.142827
v -0.351286 0.020572 -0.159573
v -0.349346 -0.000000 -0.165970
v -0.351286 -0.020572 -0.159573
v -0.356365 -0.033287 -0.142827
v -0.362642 -0.033287 -0.122126
v -0.367721 -0.020572 -0.105379
v -0.369661 0.000000 -0.098983
v -0.379840 0.020572 -0.109013
v -0.374885 0.033287 -0.125796
v -0.368760 0.033287 -0.146542
v -0.363805 0.020572 -0.163326
v -0.361913 0.000000 -0.169737
v -0.363805 -0.020572 -0.163326
v -0.368760 -0.033287 -0.146542
v -0.374885 -0.033287 -0.125796
v -0.379840 -0.020572 -0.109013
v -0.381733 0.000000 -0.102602
v -0.392779 0.020572 -0.112774
v -0.387971 0.033287 -0.129601
v -0.382029 0.033287 -0.150399
v -0.377221 0.020572 -0.167226
v -0.375385 0.000000 -0.173653
v -0.377221 -0.020572 -0.167226
v -0.382029 -0.033287 -0.150399
v -0.387971 -0.033287 -0.129601
v -0.392779 -0.020572 -0.112774
v -0.394615 0.000000 -0.106347
vn -0.1266 0.5882 0.7987
vn -0.0483 0.9513 0.3044
vn 0.0485 0.9508 -0.3060
vn 0.1267 0.5874 -0.7993
vn 0.1566 -0.0000 -0.9877
vn 0.1267 -0.5874 -0.7993
vn 0.0485 -0.9508 -0.3060
vn -0.0483 -0.9513 0.3044
vn -0.1266 -0.5882 0.7987
vn -0.1566 -0.0000 0.9877
vn -0.1233 0.5882 0.7993
vn -0.0470 0.9513 0.3047
vn 0.0472 0.9508 -0.3061
vn 0.1234 0.5874 -0.7998
vn 0.1525 -0.0000 -0.9883
vn 0.1234 -0.5874 -0.7998
vn 0.0472 -0.9508 -0.3061
vn -0.0470 -0.9513 0.3047
vn -0.1233 -0.5882 0.7993
vn -0.1525 -0.0000 0.9883
vn -0.1174 0.5881 0.8002
vn -0.0448 0.9512 0.3052
vn 0.0449 0.9509 -0.3063
vn 0.1175 0.5875 -0.8007
vn 0.1452 -0.0000 -0.9894
vn 0.1175 -0.5875 -0.8007
vn 0.0449 -0.9509 -0.3063
vn -0.0448 -0.9512 0.3052
vn -0.1174 -0.5881 0.8002
vn -0.1452 -0.0000 0.9894
vn -0.1133 0.5880 0.8009
vn -0.0433 0.9512 0.3056
vn 0.0433 0.9509 -0.3063
vn 0.1134 0.5876 -0.8012
vn 0.1401 -0.0000 -0.9901
vn 0.1134 -0.5876 -0.8012
vn 0.0433 -0.9509 -0.3063
vn -0.0433 -0.9512 0.3056
vn -0.1133 -0.5880 0.8009
vn -0.1401 -0.0000 0.9901
vn -0.1115 0.5878 0.8013
vn -0.0426 0.9511 0.3060
vn 0.0426 0.9510 -0.3061
vn 0.1115 0.5878 -0.8013
vn 0.1379 -0.0000 -0.9904
vn 0.1115 -0.5878 -0.8013
vn 0.0426 -0.9510 -0.3061
vn -0.0426 -0.9511 0.3060
vn -0.1115 -0.5878 0.8013
vn -0.1379 -0.0000 0.9904
vn -0.1124 0.5877 0.8013
vn -0.0429 0.9510 0.3063
vn 0.0429 0.9511 -0.3058
vn 0.1123 0.5879 -0.8011
vn 0.1389 -0.0000 -0.9903
vn 0.1123 -0.5879 -0.8011
vn 0.0429 -0.9511 -0.3058
vn -0.0429 -0.9510 0.3063
vn -0.1124 -0.5877 0.8013
vn -0.1389 -0.0000 0.9903
vn -0.1160 0.5875 0.8009
vn -0.0444 0.9509 0.3064
vn 0.0442 0.9512 -0.3053
vn 0.1159 0.5881 -0.8005
vn 0.1433 -0.0000 -0.9897
vn 0.1159 -0.5881 -0.8005
vn 0.0442 -0.9512 -0.3053
vn -0.0444 -0.9509 0.3064
vn -0.1160 -0.5875 0.8009
vn -0.1433 -0.0000 0.9897
vn -0.1222 0.5873 0.8001
vn -0.0468 0.9508 0.3063
vn 0.0465 0.9513 -0.3047
vn 0.1221 0.5882 -0.7994
vn 0.1510 -0.0000 -0.9885
vn 0.1221 -0.5882 -0.7994
vn 0.0465 -0.9513 -0.3047
vn -0.0468 -0.9508 0.3063
vn -0.1222 -0.5873 0.8001
vn -0.1510 -0.0000 0.9885
vn -0.1308 0.5872 0.7988
vn -0.0501 0.9507 0.3060
vn 0.0497 0.9514 -0.3039
vn 0.1306 0.5883 -0.7980
vn 0.1615 -0.0000 -0.9869
vn 0.1306 -0.5883 -0.7980
vn 0.0497 -0.9514 -0.3039
vn -0.0501 -0.9507 0.3060
vn -0.1308 -0.5872 0.7988
vn -0.1615 -0.0000 0.9869
vn -0.1411 0.5871 0.7971
vn -0.0541 0.9507 0.3055
vn 0.0536 0.9515 -0.3031
vn 0.1409 0.5884 -0.7962
vn 0.1743 -0.0000 -0.9847
vn 0.1409 -0.5884 -0.7962
vn 0.0536 -0.9515 -0.3031
vn -0.0541 -0.9507 0.3055
vn -0.1411 -0.5871 0.7971
vn -0.1743 -0.0000 0.9847
vn -0.1526 0.5871 0.7950
vn -0.0585 0.9506 0.3048
vn 0.0580 0.9515 -0.3022
vn 0.1524 0.5885 -0.7940
vn 0.1885 -0.0000 -0.9821
vn 0.1524 -0.5885 -0.7940
vn 0.0580 -0.9515 -0.3022
vn -0.0585 -0.9506 0.3048
vn -0.1526 -0.5871 0.7950
vn -0.1885 -0.0000 0.9821
vn -0.1647 0.5871 0.7926
vn -0.0631 0.9506 0.3039
vn 0.0626 0.9515 -0.3012
vn 0.1645 0.5885 -0.7916
vn 0.2034 -0.0000 -0.9791
vn 0.1645 -0.5885 -0.7916
vn 0.0626 -0.9515 -0.3012
vn -0.0631 -0.9506 0.3039
vn -0.1647 -0.5871 0.7926
vn -0.2034 -0.0000 0.9791
vn -0.1767 0.5871 0.7900
vn -0.0678 0.9506 0.3029
vn 0.0672 0.9515 -0.3003
vn 0.1765 0.5885 -0.7890
vn 0.2183 -0.0000 -0.9759
vn 0.1765 -0.5885 -0.7890
vn 0.0672 -0.9515 -0.3003
vn -0.0678 -0.9506 0.3029
vn -0.1767 -0.5871 0.7900
vn -0.2183 -0.0000 0.9759
vn -0.1887 0.5871 0.7872
vn -0.0724 0.9506 0.3018
vn 0.0717 0.9515 -0.2992
vn 0.1885 0.5885 -0.7862
vn 0.2331 -0.0000 -0.9724
vn 0.1885 -0.5885 -0.7862
vn 0.0717 -0.9515 -0.2992
vn -0.0724 -0.9506 0.3018
vn -0.1887 -0.5871 0.7872
vn -0.2331 -0.0000 0.9724
vn -0.2007 0.5871 0.7843
vn -0.0769 0.9506 0.3007
vn 0.0763 0.9515 -0.2981
vn 0.2004 0.5885 -0.7833
vn 0.2479 -0.0000 -0.9688
vn 0.2004 -0.5885 -0.7833
vn 0.0763 -0.9515 -0.2981
vn -0.0769 -0.9506 0.3007
vn -0.2007 -0.5871 0.7843
vn -0.2479 -0.0000 0.9688
vn -0.2120 0.5871 0.7812
vn -0.0812 0.9507 0.2994
vn 0.0806 0.9515 -0.2970
vn 0.2117 0.5884 -0.7803
vn 0.2619 -0.0000 -0.9651
vn 0.2117 -0.5884 -0.7803
vn 0.0806 -0.9515 -0.2970
vn -0.0812 -0.9507 0.2994
vn -0.2120 -0.5871 0.7812
vn -0.2618 -0.0000 0.9651
vn -0.2220 0.5872 0.7784
vn -0.0851 0.9507 0.2982
vn 0.0845 0.9514 -0.2961
vn 0.2218 0.5883 -0.7776
vn 0.2743 -0.0000 -0.9616
vn 0.2218 -0.5883 -0.7776
vn 0.0845 -0.9514 -0.2961
vn -0.0851 -0.9507 0.2982
vn -0.2220 -0.5872 0.7784
vn -0.2743 -0.0000 0.9616
vn -0.2303 0.5873 0.7759
vn -0.0882 0.9508 0.2970
vn 0.0877 0.9513 -0.2954
vn 0.2302 0.5882 -0.7753
vn 0.2846 -0.0000 -0.9586
vn 0.2302 -0.5882 -0.7753
vn 0.0877 -0.9513 -0.2954
vn -0.0882 -0.9508 0.2970
vn -0.2303 -0.5873 0.7759
vn -0.2846 -0.0000 0.9587
vn -0.2363 0.5875 0.7740
vn -0.0904 0.9509 0.2961
vn 0.0901 0.9512 -0.2950
vn 0.2362 0.5881 -0.7735
vn 0.2921 -0.0000 -0.9564
vn 0.2362 -0.5881 -0.7735
vn 0.0901 -0.9512 -0.2950
vn -0.0904 -0.9509 0.2961
vn -0.2363 -0.5875 0.7740
vn -0.2920 -0.0000 0.9564
vn -0.2397 0.5877 0.7728
vn -0.0916 0.9510 0.2954
vn 0.0915 0.9511 -0.2949
vn 0.2397 0.5879 -0.7726
vn 0.2963 -0.0000 -0.9551
vn 0.2397 -0.5879 -0.7726
vn 0.0915 -0.9511 -0.2949
vn -0.0916 -0.9510 0.2954
vn -0.2397 -0.5877 0.7728
vn -0.2963 -0.0000 0.9551
vn -0.2405 0.5878 0.7724
vn -0.0918 0.9511 0.2950
vn 0.0919 0.9510 -0.2951
vn 0.2405 0.5878 -0.7725
vn 0.2973 -0.0000 -0.9548
vn 0.2405 -0.5878 -0.7725
vn 0.0919 -0.9510 -0.2951
vn -0.0918 -0.9511 0.2950
vn -0.2405 -0.5878 0.7724
vn -0.2973 -0.0000 0.9548
vn -0.2387 0.5880 0.7729
vn -0.0911 0.9512 0.2949
vn 0.0913 0.9509 -0.2956
vn 0.2388 0.5876 -0.7731
vn 0.2951 -0.0000 -0.9555
vn 0.2388 -0.5876 -0.7731
vn 0.0913 -0.9509 -0.2956
vn -0.0911 -0.9512 0.2949
vn -0.2387 -0.5880 0.7729
vn -0.2951 -0.0000 0.9555
vn -0.2347 0.5881 0.7740
vn -0.0895 0.9512 0.2952
vn 0.0898 0.9509 -0.2963
vn 0.2348 0.5875 -0.7744
vn 0.2902 -0.0000 -0.9570
vn 0.2348 -0.5875 -0.7744
vn 0.0898 -0.9509 -0.2963
vn -0.0895 -0.9512 0.2952
vn -0.2347 -0.5881 0.7740
vn -0.2902 -0.0000 0.9570
vn -0.2290 0.5882 0.7756
vn -0.0873 0.9513 0.2957
vn 0.0877 0.9508 -0.2971
vn 0.2291 0.5874 -0.7762
vn 0.2831 -0.0000 -0.9591
vn 0.2291 -0.5874 -0.7762
vn 0.0877 -0.9508 -0.2971
vn -0.0873 -0.9513 0.2957
vn -0.2290 -0.5882 0.7756
vn -0.2832 -0.0000 0.9591
vn -0.2257 0.5882 0.7766
vn -0.0860 0.9513 0.2959
vn 0.0865 0.9508 -0.2975
vn 0.2259 0.5874 -0.7772
vn 0.2791 -0.0000 -0.9603
vn 0.2259 -0.5874 -0.7772
vn 0.0865 -0.9508 -0.2975
vn -0.0860 -0.9513 0.2959
vn -0.2257 -0.5882 0.7766
vn -0.2791 -0.0000 0.9602
vt 0.000000 1.000000
vt 0.041667 1.000000
vt 0.041667 0.900000
vt 0.000000 0.900000
vt 0.000000 0.100000
vt 0.041667 0.100000
vt 0.041667 0.000000
vt 0.000000 0.000000
vt 0.000000 0.200000
vt 0.041667 0.200000
vt 0.000000 0.300000
vt 0.041667 0.300000
vt 0.000000 0.400000
vt 0.041667 0.400000
vt 0.000000 0.500000
vt 0.041667 0.500000
vt 0.000000 0.600000
vt 0.041667 0.600000
vt 0.000000 0.700000
vt 0.041667 0.700000
vt 0.000000 0.800000
vt 0.041667 0.800000
vt 0.083333 1.000000
vt 0.083333 0.900000
vt 0.083333 0.100000
vt 0.083333 0.000000
vt 0.083333 0.200000
vt 0.083333 0.300000
vt 0.083333 0.400000
vt 0.083333 0.500000
vt 0.083333 0.600000
vt 0.083333 0.700000
vt 0.083333 0.800000
vt 0.125000 1.000000
vt 0.125000 0.900000
vt 0.125000 0.100000
vt 0.125000 0.000000
vt 0.125000 0.200000
vt 0.125000 0.300000
vt 0.125000 0.400000
vt 0.125000 0.500000
vt 0.125000 0.600000
vt 0.125000 0.700000
vt 0.125000 0.800000
vt 0.166667 1.000000
vt 0.166667 0.900000
vt 0.166667 0.100000
vt 0.166667 0.000000
vt 0.166667 0.200000
vt 0.166667 0.300000
vt 0.166667 0.400000
vt 0.166667 0.500000
vt 0.166667 0.600000
vt 0.166667 0.700000
vt 0.166667 0.800000
vt 0.208333 1.000000
vt 0.208333 0.900000
vt 0.208333 0.100000
vt 0.208333 0.000000
vt 0.208333 0.200000
vt 0.208333 0.300000
vt 0.208333 0.400000
vt 0.208333 0.500000
vt 0.208333 0.600000
vt 0.208333 0.700000
vt 0.208333 0.800000
vt 0.250000 1.000000
vt 0.250000 0.900000
vt 0.250000 0.100000
vt 0.250000 0.000000
vt 0.250000 0.200000
vt 0.250000 0.300000
vt 0.250000 0.400000
vt 0.250000 0.500000
vt 0.250000 0.600000
vt 0.250000 0.700000
vt 0.250000 0.800000
vt 0.291667 1.000000
vt 0.291667 0.900000
vt 0.291667 0.100000
vt 0.291667 0.000000
vt 0.291667 0.200000
vt 0.291667 0.300000
vt 0.291667 0.400000
vt 0.291667 0.500000
vt 0.291667 0.600000
vt 0.291667 0.700000
vt 0.291667 0.800000
vt 0.333333 1.000000
vt 0.333333 0.900000
vt 0.333333 0.100000
vt 0.333333 0.000000
vt 0.333333 0.200000
vt 0.333333 0.300000
vt 0.333333 0.400000
vt 0.333333 0.500000
vt 0.333333 0.600000
vt 0.333333 0.700000
vt 0.333333 0.800000
vt 0.375000 1.000000
vt 0.375000 0.900000
vt 0.375000 0.100000
vt 0.375000 0.000000
vt 0.375000 0.200000
vt 0.375000 0.300000
vt 0.375000 0.400000
vt 0.375000 0.500000
vt 0.375000 0.600000
vt 0.375000 0.700000
vt 0.375000 0.800000
vt 0.416667 1.000000
vt 0.416667 0.900000
vt 0.416667 0.100000
vt 0.416667 0.000000
vt 0.416667 0.200000
vt 0.416667 0.300000
vt 0.416667 0.400000
vt 0.416667 0.500000
vt 0.416667 0.600000
vt 0.416667 0.700000
vt 0.416667 0.800000
vt 0.458333 1.000000
vt 0.458333 0.900000
vt 0.458333 0.100000
vt 0.458333 0.000000
vt 0.458333 0.200000
vt 0.458333 0.300000
vt 0.458333 0.400000
vt 0.458333 0.500000
vt 0.458333 0.600000
vt 0.458333 0.700000
vt 0.458333 0.800000
vt 0.500000 1.000000
vt 0.500000 0.900000
vt 0.500000 0.100000
vt 0.500000 0.000000
vt 0.500000 0.200000
vt 0.500000 0.300000
vt 0.500000 0.400000
vt 0.500000 0.500000
vt 0.500000 0.600000
vt 0.500000 0.700000
vt 0.500000 0.800000
vt 0.541667 1.000000
vt 0.541667 0.900000
vt 0.541667 0.100000
vt 0.541667 0.000000
vt 0.541667 0.200000
vt 0.541667 0.300000
vt 0.541667 0.400000
vt 0.541667 0.500000
vt 0.541667 0.600000
vt 0.541667 0.700000
vt 0.541667 0.800000
vt 0.583333 1.000000
vt 0.583333 0.900000
vt 0.583333 0.100000
vt 0.583333 0.000000
vt 0.583333 0.200000
vt 0.583333 0.300000
vt 0.583333 0.400000
vt 0.583333 0.500000
vt 0.583333 0.600000
vt 0.583333 0.700000
vt 0.583333 0.800000
vt 0.625000 1.000000
vt 0.625000 0.900000
vt 0.625000 0.100000
vt 0.625000 0.000000
vt 0.625000 0.200000
vt 0.625000 0.300000
vt 0.625000 0.400000
vt 0.625000 0.500000
vt 0.625000 0.600000
vt 0.625000 0.700000
vt 0.625000 0.800000
vt 0.666667 1.000000
vt 0.666667 0.900000
vt 0.666667 0.100000
vt 0.666667 0.000000
vt 0.666667 0.200000
vt 0.666667 0.300000
vt 0.666667 0.400000
vt 0.666667 0.500000
vt 0.666667 0.600000
vt 0.666667 0.700000
vt 0.666667 0.800000
vt 0.708333 1.000000
vt 0.708333 0.900000
vt 0.708333 0.100000
vt 0.708333 0.000000
vt 0.708333 0.200000
vt 0.708333 0.300000
vt 0.708333 0.400000
vt 0.708333 0.500000
vt 0.708333 0.600000
vt 0.708333 0.700000
vt 0.708333 0.800000
vt 0.750000 1.000000
vt 0.750000 0.900000
vt 0.750000 0.100000
vt 0.750000 0.000000
vt 0.750000 0.200000
vt 0.750000 0.300000
vt 0.750000 0.400000
vt 0.750000 0.500000
vt 0.750000 0.600000
vt 0.750000 0.700000
vt 0.750000 0.800000
vt 0.791667 1.000000
vt 0.791667 0.900000
vt 0.791667 0.100000
vt 0.791667 0.000000
vt 0.791667 0.200000
vt 0.791667 0.300000
vt 0.791667 0.400000
vt 0.791667 0.500000
vt 0.791667 0.600000
vt 0.791667 0.700000
vt 0.791667 0.800000
vt 0.833333 1.000000
vt 0.833333 0.900000
vt 0.833333 0.100000
vt 0.833333 0.000000
vt 0.833333 0.200000
vt 0.833333 0.300000
vt 0.833333 0.400000
vt 0.833333 0.500000
vt 0.833333 0.600000
vt 0.833333 0.700000
vt 0.833333 0.800000
vt 0.875000 1.000000
vt 0.875000 0.900000
vt 0.875000 0.100000
vt 0.875000 0.000000
vt 0.875000 0.200000
vt 0.875000 0.300000
vt 0.875000 0.400000
vt 0.875000 0.500000
vt 0.875000 0.600000
vt 0.875000 0.700000
vt 0.875000 0.800000
vt 0.916667 1.000000
vt 0.916667 0.900000
vt 0.916667 0.100000
vt 0.916667 0.000000
vt 0.916667 0.200000
vt 0.916667 0.300000
vt 0.916667 0.400000
vt 0.916667 0.500000
vt 0.916667 0.600000
vt 0.916667 0.700000
vt 0.916667 0.800000
vt 0.958333 1.000000
vt 0.958333 0.900000
vt 0.958333 0.100000
vt 0.958333 0.000000
vt 0.958333 0.200000
vt 0.958333 0.300000
vt 0.958333 0.400000
vt 0.958333 0.500000
vt 0.958333 0.600000
vt 0.958333 0.700000
vt 0.958333 0.800000
vt 1.000000 1.000000
vt 1.000000 0.900000
vt 1.000000 0.100000
vt 1.000000 0.000000
vt 1.000000 0.200000
vt 1.000000 0.300000
vt 1.000000 0.400000
vt 1.000000 0.500000
vt 1.000000 0.600000
vt 1.000000 0.700000
vt 1.000000 0.800000
s 1
usemtl M_Blue
f 807/898/805 817/899/815 826/900/824 816/901/814
f 808/902/806 818/903/816 817/904/815 807/905/805
f 809/906/807 819/907/817 818/903/816 808/902/806
f 810/908/808 820/909/818 819/907/817 809/906/807
f 811/910/809 821/911/819 820/909/818 810/908/808
f 812/912/810 822/913/820 821/911/819 811/910/809
f 813/914/811 823/915/821 822/913/820 812/912/810
f 814/916/812 824/917/822 823/915/821 813/914/811
f 815/918/813 825/919/823 824/917/822 814/916/812
f 816/901/814 826/900/824 825/919/823 815/918/813
f 817/899/815 827/920/825 836/921/834 826/900/824
f 818/903/816 828/922/826 827/923/825 817/904/815
f 819/907/817 829/924/827 828/922/826 818/903/816
f 820/909/818 830/925/828 829/924/827 819/907/817
f 821/911/819 831/926/829 830/925/828 820/909/818
f 822/913/820 832/927/830 831/926/829 821/911/819
f 823/915/821 833/928/831 832/927/830 822/913/820
f 824/917/822 834/929/832 833/928/831 823/915/821
f 825/919/823 835/930/833 834/929/832 824/917/822
f 826/900/824 836/921/834 835/930/833 825/919/823
f 827/920/825 837/931/835 846/932/844 836/921/834
f 828/922/826 838/933/836 837/934/835 827/923/825
f 829/924/827 839/935/837 838/933/836 828/922/826
f 830/925/828 840/936/838 839/935/837 829/924/827
f 831/926/829 841/937/839 840/936/838 830/925/828
f 832/927/830 842/938/840 841/937/839 831/926/829
f 833/928/831 843/939/841 842/938/840 832/927/830
f 834/929/832 844/940/842 843/939/841 833/928/831
f 835/930/833 845/941/843 844/940/842 834/929/832
f 836/921/834 846/932/844 845/941/843 835/930/833
f 837/931/835 847/942/845 856/943/854 846/932/844
f 838/933/836 848/944/846 847/945/845 837/934/835
f 839/935/837 849/946/847 848/944/846 838/933/836
f 840/936/838 850/947/848 849/946/847 839/935/837
f 841/937/839 851/948/849 850/947/848 840/936/838
f 842/938/840 852/949/850 851/948/849 841/937/839
f 843/939/841 853/950/851 852/949/850 842/938/840
f 844/940/842 854/951/852 853/950/851 843/939/841
f 845/941/843 855/952/853 854/951/852 844/940/842
f 846/932/844 856/943/854 855/952/853 845/941/843
f 847/942/845 857/953/855 866/954/864 856/943/854
f 848/944/846 858/955/856 857/956/855 847/945/845
f 849/946/847 859/957/857 858/955/856 848/944/846
f 850/947/848 860/958/858 859/957/857 849/946/847
f 851/948/849 861/959/859 860/958/858 850/947/848
f 852/949/850 862/960/860 861/959/859 851/948/849
f 853/950/851 863/961/861 862/960/860 852/949/850
f 854/951/852 864/962/862 863/961/861 853/950/851
f 855/952/853 865/963/863 864/962/862 854/951/852
f 856/943/854 866/954/864 865/963/863 855/952/853
f 857/953/855 867/964/865 876/965/874 866/954/864
f 858/955/856 868/966/866 867/967/865 857/956/855
f 859/957/857 869/968/867 868/966/866 858/955/856
f 860/958/858 870/969/868 869/968/867 859/957/857
f 861/959/859 871/970/869 870/969/868 860/958/858
f 862/960/860 872/971/870 871/970/869 861/959/859
f 863/961/861 873/972/871 872/971/870 862/960/860
f 864/962/862 874/973/872 873/972/871 863/961/861
f 865/963/863 875/974/873 874/973/872 864/962/862
f 866/954/864 876/965/874 875/974/873 865/963/863
f 867/964/865 877/975/875 886/976/884 876/965/874
f 868/966/866 878/977/876 877/978/875 867/967/865
f 869/968/867 879/979/877 878/977/876 868/966/866
f 870/969/868 880/980/878 879/979/877 869/968/867
f 871/970/869 881/981/879 880/980/878 870/969/868
f 872/971/870 882/982/880 881/981/879 871/970/869
f 873/972/871 883/983/881 882/982/880 872/971/870
f 874/973/872 884/984/882 883/983/881 873/972/871
f 875/974/873 885/985/883 884/984/882 874/973/872
f 876/965/874 886/976/884 885/985/883 875/974/873
f 877/975/875 887/986/885 896/987/894 886/976/884
f 878/977/876 888/988/886 887/989/885 877/978/875
f 879/979/877 889/990/887 888/988/886 878/977/876
f 880/980/878 890/991/888 889/990/887 879/979/877
f 881/981/879 891/992/889 890/991/888 880/980/878
f 882/982/880 892/993/890 891/992/889 881/981/879
f 883/983/881 893/994/891 892/993/890 882/982/880
f 884/984/882 894/995/892 893/994/891 883/983/881
f 885/985/883 895/996/893 894/995/892 884/984/882
f 886/976/884 896/987/894 895/996/893 885/985/883
f 887/986/885 897/997/895 906/998/904 896/987/894
f 888/988/886 898/999/896 897/1000/895 887/989/885
f 889/990/887 899/1001/897 898/999/896 888/988/886
f 890/991/888 900/1002/898 899/1001/897 889/990/887
f 891/992/889 901/1003/899 900/1002/898 890/991/888
f 892/993/890 902/1004/900 901/1003/899 891/992/889
f 893/994/891 903/1005/901 902/1004/900 892/993/890
f 894/995/892 904/1006/902 903/1005/901 893/994/891
f 895/996/893 905/1007/903 904/1006/902 894/995/892
f 896/987/894 906/998/904 905/1007/903 895/996/893
f 897/997/895 907/1008/905 916/1009/914 906/998/904
f 898/999/896 908/1010/906 907/1011/905 897/1000/895
f 899/1001/897 909/1012/907 908/1010/906 898/999/896
f 900/1002/898 910/1013/908 909/1012/907 899/1001/897
f 901/1003/899 911/1014/909 910/1013/908 900/1002/898
f 902/1004/900 912/1015/910 911/1014/909 901/1003/899
f 903/1005/901 913/1016/911 912/1015/910 902/1004/900
f 904/1006/902 914/1017/912 913/1016/911 903/1005/901
f 905/1007/903 915/1018/913 914/1017/912 904/1006/902
f 906/998/904 916/1009/914 915/1018/913 905/1007/903
f 907/1008/905 917/1019/915 926/1020/924 916/1009/914
f 908/1010/906 918/1021/916 917/1022/915 907/1011/905
f 909/1012/907 919/1023/917 918/1021/916 908/1010/906
f 910/1013/908 920/1024/918 919/1023/917 909/1012/907
f 911/1014/909 921/1025/919 920/1024/918 910/1013/908
f 912/1015/910 922/1026/920 921/1025/919 911/1014/909
f 913/1016/911 923/1027/921 922/1026/920 912/1015/910
f 914/1017/912 924/1028/922 923/1027/921 913/1016/911
f 915/1018/913 925/1029/923 924/1028/922 914/1017/912
f 916/1009/914 926/1020/924 925/1029/923 915/1018/913
f 917/1019/915 927/1030/925 936/1031/934 926/1020/924
f 918/1021/916 928/1032/926 927/1033/925 917/1022/915
f 919/1023/917 929/1034/927 928/1032/926 918/1021/916
f 920/1024/918 930/1035/928 929/1034/927 919/1023/917
f 921/1025/919 931/1036/929 930/1035/928 920/1024/918
f 922/1026/920 932/1037/930 931/1036/929 921/1025/919
f 923/1027/921 933/1038/931 932/1037/930 922/1026/920
f 924/1028/922 934/1039/932 933/1038/931 923/1027/921
f 925/1029/923 935/1040/933 934/1039/932 924/1028/922
f 926/1020/924 936/1031/934 935/1040/933 925/1029/923
f 927/1030/925 937/1041/935 946/1042/944 936/1031/934
f 928/1032/926 938/1043/936 937/1044/935 927/1033/925
f 929/1034/927 939/1045/937 938/1043/936 928/1032/926
f 930/1035/928 940/1046/938 939/1045/937 929/1034/927
f 931/1036/929 941/1047/939 940/1046/938 930/1035/928
f 932/1037/930 942/1048/940 941/1047/939 931/1036/929
f 933/1038/931 943/1049/941 942/1048/940 932/1037/930
f 934/1039/932 944/1050/942 943/1049/941 933/1038/931
f 935/1040/933 945/1051/943 944/1050/942 934/1039/932
f 936/1031/934 946/1042/944 945/1051/943 935/1040/933
f 937/1041/935 947/1052/945 956/1053/954 946/1042/944
f 938/1043/936 948/1054/946 947/1055/945 937/1044/935
f 939/1045/937 949/1056/947 948/1054/946 938/1043/936
f 940/1046/938 950/1057/948 949/1056/947 939/1045/937
f 941/1047/939 951/1058/949 950/1057/948 940/1046/938
f 942/1048/940 952/1059/950 951/1058/949 941/1047/939
f 943/1049/941 953/1060/951 952/1059/950 942/1048/940
f 944/1050/942 954/1061/952 953/1060/951 943/1049/941
f 945/1051/943 955/1062/953 954/1061/952 944/1050/942
f 946/1042/944 956/1053/954 955/1062/953 945/1051/943
f 947/1052/945 957/1063/955 966/1064/964 956/1053/954
f 948/1054/946 958/1065/956 957/1066/955 947/1055/945
f 949/1056/947 959/1067/957 958/1065/956 948/1054/946
f 950/1057/948 960/1068/958 959/1067/957 949/1056/947
f 951/1058/949 961/1069/959 960/1068/958 950/1057/948
f 952/1059/950 962/1070/960 961/1069/959 951/1058/949
f 953/1060/951 963/1071/961 962/1070/960 952/1059/950
f 954/1061/952 964/1072/962 963/1071/961 953/1060/951
f 955/1062/953 965/1073/963 964/1072/962 954/1061/952
f 956/1053/954 966/1064/964 965/1073/963 955/1062/953
f 957/1063/955 967/1074/965 976/1075/974 966/1064/964
f 958/1065/956 968/1076/966 967/1077/965 957/1066/955
f 959/1067/957 969/1078/967 968/1076/966 958/1065/956
f 960/1068/958 970/1079/968 969/1078/967 959/1067/957
f 961/1069/959 971/1080/969 970/1079/968 960/1068/958
f 962/1070/960 972/1081/970 971/1080/969 961/1069/959
f 963/1071/961 973/1082/971 972/1081/970 962/1070/960
f 964/1072/962 974/1083/972 973/1082/971 963/1071/961
f 965/1073/963 975/1084/973 974/1083/972 964/1072/962
f 966/1064/964 976/1075/974 975/1084/973 965/1073/963
f 967/1074/965 977/1085/975 986/1086/984 976/1075/974
f 968/1076/966 978/1087/976 977/1088/975 967/1077/965
f 969/1078/967 979/1089/977 978/1087/976 968/1076/966
f 970/1079/968 980/1090/978 979/1089/977 969/1078/967
f 971/1080/969 981/1091/979 980/1090/978 970/1079/968
f 972/1081/970 982/1092/980 981/1091/979 971/1080/969
f 973/1082/971 983/1093/981 982/1092/980 972/1081/970
f 974/1083/972 984/1094/982 983/1093/981 973/1082/971
f 975/1084/973 985/1095/983 984/1094/982 974/1083/972
f 976/1075/974 986/1086/984 985/1095/983 975/1084/973
f 977/1085/975 987/1096/985 996/1097/994 986/1086/984
f 978/1087/976 988/1098/986 987/1099/985 977/1088/975
f 979/1089/977 989/1100/987 988/1098/986 978/1087/976
f 980/1090/978 990/1101/988 989/1100/987 979/1089/977
f 981/1091/979 991/1102/989 990/1101/988 980/1090/978
f 982/1092/980 992/1103/990 991/1102/989 981/1091/979
f 983/1093/981 993/1104/991 992/1103/990 982/1092/980
f 984/1094/982 994/1105/992 993/1104/991 983/1093/981
f 985/1095/983 995/1106/993 994/1105/992 984/1094/982
f 986/1086/984 996/1097/994 995/1106/993 985/1095/983
f 987/1096/985 997/1107/995 1006/1108/1004 996/1097/994
f 988/1098/986 998/1109/996 997/1110/995 987/1099/985
f 989/1100/987 999/1111/997 998/1109/996 988/1098/986
f 990/1101/988 1000/1112/998 999/1111/997 989/1100/987
f 991/1102/989 1001/1113/999 1000/1112/998 990/1101/988
f 992/1103/990 1002/1114/1000 1001/1113/999 991/1102/989
f 993/1104/991 1003/1115/1001 1002/1114/1000 992/1103/990
f 994/1105/992 1004/1116/1002 1003/1115/1001 993/1104/991
f 995/1106/993 1005/1117/1003 1004/1116/1002 994/1105/992
f 996/1097/994 1006/1108/1004 1005/1117/1003 995/1106/993
f 997/1107/995 1007/1118/1005 1016/1119/1014 1006/1108/1004
f 998/1109/996 1008/1120/1006 1007/1121/1005 997/1110/995
f 999/1111/997 1009/1122/1007 1008/1120/1006 998/1109/996
f 1000/1112/998 1010/1123/1008 1009/1122/1007 999/1111/997
f 1001/1113/999 1011/1124/1009 1010/1123/1008 1000/1112/998
f 1002/1114/1000 1012/1125/1010 1011/1124/1009 1001/1113/999
f 1003/1115/1001 1013/1126/1011 1012/1125/1010 1002/1114/1000
f 1004/1116/1002 1014/1127/1012 1013/1126/1011 1003/1115/1001
f 1005/1117/1003 1015/1128/1013 1014/1127/1012 1004/1116/1002
f 1006/1108/1004 1016/1119/1014 1015/1128/1013 1005/1117/1003
f 1007/1118/1005 1017/1129/1015 1026/1130/1024 1016/1119/1014
f 1008/1120/1006 1018/1131/1016 1017/1132/1015 1007/1121/1005
f 1009/1122/1007 1019/1133/1017 1018/1131/1016 1008/1120/1006
f 1010/1123/1008 1020/1134/1018 1019/1133/1017 1009/1122/1007
f 1011/1124/1009 1021/1135/1019 1020/1134/1018 1010/1123/1008
f 1012/1125/1010 1022/1136/1020 1021/1135/1019 1011/1124/1009
f 1013/1126/1011 1023/1137/1021 1022/1136/1020 1012/1125/1010
f 1014/1127/1012 1024/1138/1022 1023/1137/1021 1013/1126/1011
f 1015/1128/1013 1025/1139/1023 1024/1138/1022 1014/1127/1012
f 1016/1119/1014 1026/1130/1024 1025/1139/1023 1015/1128/1013
f 1017/1129/1015 1027/1140/1025 1036/1141/1034 1026/1130/1024
f 1018/1131/1016 1028/1142/1026 1027/1143/1025 1017/1132/1015
f 1019/1133/1017 1029/1144/1027 1028/1142/1026 1018/1131/1016
f 1020/1134/1018 1030/1145/1028 1029/1144/1027 1019/1133/1017
f 1021/1135/1019 1031/1146/1029 1030/1145/1028 1020/1134/1018
f 1022/1136/1020 1032/1147/1030 1031/1146/1029 1021/1135/1019
f 1023/1137/1021 1033/1148/1031 1032/1147/1030 1022/1136/1020
f 1024/1138/1022 1034/1149/1032 1033/1148/1031 1023/1137/1021
f 1025/1139/1023 1035/1150/1033 1034/1149/1032 1024/1138/1022
f 1026/1130/1024 1036/1141/1034 1035/1150/1033 1025/1139/1023
f 1027/1140/1025 1037/1151/1035 1046/1152/1044 1036/1141/1034
f 1028/1142/1026 1038/1153/1036 1037/1154/1035 1027/1143/1025
f 1029/1144/1027 1039/1155/1037 1038/1153/1036 1028/1142/1026
f 1030/1145/1028 1040/1156/1038 1039/1155/1037 1029/1144/1027
f 1031/1146/1029 1041/1157/1039 1040/1156/1038 1030/1145/1028
f 1032/1147/1030 1042/1158/1040 1041/1157/1039 1031/1146/1029
f 1033/1148/1031 1043/1159/1041 1042/1158/1040 1032/1147/1030
f 1034/1149/1032 1044/1160/1042 1043/1159/1041 1033/1148/1031
f 1035/1150/1033 1045/1161/1043 1044/1160/1042 1034/1149/1032
f 1036/1141/1034 1046/1152/1044 1045/1161/1043 1035/1150/1033
f 1037/1151/1035 1047/1162/1045 1056/1163/1054 1046/1152/1044
f 1038/1153/1036 1048/1164/1046 1047/1165/1045 1037/1154/1035
f 1039/1155/1037 1049/1166/1047 1048/1164/1046 1038/1153/1036
f 1040/1156/1038 1050/1167/1048 1049/1166/1047 1039/1155/1037
f 1041/1157/1039 1051/1168/1049 1050/1167/1048 1040/1156/1038
f 1042/1158/1040 1052/1169/1050 1051/1168/1049 1041/1157/1039
f 1043/1159/1041 1053/1170/1051 1052/1169/1050 1042/1158/1040
f 1044/1160/1042 1054/1171/1052 1053/1170/1051 1043/1159/1041
f 1045/1161/1043 1055/1172/1053 1054/1171/1052 1044/1160/1042
f 1046/1152/1044 1056/1163/1054 1055/1172/1053 1045/1161/1043
o Jaw.003
v -0.006000 -0.022500 -0.015500
v -0.006000 -0.014500 -0.007500
v -0.014000 -0.014500 -0.015500
v -0.006000 -0.020157 -0.009843
v -0.010619 -0.019119 -0.010881
v -0.011657 -0.014500 -0.009843
v -0.011657 -0.020157 -0.015500
v -0.006000 0.014500 -0.007500
v -0.006000 0.022500 -0.015500
v -0.014000 0.014500 -0.015500
v -0.006000 0.020157 -0.009843
v -0.010619 0.019119 -0.010881
v -0.011657 0.020157 -0.015500
v -0.011657 0.014500 -0.009843
v -0.006000 -0.022500 -0.034500
v -0.014000 -0.014500 -0.034500
v -0.006000 -0.014500 -0.042500
v -0.011657 -0.020157 -0.034500
v -0.010619 -0.019119 -0.039119
v -0.011657 -0.014500 -0.040157
v -0.006000 -0.020157 -0.040157
v -0.006000 0.022500 -0.034500
v -0.006000 0.014500 -0.042500
v -0.014000 0.014500 -0.034500
v -0.006000 0.020157 -0.040157
v -0.010619 0.019119 -0.039119
v -0.011657 0.014500 -0.040157
v -0.011657 0.020157 -0.034500
v 0.244000 -0.022500 -0.015500
v 0.252000 -0.014500 -0.015500
v 0.244000 -0.014500 -0.007500
v 0.249657 -0.020157 -0.015500
v 0.248619 -0.019119 -0.010881
v 0.249657 -0.014500 -0.009843
v 0.244000 -0.020157 -0.009843
v 0.244000 0.022500 -0.015500
v 0.244000 0.014500 -0.007500
v 0.252000 0.014500 -0.015500
v 0.244000 0.020157 -0.009843
v 0.248619 0.019119 -0.010881
v 0.249657 0.014500 -0.009843
v 0.249657 0.020157 -0.015500
v 0.244000 -0.022500 -0.034500
v 0.244000 -0.014500 -0.042500
v 0.252000 -0.014500 -0.034500
v 0.244000 -0.020157 -0.040157
v 0.248619 -0.019119 -0.039119
v 0.249657 -0.014500 -0.040157
v 0.249657 -0.020157 -0.034500
v 0.244000 0.022500 -0.034500
v 0.252000 0.014500 -0.034500
v 0.244000 0.014500 -0.042500
v 0.249657 0.020157 -0.034500
v 0.248619 0.019119 -0.039119
v 0.249657 0.014500 -0.040157
v 0.244000 0.020157 -0.040157
vn -0.3251 -0.8881 0.3251
vn -0.3251 -0.3251 0.8881
vn -0.8881 -0.3251 0.3251
vn -0.3251 0.3251 0.8881
vn -0.3251 0.8881 0.3251
vn -0.8881 0.3251 0.3251
vn -0.3251 -0.8881 -0.3251
vn -0.8881 -0.3251 -0.3251
vn -0.3251 -0.3251 -0.8881
vn -0.3251 0.8881 -0.3251
vn -0.3251 0.3251 -0.8881
vn -0.8881 0.3251 -0.3251
vn 0.3251 -0.8881 0.3251
vn 0.8881 -0.3251 0.3251
vn 0.3251 -0.3251 0.8881
vn 0.3251 0.8881 0.3251
vn 0.3251 0.3251 0.8881
vn 0.8881 0.3251 0.3251
vn 0.3251 -0.8881 -0.3251
vn 0.3251 -0.3251 -0.8881
vn 0.8881 -0.3251 -0.3251
vn 0.3251 0.8881 -0.3251
vn 0.8881 0.3251 -0.3251
vn 0.3251 0.3251 -0.8881
vn -0.3827 -0.9239 -0.0000
vn -0.9239 -0.3827 -0.0000
vn -0.3827 -0.0000 0.9239
vn -0.9239 -0.0000 0.3827
vn -0.3827 0.9239 -0.0000
vn -0.9239 0.3827 -0.0000
vn -0.3827 -0.0000 -0.9239
vn -0.9239 -0.0000 -0.3827
vn -0.0000 -0.9239 -0.3827
vn -0.0000 -0.3827 -0.9239
vn -0.0000 0.9239 -0.3827
vn -0.0000 0.3827 -0.9239
vn 0.9239 -0.0000 -0.3827
vn 0.3827 -0.0000 -0.9239
vn 0.3827 -0.9239 -0.0000
vn 0.9239 -0.3827 -0.0000
vn 0.3827 0.9239 -0.0000
vn 0.9239 0.3827 -0.0000
vn 0.3827 -0.0000 0.9239
vn 0.9239 -0.0000 0.3827
vn -0.0000 -0.9239 0.3827
vn -0.0000 -0.3827 0.9239
vn -0.0000 0.9239 0.3827
vn -0.0000 0.3827 0.9239
vn -0.0000 -1.0000 -0.0000
vn -1.0000 -0.0000 -0.0000
vn -0.0000 -0.0000 1.0000
vn -0.0000 1.0000 -0.0000
vn -0.0000 -0.0000 -1.0000
vn 1.0000 -0.0000 -0.0000
vt 0.132519 0.692857
vt 0.132519 0.750000
vt 0.128178 0.750000
vt 0.125000 0.692857
vt 0.419445 0.992481
vt 0.419444 1.000000
vt 0.393784 1.000000
vt 0.375000 0.992481
vt 0.419444 0.057143
vt 0.375000 0.057143
vt 0.375000 0.024151
vt 0.419444 0.000000
vt 0.580556 0.992481
vt 0.625000 0.992481
vt 0.625000 0.996822
vt 0.580556 1.000000
vt 0.867481 0.692857
vt 0.875000 0.692857
vt 0.875000 0.725849
vt 0.867481 0.750000
vt 0.580556 0.057143
vt 0.580556 0.000000
vt 0.606216 0.000000
vt 0.625000 0.057143
vt 0.132519 0.557143
vt 0.125000 0.557143
vt 0.125000 0.524151
vt 0.132519 0.500000
vt 0.419444 0.192857
vt 0.419444 0.250000
vt 0.384392 0.251589
vt 0.375000 0.192857
vt 0.419444 0.257519
vt 0.375000 0.257519
vt 0.867481 0.557143
vt 0.867481 0.500000
vt 0.871822 0.500000
vt 0.875000 0.557143
vt 0.580556 0.257519
vt 0.580556 0.250000
vt 0.615608 0.237924
vt 0.625000 0.257519
vt 0.580556 0.192857
vt 0.625000 0.192857
vt 0.367481 0.692857
vt 0.375000 0.692857
vt 0.381261 0.743009
vt 0.371241 0.753759
vt 0.419444 0.692857
vt 0.419444 0.750000
vt 0.419444 0.757519
vt 0.632519 0.692857
vt 0.628759 0.753759
vt 0.619798 0.741949
vt 0.625000 0.692857
vt 0.580556 0.757519
vt 0.580556 0.750000
vt 0.580556 0.692857
vt 0.367481 0.557143
vt 0.371241 0.496241
vt 0.380202 0.508050
vt 0.375000 0.557143
vt 0.419445 0.492481
vt 0.419444 0.500000
vt 0.419444 0.557143
vt 0.632519 0.557143
vt 0.625000 0.557143
vt 0.618738 0.506991
vt 0.628759 0.496241
vt 0.580556 0.557143
vt 0.580555 0.500000
vt 0.580556 0.492481
s 0
usemtl M_Brushed_Metal
f 1057/1173/1055 1060/1174/1055 1061/1175/1055 1063/1176/1055
f 1058/1177/1056 1062/1178/1056 1061/1179/1056 1060/1180/1056
f 1059/1181/1057 1063/1182/1057 1061/1183/1057 1062/1184/1057
f 1064/1185/1058 1067/1186/1058 1068/1187/1058 1070/1188/1058
f 1065/1189/1059 1069/1190/1059 1068/1191/1059 1067/1192/1059
f 1066/1193/1060 1070/1194/1060 1068/1195/1060 1069/1196/1060
f 1071/1197/1061 1074/1198/1061 1075/1199/1061 1077/1200/1061
f 1072/1201/1062 1076/1202/1062 1075/1203/1062 1074/1204/1062
f 1073/1205/1063 1077/1206/1063 1075/1203/1063 1076/1202/1063
f 1078/1207/1064 1081/1208/1064 1082/1209/1064 1084/1210/1064
f 1079/1211/1065 1083/1212/1065 1082/1213/1065 1081/1214/1065
f 1080/1215/1066 1084/1216/1066 1082/1213/1066 1083/1212/1066
f 1085/1217/1067 1088/1218/1067 1089/1219/1067 1091/1220/1067
f 1086/1221/1068 1090/1222/1068 1089/1219/1068 1088/1218/1068
f 1087/1223/1069 1091/1220/1069 1089/1219/1069 1090/1222/1069
f 1092/1224/1070 1095/1225/1070 1096/1226/1070 1098/1227/1070
f 1093/1228/1071 1097/1229/1071 1096/1226/1071 1095/1225/1071
f 1094/1230/1072 1098/1227/1072 1096/1226/1072 1097/1229/1072
f 1099/1231/1073 1102/1232/1073 1103/1233/1073 1105/1234/1073
f 1100/1235/1074 1104/1236/1074 1103/1233/1074 1102/1232/1074
f 1101/1237/1075 1105/1234/1075 1103/1233/1075 1104/1236/1075
f 1106/1238/1076 1109/1239/1076 1110/1240/1076 1112/1241/1076
f 1107/1242/1077 1111/1243/1077 1110/1240/1077 1109/1239/1077
f 1108/1244/1078 1112/1241/1078 1110/1240/1078 1111/1243/1078
f 1071/1197/1079 1057/1173/1079 1063/1176/1079 1074/1198/1079
f 1074/1204/1080 1063/1182/1080 1059/1181/1080 1072/1201/1080
f 1058/1177/1081 1064/1185/1081 1070/1188/1081 1062/1178/1081
f 1062/1184/1082 1070/1194/1082 1066/1193/1082 1059/1181/1082
f 1065/1189/1083 1078/1207/1083 1084/1210/1083 1069/1190/1083
f 1069/1196/1084 1084/1216/1084 1080/1215/1084 1066/1193/1084
f 1079/1211/1085 1073/1205/1085 1076/1202/1085 1083/1212/1085
f 1083/1212/1086 1076/1202/1086 1072/1201/1086 1080/1215/1086
f 1099/1231/1087 1071/1197/1087 1077/1200/1087 1102/1232/1087
f 1102/1232/1088 1077/1206/1088 1073/1205/1088 1100/1235/1088
f 1078/1207/1089 1106/1238/1089 1112/1241/1089 1081/1208/1089
f 1081/1214/1090 1112/1241/1090 1108/1244/1090 1079/1211/1090
f 1107/1242/1091 1101/1237/1091 1104/1236/1091 1111/1243/1091
f 1111/1243/1092 1104/1236/1092 1100/1235/1092 1108/1244/1092
f 1085/1217/1093 1099/1231/1093 1105/1234/1093 1088/1218/1093
f 1088/1218/1094 1105/1234/1094 1101/1237/1094 1086/1221/1094
f 1106/1238/1095 1092/1224/1095 1098/1227/1095 1109/1239/1095
f 1109/1239/1096 1098/1227/1096 1094/1230/1096 1107/1242/1096
f 1093/1228/1097 1087/1223/1097 1090/1222/1097 1097/1229/1097
f 1097/1229/1098 1090/1222/1098 1086/1221/1098 1094/1230/1098
f 1057/1173/1099 1085/1217/1099 1091/1220/1099 1060/1174/1099
f 1060/1180/1100 1091/1220/1100 1087/1223/1100 1058/1177/1100
f 1092/1224/1101 1065/1189/1101 1067/1192/1101 1095/1225/1101
f 1095/1225/1102 1067/1186/1102 1064/1185/1102 1093/1228/1102
f 1071/1197/1103 1099/1231/1103 1085/1217/1103 1057/1173/1103
f 1059/1181/1104 1066/1193/1104 1080/1215/1104 1072/1201/1104
f 1087/1223/1105 1093/1228/1105 1064/1185/1105 1058/1177/1105
f 1106/1238/1106 1078/1207/1106 1065/1189/1106 1092/1224/1106
f 1073/1205/1107 1079/1211/1107 1108/1244/1107 1100/1235/1107
f 1101/1237/1108 1107/1242/1108 1094/1230/1108 1086/1221/1108
o Pivot.001
v 0.000000 -0.027500 -0.050000
v 0.000000 0.027500 -0.050000
v 0.015451 -0.027500 -0.047553
v 0.015451 0.027500 -0.047553
v 0.029389 -0.027500 -0.040451
v 0.029389 0.027500 -0.040451
v 0.040451 -0.027500 -0.029389
v 0.040451 0.027500 -0.029389
v 0.047553 -0.027500 -0.015451
v 0.047553 0.027500 -0.015451
v 0.050000 -0.027500 0.000000
v 0.050000 0.027500 0.000000
v 0.047553 -0.027500 0.015451
v 0.047553 0.027500 0.015451
v 0.040451 -0.027500 0.029389
v 0.040451 0.027500 0.029389
v 0.029389 -0.027500 0.040451
v 0.029389 0.027500 0.040451
v 0.015451 -0.027500 0.047553
v 0.015451 0.027500 0.047553
v 0.000000 -0.027500 0.050000
v 0.000000 0.027500 0.050000
v -0.015451 -0.027500 0.047553
v -0.015451 0.027500 0.047553
v -0.029389 -0.027500 0.040451
v -0.029389 0.027500 0.040451
v -0.040451 -0.027500 0.029389
v -0.040451 0.027500 0.029389
v -0.047553 -0.027500 0.015451
v -0.047553 0.027500 0.015451
v -0.050000 -0.027500 0.000000
v -0.050000 0.027500 0.000000
v -0.047553 -0.027500 -0.015451
v -0.047553 0.027500 -0.015451
v -0.040451 -0.027500 -0.029389
v -0.040451 0.027500 -0.029389
v -0.029389 -0.027500 -0.040451
v -0.029389 0.027500 -0.040451
v -0.015451 -0.027500 -0.047553
v -0.015451 0.027500 -0.047553
vn -0.0000 -0.6735 -0.7392
vn -0.0000 0.6735 -0.7392
vn 0.2284 -0.6735 -0.7030
vn 0.2284 0.6735 -0.7030
vn 0.4345 -0.6735 -0.5980
vn 0.4345 0.6735 -0.5980
vn 0.5980 -0.6735 -0.4345
vn 0.5980 0.6735 -0.4345
vn 0.7030 -0.6735 -0.2284
vn 0.7030 0.6735 -0.2284
vn 0.7392 -0.6735 -0.0000
vn 0.7392 0.6735 -0.0000
vn 0.7030 -0.6735 0.2284
vn 0.7030 0.6735 0.2284
vn 0.5980 -0.6735 0.4345
vn 0.5980 0.6735 0.4345
vn 0.4345 -0.6735 0.5980
vn 0.4345 0.6735 0.5980
vn 0.2284 -0.6735 0.7030
vn 0.2284 0.6735 0.7030
vn -0.0000 -0.6735 0.7392
vn -0.0000 0.6735 0.7392
vn -0.2284 -0.6735 0.7030
vn -0.2284 0.6735 0.7030
vn -0.4345 -0.6735 0.5980
vn -0.4345 0.6735 0.5980
vn -0.5980 -0.6735 0.4345
vn -0.5980 0.6735 0.4345
vn -0.7030 -0.6735 0.2284
vn -0.7030 0.6735 0.2284
vn -0.7392 -0.6735 -0.0000
vn -0.7392 0.6735 -0.0000
vn -0.7030 -0.6735 -0.2284
vn -0.7030 0.6735 -0.2284
vn -0.5980 -0.6735 -0.4345
vn -0.5980 0.6735 -0.4345
vn -0.4345 -0.6735 -0.5980
vn -0.4345 0.6735 -0.5980
vn -0.2284 -0.6735 -0.7030
vn -0.2284 0.6735 -0.7030
vt 1.000000 0.500000
vt 1.000000 1.000000
vt 0.950000 1.000000
vt 0.950000 0.500000
vt 0.900000 1.000000
vt 0.900000 0.500000
vt 0.850000 1.000000
vt 0.850000 0.500000
vt 0.800000 1.000000
vt 0.800000 0.500000
vt 0.750000 1.000000
vt 0.750000 0.500000
vt 0.700000 1.000000
vt 0.700000 0.500000
vt 0.650000 1.000000
vt 0.650000 0.500000
vt 0.600000 1.000000
vt 0.600000 0.500000
vt 0.550000 1.000000
vt 0.550000 0.500000
vt 0.500000 1.000000
vt 0.500000 0.500000
vt 0.450000 1.000000
vt 0.450000 0.500000
vt 0.400000 1.000000
vt 0.400000 0.500000
vt 0.350000 1.000000
vt 0.350000 0.500000
vt 0.300000 1.000000
vt 0.300000 0.500000
vt 0.250000 1.000000
vt 0.250000 0.500000
vt 0.200000 1.000000
vt 0.200000 0.500000
vt 0.150000 1.000000
vt 0.150000 0.500000
vt 0.100000 1.000000
vt 0.100000 0.500000
vt 0.324164 0.478254
vt 0.250000 0.490000
vt 0.175836 0.478254
vt 0.108932 0.444164
vt 0.055836 0.391068
vt 0.021746 0.324164
vt 0.010000 0.250000
vt 0.021746 0.175836
vt 0.055836 0.108932
vt 0.108932 0.055836
vt 0.175836 0.021746
vt 0.250000 0.010000
vt 0.324164 0.021746
vt 0.391068 0.055836
vt 0.444164 0.108932
vt 0.478254 0.175836
vt 0.490000 0.250000
vt 0.478254 0.324164
vt 0.444164 0.391068
vt 0.391068 0.444164
vt 0.050000 1.000000
vt 0.050000 0.500000
vt -0.000000 1.000000
vt -0.000000 0.500000
vt 0.750000 0.490000
vt 0.824164 0.478254
vt 0.891068 0.444164
vt 0.944164 0.391068
vt 0.978254 0.324164
vt 0.990000 0.250000
vt 0.978254 0.175836
vt 0.944164 0.108932
vt 0.891068 0.055836
vt 0.824164 0.021746
vt 0.750000 0.010000
vt 0.675836 0.021746
vt 0.608932 0.055836
vt 0.555836 0.108932
vt 0.521746 0.175836
vt 0.510000 0.250000
vt 0.521746 0.324164
vt 0.555836 0.391068
vt 0.608932 0.444164
vt 0.675836 0.478254
s 1
usemtl M_Brushed_Metal
f 1113/1245/1109 1114/1246/1110 1116/1247/1112 1115/1248/1111
f 1115/1248/1111 1116/1247/1112 1118/1249/1114 1117/1250/1113
f 1117/1250/1113 1118/1249/1114 1120/1251/1116 1119/1252/1115
f 1119/1252/1115 1120/1251/1116 1122/1253/1118 1121/1254/1117
f 1121/1254/1117 1122/1253/1118 1124/1255/1120 1123/1256/1119
f 1123/1256/1119 1124/1255/1120 1126/1257/1122 1125/1258/1121
f 1125/1258/1121 1126/1257/1122 1128/1259/1124 1127/1260/1123
f 1127/1260/1123 1128/1259/1124 1130/1261/1126 1129/1262/1125
f 1129/1262/1125 1130/1261/1126 1132/1263/1128 1131/1264/1127
f 1131/1264/1127 1132/1263/1128 1134/1265/1130 1133/1266/1129
f 1133/1266/1129 1134/1265/1130 1136/1267/1132 1135/1268/1131
f 1135/1268/1131 1136/1267/1132 1138/1269/1134 1137/1270/1133
f 1137/1270/1133 1138/1269/1134 1140/1271/1136 1139/1272/1135
f 1139/1272/1135 1140/1271/1136 1142/1273/1138 1141/1274/1137
f 1141/1274/1137 1142/1273/1138 1144/1275/1140 1143/1276/1139
f 1143/1276/1139 1144/1275/1140 1146/1277/1142 1145/1278/1141
f 1145/1278/1141 1146/1277/1142 1148/1279/1144 1147/1280/1143
f 1147/1280/1143 1148/1279/1144 1150/1281/1146 1149/1282/1145
f 1116/1283/1112 1114/1284/1110 1152/1285/1148 1150/1286/1146 1148/1287/1144 1146/1288/1142 1144/1289/1140 1142/1290/1138 1140/1291/1136 1138/1292/1134 1136/1293/1132 1134/1294/1130 1132/1295/1128 1130/1296/1126 1128/1297/1124 1126/1298/1122 1124/1299/1120 1122/1300/1118 1120/1301/1116 1118/1302/1114
f 1149/1282/1145 1150/1281/1146 1152/1303/1148 1151/1304/1147
f 1151/1304/1147 1152/1303/1148 1114/1305/1110 1113/1306/1109
f 1113/1307/1109 1115/1308/1111 1117/1309/1113 1119/1310/1115 1121/1311/1117 1123/1312/1119 1125/1313/1121 1127/1314/1123 1129/1315/1125 1131/1316/1127 1133/1317/1129 1135/1318/1131 1137/1319/1133 1139/1320/1135 1141/1321/1137 1143/1322/1139 1145/1323/1141 1147/1324/1143 1149/1325/1145 1151/1326/1147
